transaction_id,customer_id,transaction_date,category,quantity,unit_price,discount_pct,amount,device_type,channel,order_status
TXN000001,CUS0001,2026-02-21,Beauty,1,999.0,0.0,1082.25,Desktop,Organic Search,Completed
TXN000002,CUS0001,2025-12-26,Fashion,1,1999.0,0.0,2165.58,Desktop,Organic Search,Completed
TXN000003,CUS0001,2025-12-14,Beauty,3,499.0,0.1,1459.57,Desktop,Organic Search,Completed
TXN000004,CUS0001,2025-12-13,Fashion,3,999.0,0.0,3246.75,Mobile,Organic Search,Completed
TXN000005,CUS0001,2025-10-09,Fashion,2,1499.0,0.0,3247.83,Desktop,Organic Search,Completed
TXN000006,CUS0001,2025-09-12,Fashion,1,299.0,0.0,323.92,Desktop,Organic Search,Completed
TXN000007,CUS0001,2025-08-30,Sports,2,999.0,0.0,2164.5,Desktop,Organic Search,Completed
TXN000008,CUS0001,2025-08-05,Fashion,3,399.0,0.15,1102.24,Desktop,Organic Search,Returned
TXN000009,CUS0002,2026-06-02,Fashion,3,1499.0,0.0,2623.25,Desktop,Social Media,Completed
TXN000010,CUS0002,2026-01-04,Electronics,1,499.0,0.0,291.08,Desktop,Social Media,Returned
TXN000011,CUS0002,2025-12-09,Electronics,3,299.0,0.0,523.25,Desktop,Social Media,Completed
TXN000012,CUS0002,2025-10-31,Fashion,2,299.0,0.0,348.83,Desktop,Social Media,Returned
TXN000013,CUS0003,2026-02-15,Electronics,3,999.0,0.0,3246.75,Desktop,Paid Ads,Returned
TXN000014,CUS0003,2026-01-02,Electronics,1,1999.0,0.1,1949.02,Desktop,Paid Ads,Returned
TXN000015,CUS0003,2025-12-14,Electronics,2,1999.0,0.0,4331.17,Desktop,Paid Ads,Completed
TXN000016,CUS0003,2025-12-11,Electronics,2,299.0,0.05,615.44,Desktop,Paid Ads,Cancelled
TXN000017,CUS0003,2025-11-26,Sports,2,299.0,0.0,647.83,Desktop,Paid Ads,Completed
TXN000018,CUS0003,2025-11-19,Electronics,2,499.0,0.0,1081.17,Desktop,Paid Ads,Completed
TXN000019,CUS0003,2025-09-15,Electronics,3,1999.0,0.0,6496.75,Desktop,Paid Ads,Returned
TXN000020,CUS0003,2025-06-10,Home,2,299.0,0.0,647.83,Desktop,Paid Ads,Completed
TXN000021,CUS0003,2025-05-27,Beauty,3,999.0,0.0,3246.75,Desktop,Paid Ads,Completed
TXN000022,CUS0004,2026-07-26,Electronics,2,1999.0,0.0,5330.67,Mobile,Referral,Returned
TXN000023,CUS0004,2026-07-05,Electronics,1,699.0,0.0,932.0,Mobile,Referral,Completed
TXN000024,CUS0004,2026-06-21,Electronics,1,699.0,0.1,838.8,Mobile,Referral,Returned
TXN000025,CUS0004,2026-06-12,Electronics,3,1499.0,0.0,5996.0,Tablet,Referral,Completed
TXN000026,CUS0004,2026-05-07,Electronics,1,499.0,0.05,632.07,Mobile,Referral,Completed
TXN000027,CUS0004,2026-05-04,Electronics,1,999.0,0.15,1132.2,Mobile,Referral,Completed
TXN000028,CUS0004,2026-04-28,Electronics,1,399.0,0.1,478.8,Mobile,Referral,Completed
TXN000029,CUS0004,2026-02-06,Electronics,1,699.0,0.0,932.0,Mobile,Referral,Completed
TXN000030,CUS0004,2026-01-24,Electronics,1,999.0,0.2,1065.6,Mobile,Referral,Completed
TXN000031,CUS0004,2026-01-21,Electronics,3,499.0,0.0,1996.0,Mobile,Referral,Completed
TXN000032,CUS0004,2026-01-19,Home,3,999.0,0.0,3996.0,Mobile,Referral,Completed
TXN000033,CUS0004,2026-01-02,Fashion,3,299.0,0.0,1196.0,Mobile,Referral,Returned
TXN000034,CUS0004,2026-01-01,Electronics,3,499.0,0.0,1996.0,Mobile,Referral,Completed
TXN000035,CUS0004,2025-12-22,Electronics,2,999.0,0.0,2664.0,Mobile,Referral,Completed
TXN000036,CUS0005,2026-08-01,Home,3,399.0,0.0,897.75,Mobile,Direct,Completed
TXN000037,CUS0005,2026-04-02,Home,1,1499.0,0.1,1011.82,Mobile,Direct,Completed
TXN000038,CUS0006,2025-10-02,Fashion,2,399.0,0.0,465.5,Tablet,Referral,Completed
TXN000039,CUS0007,2026-08-17,Fashion,2,499.0,0.0,2328.67,Tablet,Email,Completed
TXN000040,CUS0007,2026-08-16,Fashion,1,299.0,0.0,697.67,Tablet,Email,Completed
TXN000041,CUS0007,2026-08-15,Fashion,2,499.0,0.0,2328.67,Tablet,Email,Completed
TXN000042,CUS0007,2026-07-30,Home,1,999.0,0.15,1981.35,Tablet,Email,Completed
TXN000043,CUS0007,2026-06-15,Fashion,2,1499.0,0.15,5946.03,Tablet,Email,Completed
TXN000044,CUS0007,2026-06-03,Fashion,2,699.0,0.0,3262.0,Tablet,Email,Completed
TXN000045,CUS0007,2026-05-30,Beauty,1,1499.0,0.0,3497.67,Desktop,Email,Completed
TXN000046,CUS0007,2026-05-27,Fashion,1,699.0,0.2,1304.8,Tablet,Email,Completed
TXN000047,CUS0007,2026-05-25,Fashion,3,1499.0,0.0,10493.0,Tablet,Email,Completed
TXN000048,CUS0007,2026-04-28,Fashion,1,399.0,0.0,931.0,Tablet,Email,Completed
TXN000049,CUS0007,2026-04-24,Electronics,3,1999.0,0.1,12593.7,Mobile,Email,Completed
TXN000050,CUS0007,2026-04-10,Fashion,2,699.0,0.0,3262.0,Tablet,Email,Completed
TXN000051,CUS0007,2026-03-24,Fashion,2,699.0,0.0,3262.0,Mobile,Email,Cancelled
TXN000052,CUS0007,2026-03-22,Sports,2,1499.0,0.0,6995.33,Tablet,Email,Completed
TXN000053,CUS0007,2026-03-20,Electronics,3,1999.0,0.0,13993.0,Desktop,Email,Completed
TXN000054,CUS0007,2026-03-11,Fashion,1,699.0,0.0,1631.0,Tablet,Email,Completed
TXN000055,CUS0007,2026-02-25,Fashion,1,1499.0,0.2,2798.13,Tablet,Email,Completed
TXN000056,CUS0007,2026-02-18,Electronics,3,999.0,0.0,6993.0,Tablet,Email,Completed
TXN000057,CUS0007,2026-02-13,Fashion,3,1499.0,0.15,8919.05,Tablet,Email,Completed
TXN000058,CUS0007,2025-12-13,Sports,2,1499.0,0.0,6995.33,Tablet,Email,Completed
TXN000059,CUS0007,2025-12-07,Fashion,1,499.0,0.0,1164.33,Tablet,Email,Completed
TXN000060,CUS0007,2025-12-01,Fashion,2,999.0,0.0,4662.0,Tablet,Email,Completed
TXN000061,CUS0007,2025-11-25,Fashion,1,1499.0,0.0,3497.67,Tablet,Email,Completed
TXN000062,CUS0007,2025-10-22,Fashion,2,699.0,0.0,3262.0,Tablet,Email,Returned
TXN000063,CUS0008,2026-02-19,Electronics,1,999.0,0.1,524.48,Mobile,Referral,Completed
TXN000064,CUS0009,2026-05-25,Electronics,1,499.0,0.15,459.5,Mobile,Direct,Completed
TXN000065,CUS0009,2026-04-21,Electronics,1,1999.0,0.0,2165.58,Mobile,Direct,Completed
TXN000066,CUS0009,2026-03-18,Electronics,2,699.0,0.0,1514.5,Mobile,Direct,Completed
TXN000067,CUS0009,2026-02-21,Fashion,1,499.0,0.05,513.55,Mobile,Direct,Completed
TXN000068,CUS0009,2026-01-27,Electronics,1,499.0,0.0,540.58,Mobile,Direct,Completed
TXN000069,CUS0009,2026-01-15,Electronics,1,1999.0,0.05,2057.3,Mobile,Direct,Completed
TXN000070,CUS0009,2026-01-06,Electronics,3,999.0,0.05,3084.41,Mobile,Direct,Completed
TXN000071,CUS0009,2025-12-27,Electronics,2,399.0,0.1,778.05,Mobile,Direct,Completed
TXN000072,CUS0009,2025-12-08,Fashion,1,399.0,0.0,432.25,Mobile,Direct,Returned
TXN000073,CUS0009,2025-08-13,Electronics,3,399.0,0.0,1296.75,Mobile,Direct,Completed
TXN000074,CUS0010,2026-07-24,Fashion,2,1499.0,0.05,2610.76,Tablet,Social Media,Completed
TXN000075,CUS0010,2026-07-23,Home,1,399.0,0.1,329.18,Tablet,Social Media,Completed
TXN000076,CUS0010,2026-03-21,Electronics,1,299.0,0.0,274.08,Tablet,Social Media,Completed
TXN000077,CUS0011,2026-08-09,Sports,3,299.0,0.2,538.2,Desktop,Organic Search,Completed
TXN000078,CUS0012,2026-08-09,Home,3,1999.0,0.0,7996.0,Desktop,Direct,Completed
TXN000079,CUS0012,2026-08-04,Sports,3,999.0,0.0,3996.0,Desktop,Direct,Completed
TXN000080,CUS0012,2026-07-29,Sports,2,999.0,0.0,2664.0,Mobile,Direct,Completed
TXN000081,CUS0012,2026-06-18,Sports,3,999.0,0.0,3996.0,Desktop,Direct,Completed
TXN000082,CUS0012,2026-05-25,Sports,1,399.0,0.0,532.0,Desktop,Direct,Completed
TXN000083,CUS0012,2026-05-07,Sports,3,499.0,0.0,1996.0,Desktop,Direct,Completed
TXN000084,CUS0012,2026-05-01,Sports,3,1499.0,0.0,5996.0,Desktop,Direct,Completed
TXN000085,CUS0012,2026-04-22,Beauty,1,1499.0,0.0,1998.67,Desktop,Direct,Completed
TXN000086,CUS0012,2026-02-08,Electronics,1,399.0,0.0,532.0,Desktop,Direct,Completed
TXN000087,CUS0012,2026-02-05,Sports,2,699.0,0.0,1864.0,Desktop,Direct,Completed
TXN000088,CUS0012,2026-01-08,Fashion,1,1999.0,0.0,2665.33,Tablet,Direct,Completed
TXN000089,CUS0012,2025-12-01,Electronics,2,1999.0,0.1,4797.6,Desktop,Direct,Completed
TXN000090,CUS0012,2025-11-03,Beauty,1,1499.0,0.1,1798.8,Desktop,Direct,Cancelled
TXN000091,CUS0013,2026-07-15,Beauty,1,1499.0,0.0,1998.67,Desktop,Organic Search,Completed
TXN000092,CUS0013,2026-07-14,Home,2,1499.0,0.0,3997.33,Desktop,Organic Search,Completed
TXN000093,CUS0013,2026-05-05,Beauty,1,999.0,0.0,1332.0,Desktop,Organic Search,Completed
TXN000094,CUS0013,2026-03-05,Home,3,399.0,0.0,1596.0,Desktop,Organic Search,Completed
TXN000095,CUS0013,2026-01-06,Sports,3,699.0,0.1,2516.4,Desktop,Organic Search,Completed
TXN000096,CUS0013,2025-11-25,Home,3,1499.0,0.0,5996.0,Desktop,Organic Search,Completed
TXN000097,CUS0013,2025-11-06,Home,3,699.0,0.0,2796.0,Desktop,Organic Search,Completed
TXN000098,CUS0013,2025-09-24,Home,3,399.0,0.0,1596.0,Desktop,Organic Search,Completed
TXN000099,CUS0014,2026-08-10,Home,1,999.0,0.0,749.25,Tablet,Referral,Completed
TXN000100,CUS0014,2026-06-03,Home,1,699.0,0.0,524.25,Desktop,Referral,Completed
TXN000101,CUS0014,2026-04-11,Electronics,1,1999.0,0.2,1199.4,Mobile,Referral,Completed
TXN000102,CUS0015,2026-07-02,Electronics,2,399.0,0.2,585.2,Tablet,Paid Ads,Completed
TXN000103,CUS0015,2026-06-12,Electronics,1,699.0,0.0,640.75,Tablet,Paid Ads,Completed
TXN000104,CUS0015,2026-03-07,Beauty,1,299.0,0.05,260.38,Tablet,Paid Ads,Completed
TXN000105,CUS0015,2026-02-19,Electronics,2,499.0,0.1,823.35,Tablet,Paid Ads,Returned
TXN000106,CUS0015,2026-01-25,Electronics,3,299.0,0.0,822.25,Desktop,Paid Ads,Cancelled
TXN000107,CUS0015,2025-09-08,Electronics,1,399.0,0.2,292.6,Tablet,Paid Ads,Completed
TXN000108,CUS0016,2026-07-01,Home,1,699.0,0.0,640.75,Mobile,Paid Ads,Completed
TXN000109,CUS0016,2026-03-31,Home,3,499.0,0.0,1372.25,Mobile,Paid Ads,Completed
TXN000110,CUS0016,2026-02-05,Home,1,999.0,0.0,915.75,Mobile,Paid Ads,Completed
TXN000111,CUS0016,2026-01-13,Home,3,699.0,0.0,1922.25,Mobile,Paid Ads,Completed
TXN000112,CUS0016,2025-12-08,Home,3,299.0,0.15,698.91,Mobile,Paid Ads,Completed
TXN000113,CUS0017,2025-10-21,Beauty,2,399.0,0.0,465.5,Mobile,Email,Completed
TXN000114,CUS0017,2025-02-12,Beauty,2,1499.0,0.0,1748.83,Mobile,Email,Completed
TXN000115,CUS0018,2026-01-17,Sports,1,699.0,0.0,757.25,Desktop,Referral,Completed
TXN000116,CUS0018,2025-11-24,Sports,1,499.0,0.0,540.58,Desktop,Referral,Completed
TXN000117,CUS0018,2025-11-12,Fashion,3,1999.0,0.2,5197.4,Desktop,Referral,Completed
TXN000118,CUS0018,2025-09-18,Sports,3,1999.0,0.0,6496.75,Desktop,Referral,Completed
TXN000119,CUS0018,2025-09-16,Home,1,299.0,0.15,275.33,Mobile,Referral,Completed
TXN000120,CUS0018,2025-03-26,Fashion,3,399.0,0.0,1296.75,Desktop,Referral,Completed
TXN000121,CUS0019,2026-06-29,Sports,3,1999.0,0.0,6496.75,Mobile,Direct,Completed
TXN000122,CUS0019,2026-04-08,Electronics,2,699.0,0.0,1514.5,Mobile,Direct,Cancelled
TXN000123,CUS0019,2025-11-17,Beauty,2,699.0,0.0,1514.5,Desktop,Direct,Completed
TXN000124,CUS0019,2025-10-25,Electronics,1,1999.0,0.05,2057.3,Mobile,Direct,Completed
TXN000125,CUS0019,2025-10-25,Beauty,2,399.0,0.0,864.5,Mobile,Direct,Returned
TXN000126,CUS0019,2025-09-10,Sports,2,499.0,0.0,1081.17,Mobile,Direct,Returned
TXN000127,CUS0020,2026-05-23,Beauty,3,1499.0,0.0,2623.25,Desktop,Organic Search,Completed
TXN000128,CUS0020,2025-08-06,Beauty,2,999.0,0.0,1165.5,Desktop,Organic Search,Completed
TXN000129,CUS0021,2026-07-19,Fashion,3,399.0,0.0,1596.0,Mobile,Paid Ads,Completed
TXN000130,CUS0021,2026-06-28,Fashion,2,299.0,0.0,797.33,Mobile,Paid Ads,Cancelled
TXN000131,CUS0021,2026-05-08,Fashion,1,1999.0,0.15,2265.53,Mobile,Paid Ads,Completed
TXN000132,CUS0021,2026-03-04,Fashion,1,999.0,0.0,1332.0,Mobile,Paid Ads,Completed
TXN000133,CUS0021,2026-01-09,Fashion,2,699.0,0.0,1864.0,Tablet,Paid Ads,Completed
TXN000134,CUS0021,2026-01-09,Sports,2,399.0,0.05,1010.8,Mobile,Paid Ads,Completed
TXN000135,CUS0021,2026-01-01,Home,3,299.0,0.0,1196.0,Mobile,Paid Ads,Completed
TXN000136,CUS0021,2025-12-12,Home,2,299.0,0.0,797.33,Mobile,Paid Ads,Completed
TXN000137,CUS0021,2025-11-20,Fashion,1,1999.0,0.0,2665.33,Mobile,Paid Ads,Completed
TXN000138,CUS0021,2025-11-04,Fashion,2,1999.0,0.0,5330.67,Mobile,Paid Ads,Completed
TXN000139,CUS0022,2026-08-10,Sports,1,999.0,0.2,1065.6,Desktop,Email,Completed
TXN000140,CUS0022,2026-07-20,Electronics,2,999.0,0.0,2664.0,Desktop,Email,Completed
TXN000141,CUS0022,2026-05-23,Beauty,3,999.0,0.0,3996.0,Desktop,Email,Completed
TXN000142,CUS0022,2026-05-15,Beauty,3,299.0,0.0,1196.0,Tablet,Email,Completed
TXN000143,CUS0022,2026-05-01,Beauty,1,499.0,0.0,665.33,Desktop,Email,Completed
TXN000144,CUS0022,2026-04-24,Home,2,499.0,0.0,1330.67,Desktop,Email,Completed
TXN000145,CUS0022,2026-03-17,Sports,2,399.0,0.0,1064.0,Desktop,Email,Completed
TXN000146,CUS0022,2026-01-10,Home,2,499.0,0.0,1330.67,Desktop,Email,Completed
TXN000147,CUS0022,2025-12-24,Sports,3,1999.0,0.0,7996.0,Desktop,Email,Completed
TXN000148,CUS0023,2026-07-21,Electronics,3,1499.0,0.0,4871.75,Desktop,Paid Ads,Completed
TXN000149,CUS0023,2026-06-24,Electronics,1,299.0,0.0,323.92,Desktop,Paid Ads,Completed
TXN000150,CUS0023,2026-06-04,Home,2,1999.0,0.05,4114.61,Desktop,Paid Ads,Completed
TXN000151,CUS0023,2026-03-21,Home,2,1999.0,0.0,4331.17,Desktop,Paid Ads,Completed
TXN000152,CUS0023,2026-02-12,Home,1,1499.0,0.0,1623.92,Desktop,Paid Ads,Completed
TXN000153,CUS0023,2026-01-07,Home,1,999.0,0.2,865.8,Tablet,Paid Ads,Completed
TXN000154,CUS0023,2025-11-15,Home,3,699.0,0.15,1930.99,Desktop,Paid Ads,Completed
TXN000155,CUS0023,2025-10-21,Sports,3,499.0,0.0,1621.75,Desktop,Paid Ads,Completed
TXN000156,CUS0024,2026-08-18,Beauty,3,999.0,0.0,6993.0,Mobile,Paid Ads,Completed
TXN000157,CUS0024,2026-08-15,Electronics,1,299.0,0.2,558.13,Mobile,Paid Ads,Completed
TXN000158,CUS0024,2026-07-21,Electronics,2,499.0,0.0,2328.67,Mobile,Paid Ads,Completed
TXN000159,CUS0024,2026-07-14,Electronics,2,499.0,0.0,2328.67,Mobile,Paid Ads,Completed
TXN000160,CUS0024,2026-05-25,Electronics,1,399.0,0.0,931.0,Mobile,Paid Ads,Completed
TXN000161,CUS0024,2026-05-20,Electronics,1,999.0,0.0,2331.0,Mobile,Paid Ads,Completed
TXN000162,CUS0024,2026-05-15,Electronics,3,999.0,0.0,6993.0,Desktop,Paid Ads,Completed
TXN000163,CUS0024,2026-05-09,Electronics,1,1499.0,0.0,3497.67,Mobile,Paid Ads,Completed
TXN000164,CUS0024,2026-04-24,Home,1,399.0,0.0,931.0,Mobile,Paid Ads,Completed
TXN000165,CUS0024,2026-03-03,Electronics,2,1499.0,0.0,6995.33,Mobile,Paid Ads,Completed
TXN000166,CUS0024,2026-03-03,Electronics,2,399.0,0.0,1862.0,Mobile,Paid Ads,Completed
TXN000167,CUS0024,2026-01-28,Electronics,3,999.0,0.0,6993.0,Mobile,Paid Ads,Completed
TXN000168,CUS0024,2025-12-30,Electronics,3,699.0,0.0,4893.0,Mobile,Paid Ads,Completed
TXN000169,CUS0024,2025-12-04,Electronics,3,699.0,0.0,4893.0,Mobile,Paid Ads,Returned
TXN000170,CUS0024,2025-12-04,Electronics,1,499.0,0.0,1164.33,Mobile,Paid Ads,Completed
TXN000171,CUS0024,2025-12-03,Beauty,3,299.0,0.1,1883.7,Mobile,Paid Ads,Completed
TXN000172,CUS0025,2026-08-02,Sports,2,1499.0,0.0,6995.33,Tablet,Social Media,Completed
TXN000173,CUS0025,2026-07-27,Beauty,2,1499.0,0.1,6295.8,Tablet,Social Media,Completed
TXN000174,CUS0025,2026-07-20,Beauty,1,999.0,0.2,1864.8,Tablet,Social Media,Completed
TXN000175,CUS0025,2026-07-14,Beauty,2,299.0,0.1,1255.8,Tablet,Social Media,Completed
TXN000176,CUS0025,2026-06-28,Beauty,3,699.0,0.05,4648.35,Tablet,Social Media,Completed
TXN000177,CUS0025,2026-06-15,Beauty,3,399.0,0.05,2653.35,Desktop,Social Media,Completed
TXN000178,CUS0025,2026-05-28,Beauty,2,699.0,0.05,3098.9,Mobile,Social Media,Completed
TXN000179,CUS0025,2026-05-12,Fashion,2,699.0,0.0,3262.0,Tablet,Social Media,Completed
TXN000180,CUS0025,2026-04-29,Beauty,3,499.0,0.0,3493.0,Tablet,Social Media,Completed
TXN000181,CUS0025,2026-04-23,Beauty,2,1999.0,0.0,9328.67,Tablet,Social Media,Completed
TXN000182,CUS0025,2026-04-18,Electronics,3,399.0,0.15,2374.05,Tablet,Social Media,Completed
TXN000183,CUS0025,2026-04-04,Beauty,2,1999.0,0.0,9328.67,Tablet,Social Media,Completed
TXN000184,CUS0025,2026-03-16,Fashion,2,999.0,0.05,4428.9,Tablet,Social Media,Completed
TXN000185,CUS0025,2026-02-10,Beauty,1,1999.0,0.0,4664.33,Tablet,Social Media,Completed
TXN000186,CUS0025,2026-02-10,Electronics,1,999.0,0.0,2331.0,Tablet,Social Media,Completed
TXN000187,CUS0025,2026-01-29,Beauty,3,399.0,0.0,2793.0,Tablet,Social Media,Completed
TXN000188,CUS0025,2026-01-28,Fashion,2,999.0,0.0,4662.0,Tablet,Social Media,Completed
TXN000189,CUS0025,2026-01-11,Home,3,699.0,0.0,4893.0,Tablet,Social Media,Completed
TXN000190,CUS0025,2025-12-29,Sports,2,499.0,0.1,2095.8,Mobile,Social Media,Completed
TXN000191,CUS0025,2025-11-06,Beauty,2,999.0,0.0,4662.0,Tablet,Social Media,Completed
TXN000192,CUS0025,2025-10-30,Beauty,3,699.0,0.0,4893.0,Tablet,Social Media,Completed
TXN000193,CUS0026,2026-08-19,Sports,2,1499.0,0.0,2748.17,Desktop,Paid Ads,Completed
TXN000194,CUS0026,2026-07-23,Sports,2,499.0,0.0,914.83,Desktop,Paid Ads,Returned
TXN000195,CUS0026,2026-03-01,Sports,3,399.0,0.1,987.52,Desktop,Paid Ads,Completed
TXN000196,CUS0027,2026-07-25,Beauty,3,999.0,0.0,2747.25,Desktop,Email,Completed
TXN000197,CUS0027,2025-11-19,Beauty,2,1499.0,0.0,2748.17,Desktop,Email,Cancelled
TXN000198,CUS0027,2025-11-06,Electronics,2,999.0,0.0,1831.5,Desktop,Email,Completed
TXN000199,CUS0027,2025-10-10,Beauty,2,1999.0,0.0,3664.83,Desktop,Email,Completed
TXN000200,CUS0028,2026-05-14,Electronics,2,1499.0,0.0,1748.83,Mobile,Organic Search,Cancelled
TXN000201,CUS0028,2025-11-28,Electronics,2,699.0,0.0,815.5,Mobile,Organic Search,Completed
TXN000202,CUS0028,2025-11-11,Electronics,2,299.0,0.0,348.83,Mobile,Organic Search,Completed
TXN000203,CUS0029,2026-03-18,Electronics,3,699.0,0.0,2271.75,Tablet,Paid Ads,Completed
TXN000204,CUS0029,2026-03-06,Beauty,3,699.0,0.0,2271.75,Mobile,Paid Ads,Completed
TXN000205,CUS0029,2026-01-16,Beauty,1,299.0,0.0,323.92,Mobile,Paid Ads,Completed
TXN000206,CUS0029,2025-12-29,Beauty,1,999.0,0.0,1082.25,Mobile,Paid Ads,Completed
TXN000207,CUS0029,2025-12-14,Beauty,3,1499.0,0.0,4871.75,Desktop,Paid Ads,Completed
TXN000208,CUS0029,2025-11-24,Electronics,3,299.0,0.0,971.75,Mobile,Paid Ads,Completed
TXN000209,CUS0029,2025-11-19,Fashion,1,499.0,0.15,459.5,Mobile,Paid Ads,Completed
TXN000210,CUS0029,2025-08-20,Beauty,3,499.0,0.0,1621.75,Mobile,Paid Ads,Completed
TXN000211,CUS0029,2025-07-07,Beauty,2,1999.0,0.05,4114.61,Mobile,Paid Ads,Completed
TXN000212,CUS0030,2026-08-01,Fashion,3,499.0,0.0,1372.25,Desktop,Referral,Cancelled
TXN000213,CUS0030,2026-05-30,Fashion,1,399.0,0.0,365.75,Desktop,Referral,Completed
TXN000214,CUS0030,2026-05-05,Beauty,2,999.0,0.0,1831.5,Desktop,Referral,Completed
TXN000215,CUS0030,2026-03-04,Fashion,3,299.0,0.0,822.25,Desktop,Referral,Completed
TXN000216,CUS0030,2026-01-20,Fashion,3,999.0,0.0,2747.25,Desktop,Referral,Cancelled
TXN000217,CUS0031,2026-07-30,Sports,1,699.0,0.0,640.75,Tablet,Direct,Returned
TXN000218,CUS0031,2026-07-15,Sports,2,1999.0,0.0,3664.83,Tablet,Direct,Completed
TXN000219,CUS0031,2026-04-13,Beauty,1,1499.0,0.0,1374.08,Desktop,Direct,Completed
TXN000220,CUS0032,2026-08-18,Electronics,1,1999.0,0.0,2665.33,Desktop,Organic Search,Completed
TXN000221,CUS0032,2026-05-27,Electronics,2,299.0,0.0,797.33,Desktop,Organic Search,Completed
TXN000222,CUS0032,2026-05-24,Beauty,2,999.0,0.0,2664.0,Desktop,Organic Search,Completed
TXN000223,CUS0032,2026-03-29,Electronics,1,1499.0,0.0,1998.67,Desktop,Organic Search,Completed
TXN000224,CUS0032,2026-03-17,Electronics,1,1499.0,0.1,1798.8,Desktop,Organic Search,Completed
TXN000225,CUS0032,2026-02-05,Electronics,3,499.0,0.0,1996.0,Desktop,Organic Search,Completed
TXN000226,CUS0032,2026-02-04,Sports,2,1999.0,0.2,4264.53,Desktop,Organic Search,Completed
TXN000227,CUS0032,2026-01-28,Fashion,1,499.0,0.0,665.33,Desktop,Organic Search,Completed
TXN000228,CUS0032,2025-12-21,Electronics,3,999.0,0.0,3996.0,Desktop,Organic Search,Completed
TXN000229,CUS0033,2026-08-18,Electronics,2,399.0,0.0,1862.0,Tablet,Paid Ads,Completed
TXN000230,CUS0033,2026-08-18,Electronics,2,1499.0,0.0,6995.33,Tablet,Paid Ads,Completed
TXN000231,CUS0033,2026-07-23,Electronics,2,399.0,0.0,1862.0,Tablet,Paid Ads,Returned
TXN000232,CUS0033,2026-07-19,Electronics,2,399.0,0.2,1489.6,Mobile,Paid Ads,Completed
TXN000233,CUS0033,2026-07-07,Electronics,2,399.0,0.1,1675.8,Desktop,Paid Ads,Completed
TXN000234,CUS0033,2026-06-24,Fashion,1,299.0,0.0,697.67,Tablet,Paid Ads,Returned
TXN000235,CUS0033,2026-06-23,Electronics,2,699.0,0.0,3262.0,Tablet,Paid Ads,Cancelled
TXN000236,CUS0033,2026-05-22,Electronics,1,299.0,0.0,697.67,Tablet,Paid Ads,Completed
TXN000237,CUS0033,2026-04-03,Fashion,2,299.0,0.0,1395.33,Desktop,Paid Ads,Completed
TXN000238,CUS0033,2026-03-29,Electronics,1,699.0,0.0,1631.0,Tablet,Paid Ads,Completed
TXN000239,CUS0033,2026-03-10,Electronics,2,299.0,0.15,1186.03,Tablet,Paid Ads,Completed
TXN000240,CUS0033,2026-03-04,Electronics,3,399.0,0.0,2793.0,Tablet,Paid Ads,Completed
TXN000241,CUS0033,2026-02-23,Sports,3,299.0,0.0,2093.0,Tablet,Paid Ads,Completed
TXN000242,CUS0033,2026-02-13,Electronics,3,499.0,0.0,3493.0,Tablet,Paid Ads,Completed
TXN000243,CUS0033,2026-02-04,Home,2,499.0,0.0,2328.67,Mobile,Paid Ads,Completed
TXN000244,CUS0033,2026-01-06,Beauty,1,699.0,0.0,1631.0,Tablet,Paid Ads,Completed
TXN000245,CUS0033,2026-01-05,Electronics,1,699.0,0.0,1631.0,Tablet,Paid Ads,Cancelled
TXN000246,CUS0033,2025-10-25,Electronics,3,399.0,0.2,2234.4,Mobile,Paid Ads,Completed
TXN000247,CUS0034,2026-08-17,Sports,1,1499.0,0.0,1998.67,Mobile,Referral,Completed
TXN000248,CUS0034,2026-08-17,Fashion,1,1999.0,0.0,2665.33,Mobile,Referral,Returned
TXN000249,CUS0034,2026-07-22,Electronics,2,1499.0,0.0,3997.33,Mobile,Referral,Cancelled
TXN000250,CUS0034,2026-07-14,Electronics,3,399.0,0.0,1596.0,Mobile,Referral,Completed
TXN000251,CUS0034,2026-07-13,Sports,1,1999.0,0.0,2665.33,Mobile,Referral,Completed
TXN000252,CUS0034,2026-07-02,Sports,2,699.0,0.15,1584.4,Mobile,Referral,Completed
TXN000253,CUS0034,2026-04-26,Sports,3,999.0,0.0,3996.0,Mobile,Referral,Completed
TXN000254,CUS0034,2026-03-14,Sports,1,499.0,0.0,665.33,Mobile,Referral,Completed
TXN000255,CUS0034,2026-02-16,Sports,3,399.0,0.0,1596.0,Mobile,Referral,Completed
TXN000256,CUS0034,2026-02-01,Sports,2,1499.0,0.0,3997.33,Mobile,Referral,Completed
TXN000257,CUS0034,2026-01-27,Sports,2,699.0,0.0,1864.0,Mobile,Referral,Completed
TXN000258,CUS0034,2025-12-28,Electronics,2,1499.0,0.0,3997.33,Tablet,Referral,Completed
TXN000259,CUS0034,2025-11-15,Sports,2,699.0,0.0,1864.0,Mobile,Referral,Completed
TXN000260,CUS0034,2025-11-11,Beauty,1,999.0,0.1,1198.8,Mobile,Referral,Completed
TXN000261,CUS0035,2026-03-05,Beauty,1,699.0,0.0,757.25,Desktop,Referral,Completed
TXN000262,CUS0035,2026-02-22,Sports,2,999.0,0.0,2164.5,Desktop,Referral,Returned
TXN000263,CUS0035,2026-01-25,Fashion,3,1499.0,0.0,4871.75,Desktop,Referral,Completed
TXN000264,CUS0035,2025-09-26,Fashion,3,1499.0,0.0,4871.75,Desktop,Referral,Completed
TXN000265,CUS0035,2025-09-15,Home,1,999.0,0.0,1082.25,Desktop,Referral,Completed
TXN000266,CUS0035,2025-09-04,Fashion,3,399.0,0.0,1296.75,Desktop,Referral,Completed
TXN000267,CUS0036,2026-07-17,Electronics,2,999.0,0.15,2264.4,Desktop,Organic Search,Completed
TXN000268,CUS0036,2026-06-01,Beauty,1,699.0,0.1,838.8,Desktop,Organic Search,Completed
TXN000269,CUS0036,2026-04-04,Electronics,1,699.0,0.0,932.0,Desktop,Organic Search,Completed
TXN000270,CUS0036,2026-03-23,Sports,2,1499.0,0.0,3997.33,Mobile,Organic Search,Completed
TXN000271,CUS0036,2026-03-11,Electronics,2,999.0,0.0,2664.0,Desktop,Organic Search,Completed
TXN000272,CUS0036,2025-11-28,Electronics,2,699.0,0.0,1864.0,Desktop,Organic Search,Completed
TXN000273,CUS0036,2025-11-20,Electronics,1,499.0,0.0,665.33,Desktop,Organic Search,Cancelled
TXN000274,CUS0036,2025-10-07,Fashion,1,399.0,0.05,505.4,Desktop,Organic Search,Cancelled
TXN000275,CUS0037,2026-08-11,Beauty,2,999.0,0.0,1498.5,Desktop,Referral,Completed
TXN000276,CUS0038,2026-08-02,Beauty,1,699.0,0.0,1631.0,Mobile,Paid Ads,Completed
TXN000277,CUS0038,2026-07-13,Beauty,2,499.0,0.0,2328.67,Mobile,Paid Ads,Completed
TXN000278,CUS0038,2026-06-27,Beauty,1,399.0,0.0,931.0,Mobile,Paid Ads,Completed
TXN000279,CUS0038,2026-06-21,Beauty,1,299.0,0.0,697.67,Tablet,Paid Ads,Completed
TXN000280,CUS0038,2026-05-19,Electronics,1,1499.0,0.0,3497.67,Mobile,Paid Ads,Completed
TXN000281,CUS0038,2026-04-25,Beauty,2,299.0,0.0,1395.33,Mobile,Paid Ads,Completed
TXN000282,CUS0038,2026-04-21,Beauty,1,699.0,0.15,1386.35,Mobile,Paid Ads,Completed
TXN000283,CUS0038,2026-04-18,Electronics,2,299.0,0.0,1395.33,Mobile,Paid Ads,Completed
TXN000284,CUS0038,2026-04-08,Beauty,3,699.0,0.0,4893.0,Mobile,Paid Ads,Completed
TXN000285,CUS0038,2026-04-03,Beauty,2,699.0,0.0,3262.0,Mobile,Paid Ads,Completed
TXN000286,CUS0038,2026-03-15,Beauty,1,999.0,0.0,2331.0,Tablet,Paid Ads,Completed
TXN000287,CUS0038,2026-03-14,Home,1,499.0,0.15,989.68,Tablet,Paid Ads,Completed
TXN000288,CUS0038,2026-03-13,Beauty,1,1999.0,0.0,4664.33,Mobile,Paid Ads,Completed
TXN000289,CUS0038,2026-03-04,Beauty,1,699.0,0.2,1304.8,Mobile,Paid Ads,Completed
TXN000290,CUS0038,2026-02-02,Beauty,2,999.0,0.0,4662.0,Mobile,Paid Ads,Completed
TXN000291,CUS0038,2026-01-14,Electronics,1,1999.0,0.0,4664.33,Mobile,Paid Ads,Completed
TXN000292,CUS0038,2025-11-13,Sports,3,699.0,0.0,4893.0,Mobile,Paid Ads,Completed
TXN000293,CUS0038,2025-11-11,Beauty,2,1499.0,0.0,6995.33,Mobile,Paid Ads,Completed
TXN000294,CUS0038,2025-11-08,Electronics,1,499.0,0.0,1164.33,Mobile,Paid Ads,Completed
TXN000295,CUS0038,2025-10-19,Home,1,1999.0,0.0,4664.33,Mobile,Paid Ads,Cancelled
TXN000296,CUS0038,2025-10-07,Beauty,3,499.0,0.0,3493.0,Mobile,Paid Ads,Completed
TXN000297,CUS0039,2026-05-21,Beauty,2,499.0,0.05,553.06,Desktop,Organic Search,Completed
TXN000298,CUS0039,2026-03-15,Home,2,1499.0,0.0,1748.83,Desktop,Organic Search,Completed
TXN000299,CUS0039,2025-10-30,Beauty,3,999.0,0.0,1748.25,Desktop,Organic Search,Completed
TXN000300,CUS0040,2026-08-13,Sports,1,699.0,0.0,932.0,Mobile,Paid Ads,Completed
TXN000301,CUS0040,2026-07-11,Fashion,1,1999.0,0.0,2665.33,Mobile,Paid Ads,Completed
TXN000302,CUS0040,2026-07-08,Fashion,3,499.0,0.0,1996.0,Mobile,Paid Ads,Completed
TXN000303,CUS0040,2026-07-01,Sports,1,299.0,0.0,398.67,Mobile,Paid Ads,Completed
TXN000304,CUS0040,2026-06-04,Fashion,2,1499.0,0.0,3997.33,Mobile,Paid Ads,Cancelled
TXN000305,CUS0040,2026-05-23,Fashion,3,1999.0,0.0,7996.0,Mobile,Paid Ads,Completed
TXN000306,CUS0040,2026-05-15,Fashion,2,1499.0,0.0,3997.33,Mobile,Paid Ads,Completed
TXN000307,CUS0040,2026-02-25,Fashion,2,999.0,0.15,2264.4,Desktop,Paid Ads,Cancelled
TXN000308,CUS0040,2026-01-29,Electronics,1,399.0,0.0,532.0,Mobile,Paid Ads,Completed
TXN000309,CUS0040,2025-11-14,Home,2,499.0,0.0,1330.67,Mobile,Paid Ads,Completed
TXN000310,CUS0041,2026-08-13,Beauty,2,1499.0,0.0,3997.33,Desktop,Email,Completed
TXN000311,CUS0041,2026-07-26,Electronics,2,299.0,0.0,797.33,Desktop,Email,Completed
TXN000312,CUS0041,2026-07-03,Electronics,2,1999.0,0.0,5330.67,Desktop,Email,Completed
TXN000313,CUS0041,2026-06-07,Electronics,2,499.0,0.0,1330.67,Mobile,Email,Completed
TXN000314,CUS0041,2026-03-20,Electronics,3,499.0,0.0,1996.0,Desktop,Email,Completed
TXN000315,CUS0041,2026-02-14,Electronics,1,999.0,0.0,1332.0,Desktop,Email,Completed
TXN000316,CUS0041,2026-01-30,Electronics,2,1999.0,0.0,5330.67,Desktop,Email,Completed
TXN000317,CUS0041,2026-01-23,Home,1,699.0,0.0,932.0,Desktop,Email,Completed
TXN000318,CUS0041,2025-12-22,Electronics,2,499.0,0.2,1064.53,Desktop,Email,Completed
TXN000319,CUS0041,2025-11-26,Electronics,3,1999.0,0.1,7196.4,Desktop,Email,Completed
TXN000320,CUS0042,2026-04-11,Electronics,3,999.0,0.0,1748.25,Desktop,Referral,Completed
TXN000321,CUS0043,2026-07-10,Electronics,1,1999.0,0.0,1832.42,Mobile,Referral,Completed
TXN000322,CUS0043,2026-07-03,Home,3,399.0,0.2,877.8,Mobile,Referral,Completed
TXN000323,CUS0043,2026-02-03,Electronics,1,399.0,0.1,329.18,Mobile,Referral,Completed
TXN000324,CUS0044,2026-07-21,Fashion,3,499.0,0.0,873.25,Mobile,Organic Search,Completed
TXN000325,CUS0045,2026-06-04,Electronics,1,1999.0,0.0,2165.58,Mobile,Social Media,Completed
TXN000326,CUS0045,2026-05-07,Fashion,3,299.0,0.0,971.75,Mobile,Social Media,Completed
TXN000327,CUS0045,2026-04-30,Electronics,1,399.0,0.0,432.25,Mobile,Social Media,Completed
TXN000328,CUS0045,2026-03-02,Sports,1,699.0,0.0,757.25,Mobile,Social Media,Completed
TXN000329,CUS0045,2026-01-27,Electronics,3,1499.0,0.0,4871.75,Desktop,Social Media,Returned
TXN000330,CUS0045,2026-01-25,Electronics,3,299.0,0.0,971.75,Mobile,Social Media,Cancelled
TXN000331,CUS0045,2025-09-07,Electronics,3,299.0,0.0,971.75,Tablet,Social Media,Completed
TXN000332,CUS0045,2025-08-31,Electronics,1,399.0,0.2,345.8,Tablet,Social Media,Completed
TXN000333,CUS0046,2026-01-17,Fashion,1,299.0,0.0,323.92,Mobile,Referral,Completed
TXN000334,CUS0046,2025-09-21,Sports,2,699.0,0.0,1514.5,Mobile,Referral,Completed
TXN000335,CUS0046,2025-07-29,Electronics,1,999.0,0.0,1082.25,Mobile,Referral,Completed
TXN000336,CUS0046,2025-07-19,Home,1,299.0,0.0,323.92,Mobile,Referral,Completed
TXN000337,CUS0046,2025-07-16,Home,2,1499.0,0.0,3247.83,Mobile,Referral,Completed
TXN000338,CUS0046,2025-04-22,Home,1,399.0,0.0,432.25,Mobile,Referral,Completed
TXN000339,CUS0046,2025-04-10,Sports,3,699.0,0.0,2271.75,Mobile,Referral,Completed
TXN000340,CUS0047,2026-08-08,Electronics,3,1499.0,0.0,10493.0,Desktop,Referral,Completed
TXN000341,CUS0047,2026-08-04,Beauty,3,399.0,0.0,2793.0,Desktop,Referral,Completed
TXN000342,CUS0047,2026-07-31,Beauty,2,1499.0,0.0,6995.33,Desktop,Referral,Completed
TXN000343,CUS0047,2026-07-27,Beauty,3,1999.0,0.0,13993.0,Desktop,Referral,Returned
TXN000344,CUS0047,2026-07-05,Beauty,1,999.0,0.0,2331.0,Desktop,Referral,Cancelled
TXN000345,CUS0047,2026-05-14,Beauty,1,999.0,0.0,2331.0,Desktop,Referral,Completed
TXN000346,CUS0047,2026-04-28,Fashion,1,1999.0,0.2,3731.47,Mobile,Referral,Completed
TXN000347,CUS0047,2026-03-20,Home,2,1999.0,0.0,9328.67,Desktop,Referral,Completed
TXN000348,CUS0047,2026-03-05,Beauty,1,299.0,0.0,697.67,Desktop,Referral,Completed
TXN000349,CUS0047,2026-02-19,Beauty,1,1499.0,0.0,3497.67,Desktop,Referral,Completed
TXN000350,CUS0047,2026-02-10,Beauty,1,699.0,0.15,1386.35,Desktop,Referral,Completed
TXN000351,CUS0047,2026-02-05,Home,1,999.0,0.0,2331.0,Desktop,Referral,Completed
TXN000352,CUS0047,2026-01-23,Beauty,1,1999.0,0.2,3731.47,Desktop,Referral,Cancelled
TXN000353,CUS0047,2025-11-26,Beauty,3,1999.0,0.0,13993.0,Desktop,Referral,Completed
TXN000354,CUS0047,2025-11-23,Beauty,2,999.0,0.0,4662.0,Mobile,Referral,Completed
TXN000355,CUS0047,2025-11-12,Beauty,2,999.0,0.0,4662.0,Desktop,Referral,Completed
TXN000356,CUS0047,2025-11-07,Beauty,1,499.0,0.0,1164.33,Desktop,Referral,Completed
TXN000357,CUS0047,2025-10-23,Home,1,999.0,0.15,1981.35,Desktop,Referral,Completed
TXN000358,CUS0047,2025-10-13,Beauty,1,699.0,0.2,1304.8,Desktop,Referral,Completed
TXN000359,CUS0048,2026-06-21,Electronics,1,499.0,0.0,457.42,Mobile,Paid Ads,Completed
TXN000360,CUS0048,2026-01-26,Sports,3,1999.0,0.0,5497.25,Mobile,Paid Ads,Completed
TXN000361,CUS0048,2025-11-29,Electronics,1,299.0,0.0,274.08,Mobile,Paid Ads,Completed
TXN000362,CUS0048,2025-11-15,Sports,3,1499.0,0.1,3710.02,Tablet,Paid Ads,Completed
TXN000363,CUS0048,2025-09-21,Sports,1,1999.0,0.0,1832.42,Desktop,Paid Ads,Completed
TXN000364,CUS0049,2026-08-18,Home,2,499.0,0.2,731.87,Mobile,Paid Ads,Completed
TXN000365,CUS0049,2026-08-08,Beauty,3,299.0,0.0,822.25,Mobile,Paid Ads,Completed
TXN000366,CUS0049,2026-07-05,Sports,1,299.0,0.0,274.08,Mobile,Paid Ads,Completed
TXN000367,CUS0049,2026-03-06,Sports,3,299.0,0.0,822.25,Desktop,Paid Ads,Returned
TXN000368,CUS0049,2025-12-12,Home,2,999.0,0.0,1831.5,Mobile,Paid Ads,Completed
TXN000369,CUS0050,2026-07-18,Fashion,1,699.0,0.0,407.75,Desktop,Referral,Completed
TXN000370,CUS0051,2026-07-28,Home,1,399.0,0.0,299.25,Mobile,Social Media,Completed
TXN000371,CUS0052,2026-08-13,Home,2,999.0,0.0,1831.5,Desktop,Direct,Completed
TXN000372,CUS0052,2026-04-23,Home,3,499.0,0.15,1166.41,Desktop,Direct,Completed
TXN000373,CUS0052,2026-03-07,Home,2,399.0,0.2,585.2,Desktop,Direct,Completed
TXN000374,CUS0052,2026-03-06,Home,3,499.0,0.0,1372.25,Desktop,Direct,Completed
TXN000375,CUS0052,2025-11-05,Electronics,1,299.0,0.0,274.08,Desktop,Direct,Completed
TXN000376,CUS0053,2026-08-02,Sports,1,1999.0,0.0,4664.33,Desktop,Social Media,Completed
TXN000377,CUS0053,2026-07-17,Sports,3,499.0,0.0,3493.0,Desktop,Social Media,Completed
TXN000378,CUS0053,2026-07-14,Sports,2,1499.0,0.05,6645.57,Desktop,Social Media,Completed
TXN000379,CUS0053,2026-07-08,Beauty,2,499.0,0.0,2328.67,Desktop,Social Media,Completed
TXN000380,CUS0053,2026-06-01,Sports,1,999.0,0.0,2331.0,Tablet,Social Media,Completed
TXN000381,CUS0053,2026-05-17,Home,3,699.0,0.0,4893.0,Desktop,Social Media,Completed
TXN000382,CUS0053,2026-05-12,Sports,1,699.0,0.0,1631.0,Tablet,Social Media,Completed
TXN000383,CUS0053,2026-05-09,Sports,2,399.0,0.0,1862.0,Desktop,Social Media,Completed
TXN000384,CUS0053,2026-03-31,Sports,2,999.0,0.0,4662.0,Tablet,Social Media,Completed
TXN000385,CUS0053,2025-12-31,Fashion,3,699.0,0.0,4893.0,Desktop,Social Media,Completed
TXN000386,CUS0053,2025-12-29,Sports,1,1499.0,0.0,3497.67,Desktop,Social Media,Completed
TXN000387,CUS0053,2025-12-12,Beauty,1,999.0,0.15,1981.35,Mobile,Social Media,Completed
TXN000388,CUS0053,2025-11-25,Sports,2,1999.0,0.0,9328.67,Desktop,Social Media,Completed
TXN000389,CUS0053,2025-11-15,Sports,2,699.0,0.1,2935.8,Desktop,Social Media,Completed
TXN000390,CUS0053,2025-10-24,Sports,1,999.0,0.0,2331.0,Desktop,Social Media,Completed
TXN000391,CUS0053,2025-10-15,Sports,2,999.0,0.0,4662.0,Desktop,Social Media,Completed
TXN000392,CUS0054,2026-08-03,Sports,1,1499.0,0.0,1124.25,Desktop,Paid Ads,Completed
TXN000393,CUS0054,2025-11-13,Electronics,3,999.0,0.0,2247.75,Desktop,Paid Ads,Completed
TXN000394,CUS0055,2026-07-30,Home,2,399.0,0.0,598.5,Tablet,Referral,Completed
TXN000395,CUS0056,2026-07-22,Fashion,1,299.0,0.15,338.87,Desktop,Email,Completed
TXN000396,CUS0056,2026-07-16,Home,3,299.0,0.1,1076.4,Desktop,Email,Completed
TXN000397,CUS0056,2026-06-04,Fashion,1,1999.0,0.0,2665.33,Desktop,Email,Completed
TXN000398,CUS0056,2026-06-02,Beauty,3,1499.0,0.0,5996.0,Mobile,Email,Completed
TXN000399,CUS0056,2026-05-25,Home,2,699.0,0.0,1864.0,Desktop,Email,Completed
TXN000400,CUS0056,2026-05-16,Home,3,699.0,0.0,2796.0,Tablet,Email,Completed
TXN000401,CUS0056,2026-03-18,Beauty,1,999.0,0.2,1065.6,Desktop,Email,Completed
TXN000402,CUS0056,2026-03-14,Home,2,1999.0,0.15,4531.07,Desktop,Email,Returned
TXN000403,CUS0056,2026-01-05,Sports,2,1499.0,0.0,3997.33,Desktop,Email,Completed
TXN000404,CUS0056,2025-11-22,Home,3,399.0,0.0,1596.0,Desktop,Email,Completed
TXN000405,CUS0056,2025-11-14,Home,3,299.0,0.05,1136.2,Desktop,Email,Completed
TXN000406,CUS0057,2025-10-07,Beauty,1,699.0,0.0,407.75,Mobile,Email,Completed
TXN000407,CUS0058,2026-08-11,Beauty,2,1999.0,0.0,2998.5,Mobile,Organic Search,Completed
TXN000408,CUS0059,2026-06-24,Sports,2,999.0,0.0,1165.5,Desktop,Paid Ads,Completed
TXN000409,CUS0060,2026-07-20,Sports,3,499.0,0.0,1372.25,Mobile,Social Media,Completed
TXN000410,CUS0060,2026-07-13,Sports,1,699.0,0.0,640.75,Mobile,Social Media,Completed
TXN000411,CUS0060,2026-04-24,Sports,2,399.0,0.1,658.35,Mobile,Social Media,Completed
TXN000412,CUS0060,2026-02-09,Electronics,2,1999.0,0.0,3664.83,Mobile,Social Media,Returned
TXN000413,CUS0061,2026-04-29,Electronics,2,699.0,0.0,1514.5,Desktop,Email,Completed
TXN000414,CUS0061,2026-04-20,Electronics,1,999.0,0.0,1082.25,Mobile,Email,Completed
TXN000415,CUS0061,2026-02-14,Electronics,1,699.0,0.0,757.25,Desktop,Email,Completed
TXN000416,CUS0061,2025-12-18,Electronics,1,299.0,0.1,291.52,Desktop,Email,Completed
TXN000417,CUS0061,2025-11-01,Electronics,1,1499.0,0.0,1623.92,Desktop,Email,Completed
TXN000418,CUS0061,2025-09-20,Electronics,2,999.0,0.0,2164.5,Desktop,Email,Completed
TXN000419,CUS0061,2025-08-05,Electronics,3,999.0,0.0,3246.75,Desktop,Email,Completed
TXN000420,CUS0061,2025-07-23,Sports,2,999.0,0.0,2164.5,Desktop,Email,Completed
TXN000421,CUS0061,2025-07-09,Beauty,3,1499.0,0.0,4871.75,Desktop,Email,Completed
TXN000422,CUS0061,2025-07-04,Electronics,2,1499.0,0.0,3247.83,Desktop,Email,Completed
TXN000423,CUS0062,2026-02-27,Electronics,2,699.0,0.15,1287.32,Mobile,Organic Search,Completed
TXN000424,CUS0062,2025-12-03,Home,1,299.0,0.1,291.52,Tablet,Organic Search,Completed
TXN000425,CUS0062,2025-12-03,Electronics,3,299.0,0.0,971.75,Mobile,Organic Search,Completed
TXN000426,CUS0062,2025-10-11,Electronics,1,499.0,0.0,540.58,Mobile,Organic Search,Completed
TXN000427,CUS0062,2025-09-26,Electronics,1,499.0,0.0,540.58,Tablet,Organic Search,Completed
TXN000428,CUS0062,2025-08-10,Beauty,2,999.0,0.0,2164.5,Mobile,Organic Search,Completed
TXN000429,CUS0062,2025-07-14,Electronics,1,1499.0,0.0,1623.92,Mobile,Organic Search,Completed
TXN000430,CUS0062,2025-07-13,Electronics,1,699.0,0.0,757.25,Mobile,Organic Search,Completed
TXN000431,CUS0062,2025-05-20,Electronics,1,499.0,0.0,540.58,Mobile,Organic Search,Completed
TXN000432,CUS0063,2026-06-05,Electronics,1,499.0,0.0,540.58,Desktop,Paid Ads,Completed
TXN000433,CUS0063,2025-11-15,Fashion,1,399.0,0.0,432.25,Desktop,Paid Ads,Completed
TXN000434,CUS0063,2025-10-28,Fashion,3,299.0,0.0,971.75,Desktop,Paid Ads,Completed
TXN000435,CUS0063,2025-10-04,Sports,1,999.0,0.0,1082.25,Desktop,Paid Ads,Completed
TXN000436,CUS0063,2025-09-26,Fashion,1,1999.0,0.0,2165.58,Desktop,Paid Ads,Completed
TXN000437,CUS0063,2025-08-17,Fashion,1,399.0,0.0,432.25,Desktop,Paid Ads,Returned
TXN000438,CUS0064,2026-07-31,Beauty,3,1999.0,0.05,7596.2,Tablet,Direct,Completed
TXN000439,CUS0064,2026-07-26,Beauty,3,1999.0,0.0,7996.0,Mobile,Direct,Completed
TXN000440,CUS0064,2026-06-03,Home,1,699.0,0.0,932.0,Mobile,Direct,Completed
TXN000441,CUS0064,2026-05-20,Beauty,1,1999.0,0.0,2665.33,Desktop,Direct,Returned
TXN000442,CUS0064,2026-02-26,Beauty,2,699.0,0.0,1864.0,Mobile,Direct,Completed
TXN000443,CUS0064,2026-01-16,Beauty,3,1499.0,0.0,5996.0,Mobile,Direct,Completed
TXN000444,CUS0064,2026-01-04,Beauty,1,399.0,0.05,505.4,Mobile,Direct,Completed
TXN000445,CUS0064,2025-12-03,Electronics,1,399.0,0.0,532.0,Mobile,Direct,Completed
TXN000446,CUS0064,2025-11-28,Electronics,2,699.0,0.0,1864.0,Mobile,Direct,Completed
TXN000447,CUS0064,2025-10-17,Beauty,2,1499.0,0.15,3397.73,Mobile,Direct,Returned
TXN000448,CUS0065,2026-08-07,Beauty,3,999.0,0.0,2247.75,Mobile,Email,Completed
TXN000449,CUS0065,2025-12-20,Beauty,2,1499.0,0.0,2248.5,Mobile,Email,Completed
TXN000450,CUS0066,2026-08-04,Home,3,399.0,0.1,1436.4,Desktop,Email,Completed
TXN000451,CUS0066,2026-06-02,Home,2,299.0,0.2,637.87,Tablet,Email,Completed
TXN000452,CUS0066,2026-05-14,Home,3,299.0,0.1,1076.4,Mobile,Email,Completed
TXN000453,CUS0066,2026-04-24,Home,1,299.0,0.0,398.67,Mobile,Email,Completed
TXN000454,CUS0066,2026-03-25,Sports,1,399.0,0.0,532.0,Mobile,Email,Completed
TXN000455,CUS0066,2026-02-17,Home,1,1499.0,0.0,1998.67,Desktop,Email,Completed
TXN000456,CUS0066,2026-01-26,Home,3,399.0,0.0,1596.0,Desktop,Email,Completed
TXN000457,CUS0066,2026-01-22,Electronics,2,699.0,0.05,1770.8,Mobile,Email,Completed
TXN000458,CUS0066,2026-01-17,Home,1,699.0,0.0,932.0,Mobile,Email,Completed
TXN000459,CUS0066,2025-12-20,Home,3,999.0,0.0,3996.0,Tablet,Email,Completed
TXN000460,CUS0066,2025-12-12,Sports,3,999.0,0.0,3996.0,Mobile,Email,Completed
TXN000461,CUS0066,2025-10-21,Home,2,1999.0,0.0,5330.67,Mobile,Email,Completed
TXN000462,CUS0067,2026-07-30,Home,2,499.0,0.0,748.5,Desktop,Referral,Completed
TXN000463,CUS0067,2026-07-16,Fashion,2,1499.0,0.0,2248.5,Desktop,Referral,Completed
TXN000464,CUS0068,2026-08-18,Fashion,1,1999.0,0.0,4664.33,Desktop,Paid Ads,Completed
TXN000465,CUS0068,2026-08-02,Fashion,2,999.0,0.0,4662.0,Tablet,Paid Ads,Completed
TXN000466,CUS0068,2026-07-16,Fashion,2,299.0,0.1,1255.8,Desktop,Paid Ads,Completed
TXN000467,CUS0068,2026-06-30,Sports,3,1999.0,0.0,13993.0,Desktop,Paid Ads,Completed
TXN000468,CUS0068,2026-05-25,Fashion,1,1499.0,0.0,3497.67,Desktop,Paid Ads,Completed
TXN000469,CUS0068,2026-04-01,Beauty,3,299.0,0.0,2093.0,Desktop,Paid Ads,Completed
TXN000470,CUS0068,2026-03-14,Fashion,1,399.0,0.0,931.0,Desktop,Paid Ads,Completed
TXN000471,CUS0068,2026-03-08,Beauty,1,1499.0,0.1,3147.9,Desktop,Paid Ads,Returned
TXN000472,CUS0068,2026-02-13,Fashion,1,699.0,0.0,1631.0,Desktop,Paid Ads,Completed
TXN000473,CUS0068,2026-02-07,Fashion,1,699.0,0.1,1467.9,Desktop,Paid Ads,Cancelled
TXN000474,CUS0068,2026-01-30,Fashion,2,1999.0,0.0,9328.67,Desktop,Paid Ads,Completed
TXN000475,CUS0068,2026-01-22,Sports,3,1499.0,0.0,10493.0,Desktop,Paid Ads,Completed
TXN000476,CUS0068,2025-12-07,Beauty,2,1499.0,0.0,6995.33,Tablet,Paid Ads,Completed
TXN000477,CUS0068,2025-11-29,Sports,2,1499.0,0.0,6995.33,Desktop,Paid Ads,Completed
TXN000478,CUS0068,2025-11-11,Fashion,1,499.0,0.0,1164.33,Desktop,Paid Ads,Completed
TXN000479,CUS0069,2026-07-09,Fashion,2,699.0,0.0,815.5,Desktop,Organic Search,Returned
TXN000480,CUS0069,2025-09-30,Sports,3,999.0,0.0,1748.25,Desktop,Organic Search,Completed
TXN000481,CUS0070,2026-07-25,Fashion,3,699.0,0.15,2376.6,Mobile,Organic Search,Completed
TXN000482,CUS0070,2026-06-10,Sports,1,1999.0,0.0,2665.33,Mobile,Organic Search,Completed
TXN000483,CUS0070,2026-05-27,Electronics,1,1499.0,0.0,1998.67,Mobile,Organic Search,Cancelled
TXN000484,CUS0070,2026-03-29,Electronics,2,1499.0,0.15,3397.73,Mobile,Organic Search,Completed
TXN000485,CUS0070,2026-03-23,Fashion,3,399.0,0.0,1596.0,Mobile,Organic Search,Completed
TXN000486,CUS0070,2026-02-02,Fashion,3,999.0,0.0,3996.0,Mobile,Organic Search,Completed
TXN000487,CUS0070,2026-01-23,Sports,2,399.0,0.15,904.4,Mobile,Organic Search,Completed
TXN000488,CUS0070,2026-01-03,Home,1,299.0,0.0,398.67,Mobile,Organic Search,Completed
TXN000489,CUS0070,2025-12-26,Fashion,2,299.0,0.0,797.33,Mobile,Organic Search,Completed
TXN000490,CUS0070,2025-12-17,Beauty,2,399.0,0.2,851.2,Mobile,Organic Search,Completed
TXN000491,CUS0070,2025-12-17,Electronics,3,499.0,0.1,1796.4,Mobile,Organic Search,Completed
TXN000492,CUS0070,2025-11-07,Fashion,3,1499.0,0.0,5996.0,Mobile,Organic Search,Completed
TXN000493,CUS0070,2025-10-17,Fashion,3,1999.0,0.0,7996.0,Mobile,Organic Search,Completed
TXN000494,CUS0070,2025-10-11,Home,3,1999.0,0.0,7996.0,Mobile,Organic Search,Completed
TXN000495,CUS0071,2026-04-09,Fashion,2,1499.0,0.0,3247.83,Desktop,Referral,Completed
TXN000496,CUS0071,2026-04-04,Electronics,3,399.0,0.0,1296.75,Mobile,Referral,Completed
TXN000497,CUS0071,2025-09-24,Fashion,3,999.0,0.05,3084.41,Mobile,Referral,Completed
TXN000498,CUS0071,2025-09-22,Electronics,1,1999.0,0.0,2165.58,Mobile,Referral,Completed
TXN000499,CUS0071,2025-08-08,Electronics,1,1499.0,0.0,1623.92,Mobile,Referral,Completed
TXN000500,CUS0071,2025-06-20,Electronics,2,1999.0,0.0,4331.17,Mobile,Referral,Completed
TXN000501,CUS0072,2026-07-31,Home,2,299.0,0.0,448.5,Tablet,Referral,Completed
TXN000502,CUS0073,2026-06-13,Home,1,299.0,0.0,174.42,Desktop,Email,Completed
TXN000503,CUS0073,2025-10-28,Beauty,3,1999.0,0.0,3498.25,Desktop,Email,Completed
TXN000504,CUS0074,2026-05-30,Fashion,1,999.0,0.1,974.02,Desktop,Organic Search,Completed
TXN000505,CUS0074,2026-04-16,Sports,1,999.0,0.0,1082.25,Desktop,Organic Search,Completed
TXN000506,CUS0074,2026-03-06,Electronics,2,1999.0,0.0,4331.17,Desktop,Organic Search,Completed
TXN000507,CUS0074,2025-12-07,Fashion,3,399.0,0.0,1296.75,Desktop,Organic Search,Completed
TXN000508,CUS0074,2025-11-23,Fashion,1,399.0,0.0,432.25,Desktop,Organic Search,Completed
TXN000509,CUS0074,2025-10-12,Fashion,2,999.0,0.0,2164.5,Desktop,Organic Search,Cancelled
TXN000510,CUS0074,2025-10-11,Fashion,3,499.0,0.0,1621.75,Desktop,Organic Search,Returned
TXN000511,CUS0074,2025-08-20,Fashion,3,999.0,0.05,3084.41,Desktop,Organic Search,Completed
TXN000512,CUS0075,2026-08-19,Home,3,999.0,0.0,3996.0,Mobile,Organic Search,Completed
TXN000513,CUS0075,2026-07-24,Home,2,299.0,0.0,797.33,Tablet,Organic Search,Completed
TXN000514,CUS0075,2026-07-17,Home,1,999.0,0.1,1198.8,Desktop,Organic Search,Completed
TXN000515,CUS0075,2026-07-06,Electronics,3,1999.0,0.1,7196.4,Tablet,Organic Search,Completed
TXN000516,CUS0075,2026-06-03,Electronics,1,1999.0,0.0,2665.33,Tablet,Organic Search,Completed
TXN000517,CUS0075,2026-04-17,Sports,1,699.0,0.0,932.0,Tablet,Organic Search,Completed
TXN000518,CUS0075,2026-04-14,Home,2,999.0,0.0,2664.0,Tablet,Organic Search,Cancelled
TXN000519,CUS0075,2026-03-30,Home,1,299.0,0.0,398.67,Tablet,Organic Search,Completed
TXN000520,CUS0075,2026-03-17,Home,2,999.0,0.0,2664.0,Mobile,Organic Search,Completed
TXN000521,CUS0075,2026-03-09,Sports,3,999.0,0.0,3996.0,Tablet,Organic Search,Completed
TXN000522,CUS0075,2026-01-27,Home,1,1499.0,0.0,1998.67,Tablet,Organic Search,Completed
TXN000523,CUS0075,2026-01-09,Home,1,299.0,0.15,338.87,Tablet,Organic Search,Completed
TXN000524,CUS0075,2026-01-04,Home,3,999.0,0.0,3996.0,Desktop,Organic Search,Completed
TXN000525,CUS0076,2026-05-26,Beauty,2,699.0,0.0,815.5,Desktop,Paid Ads,Completed
TXN000526,CUS0076,2026-03-03,Home,3,299.0,0.0,523.25,Desktop,Paid Ads,Cancelled
TXN000527,CUS0076,2025-10-28,Beauty,3,299.0,0.0,523.25,Desktop,Paid Ads,Completed
TXN000528,CUS0076,2025-09-08,Beauty,2,299.0,0.0,348.83,Desktop,Paid Ads,Completed
TXN000529,CUS0077,2026-03-18,Electronics,2,299.0,0.0,348.83,Mobile,Organic Search,Completed
TXN000530,CUS0077,2025-12-04,Electronics,3,999.0,0.0,1748.25,Tablet,Organic Search,Completed
TXN000531,CUS0078,2026-01-20,Home,2,299.0,0.2,279.07,Desktop,Organic Search,Completed
TXN000532,CUS0078,2025-10-16,Electronics,3,399.0,0.0,698.25,Desktop,Organic Search,Completed
TXN000533,CUS0078,2025-09-22,Home,1,399.0,0.0,232.75,Desktop,Organic Search,Completed
TXN000534,CUS0078,2025-05-27,Electronics,2,999.0,0.0,1165.5,Desktop,Organic Search,Completed
TXN000535,CUS0079,2026-07-07,Beauty,1,499.0,0.0,457.42,Mobile,Paid Ads,Completed
TXN000536,CUS0079,2026-03-11,Beauty,3,999.0,0.0,2747.25,Mobile,Paid Ads,Completed
TXN000537,CUS0079,2026-01-20,Beauty,1,299.0,0.05,260.38,Mobile,Paid Ads,Completed
TXN000538,CUS0080,2026-07-27,Electronics,1,499.0,0.1,598.8,Mobile,Social Media,Completed
TXN000539,CUS0080,2026-06-18,Electronics,3,1499.0,0.0,5996.0,Mobile,Social Media,Completed
TXN000540,CUS0080,2026-05-16,Sports,2,499.0,0.1,1197.6,Desktop,Social Media,Completed
TXN000541,CUS0080,2026-04-11,Electronics,3,1999.0,0.15,6796.6,Desktop,Social Media,Completed
TXN000542,CUS0080,2026-03-13,Electronics,1,699.0,0.0,932.0,Mobile,Social Media,Completed
TXN000543,CUS0080,2025-12-20,Electronics,2,299.0,0.15,677.73,Mobile,Social Media,Completed
TXN000544,CUS0080,2025-12-12,Electronics,3,399.0,0.0,1596.0,Mobile,Social Media,Returned
TXN000545,CUS0080,2025-11-29,Electronics,2,299.0,0.0,797.33,Mobile,Social Media,Returned
TXN000546,CUS0080,2025-11-28,Electronics,3,399.0,0.0,1596.0,Mobile,Social Media,Completed
TXN000547,CUS0080,2025-11-24,Home,3,699.0,0.0,2796.0,Mobile,Social Media,Cancelled
TXN000548,CUS0080,2025-11-08,Electronics,3,699.0,0.0,2796.0,Mobile,Social Media,Completed
TXN000549,CUS0080,2025-10-30,Electronics,1,999.0,0.0,1332.0,Tablet,Social Media,Completed
TXN000550,CUS0081,2026-08-02,Sports,1,499.0,0.0,665.33,Mobile,Direct,Completed
TXN000551,CUS0081,2026-07-01,Electronics,3,699.0,0.15,2376.6,Mobile,Direct,Completed
TXN000552,CUS0081,2026-06-29,Sports,2,699.0,0.0,1864.0,Mobile,Direct,Cancelled
TXN000553,CUS0081,2026-06-09,Sports,3,1999.0,0.15,6796.6,Mobile,Direct,Cancelled
TXN000554,CUS0081,2026-05-27,Sports,1,1999.0,0.0,2665.33,Tablet,Direct,Completed
TXN000555,CUS0081,2026-05-23,Sports,2,1999.0,0.0,5330.67,Mobile,Direct,Returned
TXN000556,CUS0081,2026-04-29,Beauty,1,1499.0,0.0,1998.67,Mobile,Direct,Completed
TXN000557,CUS0081,2026-03-13,Sports,2,699.0,0.0,1864.0,Mobile,Direct,Completed
TXN000558,CUS0081,2026-01-07,Sports,3,699.0,0.0,2796.0,Mobile,Direct,Completed
TXN000559,CUS0081,2025-11-18,Sports,2,299.0,0.0,797.33,Mobile,Direct,Completed
TXN000560,CUS0081,2025-11-11,Fashion,2,999.0,0.0,2664.0,Mobile,Direct,Cancelled
TXN000561,CUS0081,2025-10-28,Sports,3,299.0,0.15,1016.6,Mobile,Direct,Completed
TXN000562,CUS0081,2025-10-24,Sports,3,299.0,0.0,1196.0,Mobile,Direct,Completed
TXN000563,CUS0082,2026-05-09,Fashion,2,299.0,0.0,348.83,Desktop,Social Media,Completed
TXN000564,CUS0082,2026-04-09,Electronics,2,499.0,0.0,582.17,Desktop,Social Media,Completed
TXN000565,CUS0082,2026-03-16,Beauty,3,499.0,0.0,873.25,Desktop,Social Media,Completed
TXN000566,CUS0082,2025-09-10,Beauty,2,299.0,0.2,279.07,Tablet,Social Media,Cancelled
TXN000567,CUS0083,2026-08-09,Beauty,1,1999.0,0.0,1832.42,Tablet,Direct,Completed
TXN000568,CUS0083,2026-07-28,Beauty,1,999.0,0.0,915.75,Tablet,Direct,Completed
TXN000569,CUS0083,2026-02-28,Fashion,2,299.0,0.0,548.17,Tablet,Direct,Returned
TXN000570,CUS0084,2026-08-07,Home,2,1999.0,0.1,4797.6,Desktop,Email,Completed
TXN000571,CUS0084,2026-06-27,Home,1,499.0,0.0,665.33,Desktop,Email,Completed
TXN000572,CUS0084,2026-06-05,Home,3,399.0,0.0,1596.0,Mobile,Email,Completed
TXN000573,CUS0084,2026-04-11,Home,2,499.0,0.0,1330.67,Desktop,Email,Completed
TXN000574,CUS0084,2026-04-01,Electronics,3,999.0,0.0,3996.0,Desktop,Email,Completed
TXN000575,CUS0084,2026-02-05,Home,2,399.0,0.1,957.6,Desktop,Email,Completed
TXN000576,CUS0084,2025-12-29,Sports,1,699.0,0.0,932.0,Desktop,Email,Completed
TXN000577,CUS0084,2025-12-29,Home,1,699.0,0.0,932.0,Desktop,Email,Completed
TXN000578,CUS0084,2025-12-27,Home,3,1499.0,0.2,4796.8,Desktop,Email,Completed
TXN000579,CUS0084,2025-12-04,Home,1,999.0,0.0,1332.0,Desktop,Email,Returned
TXN000580,CUS0084,2025-12-01,Home,3,999.0,0.0,3996.0,Desktop,Email,Cancelled
TXN000581,CUS0084,2025-11-09,Home,1,499.0,0.0,665.33,Mobile,Email,Completed
TXN000582,CUS0084,2025-10-26,Home,2,399.0,0.0,1064.0,Desktop,Email,Completed
TXN000583,CUS0085,2026-05-13,Electronics,1,299.0,0.0,174.42,Mobile,Referral,Completed
TXN000584,CUS0085,2025-07-31,Fashion,2,399.0,0.0,465.5,Mobile,Referral,Cancelled
TXN000585,CUS0086,2026-02-19,Home,2,299.0,0.0,647.83,Desktop,Paid Ads,Completed
TXN000586,CUS0086,2026-01-24,Fashion,3,299.0,0.0,971.75,Desktop,Paid Ads,Completed
TXN000587,CUS0086,2025-12-30,Electronics,1,299.0,0.0,323.92,Desktop,Paid Ads,Completed
TXN000588,CUS0086,2025-12-24,Electronics,3,699.0,0.0,2271.75,Desktop,Paid Ads,Completed
TXN000589,CUS0086,2025-10-06,Electronics,3,399.0,0.0,1296.75,Desktop,Paid Ads,Completed
TXN000590,CUS0086,2025-09-10,Electronics,1,1999.0,0.0,2165.58,Desktop,Paid Ads,Completed
TXN000591,CUS0086,2025-08-09,Electronics,1,999.0,0.0,1082.25,Mobile,Paid Ads,Returned
TXN000592,CUS0086,2025-05-22,Electronics,3,299.0,0.0,971.75,Tablet,Paid Ads,Completed
TXN000593,CUS0087,2026-08-16,Fashion,2,299.0,0.0,548.17,Desktop,Referral,Completed
TXN000594,CUS0087,2026-05-23,Beauty,1,699.0,0.1,576.67,Desktop,Referral,Completed
TXN000595,CUS0087,2026-03-18,Home,2,1999.0,0.0,3664.83,Desktop,Referral,Returned
TXN000596,CUS0088,2026-08-05,Fashion,2,399.0,0.0,598.5,Desktop,Paid Ads,Completed
TXN000597,CUS0089,2026-08-14,Sports,2,1999.0,0.15,2548.72,Desktop,Organic Search,Completed
TXN000598,CUS0089,2026-06-01,Beauty,3,999.0,0.0,2247.75,Desktop,Organic Search,Completed
TXN000599,CUS0089,2026-03-20,Home,3,999.0,0.2,1798.2,Desktop,Organic Search,Completed
TXN000600,CUS0090,2026-08-19,Fashion,3,1499.0,0.0,5996.0,Desktop,Direct,Completed
TXN000601,CUS0090,2026-07-28,Home,2,1499.0,0.0,3997.33,Desktop,Direct,Completed
TXN000602,CUS0090,2026-07-26,Fashion,2,1999.0,0.0,5330.67,Desktop,Direct,Completed
TXN000603,CUS0090,2026-06-03,Beauty,1,399.0,0.0,532.0,Desktop,Direct,Completed
TXN000604,CUS0090,2026-04-23,Sports,3,999.0,0.05,3796.2,Tablet,Direct,Completed
TXN000605,CUS0090,2026-04-02,Fashion,3,299.0,0.15,1016.6,Desktop,Direct,Completed
TXN000606,CUS0090,2026-02-28,Home,1,1999.0,0.0,2665.33,Desktop,Direct,Completed
TXN000607,CUS0090,2026-02-08,Fashion,1,999.0,0.0,1332.0,Desktop,Direct,Cancelled
TXN000608,CUS0090,2026-01-25,Fashion,2,299.0,0.0,797.33,Desktop,Direct,Completed
TXN000609,CUS0090,2026-01-06,Fashion,1,1999.0,0.2,2132.27,Desktop,Direct,Completed
TXN000610,CUS0090,2025-12-25,Beauty,2,299.0,0.0,797.33,Desktop,Direct,Completed
TXN000611,CUS0090,2025-12-15,Home,2,399.0,0.1,957.6,Tablet,Direct,Completed
TXN000612,CUS0090,2025-12-12,Fashion,3,499.0,0.1,1796.4,Tablet,Direct,Completed
TXN000613,CUS0090,2025-11-23,Fashion,2,1999.0,0.0,5330.67,Mobile,Direct,Completed
TXN000614,CUS0091,2026-08-04,Beauty,1,1499.0,0.0,3497.67,Mobile,Email,Completed
TXN000615,CUS0091,2026-06-16,Sports,1,1499.0,0.0,3497.67,Mobile,Email,Completed
TXN000616,CUS0091,2026-06-14,Sports,3,1999.0,0.0,13993.0,Mobile,Email,Completed
TXN000617,CUS0091,2026-06-04,Sports,3,699.0,0.0,4893.0,Mobile,Email,Completed
TXN000618,CUS0091,2026-05-31,Sports,2,499.0,0.0,2328.67,Mobile,Email,Completed
TXN000619,CUS0091,2026-04-18,Sports,2,699.0,0.1,2935.8,Mobile,Email,Completed
TXN000620,CUS0091,2026-04-15,Sports,2,1499.0,0.0,6995.33,Mobile,Email,Completed
TXN000621,CUS0091,2026-04-09,Sports,3,999.0,0.2,5594.4,Mobile,Email,Completed
TXN000622,CUS0091,2026-04-09,Sports,1,299.0,0.0,697.67,Tablet,Email,Completed
TXN000623,CUS0091,2026-04-05,Sports,2,299.0,0.15,1186.03,Mobile,Email,Completed
TXN000624,CUS0091,2026-03-16,Home,2,1499.0,0.0,6995.33,Mobile,Email,Completed
TXN000625,CUS0091,2026-03-08,Sports,3,699.0,0.0,4893.0,Mobile,Email,Completed
TXN000626,CUS0091,2026-02-24,Sports,3,1999.0,0.0,13993.0,Mobile,Email,Completed
TXN000627,CUS0091,2026-02-21,Beauty,1,999.0,0.0,2331.0,Tablet,Email,Returned
TXN000628,CUS0091,2026-02-11,Fashion,2,399.0,0.0,1862.0,Mobile,Email,Completed
TXN000629,CUS0091,2026-02-03,Sports,3,299.0,0.0,2093.0,Mobile,Email,Completed
TXN000630,CUS0091,2025-12-06,Electronics,3,699.0,0.0,4893.0,Mobile,Email,Completed
TXN000631,CUS0091,2025-12-06,Home,3,699.0,0.2,3914.4,Desktop,Email,Completed
TXN000632,CUS0091,2025-11-17,Beauty,3,399.0,0.0,2793.0,Mobile,Email,Completed
TXN000633,CUS0091,2025-11-09,Beauty,2,999.0,0.0,4662.0,Mobile,Email,Completed
TXN000634,CUS0091,2025-10-31,Sports,1,1499.0,0.1,3147.9,Mobile,Email,Completed
TXN000635,CUS0091,2025-10-29,Sports,1,299.0,0.0,697.67,Mobile,Email,Completed
TXN000636,CUS0091,2025-10-17,Sports,1,499.0,0.0,1164.33,Mobile,Email,Completed
TXN000637,CUS0091,2025-10-16,Sports,1,499.0,0.0,1164.33,Mobile,Email,Completed
TXN000638,CUS0091,2025-10-13,Sports,1,399.0,0.0,931.0,Desktop,Email,Completed
TXN000639,CUS0092,2026-08-15,Electronics,2,299.0,0.0,348.83,Mobile,Paid Ads,Completed
TXN000640,CUS0092,2025-12-23,Fashion,2,499.0,0.0,582.17,Mobile,Paid Ads,Completed
TXN000641,CUS0092,2025-11-04,Fashion,3,299.0,0.0,523.25,Tablet,Paid Ads,Completed
TXN000642,CUS0093,2026-08-17,Fashion,2,1999.0,0.0,3664.83,Desktop,Organic Search,Completed
TXN000643,CUS0093,2026-02-08,Sports,3,699.0,0.0,1922.25,Mobile,Organic Search,Completed
TXN000644,CUS0093,2026-01-08,Home,2,699.0,0.0,1281.5,Mobile,Organic Search,Completed
TXN000645,CUS0094,2026-07-11,Sports,3,1499.0,0.0,4122.25,Desktop,Paid Ads,Completed
TXN000646,CUS0094,2026-04-01,Electronics,1,1999.0,0.0,1832.42,Mobile,Paid Ads,Completed
TXN000647,CUS0094,2026-03-24,Electronics,3,999.0,0.0,2747.25,Desktop,Paid Ads,Completed
TXN000648,CUS0094,2026-03-05,Electronics,1,999.0,0.0,915.75,Desktop,Paid Ads,Completed
TXN000649,CUS0094,2026-03-02,Electronics,3,299.0,0.2,657.8,Desktop,Paid Ads,Completed
TXN000650,CUS0094,2025-11-06,Sports,2,399.0,0.0,731.5,Desktop,Paid Ads,Completed
TXN000651,CUS0095,2026-08-10,Home,1,1499.0,0.2,899.4,Mobile,Email,Returned
TXN000652,CUS0096,2026-05-06,Beauty,3,1999.0,0.0,6496.75,Mobile,Social Media,Completed
TXN000653,CUS0096,2026-04-20,Beauty,2,699.0,0.0,1514.5,Mobile,Social Media,Completed
TXN000654,CUS0096,2026-03-25,Beauty,2,699.0,0.0,1514.5,Mobile,Social Media,Completed
TXN000655,CUS0096,2026-01-18,Sports,1,999.0,0.0,1082.25,Mobile,Social Media,Completed
TXN000656,CUS0096,2025-12-29,Beauty,1,1999.0,0.0,2165.58,Mobile,Social Media,Completed
TXN000657,CUS0096,2025-11-17,Beauty,1,1499.0,0.0,1623.92,Mobile,Social Media,Completed
TXN000658,CUS0096,2025-10-12,Beauty,2,399.0,0.0,864.5,Mobile,Social Media,Completed
TXN000659,CUS0096,2025-08-12,Beauty,1,699.0,0.2,605.8,Mobile,Social Media,Completed
TXN000660,CUS0097,2026-08-01,Beauty,3,699.0,0.0,4893.0,Mobile,Organic Search,Completed
TXN000661,CUS0097,2026-07-13,Beauty,3,699.0,0.0,4893.0,Mobile,Organic Search,Completed
TXN000662,CUS0097,2026-07-06,Electronics,2,299.0,0.0,1395.33,Mobile,Organic Search,Completed
TXN000663,CUS0097,2026-06-12,Beauty,2,299.0,0.0,1395.33,Mobile,Organic Search,Completed
TXN000664,CUS0097,2026-06-11,Home,1,1499.0,0.0,3497.67,Mobile,Organic Search,Completed
TXN000665,CUS0097,2026-06-04,Electronics,3,1999.0,0.0,13993.0,Mobile,Organic Search,Cancelled
TXN000666,CUS0097,2026-06-03,Beauty,1,399.0,0.0,931.0,Mobile,Organic Search,Cancelled
TXN000667,CUS0097,2026-05-29,Beauty,2,399.0,0.0,1862.0,Mobile,Organic Search,Completed
TXN000668,CUS0097,2026-04-22,Beauty,2,299.0,0.0,1395.33,Mobile,Organic Search,Completed
TXN000669,CUS0097,2026-04-11,Fashion,3,1999.0,0.0,13993.0,Mobile,Organic Search,Completed
TXN000670,CUS0097,2026-04-05,Beauty,1,499.0,0.0,1164.33,Mobile,Organic Search,Completed
TXN000671,CUS0097,2026-03-18,Beauty,1,1999.0,0.0,4664.33,Mobile,Organic Search,Completed
TXN000672,CUS0097,2026-02-26,Beauty,2,1999.0,0.0,9328.67,Mobile,Organic Search,Completed
TXN000673,CUS0097,2026-02-15,Home,2,699.0,0.0,3262.0,Mobile,Organic Search,Completed
TXN000674,CUS0097,2026-02-02,Beauty,3,1999.0,0.0,13993.0,Mobile,Organic Search,Completed
TXN000675,CUS0097,2025-11-18,Beauty,1,999.0,0.0,2331.0,Mobile,Organic Search,Completed
TXN000676,CUS0097,2025-11-18,Beauty,3,299.0,0.0,2093.0,Mobile,Organic Search,Completed
TXN000677,CUS0097,2025-11-05,Beauty,2,1499.0,0.0,6995.33,Mobile,Organic Search,Completed
TXN000678,CUS0097,2025-11-05,Beauty,3,999.0,0.0,6993.0,Desktop,Organic Search,Completed
TXN000679,CUS0097,2025-10-26,Home,2,299.0,0.0,1395.33,Mobile,Organic Search,Completed
TXN000680,CUS0097,2025-10-18,Beauty,3,299.0,0.0,2093.0,Mobile,Organic Search,Completed
TXN000681,CUS0097,2025-10-15,Beauty,1,399.0,0.0,931.0,Mobile,Organic Search,Cancelled
TXN000682,CUS0097,2025-10-12,Sports,3,999.0,0.0,6993.0,Mobile,Organic Search,Completed
TXN000683,CUS0098,2026-08-18,Fashion,3,999.0,0.0,2247.75,Mobile,Paid Ads,Completed
TXN000684,CUS0098,2026-06-24,Beauty,1,1999.0,0.0,1499.25,Mobile,Paid Ads,Completed
TXN000685,CUS0098,2026-01-13,Sports,3,1499.0,0.0,3372.75,Mobile,Paid Ads,Completed
TXN000686,CUS0099,2026-08-10,Fashion,3,399.0,0.0,2793.0,Mobile,Email,Completed
TXN000687,CUS0099,2026-08-03,Home,1,999.0,0.0,2331.0,Mobile,Email,Completed
TXN000688,CUS0099,2026-07-28,Home,3,299.0,0.0,2093.0,Desktop,Email,Completed
TXN000689,CUS0099,2026-07-26,Home,3,699.0,0.0,4893.0,Mobile,Email,Completed
TXN000690,CUS0099,2026-07-22,Beauty,1,1499.0,0.0,3497.67,Mobile,Email,Completed
TXN000691,CUS0099,2026-07-17,Home,3,399.0,0.0,2793.0,Mobile,Email,Completed
TXN000692,CUS0099,2026-06-20,Home,2,1999.0,0.0,9328.67,Mobile,Email,Completed
TXN000693,CUS0099,2026-06-14,Home,3,699.0,0.0,4893.0,Mobile,Email,Completed
TXN000694,CUS0099,2026-05-16,Home,1,699.0,0.1,1467.9,Mobile,Email,Completed
TXN000695,CUS0099,2026-05-11,Home,1,1999.0,0.0,4664.33,Mobile,Email,Completed
TXN000696,CUS0099,2026-05-01,Home,3,1499.0,0.1,9443.7,Desktop,Email,Completed
TXN000697,CUS0099,2026-04-05,Beauty,1,299.0,0.0,697.67,Mobile,Email,Completed
TXN000698,CUS0099,2026-02-01,Home,3,699.0,0.0,4893.0,Tablet,Email,Completed
TXN000699,CUS0099,2026-01-31,Fashion,2,299.0,0.0,1395.33,Mobile,Email,Completed
TXN000700,CUS0099,2026-01-13,Home,2,399.0,0.0,1862.0,Mobile,Email,Completed
TXN000701,CUS0099,2026-01-09,Home,2,699.0,0.0,3262.0,Mobile,Email,Completed
TXN000702,CUS0099,2025-12-05,Home,3,1499.0,0.0,10493.0,Tablet,Email,Completed
TXN000703,CUS0099,2025-12-02,Home,3,399.0,0.0,2793.0,Tablet,Email,Completed
TXN000704,CUS0099,2025-11-13,Home,1,1999.0,0.0,4664.33,Mobile,Email,Completed
TXN000705,CUS0100,2026-08-05,Sports,1,999.0,0.0,1332.0,Mobile,Direct,Completed
TXN000706,CUS0100,2026-07-02,Electronics,1,499.0,0.0,665.33,Mobile,Direct,Completed
TXN000707,CUS0100,2026-05-18,Sports,1,999.0,0.2,1065.6,Desktop,Direct,Completed
TXN000708,CUS0100,2026-05-10,Beauty,3,299.0,0.05,1136.2,Mobile,Direct,Returned
TXN000709,CUS0100,2026-04-16,Electronics,3,399.0,0.0,1596.0,Mobile,Direct,Completed
TXN000710,CUS0100,2025-12-10,Electronics,3,499.0,0.0,1996.0,Mobile,Direct,Completed
TXN000711,CUS0100,2025-11-26,Beauty,3,399.0,0.0,1596.0,Mobile,Direct,Completed
TXN000712,CUS0100,2025-10-28,Beauty,1,699.0,0.0,932.0,Mobile,Direct,Completed
TXN000713,CUS0101,2026-01-07,Home,2,999.0,0.0,1165.5,Desktop,Email,Completed
TXN000714,CUS0101,2025-09-13,Sports,2,699.0,0.0,815.5,Desktop,Email,Completed
TXN000715,CUS0101,2025-06-15,Beauty,3,1999.0,0.0,3498.25,Desktop,Email,Cancelled
TXN000716,CUS0101,2025-04-16,Home,3,999.0,0.1,1573.43,Desktop,Email,Returned
TXN000717,CUS0102,2026-03-26,Electronics,2,499.0,0.0,1081.17,Mobile,Organic Search,Completed
TXN000718,CUS0102,2026-02-28,Sports,1,299.0,0.0,323.92,Mobile,Organic Search,Completed
TXN000719,CUS0102,2026-02-22,Home,3,299.0,0.0,971.75,Mobile,Organic Search,Completed
TXN000720,CUS0102,2026-01-14,Home,1,1499.0,0.0,1623.92,Mobile,Organic Search,Completed
TXN000721,CUS0102,2025-12-31,Home,2,999.0,0.1,1948.05,Desktop,Organic Search,Completed
TXN000722,CUS0102,2025-12-30,Home,2,1999.0,0.15,3681.49,Tablet,Organic Search,Completed
TXN000723,CUS0102,2025-12-03,Home,3,499.0,0.0,1621.75,Mobile,Organic Search,Completed
TXN000724,CUS0102,2025-11-30,Home,1,699.0,0.05,719.39,Desktop,Organic Search,Completed
TXN000725,CUS0102,2025-11-10,Home,3,1999.0,0.0,6496.75,Mobile,Organic Search,Completed
TXN000726,CUS0102,2025-10-21,Home,2,699.0,0.0,1514.5,Mobile,Organic Search,Completed
TXN000727,CUS0103,2026-08-17,Home,3,1999.0,0.0,4497.75,Mobile,Organic Search,Completed
TXN000728,CUS0104,2026-08-08,Beauty,1,1499.0,0.0,1374.08,Tablet,Paid Ads,Completed
TXN000729,CUS0104,2026-03-01,Beauty,2,499.0,0.1,823.35,Mobile,Paid Ads,Completed
TXN000730,CUS0104,2025-11-03,Beauty,2,1999.0,0.0,3664.83,Desktop,Paid Ads,Completed
TXN000731,CUS0104,2025-10-26,Beauty,2,999.0,0.0,1831.5,Tablet,Paid Ads,Completed
TXN000732,CUS0105,2026-03-07,Home,3,1999.0,0.0,3498.25,Desktop,Direct,Completed
TXN000733,CUS0105,2025-09-18,Electronics,3,399.0,0.0,698.25,Desktop,Direct,Completed
TXN000734,CUS0106,2026-08-08,Electronics,3,299.0,0.05,639.11,Desktop,Social Media,Completed
TXN000735,CUS0106,2026-06-14,Electronics,3,1499.0,0.0,3372.75,Desktop,Social Media,Completed
TXN000736,CUS0106,2025-10-14,Beauty,3,1499.0,0.15,2866.84,Mobile,Social Media,Completed
TXN000737,CUS0107,2026-06-23,Fashion,2,499.0,0.0,914.83,Desktop,Organic Search,Completed
TXN000738,CUS0107,2026-06-16,Sports,3,399.0,0.0,1097.25,Desktop,Organic Search,Completed
TXN000739,CUS0107,2026-01-27,Fashion,1,299.0,0.0,274.08,Desktop,Organic Search,Completed
TXN000740,CUS0107,2026-01-19,Fashion,3,1499.0,0.0,4122.25,Desktop,Organic Search,Completed
TXN000741,CUS0107,2026-01-18,Fashion,1,699.0,0.0,640.75,Desktop,Organic Search,Completed
TXN000742,CUS0107,2025-10-07,Fashion,2,699.0,0.0,1281.5,Desktop,Organic Search,Completed
TXN000743,CUS0108,2026-06-10,Sports,1,499.0,0.0,540.58,Tablet,Paid Ads,Completed
TXN000744,CUS0108,2026-05-11,Fashion,1,299.0,0.0,323.92,Tablet,Paid Ads,Completed
TXN000745,CUS0108,2026-03-27,Home,1,399.0,0.0,432.25,Tablet,Paid Ads,Cancelled
TXN000746,CUS0108,2026-03-18,Electronics,3,499.0,0.0,1621.75,Tablet,Paid Ads,Completed
TXN000747,CUS0108,2026-03-10,Electronics,3,499.0,0.0,1621.75,Tablet,Paid Ads,Completed
TXN000748,CUS0108,2026-02-21,Home,2,999.0,0.0,2164.5,Tablet,Paid Ads,Completed
TXN000749,CUS0108,2026-02-17,Home,3,999.0,0.0,3246.75,Tablet,Paid Ads,Completed
TXN000750,CUS0108,2026-01-06,Home,1,999.0,0.0,1082.25,Tablet,Paid Ads,Completed
TXN000751,CUS0108,2025-11-22,Beauty,3,399.0,0.0,1296.75,Mobile,Paid Ads,Completed
TXN000752,CUS0108,2025-10-25,Home,1,499.0,0.0,540.58,Mobile,Paid Ads,Completed
TXN000753,CUS0109,2026-08-14,Fashion,1,399.0,0.0,299.25,Mobile,Email,Completed
TXN000754,CUS0109,2026-08-08,Fashion,1,499.0,0.0,374.25,Desktop,Email,Completed
TXN000755,CUS0109,2026-01-28,Electronics,2,699.0,0.15,891.22,Mobile,Email,Completed
TXN000756,CUS0110,2026-08-06,Fashion,1,1999.0,0.0,1832.42,Desktop,Referral,Completed
TXN000757,CUS0110,2026-04-20,Fashion,2,499.0,0.0,914.83,Mobile,Referral,Completed
TXN000758,CUS0110,2026-03-12,Fashion,3,299.0,0.1,740.02,Desktop,Referral,Completed
TXN000759,CUS0110,2026-03-01,Sports,3,1499.0,0.0,4122.25,Mobile,Referral,Completed
TXN000760,CUS0110,2026-02-02,Home,3,499.0,0.05,1303.64,Mobile,Referral,Completed
TXN000761,CUS0110,2025-10-31,Fashion,3,1499.0,0.0,4122.25,Mobile,Referral,Completed
TXN000762,CUS0111,2026-01-19,Sports,3,999.0,0.0,3246.75,Tablet,Paid Ads,Completed
TXN000763,CUS0111,2025-11-23,Sports,2,699.0,0.0,1514.5,Tablet,Paid Ads,Cancelled
TXN000764,CUS0111,2025-10-19,Sports,2,299.0,0.0,647.83,Tablet,Paid Ads,Completed
TXN000765,CUS0111,2025-10-16,Beauty,2,499.0,0.0,1081.17,Tablet,Paid Ads,Completed
TXN000766,CUS0111,2025-09-03,Home,2,399.0,0.2,691.6,Tablet,Paid Ads,Completed
TXN000767,CUS0111,2025-08-19,Beauty,1,999.0,0.15,919.91,Tablet,Paid Ads,Completed
TXN000768,CUS0111,2025-06-24,Sports,3,299.0,0.0,971.75,Tablet,Paid Ads,Completed
TXN000769,CUS0111,2025-03-31,Home,1,299.0,0.0,323.92,Tablet,Paid Ads,Completed
TXN000770,CUS0112,2025-10-01,Fashion,3,499.0,0.0,873.25,Mobile,Social Media,Completed
TXN000771,CUS0112,2025-09-17,Fashion,2,999.0,0.0,1165.5,Mobile,Social Media,Returned
TXN000772,CUS0112,2025-08-11,Fashion,3,999.0,0.0,1748.25,Mobile,Social Media,Completed
TXN000773,CUS0112,2025-05-28,Electronics,1,399.0,0.0,232.75,Mobile,Social Media,Completed
TXN000774,CUS0113,2026-08-17,Electronics,2,399.0,0.05,1010.8,Tablet,Paid Ads,Completed
TXN000775,CUS0113,2026-08-04,Electronics,3,1999.0,0.0,7996.0,Tablet,Paid Ads,Completed
TXN000776,CUS0113,2026-06-24,Electronics,2,499.0,0.15,1131.07,Tablet,Paid Ads,Completed
TXN000777,CUS0113,2026-06-10,Electronics,2,999.0,0.05,2530.8,Tablet,Paid Ads,Completed
TXN000778,CUS0113,2026-04-03,Electronics,2,1499.0,0.0,3997.33,Tablet,Paid Ads,Completed
TXN000779,CUS0113,2026-03-31,Electronics,3,1999.0,0.1,7196.4,Tablet,Paid Ads,Completed
TXN000780,CUS0113,2026-03-19,Beauty,2,1499.0,0.0,3997.33,Tablet,Paid Ads,Returned
TXN000781,CUS0113,2026-03-15,Electronics,2,1499.0,0.0,3997.33,Tablet,Paid Ads,Completed
TXN000782,CUS0113,2026-02-24,Fashion,1,299.0,0.05,378.73,Tablet,Paid Ads,Completed
TXN000783,CUS0113,2025-10-22,Beauty,2,299.0,0.0,797.33,Tablet,Paid Ads,Completed
TXN000784,CUS0114,2026-05-08,Home,1,1999.0,0.0,1166.08,Mobile,Social Media,Completed
TXN000785,CUS0114,2025-11-29,Fashion,1,299.0,0.0,174.42,Mobile,Social Media,Returned
TXN000786,CUS0114,2025-08-25,Fashion,1,399.0,0.0,232.75,Mobile,Social Media,Completed
TXN000787,CUS0115,2026-08-19,Beauty,3,999.0,0.0,6993.0,Mobile,Social Media,Completed
TXN000788,CUS0115,2026-07-02,Beauty,3,499.0,0.0,3493.0,Tablet,Social Media,Completed
TXN000789,CUS0115,2026-06-16,Beauty,1,1499.0,0.0,3497.67,Mobile,Social Media,Completed
TXN000790,CUS0115,2026-06-04,Beauty,1,699.0,0.2,1304.8,Mobile,Social Media,Completed
TXN000791,CUS0115,2026-05-25,Beauty,3,399.0,0.0,2793.0,Desktop,Social Media,Completed
TXN000792,CUS0115,2026-04-19,Electronics,2,499.0,0.0,2328.67,Mobile,Social Media,Completed
TXN000793,CUS0115,2026-03-22,Beauty,3,1999.0,0.05,13293.35,Mobile,Social Media,Completed
TXN000794,CUS0115,2026-03-15,Home,1,1499.0,0.0,3497.67,Mobile,Social Media,Completed
TXN000795,CUS0115,2026-02-01,Beauty,3,1999.0,0.2,11194.4,Tablet,Social Media,Returned
TXN000796,CUS0115,2026-01-13,Beauty,3,999.0,0.2,5594.4,Tablet,Social Media,Completed
TXN000797,CUS0115,2026-01-09,Beauty,2,1499.0,0.0,6995.33,Mobile,Social Media,Completed
TXN000798,CUS0115,2025-12-31,Beauty,1,499.0,0.2,931.47,Mobile,Social Media,Completed
TXN000799,CUS0115,2025-12-29,Beauty,2,499.0,0.0,2328.67,Mobile,Social Media,Completed
TXN000800,CUS0115,2025-12-13,Beauty,1,399.0,0.05,884.45,Mobile,Social Media,Completed
TXN000801,CUS0115,2025-12-12,Fashion,2,299.0,0.0,1395.33,Mobile,Social Media,Completed
TXN000802,CUS0115,2025-11-20,Beauty,2,699.0,0.0,3262.0,Mobile,Social Media,Completed
TXN000803,CUS0115,2025-11-11,Beauty,2,699.0,0.1,2935.8,Mobile,Social Media,Completed
TXN000804,CUS0115,2025-11-01,Beauty,3,499.0,0.0,3493.0,Mobile,Social Media,Completed
TXN000805,CUS0116,2026-06-30,Fashion,3,1499.0,0.0,4871.75,Desktop,Social Media,Completed
TXN000806,CUS0116,2026-06-04,Electronics,1,699.0,0.0,757.25,Desktop,Social Media,Completed
TXN000807,CUS0116,2026-05-01,Beauty,2,1999.0,0.0,4331.17,Desktop,Social Media,Completed
TXN000808,CUS0116,2026-04-11,Fashion,3,999.0,0.0,3246.75,Desktop,Social Media,Completed
TXN000809,CUS0116,2026-03-25,Fashion,1,399.0,0.05,410.64,Desktop,Social Media,Completed
TXN000810,CUS0116,2026-03-13,Electronics,3,399.0,0.0,1296.75,Desktop,Social Media,Completed
TXN000811,CUS0116,2026-02-10,Fashion,1,699.0,0.1,681.52,Desktop,Social Media,Completed
TXN000812,CUS0116,2025-12-21,Fashion,1,999.0,0.05,1028.14,Mobile,Social Media,Completed
TXN000813,CUS0116,2025-10-24,Fashion,1,699.0,0.1,681.52,Desktop,Social Media,Completed
TXN000814,CUS0117,2026-06-24,Electronics,1,999.0,0.15,495.34,Mobile,Organic Search,Completed
TXN000815,CUS0118,2026-08-08,Beauty,1,399.0,0.0,532.0,Mobile,Direct,Completed
TXN000816,CUS0118,2026-08-06,Beauty,1,499.0,0.2,532.27,Mobile,Direct,Completed
TXN000817,CUS0118,2026-06-03,Electronics,2,399.0,0.0,1064.0,Mobile,Direct,Completed
TXN000818,CUS0118,2026-06-02,Beauty,1,499.0,0.1,598.8,Mobile,Direct,Completed
TXN000819,CUS0118,2026-05-15,Beauty,2,1999.0,0.0,5330.67,Mobile,Direct,Completed
TXN000820,CUS0118,2026-03-22,Beauty,2,1999.0,0.0,5330.67,Mobile,Direct,Completed
TXN000821,CUS0118,2026-03-21,Electronics,3,1499.0,0.0,5996.0,Mobile,Direct,Completed
TXN000822,CUS0118,2026-03-06,Sports,1,699.0,0.15,792.2,Desktop,Direct,Completed
TXN000823,CUS0119,2026-07-29,Electronics,1,999.0,0.0,749.25,Desktop,Email,Cancelled
TXN000824,CUS0119,2025-12-06,Beauty,1,499.0,0.1,336.83,Tablet,Email,Completed
TXN000825,CUS0120,2025-09-24,Fashion,3,1499.0,0.0,2623.25,Mobile,Paid Ads,Completed
TXN000826,CUS0120,2025-08-23,Fashion,3,699.0,0.0,1223.25,Mobile,Paid Ads,Completed
TXN000827,CUS0120,2025-02-11,Fashion,2,299.0,0.0,348.83,Mobile,Paid Ads,Completed
TXN000828,CUS0120,2025-02-06,Fashion,3,1499.0,0.15,2229.76,Desktop,Paid Ads,Completed
TXN000829,CUS0121,2026-08-13,Sports,1,1999.0,0.2,3731.47,Tablet,Social Media,Completed
TXN000830,CUS0121,2026-07-10,Home,3,699.0,0.0,4893.0,Mobile,Social Media,Cancelled
TXN000831,CUS0121,2026-07-04,Fashion,3,1999.0,0.0,13993.0,Tablet,Social Media,Completed
TXN000832,CUS0121,2026-05-29,Home,1,999.0,0.0,2331.0,Mobile,Social Media,Completed
TXN000833,CUS0121,2026-05-19,Fashion,1,299.0,0.2,558.13,Desktop,Social Media,Completed
TXN000834,CUS0121,2026-05-15,Home,1,699.0,0.0,1631.0,Tablet,Social Media,Completed
TXN000835,CUS0121,2026-05-09,Home,2,699.0,0.0,3262.0,Tablet,Social Media,Completed
TXN000836,CUS0121,2026-05-07,Home,2,1499.0,0.0,6995.33,Tablet,Social Media,Completed
TXN000837,CUS0121,2026-05-03,Home,2,1499.0,0.0,6995.33,Desktop,Social Media,Completed
TXN000838,CUS0121,2026-04-27,Electronics,1,699.0,0.1,1467.9,Desktop,Social Media,Completed
TXN000839,CUS0121,2026-03-27,Home,3,499.0,0.05,3318.35,Tablet,Social Media,Completed
TXN000840,CUS0121,2026-03-24,Home,1,999.0,0.0,2331.0,Tablet,Social Media,Completed
TXN000841,CUS0121,2026-03-15,Home,2,299.0,0.0,1395.33,Tablet,Social Media,Completed
TXN000842,CUS0121,2026-03-03,Electronics,3,1999.0,0.1,12593.7,Tablet,Social Media,Completed
TXN000843,CUS0121,2026-02-26,Home,3,399.0,0.2,2234.4,Tablet,Social Media,Completed
TXN000844,CUS0121,2026-02-23,Fashion,2,1499.0,0.0,6995.33,Tablet,Social Media,Completed
TXN000845,CUS0121,2026-02-22,Fashion,3,299.0,0.0,2093.0,Tablet,Social Media,Completed
TXN000846,CUS0121,2026-02-05,Home,1,499.0,0.0,1164.33,Tablet,Social Media,Completed
TXN000847,CUS0121,2026-01-09,Home,1,1499.0,0.0,3497.67,Tablet,Social Media,Completed
TXN000848,CUS0121,2026-01-02,Home,1,999.0,0.0,2331.0,Tablet,Social Media,Completed
TXN000849,CUS0121,2025-12-23,Home,1,1499.0,0.0,3497.67,Tablet,Social Media,Completed
TXN000850,CUS0121,2025-11-30,Fashion,2,399.0,0.0,1862.0,Tablet,Social Media,Completed
TXN000851,CUS0121,2025-11-13,Home,3,999.0,0.0,6993.0,Tablet,Social Media,Completed
TXN000852,CUS0121,2025-11-08,Home,1,1999.0,0.0,4664.33,Tablet,Social Media,Completed
TXN000853,CUS0121,2025-10-20,Home,3,299.0,0.15,1779.05,Tablet,Social Media,Completed
TXN000854,CUS0122,2026-02-26,Electronics,2,699.0,0.0,1514.5,Mobile,Direct,Completed
TXN000855,CUS0122,2026-02-15,Beauty,1,1499.0,0.0,1623.92,Mobile,Direct,Completed
TXN000856,CUS0122,2026-01-03,Electronics,2,499.0,0.2,864.93,Tablet,Direct,Completed
TXN000857,CUS0122,2025-11-03,Electronics,1,1999.0,0.0,2165.58,Mobile,Direct,Completed
TXN000858,CUS0122,2025-10-06,Electronics,2,1499.0,0.0,3247.83,Mobile,Direct,Completed
TXN000859,CUS0122,2025-09-28,Electronics,3,1499.0,0.0,4871.75,Mobile,Direct,Completed
TXN000860,CUS0122,2025-08-16,Electronics,2,999.0,0.0,2164.5,Mobile,Direct,Completed
TXN000861,CUS0122,2025-06-29,Fashion,3,999.0,0.0,3246.75,Mobile,Direct,Completed
TXN000862,CUS0122,2025-05-19,Beauty,1,299.0,0.0,323.92,Mobile,Direct,Completed
TXN000863,CUS0122,2025-05-12,Home,1,699.0,0.0,757.25,Mobile,Direct,Returned
TXN000864,CUS0123,2026-08-09,Sports,2,499.0,0.0,1081.17,Mobile,Direct,Completed
TXN000865,CUS0123,2026-05-13,Sports,1,499.0,0.0,540.58,Mobile,Direct,Completed
TXN000866,CUS0123,2026-04-17,Home,1,1999.0,0.0,2165.58,Mobile,Direct,Completed
TXN000867,CUS0123,2026-03-04,Sports,1,999.0,0.2,865.8,Mobile,Direct,Completed
TXN000868,CUS0123,2026-02-23,Sports,1,1999.0,0.15,1840.75,Mobile,Direct,Completed
TXN000869,CUS0123,2025-10-29,Sports,1,699.0,0.0,757.25,Mobile,Direct,Completed
TXN000870,CUS0123,2025-10-23,Electronics,3,999.0,0.0,3246.75,Mobile,Direct,Cancelled
TXN000871,CUS0123,2025-10-23,Sports,2,1499.0,0.15,2760.66,Mobile,Direct,Completed
TXN000872,CUS0124,2026-06-23,Fashion,3,699.0,0.0,1922.25,Mobile,Referral,Completed
TXN000873,CUS0124,2026-06-19,Home,2,699.0,0.0,1281.5,Mobile,Referral,Completed
TXN000874,CUS0124,2026-05-23,Fashion,3,1499.0,0.0,4122.25,Mobile,Referral,Completed
TXN000875,CUS0124,2025-10-10,Fashion,2,699.0,0.0,1281.5,Mobile,Referral,Completed
TXN000876,CUS0124,2025-09-17,Fashion,1,499.0,0.0,457.42,Tablet,Referral,Completed
TXN000877,CUS0125,2026-06-26,Sports,3,499.0,0.0,1621.75,Mobile,Email,Returned
TXN000878,CUS0125,2026-04-06,Beauty,3,399.0,0.0,1296.75,Desktop,Email,Completed
TXN000879,CUS0125,2026-03-04,Fashion,1,299.0,0.0,323.92,Mobile,Email,Completed
TXN000880,CUS0125,2026-02-28,Sports,3,499.0,0.0,1621.75,Mobile,Email,Completed
TXN000881,CUS0125,2025-09-16,Beauty,2,399.0,0.15,734.82,Mobile,Email,Completed
TXN000882,CUS0126,2026-07-18,Home,3,1499.0,0.0,5996.0,Mobile,Paid Ads,Completed
TXN000883,CUS0126,2026-07-04,Home,2,1999.0,0.15,4531.07,Mobile,Paid Ads,Completed
TXN000884,CUS0126,2026-06-23,Electronics,2,499.0,0.0,1330.67,Mobile,Paid Ads,Completed
TXN000885,CUS0126,2026-06-16,Home,1,499.0,0.0,665.33,Mobile,Paid Ads,Completed
TXN000886,CUS0126,2026-06-01,Fashion,1,499.0,0.0,665.33,Mobile,Paid Ads,Completed
TXN000887,CUS0126,2026-05-29,Home,1,299.0,0.0,398.67,Tablet,Paid Ads,Completed
TXN000888,CUS0126,2026-05-20,Home,3,299.0,0.0,1196.0,Mobile,Paid Ads,Completed
TXN000889,CUS0126,2026-04-02,Beauty,2,399.0,0.0,1064.0,Mobile,Paid Ads,Completed
TXN000890,CUS0126,2026-03-22,Electronics,1,999.0,0.0,1332.0,Mobile,Paid Ads,Completed
TXN000891,CUS0126,2026-01-06,Fashion,2,699.0,0.0,1864.0,Mobile,Paid Ads,Completed
TXN000892,CUS0126,2025-12-15,Home,2,299.0,0.05,757.47,Mobile,Paid Ads,Completed
TXN000893,CUS0126,2025-12-09,Home,3,699.0,0.0,2796.0,Mobile,Paid Ads,Returned
TXN000894,CUS0126,2025-12-06,Sports,2,1499.0,0.0,3997.33,Mobile,Paid Ads,Completed
TXN000895,CUS0127,2026-07-30,Home,3,1999.0,0.0,7996.0,Desktop,Organic Search,Completed
TXN000896,CUS0127,2026-06-07,Beauty,3,1999.0,0.0,7996.0,Desktop,Organic Search,Completed
TXN000897,CUS0127,2026-05-06,Beauty,3,399.0,0.15,1356.6,Desktop,Organic Search,Completed
TXN000898,CUS0127,2026-04-19,Beauty,2,699.0,0.0,1864.0,Desktop,Organic Search,Completed
TXN000899,CUS0127,2026-03-13,Beauty,1,999.0,0.0,1332.0,Desktop,Organic Search,Completed
TXN000900,CUS0127,2026-02-09,Beauty,3,1999.0,0.0,7996.0,Desktop,Organic Search,Completed
TXN000901,CUS0127,2025-11-07,Beauty,1,1499.0,0.0,1998.67,Desktop,Organic Search,Completed
TXN000902,CUS0127,2025-11-02,Home,1,399.0,0.0,532.0,Desktop,Organic Search,Completed
TXN000903,CUS0128,2026-08-01,Electronics,2,1999.0,0.15,2548.72,Mobile,Paid Ads,Completed
TXN000904,CUS0129,2026-08-06,Home,1,999.0,0.15,1132.2,Mobile,Email,Completed
TXN000905,CUS0129,2026-07-24,Beauty,2,499.0,0.0,1330.67,Mobile,Email,Completed
TXN000906,CUS0129,2026-06-29,Fashion,2,499.0,0.0,1330.67,Mobile,Email,Completed
TXN000907,CUS0129,2026-02-16,Fashion,1,399.0,0.0,532.0,Mobile,Email,Completed
TXN000908,CUS0129,2026-01-16,Fashion,1,699.0,0.1,838.8,Mobile,Email,Completed
TXN000909,CUS0129,2025-12-26,Sports,2,1499.0,0.05,3797.47,Mobile,Email,Returned
TXN000910,CUS0129,2025-12-20,Sports,3,1999.0,0.0,7996.0,Mobile,Email,Completed
TXN000911,CUS0129,2025-11-23,Electronics,3,999.0,0.0,3996.0,Desktop,Email,Completed
TXN000912,CUS0129,2025-10-28,Fashion,2,399.0,0.05,1010.8,Mobile,Email,Completed
TXN000913,CUS0130,2026-08-10,Sports,1,999.0,0.0,749.25,Tablet,Direct,Completed
TXN000914,CUS0130,2026-03-28,Sports,1,699.0,0.05,498.04,Mobile,Direct,Completed
TXN000915,CUS0131,2026-05-09,Home,2,999.0,0.0,1165.5,Desktop,Direct,Completed
TXN000916,CUS0131,2025-09-10,Sports,2,399.0,0.0,465.5,Desktop,Direct,Completed
TXN000917,CUS0131,2025-08-11,Sports,2,399.0,0.0,465.5,Desktop,Direct,Completed
TXN000918,CUS0132,2026-07-29,Sports,1,499.0,0.0,457.42,Desktop,Paid Ads,Completed
TXN000919,CUS0132,2026-05-23,Fashion,2,299.0,0.0,548.17,Mobile,Paid Ads,Completed
TXN000920,CUS0132,2026-01-24,Sports,3,1499.0,0.0,4122.25,Desktop,Paid Ads,Completed
TXN000921,CUS0133,2026-08-17,Fashion,1,1999.0,0.0,1499.25,Tablet,Paid Ads,Completed
TXN000922,CUS0134,2026-08-01,Fashion,2,999.0,0.0,2664.0,Desktop,Paid Ads,Completed
TXN000923,CUS0134,2026-07-31,Sports,1,1999.0,0.05,2532.07,Desktop,Paid Ads,Completed
TXN000924,CUS0134,2026-07-28,Fashion,1,699.0,0.2,745.6,Desktop,Paid Ads,Cancelled
TXN000925,CUS0134,2026-07-17,Sports,1,1999.0,0.0,2665.33,Desktop,Paid Ads,Completed
TXN000926,CUS0134,2026-05-20,Sports,2,299.0,0.0,797.33,Desktop,Paid Ads,Completed
TXN000927,CUS0134,2026-03-12,Sports,3,999.0,0.0,3996.0,Desktop,Paid Ads,Completed
TXN000928,CUS0134,2026-01-19,Beauty,2,399.0,0.0,1064.0,Desktop,Paid Ads,Completed
TXN000929,CUS0134,2026-01-15,Sports,1,399.0,0.0,532.0,Desktop,Paid Ads,Completed
TXN000930,CUS0134,2025-12-30,Sports,1,1499.0,0.0,1998.67,Desktop,Paid Ads,Completed
TXN000931,CUS0134,2025-10-21,Sports,1,999.0,0.0,1332.0,Desktop,Paid Ads,Completed
TXN000932,CUS0135,2025-10-31,Fashion,3,999.0,0.0,1748.25,Desktop,Paid Ads,Returned
TXN000933,CUS0136,2026-08-19,Electronics,1,1999.0,0.0,1499.25,Mobile,Organic Search,Completed
TXN000934,CUS0136,2026-07-15,Electronics,2,299.0,0.0,448.5,Tablet,Organic Search,Completed
TXN000935,CUS0136,2025-12-01,Electronics,2,499.0,0.0,748.5,Mobile,Organic Search,Completed
TXN000936,CUS0137,2026-06-13,Electronics,3,999.0,0.0,1748.25,Tablet,Paid Ads,Completed
TXN000937,CUS0137,2025-12-27,Beauty,2,699.0,0.0,815.5,Desktop,Paid Ads,Completed
TXN000938,CUS0137,2025-10-09,Electronics,2,499.0,0.0,582.17,Mobile,Paid Ads,Completed
TXN000939,CUS0137,2025-10-03,Beauty,1,999.0,0.0,582.75,Mobile,Paid Ads,Returned
TXN000940,CUS0138,2026-06-26,Home,2,1999.0,0.0,3664.83,Tablet,Email,Completed
TXN000941,CUS0138,2026-05-13,Home,2,999.0,0.15,1556.78,Mobile,Email,Completed
TXN000942,CUS0138,2026-05-09,Fashion,3,999.0,0.0,2747.25,Tablet,Email,Completed
TXN000943,CUS0138,2026-02-11,Home,1,999.0,0.1,824.18,Tablet,Email,Completed
TXN000944,CUS0138,2025-10-12,Home,2,699.0,0.0,1281.5,Tablet,Email,Completed
TXN000945,CUS0139,2026-08-12,Beauty,1,399.0,0.0,365.75,Mobile,Paid Ads,Completed
TXN000946,CUS0139,2026-02-05,Home,3,1499.0,0.0,4122.25,Mobile,Paid Ads,Returned
TXN000947,CUS0139,2025-12-20,Fashion,1,399.0,0.0,365.75,Mobile,Paid Ads,Completed
TXN000948,CUS0139,2025-12-05,Sports,2,999.0,0.05,1739.92,Mobile,Paid Ads,Completed
TXN000949,CUS0139,2025-11-14,Sports,3,299.0,0.0,822.25,Mobile,Paid Ads,Completed
TXN000950,CUS0140,2026-06-10,Fashion,3,299.0,0.0,523.25,Tablet,Referral,Completed
TXN000951,CUS0140,2026-05-29,Electronics,3,699.0,0.0,1223.25,Tablet,Referral,Completed
TXN000952,CUS0140,2026-03-13,Fashion,1,399.0,0.0,232.75,Tablet,Referral,Completed
TXN000953,CUS0140,2025-11-19,Electronics,3,999.0,0.2,1398.6,Tablet,Referral,Completed
TXN000954,CUS0141,2026-01-12,Electronics,1,1499.0,0.0,1623.92,Mobile,Organic Search,Completed
TXN000955,CUS0141,2025-11-01,Electronics,3,299.0,0.0,971.75,Tablet,Organic Search,Completed
TXN000956,CUS0141,2025-08-31,Electronics,2,399.0,0.0,864.5,Mobile,Organic Search,Returned
TXN000957,CUS0141,2025-08-06,Beauty,2,999.0,0.0,2164.5,Mobile,Organic Search,Completed
TXN000958,CUS0141,2025-07-21,Beauty,3,999.0,0.0,3246.75,Mobile,Organic Search,Completed
TXN000959,CUS0141,2025-04-28,Beauty,3,1499.0,0.0,4871.75,Mobile,Organic Search,Returned
TXN000960,CUS0142,2026-08-18,Sports,1,1499.0,0.0,1374.08,Mobile,Referral,Completed
TXN000961,CUS0142,2026-04-25,Sports,1,299.0,0.0,274.08,Mobile,Referral,Completed
TXN000962,CUS0142,2026-03-02,Sports,2,699.0,0.0,1281.5,Mobile,Referral,Returned
TXN000963,CUS0143,2026-08-15,Fashion,1,699.0,0.15,445.61,Desktop,Referral,Completed
TXN000964,CUS0143,2026-08-04,Fashion,1,1499.0,0.05,1068.04,Tablet,Referral,Completed
TXN000965,CUS0143,2026-07-22,Fashion,1,299.0,0.0,224.25,Desktop,Referral,Completed
TXN000966,CUS0144,2025-12-26,Sports,1,399.0,0.0,232.75,Mobile,Email,Completed
TXN000967,CUS0144,2025-07-30,Fashion,3,999.0,0.0,1748.25,Mobile,Email,Completed
TXN000968,CUS0145,2026-08-14,Sports,1,399.0,0.0,299.25,Mobile,Paid Ads,Completed
TXN000969,CUS0145,2026-03-31,Home,3,299.0,0.0,672.75,Mobile,Paid Ads,Completed
TXN000970,CUS0146,2026-01-24,Electronics,1,699.0,0.0,407.75,Mobile,Social Media,Completed
TXN000971,CUS0146,2025-12-17,Electronics,3,399.0,0.0,698.25,Mobile,Social Media,Completed
TXN000972,CUS0146,2025-08-23,Sports,1,299.0,0.0,174.42,Mobile,Social Media,Completed
TXN000973,CUS0147,2026-08-06,Beauty,2,499.0,0.0,2328.67,Mobile,Email,Completed
TXN000974,CUS0147,2026-07-15,Home,3,399.0,0.0,2793.0,Tablet,Email,Completed
TXN000975,CUS0147,2026-07-11,Fashion,2,399.0,0.0,1862.0,Mobile,Email,Completed
TXN000976,CUS0147,2026-07-08,Sports,2,399.0,0.1,1675.8,Mobile,Email,Completed
TXN000977,CUS0147,2026-06-16,Home,3,699.0,0.0,4893.0,Mobile,Email,Completed
TXN000978,CUS0147,2026-05-27,Home,3,499.0,0.2,2794.4,Mobile,Email,Completed
TXN000979,CUS0147,2026-05-19,Fashion,3,699.0,0.0,4893.0,Mobile,Email,Completed
TXN000980,CUS0147,2026-05-14,Home,1,1499.0,0.0,3497.67,Mobile,Email,Completed
TXN000981,CUS0147,2026-04-30,Home,3,699.0,0.0,4893.0,Mobile,Email,Completed
TXN000982,CUS0147,2026-04-24,Home,2,399.0,0.0,1862.0,Mobile,Email,Completed
TXN000983,CUS0147,2026-04-11,Home,2,1999.0,0.0,9328.67,Mobile,Email,Completed
TXN000984,CUS0147,2026-02-21,Home,2,499.0,0.0,2328.67,Mobile,Email,Completed
TXN000985,CUS0147,2026-02-03,Home,3,299.0,0.0,2093.0,Mobile,Email,Completed
TXN000986,CUS0147,2026-01-06,Sports,3,1499.0,0.0,10493.0,Tablet,Email,Completed
TXN000987,CUS0147,2025-12-22,Fashion,1,399.0,0.0,931.0,Tablet,Email,Completed
TXN000988,CUS0147,2025-10-30,Home,1,999.0,0.0,2331.0,Mobile,Email,Completed
TXN000989,CUS0147,2025-10-24,Sports,3,499.0,0.0,3493.0,Mobile,Email,Completed
TXN000990,CUS0147,2025-10-13,Beauty,2,299.0,0.0,1395.33,Mobile,Email,Completed
TXN000991,CUS0148,2026-07-26,Fashion,3,699.0,0.0,1572.75,Mobile,Referral,Completed
TXN000992,CUS0149,2026-07-04,Home,1,499.0,0.0,457.42,Mobile,Paid Ads,Returned
TXN000993,CUS0149,2026-06-08,Sports,1,1499.0,0.0,1374.08,Mobile,Paid Ads,Completed
TXN000994,CUS0149,2026-02-25,Home,3,999.0,0.0,2747.25,Mobile,Paid Ads,Completed
TXN000995,CUS0150,2026-05-12,Sports,2,499.0,0.0,582.17,Mobile,Email,Completed
TXN000996,CUS0150,2026-01-07,Fashion,3,999.0,0.0,1748.25,Mobile,Email,Completed
TXN000997,CUS0150,2025-08-29,Fashion,1,399.0,0.0,232.75,Mobile,Email,Completed
TXN000998,CUS0150,2025-08-21,Fashion,3,299.0,0.15,444.76,Mobile,Email,Completed
TXN000999,CUS0151,2026-07-18,Fashion,1,999.0,0.0,1332.0,Mobile,Referral,Completed
TXN001000,CUS0151,2026-06-06,Fashion,2,999.0,0.2,2131.2,Mobile,Referral,Completed
TXN001001,CUS0151,2026-02-24,Beauty,2,499.0,0.05,1264.13,Mobile,Referral,Completed
TXN001002,CUS0151,2026-02-16,Fashion,3,699.0,0.0,2796.0,Tablet,Referral,Completed
TXN001003,CUS0151,2026-01-05,Home,2,999.0,0.0,2664.0,Desktop,Referral,Completed
TXN001004,CUS0151,2025-12-31,Fashion,1,699.0,0.0,932.0,Mobile,Referral,Completed
TXN001005,CUS0151,2025-12-30,Fashion,2,299.0,0.05,757.47,Tablet,Referral,Completed
TXN001006,CUS0151,2025-10-09,Fashion,3,299.0,0.0,1196.0,Mobile,Referral,Completed
TXN001007,CUS0152,2025-11-28,Electronics,2,399.0,0.0,465.5,Tablet,Referral,Returned
TXN001008,CUS0152,2025-05-03,Electronics,2,1999.0,0.0,2332.17,Tablet,Referral,Completed
TXN001009,CUS0153,2026-06-30,Sports,3,499.0,0.0,1621.75,Mobile,Social Media,Completed
TXN001010,CUS0153,2026-05-23,Sports,1,1499.0,0.0,1623.92,Desktop,Social Media,Completed
TXN001011,CUS0153,2026-02-13,Sports,1,399.0,0.0,432.25,Tablet,Social Media,Completed
TXN001012,CUS0153,2025-12-20,Sports,2,399.0,0.0,864.5,Mobile,Social Media,Completed
TXN001013,CUS0153,2025-12-14,Sports,3,1499.0,0.0,4871.75,Mobile,Social Media,Completed
TXN001014,CUS0153,2025-10-26,Sports,3,499.0,0.1,1459.57,Desktop,Social Media,Completed
TXN001015,CUS0153,2025-09-11,Sports,2,1999.0,0.0,4331.17,Desktop,Social Media,Completed
TXN001016,CUS0153,2025-09-09,Sports,2,399.0,0.0,864.5,Mobile,Social Media,Completed
TXN001017,CUS0154,2026-06-25,Fashion,2,1999.0,0.05,4114.61,Desktop,Direct,Completed
TXN001018,CUS0154,2026-06-25,Fashion,2,699.0,0.0,1514.5,Desktop,Direct,Completed
TXN001019,CUS0154,2026-06-24,Fashion,1,499.0,0.0,540.58,Desktop,Direct,Completed
TXN001020,CUS0154,2026-06-09,Beauty,2,299.0,0.0,647.83,Mobile,Direct,Completed
TXN001021,CUS0154,2026-04-19,Sports,3,1499.0,0.0,4871.75,Desktop,Direct,Completed
TXN001022,CUS0154,2026-04-16,Fashion,2,999.0,0.0,2164.5,Desktop,Direct,Completed
TXN001023,CUS0154,2026-03-02,Home,3,299.0,0.0,971.75,Desktop,Direct,Completed
TXN001024,CUS0154,2026-02-27,Fashion,1,1499.0,0.0,1623.92,Desktop,Direct,Completed
TXN001025,CUS0154,2026-01-25,Fashion,1,699.0,0.0,757.25,Desktop,Direct,Completed
TXN001026,CUS0154,2025-11-03,Fashion,2,999.0,0.0,2164.5,Desktop,Direct,Completed
TXN001027,CUS0155,2026-05-05,Sports,3,499.0,0.0,1621.75,Mobile,Email,Completed
TXN001028,CUS0155,2026-03-11,Sports,3,399.0,0.1,1167.07,Mobile,Email,Completed
TXN001029,CUS0155,2026-02-24,Sports,1,399.0,0.0,432.25,Mobile,Email,Completed
TXN001030,CUS0155,2025-12-15,Home,2,299.0,0.2,518.27,Mobile,Email,Completed
TXN001031,CUS0155,2025-11-07,Home,2,999.0,0.0,2164.5,Mobile,Email,Returned
TXN001032,CUS0155,2025-10-24,Sports,2,399.0,0.0,864.5,Mobile,Email,Completed
TXN001033,CUS0155,2025-09-28,Sports,1,699.0,0.05,719.39,Mobile,Email,Completed
TXN001034,CUS0155,2025-09-16,Sports,2,399.0,0.0,864.5,Tablet,Email,Completed
TXN001035,CUS0155,2025-08-28,Sports,1,399.0,0.0,432.25,Mobile,Email,Completed
TXN001036,CUS0155,2025-07-21,Sports,3,299.0,0.0,971.75,Mobile,Email,Completed
TXN001037,CUS0156,2026-02-07,Fashion,3,999.0,0.0,1748.25,Desktop,Direct,Completed
TXN001038,CUS0156,2026-01-09,Fashion,2,1499.0,0.0,1748.83,Desktop,Direct,Completed
TXN001039,CUS0156,2025-09-10,Fashion,3,399.0,0.2,558.6,Desktop,Direct,Completed
TXN001040,CUS0157,2026-07-27,Electronics,2,999.0,0.0,1498.5,Mobile,Social Media,Completed
TXN001041,CUS0157,2026-07-22,Electronics,1,699.0,0.0,524.25,Mobile,Social Media,Completed
TXN001042,CUS0157,2025-11-14,Electronics,2,499.0,0.0,748.5,Mobile,Social Media,Completed
TXN001043,CUS0158,2026-07-31,Beauty,2,999.0,0.2,1198.8,Mobile,Direct,Completed
TXN001044,CUS0158,2025-10-12,Electronics,1,299.0,0.0,224.25,Mobile,Direct,Completed
TXN001045,CUS0159,2026-07-26,Beauty,1,999.0,0.0,1332.0,Mobile,Referral,Cancelled
TXN001046,CUS0159,2026-06-23,Beauty,1,1999.0,0.0,2665.33,Mobile,Referral,Completed
TXN001047,CUS0159,2026-06-13,Beauty,2,1999.0,0.0,5330.67,Mobile,Referral,Completed
TXN001048,CUS0159,2026-06-01,Beauty,3,1999.0,0.05,7596.2,Mobile,Referral,Completed
TXN001049,CUS0159,2026-05-30,Beauty,3,999.0,0.0,3996.0,Mobile,Referral,Completed
TXN001050,CUS0159,2026-05-26,Beauty,1,1499.0,0.0,1998.67,Mobile,Referral,Completed
TXN001051,CUS0159,2026-04-23,Beauty,2,999.0,0.0,2664.0,Mobile,Referral,Completed
TXN001052,CUS0159,2026-03-16,Beauty,1,1499.0,0.2,1598.93,Mobile,Referral,Completed
TXN001053,CUS0159,2026-02-25,Beauty,2,299.0,0.2,637.87,Desktop,Referral,Completed
TXN001054,CUS0159,2026-02-17,Beauty,1,499.0,0.0,665.33,Mobile,Referral,Completed
TXN001055,CUS0159,2026-02-17,Beauty,2,1999.0,0.0,5330.67,Mobile,Referral,Completed
TXN001056,CUS0159,2025-11-26,Beauty,3,1999.0,0.05,7596.2,Mobile,Referral,Completed
TXN001057,CUS0159,2025-11-16,Beauty,1,299.0,0.05,378.73,Mobile,Referral,Completed
TXN001058,CUS0159,2025-10-25,Beauty,3,999.0,0.1,3596.4,Tablet,Referral,Completed
TXN001059,CUS0160,2026-08-03,Home,1,399.0,0.0,931.0,Tablet,Organic Search,Completed
TXN001060,CUS0160,2026-07-21,Home,2,299.0,0.0,1395.33,Tablet,Organic Search,Completed
TXN001061,CUS0160,2026-05-30,Home,2,999.0,0.1,4195.8,Tablet,Organic Search,Cancelled
TXN001062,CUS0160,2026-05-27,Electronics,3,299.0,0.0,2093.0,Desktop,Organic Search,Completed
TXN001063,CUS0160,2026-04-01,Sports,3,1499.0,0.0,10493.0,Mobile,Organic Search,Completed
TXN001064,CUS0160,2026-03-23,Home,3,1499.0,0.1,9443.7,Tablet,Organic Search,Completed
TXN001065,CUS0160,2026-03-14,Home,1,1999.0,0.0,4664.33,Tablet,Organic Search,Completed
TXN001066,CUS0160,2026-02-03,Home,1,699.0,0.0,1631.0,Mobile,Organic Search,Completed
TXN001067,CUS0160,2026-01-18,Home,2,999.0,0.0,4662.0,Tablet,Organic Search,Completed
TXN001068,CUS0160,2026-01-07,Home,3,399.0,0.0,2793.0,Tablet,Organic Search,Completed
TXN001069,CUS0160,2026-01-03,Beauty,2,399.0,0.0,1862.0,Tablet,Organic Search,Completed
TXN001070,CUS0160,2025-12-03,Home,2,999.0,0.0,4662.0,Tablet,Organic Search,Completed
TXN001071,CUS0160,2025-11-18,Home,3,999.0,0.0,6993.0,Tablet,Organic Search,Completed
TXN001072,CUS0160,2025-11-05,Home,3,999.0,0.0,6993.0,Desktop,Organic Search,Completed
TXN001073,CUS0160,2025-10-18,Home,1,299.0,0.15,593.02,Tablet,Organic Search,Completed
TXN001074,CUS0160,2025-10-17,Home,1,1499.0,0.0,3497.67,Tablet,Organic Search,Completed
TXN001075,CUS0161,2026-07-12,Beauty,2,1999.0,0.0,5330.67,Mobile,Referral,Completed
TXN001076,CUS0161,2026-05-12,Sports,3,499.0,0.0,1996.0,Mobile,Referral,Returned
TXN001077,CUS0161,2026-03-11,Beauty,1,699.0,0.0,932.0,Mobile,Referral,Completed
TXN001078,CUS0161,2026-03-07,Beauty,2,399.0,0.15,904.4,Mobile,Referral,Completed
TXN001079,CUS0161,2026-03-04,Electronics,3,499.0,0.1,1796.4,Mobile,Referral,Completed
TXN001080,CUS0161,2026-01-22,Beauty,1,299.0,0.0,398.67,Mobile,Referral,Completed
TXN001081,CUS0161,2026-01-10,Fashion,2,399.0,0.0,1064.0,Mobile,Referral,Completed
TXN001082,CUS0161,2025-12-03,Beauty,2,299.0,0.0,797.33,Mobile,Referral,Completed
TXN001083,CUS0161,2025-11-25,Beauty,2,1999.0,0.05,5064.13,Mobile,Referral,Completed
TXN001084,CUS0162,2026-04-23,Home,3,299.0,0.0,523.25,Mobile,Paid Ads,Completed
TXN001085,CUS0162,2026-02-25,Home,1,399.0,0.0,232.75,Desktop,Paid Ads,Completed
TXN001086,CUS0162,2026-02-11,Home,3,1499.0,0.05,2492.09,Mobile,Paid Ads,Completed
TXN001087,CUS0162,2025-09-15,Home,3,1999.0,0.0,3498.25,Mobile,Paid Ads,Completed
TXN001088,CUS0163,2026-06-16,Electronics,1,1999.0,0.15,991.17,Mobile,Organic Search,Completed
TXN001089,CUS0163,2025-10-09,Electronics,1,399.0,0.0,232.75,Mobile,Organic Search,Completed
TXN001090,CUS0164,2026-07-31,Electronics,3,999.0,0.0,6993.0,Mobile,Organic Search,Completed
TXN001091,CUS0164,2026-07-05,Electronics,3,1499.0,0.0,10493.0,Desktop,Organic Search,Completed
TXN001092,CUS0164,2026-06-30,Fashion,3,699.0,0.0,4893.0,Desktop,Organic Search,Completed
TXN001093,CUS0164,2026-06-21,Fashion,1,399.0,0.1,837.9,Desktop,Organic Search,Completed
TXN001094,CUS0164,2026-06-17,Sports,3,699.0,0.0,4893.0,Desktop,Organic Search,Cancelled
TXN001095,CUS0164,2026-06-05,Electronics,1,1999.0,0.0,4664.33,Desktop,Organic Search,Completed
TXN001096,CUS0164,2026-06-05,Sports,1,299.0,0.05,662.78,Tablet,Organic Search,Completed
TXN001097,CUS0164,2026-06-02,Home,2,1499.0,0.1,6295.8,Desktop,Organic Search,Completed
TXN001098,CUS0164,2026-05-20,Sports,3,1499.0,0.0,10493.0,Desktop,Organic Search,Completed
TXN001099,CUS0164,2026-05-16,Home,3,699.0,0.0,4893.0,Desktop,Organic Search,Completed
TXN001100,CUS0164,2026-05-04,Home,1,699.0,0.0,1631.0,Desktop,Organic Search,Completed
TXN001101,CUS0164,2026-05-03,Home,1,299.0,0.0,697.67,Desktop,Organic Search,Completed
TXN001102,CUS0164,2026-04-20,Home,3,699.0,0.0,4893.0,Desktop,Organic Search,Completed
TXN001103,CUS0164,2026-03-25,Beauty,1,699.0,0.15,1386.35,Desktop,Organic Search,Completed
TXN001104,CUS0164,2026-03-16,Sports,2,699.0,0.0,3262.0,Desktop,Organic Search,Completed
TXN001105,CUS0164,2026-02-04,Fashion,1,1499.0,0.0,3497.67,Desktop,Organic Search,Cancelled
TXN001106,CUS0164,2026-01-06,Electronics,2,699.0,0.0,3262.0,Desktop,Organic Search,Completed
TXN001107,CUS0164,2025-12-28,Home,2,1499.0,0.2,5596.27,Desktop,Organic Search,Completed
TXN001108,CUS0164,2025-12-23,Sports,1,1999.0,0.0,4664.33,Desktop,Organic Search,Completed
TXN001109,CUS0164,2025-11-29,Home,2,1499.0,0.0,6995.33,Desktop,Organic Search,Completed
TXN001110,CUS0164,2025-11-29,Home,1,399.0,0.0,931.0,Desktop,Organic Search,Completed
TXN001111,CUS0164,2025-11-27,Home,1,399.0,0.0,931.0,Mobile,Organic Search,Completed
TXN001112,CUS0164,2025-11-21,Electronics,1,299.0,0.0,697.67,Desktop,Organic Search,Completed
TXN001113,CUS0164,2025-11-20,Home,2,299.0,0.0,1395.33,Desktop,Organic Search,Completed
TXN001114,CUS0164,2025-10-28,Home,1,699.0,0.0,1631.0,Desktop,Organic Search,Completed
TXN001115,CUS0164,2025-10-23,Home,1,1499.0,0.0,3497.67,Desktop,Organic Search,Completed
TXN001116,CUS0165,2026-07-20,Fashion,3,499.0,0.0,1621.75,Mobile,Email,Completed
TXN001117,CUS0165,2026-06-15,Electronics,1,1499.0,0.0,1623.92,Mobile,Email,Completed
TXN001118,CUS0165,2026-05-27,Sports,3,999.0,0.0,3246.75,Mobile,Email,Completed
TXN001119,CUS0165,2026-05-05,Sports,1,399.0,0.1,389.02,Mobile,Email,Completed
TXN001120,CUS0165,2026-03-16,Electronics,2,699.0,0.0,1514.5,Mobile,Email,Completed
TXN001121,CUS0165,2026-01-26,Electronics,2,499.0,0.1,973.05,Mobile,Email,Completed
TXN001122,CUS0166,2026-07-05,Electronics,1,399.0,0.0,365.75,Mobile,Referral,Completed
TXN001123,CUS0166,2026-05-13,Electronics,2,999.0,0.1,1648.35,Mobile,Referral,Completed
TXN001124,CUS0166,2026-04-08,Electronics,3,399.0,0.0,1097.25,Mobile,Referral,Completed
TXN001125,CUS0166,2026-03-13,Electronics,3,699.0,0.0,1922.25,Mobile,Referral,Completed
TXN001126,CUS0166,2025-11-14,Electronics,2,1999.0,0.0,3664.83,Mobile,Referral,Completed
TXN001127,CUS0166,2025-09-21,Sports,2,1999.0,0.1,3298.35,Mobile,Referral,Completed
TXN001128,CUS0167,2026-07-12,Home,1,499.0,0.0,457.42,Desktop,Paid Ads,Completed
TXN001129,CUS0167,2026-06-13,Home,3,1499.0,0.0,4122.25,Mobile,Paid Ads,Returned
TXN001130,CUS0167,2026-06-04,Home,2,499.0,0.0,914.83,Desktop,Paid Ads,Completed
TXN001131,CUS0167,2026-04-06,Home,2,999.0,0.0,1831.5,Desktop,Paid Ads,Completed
TXN001132,CUS0167,2026-03-15,Home,1,499.0,0.0,457.42,Desktop,Paid Ads,Completed
TXN001133,CUS0167,2025-10-29,Home,3,399.0,0.15,932.66,Desktop,Paid Ads,Completed
TXN001134,CUS0168,2026-05-30,Sports,3,499.0,0.0,1621.75,Desktop,Referral,Completed
TXN001135,CUS0168,2026-02-26,Sports,3,1999.0,0.0,6496.75,Desktop,Referral,Completed
TXN001136,CUS0168,2026-01-31,Electronics,1,1999.0,0.0,2165.58,Desktop,Referral,Completed
TXN001137,CUS0168,2025-09-10,Home,3,299.0,0.0,971.75,Desktop,Referral,Completed
TXN001138,CUS0168,2025-08-17,Sports,2,1999.0,0.0,4331.17,Desktop,Referral,Completed
TXN001139,CUS0169,2026-08-11,Sports,3,999.0,0.0,2247.75,Desktop,Organic Search,Completed
TXN001140,CUS0169,2026-06-15,Home,2,1999.0,0.0,2998.5,Desktop,Organic Search,Completed
TXN001141,CUS0169,2025-12-26,Sports,1,999.0,0.0,749.25,Desktop,Organic Search,Completed
TXN001142,CUS0170,2026-08-09,Beauty,2,499.0,0.0,582.17,Mobile,Email,Completed
TXN001143,CUS0170,2026-03-31,Beauty,1,299.0,0.0,174.42,Mobile,Email,Completed
TXN001144,CUS0170,2026-01-01,Beauty,3,1999.0,0.0,3498.25,Mobile,Email,Completed
TXN001145,CUS0171,2026-07-17,Beauty,1,1499.0,0.0,1374.08,Mobile,Email,Completed
TXN001146,CUS0171,2026-07-08,Electronics,1,399.0,0.05,347.46,Tablet,Email,Completed
TXN001147,CUS0171,2026-03-02,Home,1,299.0,0.15,232.97,Mobile,Email,Completed
TXN001148,CUS0171,2026-01-08,Sports,3,1999.0,0.2,4397.8,Desktop,Email,Completed
TXN001149,CUS0171,2025-12-21,Beauty,3,1499.0,0.0,4122.25,Mobile,Email,Completed
TXN001150,CUS0171,2025-11-28,Home,3,399.0,0.0,1097.25,Mobile,Email,Completed
TXN001151,CUS0172,2026-02-15,Fashion,3,499.0,0.0,1621.75,Mobile,Organic Search,Completed
TXN001152,CUS0172,2026-02-11,Fashion,2,1499.0,0.0,3247.83,Mobile,Organic Search,Completed
TXN001153,CUS0172,2025-10-19,Sports,2,1999.0,0.0,4331.17,Mobile,Organic Search,Completed
TXN001154,CUS0172,2025-10-14,Beauty,2,499.0,0.0,1081.17,Mobile,Organic Search,Completed
TXN001155,CUS0172,2025-10-11,Beauty,2,499.0,0.0,1081.17,Mobile,Organic Search,Cancelled
TXN001156,CUS0172,2025-08-29,Beauty,3,999.0,0.1,2922.08,Tablet,Organic Search,Completed
TXN001157,CUS0172,2025-08-09,Sports,3,299.0,0.0,971.75,Desktop,Organic Search,Completed
TXN001158,CUS0172,2025-06-06,Beauty,1,699.0,0.0,757.25,Mobile,Organic Search,Cancelled
TXN001159,CUS0172,2025-04-24,Beauty,2,399.0,0.0,864.5,Mobile,Organic Search,Completed
TXN001160,CUS0173,2026-04-13,Sports,2,699.0,0.0,1514.5,Mobile,Referral,Completed
TXN001161,CUS0173,2026-04-12,Sports,1,699.0,0.0,757.25,Mobile,Referral,Completed
TXN001162,CUS0173,2026-03-07,Beauty,2,1499.0,0.0,3247.83,Mobile,Referral,Completed
TXN001163,CUS0173,2025-11-18,Sports,1,999.0,0.0,1082.25,Mobile,Referral,Completed
TXN001164,CUS0173,2025-06-30,Home,2,1999.0,0.15,3681.49,Mobile,Referral,Returned
TXN001165,CUS0174,2026-08-03,Home,1,399.0,0.05,505.4,Tablet,Organic Search,Completed
TXN001166,CUS0174,2026-07-09,Beauty,3,999.0,0.0,3996.0,Tablet,Organic Search,Completed
TXN001167,CUS0174,2026-07-01,Home,1,299.0,0.15,338.87,Tablet,Organic Search,Completed
TXN001168,CUS0174,2026-04-22,Fashion,1,1499.0,0.0,1998.67,Tablet,Organic Search,Completed
TXN001169,CUS0174,2026-03-19,Fashion,1,1999.0,0.2,2132.27,Tablet,Organic Search,Completed
TXN001170,CUS0174,2026-02-09,Home,2,1999.0,0.2,4264.53,Tablet,Organic Search,Completed
TXN001171,CUS0174,2026-02-09,Sports,2,299.0,0.0,797.33,Tablet,Organic Search,Completed
TXN001172,CUS0174,2025-12-23,Beauty,1,1499.0,0.0,1998.67,Tablet,Organic Search,Completed
TXN001173,CUS0174,2025-11-07,Home,3,1999.0,0.0,7996.0,Tablet,Organic Search,Completed
TXN001174,CUS0174,2025-11-04,Home,2,699.0,0.15,1584.4,Tablet,Organic Search,Completed
TXN001175,CUS0174,2025-10-13,Fashion,3,699.0,0.0,2796.0,Tablet,Organic Search,Completed
TXN001176,CUS0174,2025-10-11,Home,2,399.0,0.05,1010.8,Tablet,Organic Search,Returned
TXN001177,CUS0174,2025-10-10,Home,3,699.0,0.0,2796.0,Tablet,Organic Search,Completed
TXN001178,CUS0175,2026-08-19,Home,3,399.0,0.0,2793.0,Mobile,Organic Search,Completed
TXN001179,CUS0175,2026-08-13,Fashion,1,1999.0,0.0,4664.33,Mobile,Organic Search,Completed
TXN001180,CUS0175,2026-08-01,Beauty,3,1499.0,0.0,10493.0,Mobile,Organic Search,Completed
TXN001181,CUS0175,2026-06-24,Fashion,2,699.0,0.0,3262.0,Mobile,Organic Search,Completed
TXN001182,CUS0175,2026-05-28,Home,1,1999.0,0.0,4664.33,Mobile,Organic Search,Completed
TXN001183,CUS0175,2026-05-21,Fashion,2,299.0,0.0,1395.33,Desktop,Organic Search,Returned
TXN001184,CUS0175,2026-05-16,Electronics,3,499.0,0.0,3493.0,Mobile,Organic Search,Completed
TXN001185,CUS0175,2026-05-01,Fashion,3,399.0,0.0,2793.0,Mobile,Organic Search,Completed
TXN001186,CUS0175,2026-04-29,Fashion,2,1499.0,0.0,6995.33,Mobile,Organic Search,Completed
TXN001187,CUS0175,2026-04-22,Fashion,3,399.0,0.15,2374.05,Mobile,Organic Search,Completed
TXN001188,CUS0175,2026-04-19,Fashion,2,299.0,0.0,1395.33,Tablet,Organic Search,Completed
TXN001189,CUS0175,2026-03-11,Fashion,1,699.0,0.0,1631.0,Mobile,Organic Search,Completed
TXN001190,CUS0175,2026-02-18,Fashion,1,1999.0,0.0,4664.33,Mobile,Organic Search,Completed
TXN001191,CUS0175,2026-01-27,Home,1,299.0,0.0,697.67,Mobile,Organic Search,Completed
TXN001192,CUS0175,2026-01-23,Fashion,2,1499.0,0.0,6995.33,Tablet,Organic Search,Completed
TXN001193,CUS0175,2026-01-22,Fashion,3,499.0,0.0,3493.0,Mobile,Organic Search,Completed
TXN001194,CUS0175,2026-01-07,Sports,1,1999.0,0.0,4664.33,Mobile,Organic Search,Completed
TXN001195,CUS0175,2025-12-31,Home,3,399.0,0.0,2793.0,Mobile,Organic Search,Completed
TXN001196,CUS0175,2025-12-30,Electronics,2,1499.0,0.0,6995.33,Mobile,Organic Search,Completed
TXN001197,CUS0175,2025-12-26,Fashion,3,1999.0,0.0,13993.0,Mobile,Organic Search,Completed
TXN001198,CUS0175,2025-11-19,Home,2,299.0,0.05,1325.57,Mobile,Organic Search,Completed
TXN001199,CUS0175,2025-11-09,Fashion,3,299.0,0.15,1779.05,Tablet,Organic Search,Completed
TXN001200,CUS0175,2025-11-08,Fashion,1,399.0,0.0,931.0,Mobile,Organic Search,Completed
TXN001201,CUS0175,2025-10-26,Fashion,1,999.0,0.0,2331.0,Mobile,Organic Search,Cancelled
TXN001202,CUS0175,2025-10-24,Home,2,499.0,0.0,2328.67,Mobile,Organic Search,Completed
TXN001203,CUS0176,2026-07-31,Sports,3,999.0,0.05,2135.36,Mobile,Social Media,Completed
TXN001204,CUS0177,2026-03-12,Sports,2,399.0,0.0,864.5,Desktop,Social Media,Completed
TXN001205,CUS0177,2026-02-15,Home,3,499.0,0.0,1621.75,Desktop,Social Media,Completed
TXN001206,CUS0177,2026-01-24,Fashion,2,299.0,0.0,647.83,Desktop,Social Media,Completed
TXN001207,CUS0177,2026-01-03,Electronics,3,399.0,0.0,1296.75,Desktop,Social Media,Completed
TXN001208,CUS0177,2025-12-16,Fashion,1,1999.0,0.0,2165.58,Desktop,Social Media,Completed
TXN001209,CUS0177,2025-12-04,Fashion,1,999.0,0.0,1082.25,Mobile,Social Media,Completed
TXN001210,CUS0177,2025-11-20,Home,1,1499.0,0.0,1623.92,Desktop,Social Media,Completed
TXN001211,CUS0177,2025-10-19,Fashion,3,399.0,0.0,1296.75,Desktop,Social Media,Completed
TXN001212,CUS0177,2025-10-07,Home,2,1999.0,0.0,4331.17,Desktop,Social Media,Completed
TXN001213,CUS0177,2025-07-18,Electronics,2,699.0,0.0,1514.5,Desktop,Social Media,Completed
TXN001214,CUS0178,2025-10-14,Sports,1,699.0,0.0,407.75,Tablet,Social Media,Completed
TXN001215,CUS0178,2025-09-17,Sports,3,499.0,0.0,873.25,Mobile,Social Media,Completed
TXN001216,CUS0178,2025-04-08,Fashion,2,299.0,0.0,348.83,Tablet,Social Media,Completed
TXN001217,CUS0178,2025-01-14,Sports,2,1499.0,0.0,1748.83,Tablet,Social Media,Completed
TXN001218,CUS0179,2026-02-20,Sports,3,999.0,0.0,3246.75,Desktop,Social Media,Completed
TXN001219,CUS0179,2026-01-18,Sports,1,499.0,0.05,513.55,Desktop,Social Media,Completed
TXN001220,CUS0179,2025-12-13,Sports,1,299.0,0.0,323.92,Desktop,Social Media,Completed
TXN001221,CUS0179,2025-12-12,Sports,2,299.0,0.0,647.83,Desktop,Social Media,Completed
TXN001222,CUS0179,2025-11-24,Sports,3,1499.0,0.0,4871.75,Desktop,Social Media,Completed
TXN001223,CUS0179,2025-10-19,Sports,2,1999.0,0.0,4331.17,Desktop,Social Media,Completed
TXN001224,CUS0179,2025-08-16,Sports,2,999.0,0.0,2164.5,Desktop,Social Media,Completed
TXN001225,CUS0179,2025-07-09,Home,2,1999.0,0.0,4331.17,Desktop,Social Media,Cancelled
TXN001226,CUS0179,2025-07-03,Electronics,1,499.0,0.0,540.58,Desktop,Social Media,Completed
TXN001227,CUS0180,2026-08-14,Sports,3,399.0,0.0,2793.0,Mobile,Paid Ads,Completed
TXN001228,CUS0180,2026-08-11,Sports,2,999.0,0.1,4195.8,Mobile,Paid Ads,Completed
TXN001229,CUS0180,2026-08-05,Beauty,2,1499.0,0.0,6995.33,Mobile,Paid Ads,Completed
TXN001230,CUS0180,2026-07-25,Sports,1,999.0,0.2,1864.8,Mobile,Paid Ads,Completed
TXN001231,CUS0180,2026-07-21,Sports,2,1499.0,0.0,6995.33,Mobile,Paid Ads,Completed
TXN001232,CUS0180,2026-06-20,Sports,2,999.0,0.2,3729.6,Desktop,Paid Ads,Completed
TXN001233,CUS0180,2026-06-15,Sports,1,999.0,0.0,2331.0,Desktop,Paid Ads,Completed
TXN001234,CUS0180,2026-05-14,Beauty,1,699.0,0.0,1631.0,Mobile,Paid Ads,Completed
TXN001235,CUS0180,2026-03-28,Sports,2,1499.0,0.05,6645.57,Mobile,Paid Ads,Completed
TXN001236,CUS0180,2026-02-22,Home,1,699.0,0.0,1631.0,Mobile,Paid Ads,Completed
TXN001237,CUS0180,2026-02-20,Sports,2,399.0,0.0,1862.0,Mobile,Paid Ads,Completed
TXN001238,CUS0180,2026-02-10,Sports,3,1999.0,0.05,13293.35,Mobile,Paid Ads,Completed
TXN001239,CUS0180,2026-01-18,Sports,1,699.0,0.0,1631.0,Mobile,Paid Ads,Returned
TXN001240,CUS0180,2026-01-07,Beauty,2,1999.0,0.15,7929.37,Mobile,Paid Ads,Completed
TXN001241,CUS0180,2025-12-25,Beauty,2,1999.0,0.0,9328.67,Mobile,Paid Ads,Completed
TXN001242,CUS0180,2025-11-29,Electronics,1,1499.0,0.0,3497.67,Mobile,Paid Ads,Completed
TXN001243,CUS0180,2025-11-05,Electronics,3,499.0,0.0,3493.0,Mobile,Paid Ads,Completed
TXN001244,CUS0180,2025-10-29,Sports,3,399.0,0.0,2793.0,Mobile,Paid Ads,Completed
TXN001245,CUS0180,2025-10-26,Sports,2,399.0,0.0,1862.0,Mobile,Paid Ads,Completed
TXN001246,CUS0180,2025-10-19,Sports,3,499.0,0.0,3493.0,Mobile,Paid Ads,Completed
TXN001247,CUS0181,2026-03-23,Beauty,1,699.0,0.0,407.75,Mobile,Email,Completed
TXN001248,CUS0182,2026-03-02,Electronics,3,999.0,0.0,1748.25,Mobile,Organic Search,Completed
TXN001249,CUS0182,2025-12-10,Fashion,3,699.0,0.2,978.6,Mobile,Organic Search,Completed
TXN001250,CUS0182,2025-11-11,Electronics,1,299.0,0.0,174.42,Mobile,Organic Search,Completed
TXN001251,CUS0183,2025-12-03,Sports,1,1999.0,0.0,1166.08,Desktop,Email,Completed
TXN001252,CUS0183,2025-07-17,Home,2,999.0,0.0,1165.5,Desktop,Email,Completed
TXN001253,CUS0183,2025-07-17,Sports,1,1499.0,0.0,874.42,Desktop,Email,Completed
TXN001254,CUS0183,2025-02-21,Sports,2,1999.0,0.0,2332.17,Desktop,Email,Completed
TXN001255,CUS0184,2026-07-26,Home,1,1499.0,0.0,1374.08,Tablet,Email,Completed
TXN001256,CUS0184,2026-01-04,Electronics,3,999.0,0.0,2747.25,Desktop,Email,Completed
TXN001257,CUS0184,2025-12-21,Fashion,3,1999.0,0.15,4672.66,Desktop,Email,Completed
TXN001258,CUS0184,2025-12-20,Home,1,299.0,0.0,274.08,Desktop,Email,Completed
TXN001259,CUS0184,2025-10-23,Home,3,1499.0,0.0,4122.25,Desktop,Email,Completed
TXN001260,CUS0185,2026-03-07,Electronics,1,499.0,0.0,291.08,Tablet,Social Media,Completed
TXN001261,CUS0186,2026-08-13,Fashion,2,499.0,0.1,2095.8,Tablet,Direct,Completed
TXN001262,CUS0186,2026-07-29,Beauty,3,699.0,0.0,4893.0,Tablet,Direct,Completed
TXN001263,CUS0186,2026-07-07,Beauty,3,499.0,0.2,2794.4,Mobile,Direct,Completed
TXN001264,CUS0186,2026-05-30,Beauty,2,499.0,0.0,2328.67,Tablet,Direct,Completed
TXN001265,CUS0186,2026-05-29,Fashion,2,499.0,0.0,2328.67,Tablet,Direct,Completed
TXN001266,CUS0186,2026-05-28,Sports,2,399.0,0.0,1862.0,Mobile,Direct,Completed
TXN001267,CUS0186,2026-05-12,Beauty,3,399.0,0.0,2793.0,Tablet,Direct,Completed
TXN001268,CUS0186,2026-04-26,Fashion,3,999.0,0.0,6993.0,Tablet,Direct,Completed
TXN001269,CUS0186,2026-04-20,Beauty,1,999.0,0.0,2331.0,Mobile,Direct,Completed
TXN001270,CUS0186,2026-04-11,Beauty,2,499.0,0.0,2328.67,Tablet,Direct,Completed
TXN001271,CUS0186,2026-04-04,Sports,1,1499.0,0.0,3497.67,Tablet,Direct,Completed
TXN001272,CUS0186,2026-01-04,Beauty,3,1499.0,0.0,10493.0,Tablet,Direct,Completed
TXN001273,CUS0186,2025-12-30,Beauty,1,399.0,0.0,931.0,Desktop,Direct,Completed
TXN001274,CUS0186,2025-11-24,Beauty,1,1499.0,0.0,3497.67,Tablet,Direct,Completed
TXN001275,CUS0186,2025-11-10,Sports,3,999.0,0.15,5944.05,Tablet,Direct,Completed
TXN001276,CUS0187,2026-08-17,Beauty,3,499.0,0.0,3493.0,Tablet,Email,Completed
TXN001277,CUS0187,2026-07-29,Electronics,3,399.0,0.0,2793.0,Desktop,Email,Completed
TXN001278,CUS0187,2026-07-25,Electronics,1,1999.0,0.1,4197.9,Mobile,Email,Completed
TXN001279,CUS0187,2026-07-21,Beauty,3,1499.0,0.0,10493.0,Mobile,Email,Completed
TXN001280,CUS0187,2026-07-09,Electronics,2,1499.0,0.0,6995.33,Mobile,Email,Completed
TXN001281,CUS0187,2026-07-08,Sports,1,1499.0,0.0,3497.67,Mobile,Email,Completed
TXN001282,CUS0187,2026-06-29,Home,3,1999.0,0.0,13993.0,Tablet,Email,Completed
TXN001283,CUS0187,2026-05-29,Fashion,1,399.0,0.0,931.0,Mobile,Email,Completed
TXN001284,CUS0187,2026-04-29,Home,2,1499.0,0.0,6995.33,Tablet,Email,Completed
TXN001285,CUS0187,2026-04-28,Electronics,3,299.0,0.0,2093.0,Mobile,Email,Completed
TXN001286,CUS0187,2026-04-20,Electronics,1,1999.0,0.0,4664.33,Tablet,Email,Completed
TXN001287,CUS0187,2026-04-03,Electronics,1,999.0,0.0,2331.0,Mobile,Email,Completed
TXN001288,CUS0187,2026-03-02,Sports,2,1999.0,0.0,9328.67,Mobile,Email,Completed
TXN001289,CUS0187,2026-02-16,Electronics,2,399.0,0.1,1675.8,Mobile,Email,Completed
TXN001290,CUS0187,2026-02-08,Electronics,1,499.0,0.0,1164.33,Mobile,Email,Completed
TXN001291,CUS0187,2026-01-31,Electronics,1,1999.0,0.0,4664.33,Mobile,Email,Completed
TXN001292,CUS0187,2026-01-25,Fashion,1,499.0,0.0,1164.33,Mobile,Email,Completed
TXN001293,CUS0187,2026-01-23,Electronics,1,399.0,0.0,931.0,Mobile,Email,Completed
TXN001294,CUS0187,2026-01-08,Electronics,1,299.0,0.2,558.13,Desktop,Email,Completed
TXN001295,CUS0187,2026-01-05,Sports,3,399.0,0.0,2793.0,Mobile,Email,Completed
TXN001296,CUS0187,2025-12-25,Sports,1,999.0,0.15,1981.35,Mobile,Email,Completed
TXN001297,CUS0187,2025-11-19,Beauty,2,999.0,0.0,4662.0,Mobile,Email,Completed
TXN001298,CUS0187,2025-11-15,Electronics,2,999.0,0.0,4662.0,Mobile,Email,Completed
TXN001299,CUS0188,2026-08-07,Electronics,3,299.0,0.0,2093.0,Desktop,Organic Search,Completed
TXN001300,CUS0188,2026-07-27,Home,3,399.0,0.0,2793.0,Desktop,Organic Search,Completed
TXN001301,CUS0188,2026-07-21,Home,2,299.0,0.0,1395.33,Desktop,Organic Search,Completed
TXN001302,CUS0188,2026-07-06,Home,1,399.0,0.0,931.0,Desktop,Organic Search,Completed
TXN001303,CUS0188,2026-06-02,Fashion,2,499.0,0.0,2328.67,Mobile,Organic Search,Completed
TXN001304,CUS0188,2026-05-23,Home,2,499.0,0.0,2328.67,Desktop,Organic Search,Completed
TXN001305,CUS0188,2026-04-14,Home,2,1999.0,0.0,9328.67,Desktop,Organic Search,Completed
TXN001306,CUS0188,2026-04-02,Home,3,1499.0,0.0,10493.0,Desktop,Organic Search,Completed
TXN001307,CUS0188,2026-03-23,Home,1,399.0,0.2,744.8,Desktop,Organic Search,Completed
TXN001308,CUS0188,2026-03-19,Home,3,399.0,0.05,2653.35,Desktop,Organic Search,Completed
TXN001309,CUS0188,2026-03-18,Home,2,499.0,0.0,2328.67,Desktop,Organic Search,Completed
TXN001310,CUS0188,2026-01-31,Home,1,399.0,0.0,931.0,Desktop,Organic Search,Completed
TXN001311,CUS0188,2026-01-27,Fashion,2,499.0,0.0,2328.67,Desktop,Organic Search,Returned
TXN001312,CUS0188,2025-12-26,Home,1,399.0,0.0,931.0,Desktop,Organic Search,Completed
TXN001313,CUS0188,2025-11-18,Home,3,1499.0,0.05,9968.35,Desktop,Organic Search,Completed
TXN001314,CUS0188,2025-11-12,Beauty,1,1499.0,0.0,3497.67,Desktop,Organic Search,Completed
TXN001315,CUS0188,2025-11-10,Home,1,1499.0,0.2,2798.13,Desktop,Organic Search,Completed
TXN001316,CUS0188,2025-11-05,Home,3,699.0,0.0,4893.0,Mobile,Organic Search,Completed
TXN001317,CUS0188,2025-10-12,Fashion,2,499.0,0.0,2328.67,Desktop,Organic Search,Completed
TXN001318,CUS0189,2026-08-08,Fashion,1,1999.0,0.0,2665.33,Mobile,Social Media,Completed
TXN001319,CUS0189,2026-04-17,Electronics,2,699.0,0.1,1677.6,Mobile,Social Media,Completed
TXN001320,CUS0189,2026-03-24,Electronics,3,1999.0,0.0,7996.0,Mobile,Social Media,Completed
TXN001321,CUS0189,2026-02-26,Beauty,3,999.0,0.2,3196.8,Mobile,Social Media,Completed
TXN001322,CUS0189,2026-02-23,Electronics,2,1499.0,0.0,3997.33,Mobile,Social Media,Cancelled
TXN001323,CUS0189,2026-02-01,Electronics,2,499.0,0.0,1330.67,Mobile,Social Media,Completed
TXN001324,CUS0189,2026-01-30,Fashion,2,1499.0,0.0,3997.33,Mobile,Social Media,Completed
TXN001325,CUS0189,2025-12-12,Fashion,1,299.0,0.0,398.67,Mobile,Social Media,Completed
TXN001326,CUS0189,2025-12-11,Electronics,1,1499.0,0.05,1898.73,Tablet,Social Media,Completed
TXN001327,CUS0190,2026-07-14,Home,1,1499.0,0.0,1998.67,Tablet,Paid Ads,Completed
TXN001328,CUS0190,2026-07-03,Home,2,499.0,0.0,1330.67,Mobile,Paid Ads,Completed
TXN001329,CUS0190,2026-04-18,Home,3,299.0,0.0,1196.0,Mobile,Paid Ads,Completed
TXN001330,CUS0190,2026-04-18,Home,1,999.0,0.1,1198.8,Mobile,Paid Ads,Completed
TXN001331,CUS0190,2026-03-30,Home,1,999.0,0.0,1332.0,Tablet,Paid Ads,Completed
TXN001332,CUS0190,2026-02-24,Home,1,1499.0,0.0,1998.67,Mobile,Paid Ads,Completed
TXN001333,CUS0190,2026-01-08,Fashion,2,1499.0,0.0,3997.33,Mobile,Paid Ads,Completed
TXN001334,CUS0190,2025-11-29,Sports,2,1999.0,0.0,5330.67,Desktop,Paid Ads,Returned
TXN001335,CUS0190,2025-10-21,Home,1,1499.0,0.0,1998.67,Mobile,Paid Ads,Completed
TXN001336,CUS0191,2026-08-01,Home,1,699.0,0.0,932.0,Mobile,Paid Ads,Completed
TXN001337,CUS0191,2026-05-17,Home,3,1499.0,0.15,5096.6,Mobile,Paid Ads,Completed
TXN001338,CUS0191,2026-05-12,Home,3,299.0,0.0,1196.0,Mobile,Paid Ads,Completed
TXN001339,CUS0191,2026-04-19,Electronics,2,299.0,0.0,797.33,Mobile,Paid Ads,Completed
TXN001340,CUS0191,2026-03-20,Home,1,1999.0,0.0,2665.33,Mobile,Paid Ads,Completed
TXN001341,CUS0191,2026-02-07,Home,3,299.0,0.0,1196.0,Mobile,Paid Ads,Completed
TXN001342,CUS0191,2026-01-27,Home,1,399.0,0.0,532.0,Mobile,Paid Ads,Cancelled
TXN001343,CUS0191,2025-11-18,Home,1,399.0,0.05,505.4,Mobile,Paid Ads,Completed
TXN001344,CUS0191,2025-11-10,Home,3,399.0,0.0,1596.0,Mobile,Paid Ads,Completed
TXN001345,CUS0191,2025-10-28,Home,3,1999.0,0.0,7996.0,Mobile,Paid Ads,Completed
TXN001346,CUS0191,2025-10-18,Home,3,1999.0,0.0,7996.0,Mobile,Paid Ads,Completed
TXN001347,CUS0192,2026-07-23,Electronics,3,1999.0,0.0,5497.25,Mobile,Paid Ads,Completed
TXN001348,CUS0192,2026-04-01,Electronics,1,499.0,0.0,457.42,Mobile,Paid Ads,Completed
TXN001349,CUS0192,2026-01-18,Electronics,3,999.0,0.0,2747.25,Mobile,Paid Ads,Completed
TXN001350,CUS0192,2025-10-17,Electronics,3,299.0,0.0,822.25,Mobile,Paid Ads,Completed
TXN001351,CUS0193,2026-07-31,Fashion,3,1499.0,0.0,10493.0,Mobile,Direct,Completed
TXN001352,CUS0193,2026-06-27,Home,3,1499.0,0.1,9443.7,Mobile,Direct,Completed
TXN001353,CUS0193,2026-06-21,Fashion,3,499.0,0.0,3493.0,Desktop,Direct,Completed
TXN001354,CUS0193,2026-05-27,Home,2,699.0,0.0,3262.0,Mobile,Direct,Completed
TXN001355,CUS0193,2026-04-29,Home,3,499.0,0.0,3493.0,Mobile,Direct,Completed
TXN001356,CUS0193,2026-04-07,Home,1,999.0,0.0,2331.0,Mobile,Direct,Completed
TXN001357,CUS0193,2026-03-19,Home,1,1999.0,0.0,4664.33,Tablet,Direct,Completed
TXN001358,CUS0193,2026-03-03,Beauty,3,499.0,0.0,3493.0,Mobile,Direct,Completed
TXN001359,CUS0193,2026-02-25,Home,3,299.0,0.0,2093.0,Mobile,Direct,Completed
TXN001360,CUS0193,2026-01-27,Home,1,1999.0,0.0,4664.33,Mobile,Direct,Completed
TXN001361,CUS0193,2026-01-10,Electronics,1,399.0,0.15,791.35,Mobile,Direct,Completed
TXN001362,CUS0193,2025-12-29,Home,2,1999.0,0.0,9328.67,Mobile,Direct,Completed
TXN001363,CUS0193,2025-12-19,Beauty,2,399.0,0.0,1862.0,Mobile,Direct,Completed
TXN001364,CUS0193,2025-11-28,Home,1,699.0,0.0,1631.0,Mobile,Direct,Completed
TXN001365,CUS0193,2025-11-27,Home,2,399.0,0.0,1862.0,Mobile,Direct,Completed
TXN001366,CUS0193,2025-11-23,Home,3,499.0,0.0,3493.0,Mobile,Direct,Completed
TXN001367,CUS0193,2025-11-01,Fashion,3,999.0,0.05,6643.35,Mobile,Direct,Completed
TXN001368,CUS0193,2025-11-01,Home,1,999.0,0.0,2331.0,Mobile,Direct,Completed
TXN001369,CUS0194,2026-08-04,Fashion,2,1499.0,0.0,2748.17,Mobile,Email,Completed
TXN001370,CUS0194,2026-02-10,Beauty,3,299.0,0.0,822.25,Mobile,Email,Completed
TXN001371,CUS0194,2026-01-12,Beauty,2,299.0,0.1,493.35,Mobile,Email,Cancelled
TXN001372,CUS0194,2025-11-28,Electronics,2,1499.0,0.0,2748.17,Mobile,Email,Completed
TXN001373,CUS0194,2025-11-21,Beauty,1,299.0,0.15,232.97,Mobile,Email,Completed
TXN001374,CUS0194,2025-11-07,Beauty,3,1499.0,0.0,4122.25,Mobile,Email,Returned
TXN001375,CUS0195,2026-07-06,Sports,1,299.0,0.15,338.87,Desktop,Paid Ads,Completed
TXN001376,CUS0195,2026-07-05,Sports,1,999.0,0.2,1065.6,Mobile,Paid Ads,Completed
TXN001377,CUS0195,2026-05-23,Sports,2,299.0,0.0,797.33,Mobile,Paid Ads,Completed
TXN001378,CUS0195,2025-12-18,Sports,2,699.0,0.0,1864.0,Mobile,Paid Ads,Completed
TXN001379,CUS0195,2025-12-08,Sports,2,499.0,0.0,1330.67,Mobile,Paid Ads,Completed
TXN001380,CUS0195,2025-11-29,Electronics,2,499.0,0.0,1330.67,Desktop,Paid Ads,Completed
TXN001381,CUS0195,2025-10-02,Home,2,1999.0,0.0,5330.67,Desktop,Paid Ads,Completed
TXN001382,CUS0195,2025-09-30,Sports,2,699.0,0.0,1864.0,Desktop,Paid Ads,Returned
TXN001383,CUS0196,2026-03-13,Home,2,1999.0,0.0,4331.17,Desktop,Email,Completed
TXN001384,CUS0196,2026-01-31,Home,2,499.0,0.0,1081.17,Desktop,Email,Cancelled
TXN001385,CUS0196,2026-01-15,Home,1,699.0,0.0,757.25,Desktop,Email,Completed
TXN001386,CUS0196,2025-12-28,Home,1,999.0,0.0,1082.25,Desktop,Email,Completed
TXN001387,CUS0196,2025-10-18,Home,3,499.0,0.0,1621.75,Desktop,Email,Completed
TXN001388,CUS0196,2025-10-18,Home,3,299.0,0.0,971.75,Desktop,Email,Completed
TXN001389,CUS0196,2025-08-17,Home,1,499.0,0.0,540.58,Mobile,Email,Completed
TXN001390,CUS0197,2026-08-15,Beauty,3,1999.0,0.15,11894.05,Mobile,Social Media,Completed
TXN001391,CUS0197,2026-07-18,Beauty,1,499.0,0.0,1164.33,Mobile,Social Media,Completed
TXN001392,CUS0197,2026-06-20,Home,2,499.0,0.2,1862.93,Mobile,Social Media,Completed
TXN001393,CUS0197,2026-05-31,Beauty,2,499.0,0.2,1862.93,Tablet,Social Media,Completed
TXN001394,CUS0197,2026-05-28,Sports,3,399.0,0.0,2793.0,Mobile,Social Media,Completed
TXN001395,CUS0197,2026-05-17,Fashion,1,399.0,0.0,931.0,Mobile,Social Media,Cancelled
TXN001396,CUS0197,2026-04-23,Fashion,1,1499.0,0.0,3497.67,Mobile,Social Media,Completed
TXN001397,CUS0197,2026-03-30,Sports,2,1999.0,0.0,9328.67,Mobile,Social Media,Completed
TXN001398,CUS0197,2026-03-04,Beauty,1,699.0,0.0,1631.0,Mobile,Social Media,Returned
TXN001399,CUS0197,2026-01-19,Beauty,1,699.0,0.2,1304.8,Desktop,Social Media,Completed
TXN001400,CUS0197,2025-12-31,Beauty,2,699.0,0.2,2609.6,Mobile,Social Media,Completed
TXN001401,CUS0197,2025-12-13,Beauty,2,399.0,0.0,1862.0,Desktop,Social Media,Completed
TXN001402,CUS0197,2025-12-06,Beauty,2,1999.0,0.0,9328.67,Mobile,Social Media,Completed
TXN001403,CUS0197,2025-11-29,Beauty,2,499.0,0.0,2328.67,Mobile,Social Media,Completed
TXN001404,CUS0198,2026-08-15,Beauty,2,999.0,0.2,1198.8,Mobile,Social Media,Completed
TXN001405,CUS0198,2026-05-25,Beauty,2,999.0,0.0,1498.5,Mobile,Social Media,Completed
TXN001406,CUS0198,2025-12-09,Beauty,2,299.0,0.05,426.08,Mobile,Social Media,Completed
TXN001407,CUS0199,2025-11-02,Fashion,2,999.0,0.0,1165.5,Desktop,Organic Search,Completed
TXN001408,CUS0199,2025-01-22,Fashion,2,699.0,0.0,815.5,Desktop,Organic Search,Completed
TXN001409,CUS0200,2026-07-09,Electronics,1,299.0,0.0,274.08,Desktop,Referral,Completed
TXN001410,CUS0200,2026-02-02,Home,3,699.0,0.15,1633.91,Desktop,Referral,Completed
TXN001411,CUS0200,2025-12-14,Electronics,2,299.0,0.05,520.76,Desktop,Referral,Completed
TXN001412,CUS0201,2026-01-16,Home,1,299.0,0.0,174.42,Desktop,Referral,Completed
TXN001413,CUS0202,2026-01-25,Fashion,1,399.0,0.0,432.25,Desktop,Social Media,Completed
TXN001414,CUS0202,2026-01-15,Fashion,2,499.0,0.0,1081.17,Desktop,Social Media,Completed
TXN001415,CUS0202,2025-11-20,Sports,2,299.0,0.0,647.83,Desktop,Social Media,Completed
TXN001416,CUS0202,2025-11-08,Electronics,1,1999.0,0.0,2165.58,Desktop,Social Media,Completed
TXN001417,CUS0202,2025-10-03,Fashion,1,1499.0,0.0,1623.92,Desktop,Social Media,Completed
TXN001418,CUS0202,2025-09-22,Sports,2,1999.0,0.0,4331.17,Desktop,Social Media,Completed
TXN001419,CUS0202,2025-05-30,Fashion,2,699.0,0.0,1514.5,Desktop,Social Media,Cancelled
TXN001420,CUS0202,2025-04-05,Fashion,2,699.0,0.0,1514.5,Desktop,Social Media,Completed
TXN001421,CUS0203,2026-07-20,Beauty,2,299.0,0.0,647.83,Desktop,Paid Ads,Completed
TXN001422,CUS0203,2026-06-29,Beauty,2,999.0,0.0,2164.5,Desktop,Paid Ads,Returned
TXN001423,CUS0203,2026-04-18,Beauty,3,999.0,0.0,3246.75,Desktop,Paid Ads,Completed
TXN001424,CUS0203,2026-02-09,Beauty,3,399.0,0.0,1296.75,Desktop,Paid Ads,Completed
TXN001425,CUS0203,2026-01-29,Beauty,3,999.0,0.0,3246.75,Tablet,Paid Ads,Returned
TXN001426,CUS0203,2026-01-16,Fashion,3,999.0,0.0,3246.75,Desktop,Paid Ads,Completed
TXN001427,CUS0203,2026-01-11,Beauty,3,1499.0,0.0,4871.75,Desktop,Paid Ads,Completed
TXN001428,CUS0203,2025-11-05,Sports,1,999.0,0.0,1082.25,Desktop,Paid Ads,Completed
TXN001429,CUS0204,2026-08-04,Sports,3,1999.0,0.0,7996.0,Desktop,Paid Ads,Completed
TXN001430,CUS0204,2026-07-06,Fashion,1,1999.0,0.0,2665.33,Desktop,Paid Ads,Completed
TXN001431,CUS0204,2026-04-24,Home,2,399.0,0.0,1064.0,Desktop,Paid Ads,Completed
TXN001432,CUS0204,2026-04-05,Fashion,3,699.0,0.0,2796.0,Desktop,Paid Ads,Completed
TXN001433,CUS0204,2026-03-19,Electronics,3,1499.0,0.2,4796.8,Desktop,Paid Ads,Completed
TXN001434,CUS0204,2026-01-19,Electronics,3,1999.0,0.2,6396.8,Desktop,Paid Ads,Completed
TXN001435,CUS0204,2025-12-28,Fashion,1,399.0,0.0,532.0,Mobile,Paid Ads,Completed
TXN001436,CUS0204,2025-12-17,Sports,1,699.0,0.2,745.6,Desktop,Paid Ads,Completed
TXN001437,CUS0204,2025-12-14,Sports,2,699.0,0.1,1677.6,Desktop,Paid Ads,Completed
TXN001438,CUS0204,2025-11-21,Fashion,1,999.0,0.0,1332.0,Mobile,Paid Ads,Completed
TXN001439,CUS0204,2025-11-09,Fashion,3,699.0,0.0,2796.0,Mobile,Paid Ads,Completed
TXN001440,CUS0204,2025-11-02,Electronics,1,999.0,0.0,1332.0,Desktop,Paid Ads,Completed
TXN001441,CUS0204,2025-10-25,Fashion,1,999.0,0.0,1332.0,Desktop,Paid Ads,Cancelled
TXN001442,CUS0204,2025-10-23,Beauty,3,299.0,0.2,956.8,Desktop,Paid Ads,Completed
TXN001443,CUS0205,2026-07-01,Beauty,3,1999.0,0.0,5497.25,Desktop,Social Media,Completed
TXN001444,CUS0205,2026-06-04,Sports,2,499.0,0.0,914.83,Desktop,Social Media,Completed
TXN001445,CUS0205,2026-04-01,Sports,2,499.0,0.0,914.83,Desktop,Social Media,Completed
TXN001446,CUS0206,2026-08-03,Sports,1,1999.0,0.0,4664.33,Mobile,Direct,Completed
TXN001447,CUS0206,2026-07-28,Fashion,3,999.0,0.0,6993.0,Mobile,Direct,Completed
TXN001448,CUS0206,2026-06-15,Sports,2,1999.0,0.0,9328.67,Mobile,Direct,Completed
TXN001449,CUS0206,2026-06-15,Sports,1,999.0,0.0,2331.0,Mobile,Direct,Completed
TXN001450,CUS0206,2026-06-09,Fashion,3,399.0,0.0,2793.0,Desktop,Direct,Completed
TXN001451,CUS0206,2026-05-05,Beauty,2,399.0,0.0,1862.0,Mobile,Direct,Completed
TXN001452,CUS0206,2026-04-26,Sports,3,299.0,0.0,2093.0,Mobile,Direct,Cancelled
TXN001453,CUS0206,2026-03-31,Fashion,3,999.0,0.2,5594.4,Mobile,Direct,Completed
TXN001454,CUS0206,2026-03-22,Sports,2,499.0,0.0,2328.67,Desktop,Direct,Completed
TXN001455,CUS0206,2025-12-26,Sports,1,699.0,0.0,1631.0,Mobile,Direct,Completed
TXN001456,CUS0206,2025-12-12,Sports,2,999.0,0.0,4662.0,Desktop,Direct,Completed
TXN001457,CUS0206,2025-11-10,Sports,2,299.0,0.0,1395.33,Mobile,Direct,Completed
TXN001458,CUS0206,2025-11-08,Sports,1,699.0,0.0,1631.0,Mobile,Direct,Completed
TXN001459,CUS0206,2025-11-07,Home,2,399.0,0.0,1862.0,Mobile,Direct,Completed
TXN001460,CUS0207,2026-04-19,Beauty,1,699.0,0.0,407.75,Tablet,Referral,Completed
TXN001461,CUS0207,2025-11-23,Beauty,1,299.0,0.0,174.42,Mobile,Referral,Completed
TXN001462,CUS0208,2026-07-12,Home,3,699.0,0.0,1223.25,Desktop,Referral,Completed
TXN001463,CUS0208,2026-02-15,Beauty,3,299.0,0.0,523.25,Tablet,Referral,Completed
TXN001464,CUS0208,2025-09-23,Home,1,499.0,0.0,291.08,Desktop,Referral,Completed
TXN001465,CUS0209,2025-11-24,Beauty,1,999.0,0.15,495.34,Desktop,Email,Completed
TXN001466,CUS0209,2025-06-25,Beauty,2,1999.0,0.0,2332.17,Mobile,Email,Completed
TXN001467,CUS0209,2025-06-20,Beauty,3,1999.0,0.0,3498.25,Desktop,Email,Completed
TXN001468,CUS0210,2026-08-18,Home,1,299.0,0.05,662.78,Mobile,Referral,Cancelled
TXN001469,CUS0210,2026-08-02,Fashion,3,399.0,0.0,2793.0,Mobile,Referral,Completed
TXN001470,CUS0210,2026-07-08,Fashion,1,299.0,0.0,697.67,Mobile,Referral,Completed
TXN001471,CUS0210,2026-07-06,Fashion,1,499.0,0.0,1164.33,Mobile,Referral,Completed
TXN001472,CUS0210,2026-06-26,Fashion,3,1999.0,0.0,13993.0,Mobile,Referral,Completed
TXN001473,CUS0210,2026-06-24,Electronics,2,499.0,0.0,2328.67,Mobile,Referral,Completed
TXN001474,CUS0210,2026-06-15,Electronics,3,299.0,0.0,2093.0,Desktop,Referral,Completed
TXN001475,CUS0210,2026-05-15,Fashion,1,1999.0,0.05,4431.12,Mobile,Referral,Completed
TXN001476,CUS0210,2026-04-28,Fashion,2,499.0,0.2,1862.93,Mobile,Referral,Completed
TXN001477,CUS0210,2026-04-07,Fashion,1,299.0,0.0,697.67,Mobile,Referral,Completed
TXN001478,CUS0210,2026-04-01,Fashion,1,399.0,0.0,931.0,Mobile,Referral,Completed
TXN001479,CUS0210,2026-03-30,Fashion,2,499.0,0.0,2328.67,Mobile,Referral,Completed
TXN001480,CUS0210,2026-03-10,Fashion,2,499.0,0.1,2095.8,Desktop,Referral,Completed
TXN001481,CUS0210,2026-03-09,Fashion,1,499.0,0.0,1164.33,Mobile,Referral,Completed
TXN001482,CUS0210,2026-02-21,Home,1,1499.0,0.0,3497.67,Mobile,Referral,Completed
TXN001483,CUS0210,2026-02-14,Fashion,3,699.0,0.0,4893.0,Mobile,Referral,Completed
TXN001484,CUS0210,2026-02-13,Fashion,1,1999.0,0.0,4664.33,Mobile,Referral,Returned
TXN001485,CUS0210,2026-02-12,Beauty,1,699.0,0.2,1304.8,Mobile,Referral,Completed
TXN001486,CUS0210,2026-01-24,Electronics,1,1499.0,0.0,3497.67,Desktop,Referral,Completed
TXN001487,CUS0210,2026-01-14,Fashion,2,299.0,0.0,1395.33,Mobile,Referral,Completed
TXN001488,CUS0210,2025-12-30,Electronics,1,699.0,0.0,1631.0,Mobile,Referral,Completed
TXN001489,CUS0210,2025-12-16,Home,2,699.0,0.0,3262.0,Mobile,Referral,Completed
TXN001490,CUS0210,2025-12-15,Fashion,2,999.0,0.0,4662.0,Mobile,Referral,Completed
TXN001491,CUS0210,2025-12-08,Sports,1,399.0,0.0,931.0,Mobile,Referral,Completed
TXN001492,CUS0210,2025-11-19,Sports,1,1499.0,0.0,3497.67,Desktop,Referral,Completed
TXN001493,CUS0211,2026-07-30,Home,2,499.0,0.2,598.8,Desktop,Organic Search,Completed
TXN001494,CUS0211,2026-03-17,Sports,3,1499.0,0.0,3372.75,Mobile,Organic Search,Completed
TXN001495,CUS0211,2025-12-29,Home,1,999.0,0.05,711.79,Tablet,Organic Search,Completed
TXN001496,CUS0212,2026-08-06,Sports,2,1999.0,0.0,2998.5,Tablet,Paid Ads,Completed
TXN001497,CUS0213,2026-08-04,Beauty,1,1499.0,0.0,3497.67,Desktop,Paid Ads,Completed
TXN001498,CUS0213,2026-07-19,Beauty,2,699.0,0.2,2609.6,Desktop,Paid Ads,Completed
TXN001499,CUS0213,2026-06-28,Beauty,3,1999.0,0.0,13993.0,Desktop,Paid Ads,Completed
TXN001500,CUS0213,2026-06-23,Fashion,3,399.0,0.0,2793.0,Desktop,Paid Ads,Completed
TXN001501,CUS0213,2026-06-08,Beauty,2,399.0,0.05,1768.9,Desktop,Paid Ads,Completed
TXN001502,CUS0213,2026-06-07,Beauty,1,499.0,0.0,1164.33,Mobile,Paid Ads,Completed
TXN001503,CUS0213,2026-05-31,Sports,2,1499.0,0.15,5946.03,Desktop,Paid Ads,Completed
TXN001504,CUS0213,2026-05-26,Beauty,2,699.0,0.0,3262.0,Desktop,Paid Ads,Completed
TXN001505,CUS0213,2026-05-06,Beauty,2,299.0,0.0,1395.33,Tablet,Paid Ads,Completed
TXN001506,CUS0213,2026-02-15,Beauty,1,699.0,0.0,1631.0,Desktop,Paid Ads,Completed
TXN001507,CUS0213,2026-02-04,Beauty,3,499.0,0.0,3493.0,Tablet,Paid Ads,Completed
TXN001508,CUS0213,2026-02-03,Beauty,1,399.0,0.0,931.0,Desktop,Paid Ads,Completed
TXN001509,CUS0213,2026-01-18,Beauty,3,499.0,0.0,3493.0,Desktop,Paid Ads,Completed
TXN001510,CUS0213,2025-12-22,Beauty,2,499.0,0.0,2328.67,Desktop,Paid Ads,Completed
TXN001511,CUS0213,2025-11-17,Sports,2,399.0,0.0,1862.0,Desktop,Paid Ads,Completed
TXN001512,CUS0213,2025-11-08,Beauty,1,399.0,0.0,931.0,Desktop,Paid Ads,Completed
TXN001513,CUS0213,2025-10-30,Sports,2,299.0,0.0,1395.33,Desktop,Paid Ads,Completed
TXN001514,CUS0213,2025-10-16,Beauty,3,499.0,0.05,3318.35,Desktop,Paid Ads,Completed
TXN001515,CUS0214,2026-07-24,Home,2,699.0,0.05,1438.78,Desktop,Paid Ads,Completed
TXN001516,CUS0214,2026-06-06,Home,2,299.0,0.0,647.83,Desktop,Paid Ads,Completed
TXN001517,CUS0214,2026-04-04,Home,2,499.0,0.2,864.93,Tablet,Paid Ads,Completed
TXN001518,CUS0214,2026-02-10,Home,3,999.0,0.0,3246.75,Mobile,Paid Ads,Completed
TXN001519,CUS0214,2026-02-08,Beauty,1,399.0,0.0,432.25,Desktop,Paid Ads,Returned
TXN001520,CUS0214,2026-02-05,Home,3,399.0,0.0,1296.75,Desktop,Paid Ads,Completed
TXN001521,CUS0214,2026-02-04,Home,1,499.0,0.0,540.58,Desktop,Paid Ads,Completed
TXN001522,CUS0215,2026-02-22,Fashion,2,999.0,0.0,2164.5,Mobile,Direct,Returned
TXN001523,CUS0215,2026-02-17,Fashion,1,299.0,0.0,323.92,Mobile,Direct,Completed
TXN001524,CUS0215,2026-01-23,Fashion,2,699.0,0.0,1514.5,Mobile,Direct,Completed
TXN001525,CUS0215,2026-01-22,Fashion,2,1499.0,0.1,2923.05,Mobile,Direct,Completed
TXN001526,CUS0215,2025-12-05,Fashion,3,1999.0,0.0,6496.75,Mobile,Direct,Completed
TXN001527,CUS0215,2025-10-26,Fashion,2,499.0,0.0,1081.17,Mobile,Direct,Completed
TXN001528,CUS0215,2025-08-17,Home,1,1999.0,0.0,2165.58,Mobile,Direct,Completed
TXN001529,CUS0215,2025-07-19,Sports,2,699.0,0.0,1514.5,Tablet,Direct,Completed
TXN001530,CUS0215,2025-07-13,Fashion,1,299.0,0.15,275.33,Mobile,Direct,Completed
TXN001531,CUS0215,2025-05-18,Fashion,1,399.0,0.0,432.25,Mobile,Direct,Completed
TXN001532,CUS0216,2026-08-05,Fashion,1,999.0,0.0,749.25,Mobile,Social Media,Completed
TXN001533,CUS0216,2025-11-15,Fashion,1,699.0,0.0,524.25,Mobile,Social Media,Completed
TXN001534,CUS0217,2026-06-28,Home,2,299.0,0.0,348.83,Desktop,Paid Ads,Completed
TXN001535,CUS0217,2026-05-22,Sports,1,1999.0,0.0,1166.08,Desktop,Paid Ads,Completed
TXN001536,CUS0217,2025-10-02,Sports,2,1999.0,0.0,2332.17,Desktop,Paid Ads,Completed
TXN001537,CUS0217,2025-09-15,Beauty,2,699.0,0.0,815.5,Desktop,Paid Ads,Completed
TXN001538,CUS0218,2026-06-16,Fashion,1,1999.0,0.0,2165.58,Desktop,Referral,Completed
TXN001539,CUS0218,2026-04-23,Beauty,1,499.0,0.0,540.58,Desktop,Referral,Completed
TXN001540,CUS0218,2026-04-02,Beauty,3,399.0,0.05,1231.91,Desktop,Referral,Completed
TXN001541,CUS0218,2026-03-08,Beauty,1,299.0,0.0,323.92,Mobile,Referral,Completed
TXN001542,CUS0218,2026-02-15,Beauty,2,499.0,0.0,1081.17,Desktop,Referral,Returned
TXN001543,CUS0218,2026-01-07,Electronics,2,499.0,0.0,1081.17,Mobile,Referral,Completed
TXN001544,CUS0218,2025-10-31,Beauty,1,499.0,0.0,540.58,Desktop,Referral,Completed
TXN001545,CUS0218,2025-09-21,Sports,1,699.0,0.0,757.25,Desktop,Referral,Completed
TXN001546,CUS0218,2025-09-10,Beauty,3,1999.0,0.0,6496.75,Desktop,Referral,Completed
TXN001547,CUS0219,2026-07-13,Beauty,2,299.0,0.0,797.33,Mobile,Paid Ads,Completed
TXN001548,CUS0219,2026-07-13,Electronics,3,299.0,0.0,1196.0,Mobile,Paid Ads,Completed
TXN001549,CUS0219,2026-06-04,Fashion,3,499.0,0.15,1696.6,Mobile,Paid Ads,Returned
TXN001550,CUS0219,2026-05-24,Sports,3,1499.0,0.0,5996.0,Mobile,Paid Ads,Completed
TXN001551,CUS0219,2026-04-17,Sports,1,1999.0,0.0,2665.33,Mobile,Paid Ads,Completed
TXN001552,CUS0219,2026-03-27,Sports,2,499.0,0.0,1330.67,Mobile,Paid Ads,Completed
TXN001553,CUS0219,2026-03-14,Beauty,3,399.0,0.15,1356.6,Mobile,Paid Ads,Completed
TXN001554,CUS0219,2025-12-04,Electronics,3,699.0,0.0,2796.0,Mobile,Paid Ads,Completed
TXN001555,CUS0220,2026-04-18,Sports,2,1999.0,0.0,4331.17,Tablet,Email,Completed
TXN001556,CUS0220,2026-03-18,Sports,3,299.0,0.0,971.75,Desktop,Email,Completed
TXN001557,CUS0220,2026-03-10,Beauty,3,299.0,0.0,971.75,Desktop,Email,Returned
TXN001558,CUS0220,2026-02-02,Home,2,999.0,0.0,2164.5,Desktop,Email,Completed
TXN001559,CUS0220,2026-01-27,Sports,1,1499.0,0.0,1623.92,Tablet,Email,Completed
TXN001560,CUS0220,2025-12-27,Electronics,2,1999.0,0.0,4331.17,Desktop,Email,Completed
TXN001561,CUS0220,2025-10-06,Fashion,1,499.0,0.05,513.55,Desktop,Email,Completed
TXN001562,CUS0220,2025-09-12,Fashion,2,1499.0,0.0,3247.83,Desktop,Email,Completed
TXN001563,CUS0220,2025-09-03,Sports,3,1999.0,0.0,6496.75,Desktop,Email,Returned
TXN001564,CUS0220,2025-08-06,Sports,2,999.0,0.05,2056.27,Desktop,Email,Returned
TXN001565,CUS0221,2026-08-06,Electronics,3,399.0,0.0,698.25,Mobile,Email,Completed
TXN001566,CUS0222,2026-08-06,Home,1,299.0,0.0,398.67,Tablet,Email,Completed
TXN001567,CUS0222,2026-07-30,Electronics,1,299.0,0.1,358.8,Tablet,Email,Completed
TXN001568,CUS0222,2026-06-07,Fashion,1,499.0,0.0,665.33,Tablet,Email,Completed
TXN001569,CUS0222,2026-04-22,Sports,3,999.0,0.0,3996.0,Tablet,Email,Completed
TXN001570,CUS0222,2026-04-21,Fashion,3,1999.0,0.0,7996.0,Tablet,Email,Completed
TXN001571,CUS0222,2026-01-11,Fashion,3,299.0,0.0,1196.0,Tablet,Email,Completed
TXN001572,CUS0222,2025-10-24,Fashion,2,699.0,0.0,1864.0,Tablet,Email,Completed
TXN001573,CUS0222,2025-10-15,Beauty,3,499.0,0.0,1996.0,Mobile,Email,Completed
TXN001574,CUS0223,2026-07-03,Electronics,3,399.0,0.0,1097.25,Desktop,Referral,Returned
TXN001575,CUS0223,2026-06-25,Home,2,399.0,0.0,731.5,Desktop,Referral,Completed
TXN001576,CUS0223,2026-06-03,Home,1,1999.0,0.0,1832.42,Desktop,Referral,Completed
TXN001577,CUS0223,2026-01-25,Home,3,499.0,0.0,1372.25,Desktop,Referral,Completed
TXN001578,CUS0224,2026-01-27,Sports,3,499.0,0.0,1621.75,Desktop,Paid Ads,Returned
TXN001579,CUS0224,2026-01-12,Sports,3,299.0,0.0,971.75,Desktop,Paid Ads,Completed
TXN001580,CUS0224,2025-11-09,Sports,3,499.0,0.0,1621.75,Desktop,Paid Ads,Completed
TXN001581,CUS0224,2025-10-29,Sports,3,399.0,0.0,1296.75,Tablet,Paid Ads,Completed
TXN001582,CUS0224,2025-09-15,Sports,3,1499.0,0.1,4384.58,Desktop,Paid Ads,Completed
TXN001583,CUS0224,2025-09-02,Sports,3,999.0,0.0,3246.75,Desktop,Paid Ads,Completed
TXN001584,CUS0224,2025-08-10,Sports,2,1499.0,0.2,2598.27,Tablet,Paid Ads,Completed
TXN001585,CUS0224,2025-04-05,Sports,3,399.0,0.0,1296.75,Desktop,Paid Ads,Completed
TXN001586,CUS0225,2026-08-16,Home,1,1999.0,0.1,1949.02,Desktop,Social Media,Completed
TXN001587,CUS0225,2026-08-14,Beauty,2,1499.0,0.0,3247.83,Desktop,Social Media,Completed
TXN001588,CUS0225,2026-04-11,Sports,1,299.0,0.0,323.92,Tablet,Social Media,Returned
TXN001589,CUS0225,2026-03-24,Sports,2,299.0,0.0,647.83,Desktop,Social Media,Completed
TXN001590,CUS0225,2026-03-07,Beauty,2,399.0,0.0,864.5,Tablet,Social Media,Completed
TXN001591,CUS0225,2026-03-05,Sports,1,1499.0,0.15,1380.33,Desktop,Social Media,Completed
TXN001592,CUS0225,2026-01-11,Sports,3,699.0,0.15,1930.99,Desktop,Social Media,Returned
TXN001593,CUS0225,2026-01-05,Sports,3,399.0,0.2,1037.4,Desktop,Social Media,Completed
TXN001594,CUS0226,2026-08-04,Electronics,1,1499.0,0.0,3497.67,Tablet,Referral,Completed
TXN001595,CUS0226,2026-08-02,Electronics,2,1499.0,0.0,6995.33,Desktop,Referral,Completed
TXN001596,CUS0226,2026-06-18,Electronics,2,999.0,0.0,4662.0,Desktop,Referral,Completed
TXN001597,CUS0226,2026-06-12,Electronics,3,1499.0,0.15,8919.05,Desktop,Referral,Cancelled
TXN001598,CUS0226,2026-04-22,Beauty,2,299.0,0.2,1116.27,Desktop,Referral,Completed
TXN001599,CUS0226,2026-04-13,Electronics,2,299.0,0.0,1395.33,Desktop,Referral,Completed
TXN001600,CUS0226,2026-03-17,Beauty,2,999.0,0.0,4662.0,Desktop,Referral,Completed
TXN001601,CUS0226,2026-02-01,Electronics,1,299.0,0.0,697.67,Mobile,Referral,Completed
TXN001602,CUS0226,2026-01-26,Electronics,2,399.0,0.0,1862.0,Desktop,Referral,Completed
TXN001603,CUS0226,2025-12-31,Beauty,2,1499.0,0.1,6295.8,Desktop,Referral,Completed
TXN001604,CUS0226,2025-12-08,Electronics,1,1499.0,0.0,3497.67,Desktop,Referral,Completed
TXN001605,CUS0226,2025-11-14,Electronics,1,399.0,0.15,791.35,Desktop,Referral,Completed
TXN001606,CUS0226,2025-11-11,Electronics,1,1499.0,0.2,2798.13,Desktop,Referral,Completed
TXN001607,CUS0226,2025-11-04,Electronics,3,999.0,0.0,6993.0,Desktop,Referral,Completed
TXN001608,CUS0226,2025-10-28,Electronics,1,499.0,0.0,1164.33,Desktop,Referral,Returned
TXN001609,CUS0227,2026-02-14,Fashion,3,699.0,0.0,2271.75,Desktop,Email,Completed
TXN001610,CUS0227,2025-12-30,Sports,2,499.0,0.0,1081.17,Desktop,Email,Completed
TXN001611,CUS0227,2025-12-24,Sports,3,1499.0,0.2,3897.4,Desktop,Email,Completed
TXN001612,CUS0227,2025-12-02,Sports,2,499.0,0.0,1081.17,Desktop,Email,Returned
TXN001613,CUS0227,2025-09-09,Sports,2,1999.0,0.2,3464.93,Desktop,Email,Returned
TXN001614,CUS0227,2025-08-25,Sports,3,1999.0,0.0,6496.75,Desktop,Email,Completed
TXN001615,CUS0227,2025-07-25,Sports,3,999.0,0.0,3246.75,Desktop,Email,Completed
TXN001616,CUS0228,2026-03-16,Home,2,1999.0,0.0,4331.17,Mobile,Paid Ads,Completed
TXN001617,CUS0228,2026-02-22,Sports,3,699.0,0.0,2271.75,Mobile,Paid Ads,Returned
TXN001618,CUS0228,2025-11-03,Fashion,2,299.0,0.0,647.83,Mobile,Paid Ads,Completed
TXN001619,CUS0228,2025-10-13,Sports,1,1999.0,0.0,2165.58,Mobile,Paid Ads,Completed
TXN001620,CUS0228,2025-10-10,Sports,3,1499.0,0.0,4871.75,Mobile,Paid Ads,Completed
TXN001621,CUS0228,2025-09-18,Sports,2,299.0,0.0,647.83,Mobile,Paid Ads,Completed
TXN001622,CUS0228,2025-08-13,Sports,3,399.0,0.0,1296.75,Mobile,Paid Ads,Completed
TXN001623,CUS0228,2025-08-13,Sports,3,1499.0,0.0,4871.75,Mobile,Paid Ads,Completed
TXN001624,CUS0228,2025-08-09,Sports,2,999.0,0.0,2164.5,Mobile,Paid Ads,Completed
TXN001625,CUS0229,2026-06-20,Home,2,999.0,0.0,1165.5,Mobile,Organic Search,Completed
TXN001626,CUS0229,2026-06-20,Home,2,699.0,0.0,815.5,Mobile,Organic Search,Returned
TXN001627,CUS0229,2025-12-31,Home,2,699.0,0.0,815.5,Desktop,Organic Search,Completed
TXN001628,CUS0230,2026-02-13,Sports,2,399.0,0.0,465.5,Desktop,Email,Completed
TXN001629,CUS0230,2025-06-10,Fashion,2,499.0,0.0,582.17,Mobile,Email,Completed
TXN001630,CUS0231,2026-07-30,Home,3,699.0,0.05,1494.11,Mobile,Organic Search,Completed
TXN001631,CUS0232,2026-07-24,Sports,2,399.0,0.0,864.5,Desktop,Direct,Completed
TXN001632,CUS0232,2026-06-05,Sports,1,1499.0,0.0,1623.92,Mobile,Direct,Completed
TXN001633,CUS0232,2026-04-23,Sports,2,1499.0,0.0,3247.83,Desktop,Direct,Completed
TXN001634,CUS0232,2026-03-31,Sports,2,999.0,0.15,1839.82,Desktop,Direct,Completed
TXN001635,CUS0232,2025-12-21,Sports,2,1999.0,0.1,3898.05,Desktop,Direct,Completed
TXN001636,CUS0233,2025-10-05,Sports,3,1499.0,0.0,2623.25,Desktop,Social Media,Completed
TXN001637,CUS0233,2025-06-02,Sports,1,699.0,0.15,346.59,Desktop,Social Media,Completed
TXN001638,CUS0233,2025-04-11,Electronics,3,699.0,0.0,1223.25,Desktop,Social Media,Completed
TXN001639,CUS0234,2026-01-05,Beauty,1,1999.0,0.0,1166.08,Desktop,Direct,Returned
TXN001640,CUS0234,2025-11-28,Beauty,1,1499.0,0.0,874.42,Tablet,Direct,Returned
TXN001641,CUS0235,2026-08-12,Fashion,3,499.0,0.0,1996.0,Mobile,Organic Search,Completed
TXN001642,CUS0235,2026-07-29,Electronics,2,399.0,0.0,1064.0,Mobile,Organic Search,Cancelled
TXN001643,CUS0235,2026-07-15,Electronics,3,299.0,0.0,1196.0,Mobile,Organic Search,Completed
TXN001644,CUS0235,2026-03-31,Electronics,3,999.0,0.0,3996.0,Desktop,Organic Search,Completed
TXN001645,CUS0235,2026-03-27,Beauty,3,999.0,0.0,3996.0,Mobile,Organic Search,Completed
TXN001646,CUS0235,2026-03-23,Electronics,1,499.0,0.0,665.33,Mobile,Organic Search,Completed
TXN001647,CUS0235,2026-02-23,Electronics,2,1499.0,0.0,3997.33,Mobile,Organic Search,Completed
TXN001648,CUS0235,2026-02-10,Electronics,2,999.0,0.0,2664.0,Mobile,Organic Search,Completed
TXN001649,CUS0235,2026-01-27,Electronics,3,699.0,0.0,2796.0,Mobile,Organic Search,Completed
TXN001650,CUS0235,2026-01-05,Home,3,299.0,0.15,1016.6,Mobile,Organic Search,Completed
TXN001651,CUS0235,2025-11-26,Electronics,2,499.0,0.0,1330.67,Mobile,Organic Search,Completed
TXN001652,CUS0235,2025-10-30,Electronics,3,699.0,0.0,2796.0,Mobile,Organic Search,Completed
TXN001653,CUS0235,2025-10-25,Beauty,2,499.0,0.0,1330.67,Mobile,Organic Search,Returned
TXN001654,CUS0236,2026-08-03,Sports,3,499.0,0.0,3493.0,Mobile,Direct,Completed
TXN001655,CUS0236,2026-08-01,Beauty,3,399.0,0.0,2793.0,Mobile,Direct,Completed
TXN001656,CUS0236,2026-07-27,Sports,2,499.0,0.0,2328.67,Mobile,Direct,Completed
TXN001657,CUS0236,2026-07-08,Sports,1,499.0,0.0,1164.33,Mobile,Direct,Completed
TXN001658,CUS0236,2026-06-30,Sports,2,299.0,0.0,1395.33,Mobile,Direct,Completed
TXN001659,CUS0236,2026-06-13,Home,2,299.0,0.0,1395.33,Mobile,Direct,Completed
TXN001660,CUS0236,2026-06-07,Home,1,399.0,0.05,884.45,Mobile,Direct,Completed
TXN001661,CUS0236,2026-06-06,Sports,2,399.0,0.0,1862.0,Mobile,Direct,Completed
TXN001662,CUS0236,2026-05-11,Beauty,1,499.0,0.0,1164.33,Mobile,Direct,Completed
TXN001663,CUS0236,2026-05-08,Electronics,3,299.0,0.0,2093.0,Mobile,Direct,Completed
TXN001664,CUS0236,2026-05-06,Electronics,1,1499.0,0.0,3497.67,Tablet,Direct,Completed
TXN001665,CUS0236,2026-05-02,Sports,3,399.0,0.1,2513.7,Mobile,Direct,Completed
TXN001666,CUS0236,2026-04-10,Sports,3,499.0,0.15,2969.05,Mobile,Direct,Completed
TXN001667,CUS0236,2026-02-07,Fashion,1,399.0,0.0,931.0,Desktop,Direct,Completed
TXN001668,CUS0236,2026-02-04,Sports,2,999.0,0.0,4662.0,Mobile,Direct,Completed
TXN001669,CUS0236,2026-01-12,Sports,2,999.0,0.0,4662.0,Tablet,Direct,Completed
TXN001670,CUS0236,2026-01-04,Sports,1,299.0,0.0,697.67,Mobile,Direct,Completed
TXN001671,CUS0236,2026-01-03,Sports,2,299.0,0.0,1395.33,Mobile,Direct,Completed
TXN001672,CUS0236,2025-12-20,Sports,3,999.0,0.1,6293.7,Mobile,Direct,Completed
TXN001673,CUS0236,2025-12-06,Sports,1,299.0,0.0,697.67,Mobile,Direct,Cancelled
TXN001674,CUS0236,2025-12-04,Electronics,1,299.0,0.0,697.67,Mobile,Direct,Completed
TXN001675,CUS0236,2025-12-04,Home,1,1999.0,0.0,4664.33,Mobile,Direct,Completed
TXN001676,CUS0236,2025-11-20,Home,2,999.0,0.0,4662.0,Mobile,Direct,Completed
TXN001677,CUS0236,2025-11-10,Sports,2,299.0,0.0,1395.33,Mobile,Direct,Completed
TXN001678,CUS0236,2025-11-05,Sports,1,499.0,0.0,1164.33,Mobile,Direct,Completed
TXN001679,CUS0236,2025-10-12,Sports,3,499.0,0.0,3493.0,Mobile,Direct,Completed
TXN001680,CUS0237,2026-07-18,Beauty,3,999.0,0.0,3246.75,Tablet,Referral,Completed
TXN001681,CUS0237,2026-04-16,Beauty,3,699.0,0.0,2271.75,Tablet,Referral,Completed
TXN001682,CUS0237,2026-01-25,Beauty,2,699.0,0.0,1514.5,Tablet,Referral,Completed
TXN001683,CUS0237,2025-11-07,Beauty,2,999.0,0.0,2164.5,Tablet,Referral,Completed
TXN001684,CUS0237,2025-11-01,Electronics,2,999.0,0.0,2164.5,Tablet,Referral,Completed
TXN001685,CUS0237,2025-09-29,Sports,2,999.0,0.15,1839.82,Tablet,Referral,Completed
TXN001686,CUS0238,2026-07-26,Home,1,999.0,0.0,1332.0,Mobile,Social Media,Completed
TXN001687,CUS0238,2026-07-23,Home,3,299.0,0.0,1196.0,Mobile,Social Media,Cancelled
TXN001688,CUS0238,2026-07-04,Home,1,499.0,0.0,665.33,Desktop,Social Media,Completed
TXN001689,CUS0238,2026-06-11,Sports,1,999.0,0.0,1332.0,Mobile,Social Media,Completed
TXN001690,CUS0238,2026-03-26,Beauty,1,1999.0,0.0,2665.33,Mobile,Social Media,Completed
TXN001691,CUS0238,2026-02-01,Beauty,1,399.0,0.0,532.0,Mobile,Social Media,Completed
TXN001692,CUS0238,2026-01-10,Home,3,699.0,0.0,2796.0,Mobile,Social Media,Completed
TXN001693,CUS0238,2026-01-03,Home,2,999.0,0.0,2664.0,Mobile,Social Media,Completed
TXN001694,CUS0238,2025-12-24,Home,2,1999.0,0.0,5330.67,Tablet,Social Media,Completed
TXN001695,CUS0238,2025-11-17,Home,1,1499.0,0.0,1998.67,Mobile,Social Media,Completed
TXN001696,CUS0238,2025-11-13,Home,2,699.0,0.0,1864.0,Mobile,Social Media,Completed
TXN001697,CUS0238,2025-10-19,Home,1,399.0,0.0,532.0,Desktop,Social Media,Completed
TXN001698,CUS0239,2026-07-27,Electronics,3,299.0,0.0,822.25,Desktop,Email,Returned
TXN001699,CUS0239,2026-03-30,Fashion,2,699.0,0.0,1281.5,Desktop,Email,Completed
TXN001700,CUS0239,2025-11-28,Electronics,1,299.0,0.2,219.27,Desktop,Email,Completed
TXN001701,CUS0240,2026-08-05,Fashion,1,1999.0,0.0,1166.08,Mobile,Paid Ads,Completed
TXN001702,CUS0240,2026-08-02,Fashion,1,299.0,0.0,174.42,Mobile,Paid Ads,Completed
TXN001703,CUS0240,2026-03-10,Fashion,3,299.0,0.0,523.25,Mobile,Paid Ads,Returned
TXN001704,CUS0240,2026-02-16,Fashion,1,1499.0,0.05,830.7,Mobile,Paid Ads,Completed
TXN001705,CUS0241,2026-08-07,Electronics,1,1999.0,0.0,1499.25,Mobile,Email,Completed
TXN001706,CUS0241,2026-02-27,Electronics,1,299.0,0.0,224.25,Mobile,Email,Returned
TXN001707,CUS0241,2026-02-21,Fashion,1,1499.0,0.0,1124.25,Mobile,Email,Completed
TXN001708,CUS0242,2026-08-10,Home,3,999.0,0.0,3996.0,Mobile,Referral,Completed
TXN001709,CUS0242,2026-08-03,Beauty,1,399.0,0.0,532.0,Mobile,Referral,Completed
TXN001710,CUS0242,2026-07-30,Fashion,1,999.0,0.05,1265.4,Mobile,Referral,Completed
TXN001711,CUS0242,2026-07-25,Home,3,999.0,0.0,3996.0,Mobile,Referral,Completed
TXN001712,CUS0242,2026-05-15,Electronics,1,499.0,0.0,665.33,Mobile,Referral,Completed
TXN001713,CUS0242,2026-05-05,Home,2,399.0,0.05,1010.8,Mobile,Referral,Completed
TXN001714,CUS0242,2026-04-28,Home,3,1499.0,0.1,5396.4,Mobile,Referral,Completed
TXN001715,CUS0242,2026-04-20,Home,1,999.0,0.0,1332.0,Tablet,Referral,Completed
TXN001716,CUS0242,2026-04-15,Home,2,399.0,0.0,1064.0,Mobile,Referral,Completed
TXN001717,CUS0242,2026-03-18,Home,1,399.0,0.0,532.0,Mobile,Referral,Completed
TXN001718,CUS0242,2026-03-16,Sports,1,399.0,0.0,532.0,Mobile,Referral,Completed
TXN001719,CUS0242,2026-01-14,Home,1,999.0,0.0,1332.0,Mobile,Referral,Completed
TXN001720,CUS0242,2025-10-25,Beauty,3,999.0,0.0,3996.0,Mobile,Referral,Completed
TXN001721,CUS0242,2025-10-20,Home,3,399.0,0.0,1596.0,Mobile,Referral,Completed
TXN001722,CUS0243,2026-07-25,Home,3,999.0,0.2,2197.8,Mobile,Organic Search,Completed
TXN001723,CUS0243,2026-05-12,Home,3,499.0,0.0,1372.25,Mobile,Organic Search,Completed
TXN001724,CUS0243,2026-02-10,Home,1,399.0,0.0,365.75,Mobile,Organic Search,Completed
TXN001725,CUS0244,2026-04-16,Beauty,1,999.0,0.1,974.02,Mobile,Email,Completed
TXN001726,CUS0244,2026-03-12,Beauty,2,1999.0,0.0,4331.17,Desktop,Email,Completed
TXN001727,CUS0244,2025-11-17,Beauty,1,699.0,0.0,757.25,Mobile,Email,Cancelled
TXN001728,CUS0244,2025-11-06,Beauty,1,1999.0,0.0,2165.58,Mobile,Email,Completed
TXN001729,CUS0244,2025-09-16,Beauty,1,699.0,0.1,681.52,Mobile,Email,Completed
TXN001730,CUS0244,2025-08-25,Sports,3,699.0,0.0,2271.75,Mobile,Email,Completed
TXN001731,CUS0244,2025-08-20,Beauty,3,999.0,0.0,3246.75,Mobile,Email,Completed
TXN001732,CUS0244,2025-08-17,Beauty,1,699.0,0.0,757.25,Mobile,Email,Completed
TXN001733,CUS0244,2025-07-21,Beauty,2,699.0,0.1,1363.05,Mobile,Email,Completed
TXN001734,CUS0244,2025-07-19,Beauty,2,1499.0,0.0,3247.83,Mobile,Email,Completed
TXN001735,CUS0245,2026-08-02,Electronics,2,499.0,0.0,2328.67,Mobile,Email,Completed
TXN001736,CUS0245,2026-07-31,Electronics,3,499.0,0.0,3493.0,Tablet,Email,Completed
TXN001737,CUS0245,2026-07-04,Beauty,1,699.0,0.15,1386.35,Mobile,Email,Completed
TXN001738,CUS0245,2026-06-01,Sports,1,1499.0,0.0,3497.67,Mobile,Email,Completed
TXN001739,CUS0245,2026-04-03,Fashion,2,399.0,0.0,1862.0,Mobile,Email,Completed
TXN001740,CUS0245,2026-04-01,Electronics,3,399.0,0.0,2793.0,Mobile,Email,Completed
TXN001741,CUS0245,2026-04-01,Sports,2,1999.0,0.0,9328.67,Mobile,Email,Cancelled
TXN001742,CUS0245,2026-03-08,Electronics,3,1499.0,0.0,10493.0,Desktop,Email,Completed
TXN001743,CUS0245,2026-02-04,Electronics,2,999.0,0.0,4662.0,Mobile,Email,Cancelled
TXN001744,CUS0245,2026-01-22,Home,1,999.0,0.0,2331.0,Desktop,Email,Completed
TXN001745,CUS0245,2026-01-10,Electronics,3,499.0,0.0,3493.0,Mobile,Email,Completed
TXN001746,CUS0245,2026-01-04,Electronics,1,1999.0,0.15,3964.68,Mobile,Email,Completed
TXN001747,CUS0245,2025-12-30,Electronics,1,399.0,0.1,837.9,Mobile,Email,Completed
TXN001748,CUS0245,2025-12-27,Electronics,3,699.0,0.0,4893.0,Mobile,Email,Completed
TXN001749,CUS0245,2025-11-24,Electronics,3,399.0,0.0,2793.0,Mobile,Email,Completed
TXN001750,CUS0245,2025-11-07,Electronics,3,699.0,0.0,4893.0,Tablet,Email,Completed
TXN001751,CUS0245,2025-10-21,Electronics,1,499.0,0.0,1164.33,Mobile,Email,Returned
TXN001752,CUS0245,2025-10-13,Electronics,2,399.0,0.0,1862.0,Desktop,Email,Completed
TXN001753,CUS0245,2025-10-13,Electronics,1,699.0,0.0,1631.0,Mobile,Email,Completed
TXN001754,CUS0246,2026-08-17,Home,3,1999.0,0.05,4272.86,Desktop,Paid Ads,Completed
TXN001755,CUS0246,2026-04-24,Electronics,3,699.0,0.15,1336.84,Desktop,Paid Ads,Completed
TXN001756,CUS0246,2026-03-30,Electronics,3,1999.0,0.15,3823.09,Tablet,Paid Ads,Completed
TXN001757,CUS0247,2026-08-10,Home,2,1499.0,0.0,3997.33,Tablet,Paid Ads,Completed
TXN001758,CUS0247,2026-06-30,Home,3,299.0,0.0,1196.0,Tablet,Paid Ads,Completed
TXN001759,CUS0247,2026-06-11,Fashion,1,699.0,0.05,885.4,Tablet,Paid Ads,Completed
TXN001760,CUS0247,2026-05-07,Home,2,299.0,0.0,797.33,Mobile,Paid Ads,Completed
TXN001761,CUS0247,2026-04-29,Home,3,499.0,0.0,1996.0,Tablet,Paid Ads,Completed
TXN001762,CUS0247,2026-04-06,Home,1,299.0,0.15,338.87,Tablet,Paid Ads,Completed
TXN001763,CUS0247,2026-03-23,Sports,3,1499.0,0.0,5996.0,Desktop,Paid Ads,Completed
TXN001764,CUS0247,2026-03-08,Home,3,1999.0,0.0,7996.0,Tablet,Paid Ads,Completed
TXN001765,CUS0247,2026-01-16,Electronics,3,499.0,0.1,1796.4,Tablet,Paid Ads,Completed
TXN001766,CUS0247,2025-12-15,Sports,1,499.0,0.0,665.33,Tablet,Paid Ads,Completed
TXN001767,CUS0247,2025-12-02,Home,3,699.0,0.0,2796.0,Tablet,Paid Ads,Completed
TXN001768,CUS0247,2025-11-25,Home,2,1499.0,0.15,3397.73,Tablet,Paid Ads,Cancelled
TXN001769,CUS0247,2025-10-26,Home,3,699.0,0.0,2796.0,Tablet,Paid Ads,Completed
TXN001770,CUS0247,2025-10-20,Fashion,1,499.0,0.0,665.33,Tablet,Paid Ads,Completed
TXN001771,CUS0248,2026-08-18,Sports,2,499.0,0.0,1081.17,Desktop,Organic Search,Completed
TXN001772,CUS0248,2026-06-29,Sports,3,499.0,0.0,1621.75,Tablet,Organic Search,Completed
TXN001773,CUS0248,2026-05-02,Sports,2,1499.0,0.0,3247.83,Tablet,Organic Search,Completed
TXN001774,CUS0248,2026-03-31,Sports,3,299.0,0.0,971.75,Mobile,Organic Search,Returned
TXN001775,CUS0248,2026-03-19,Sports,3,699.0,0.2,1817.4,Tablet,Organic Search,Completed
TXN001776,CUS0248,2025-11-14,Electronics,2,499.0,0.0,1081.17,Mobile,Organic Search,Completed
TXN001777,CUS0248,2025-11-08,Sports,1,299.0,0.0,323.92,Mobile,Organic Search,Completed
TXN001778,CUS0249,2025-10-30,Beauty,2,499.0,0.0,582.17,Desktop,Organic Search,Completed
TXN001779,CUS0250,2026-08-05,Sports,3,399.0,0.0,897.75,Mobile,Direct,Completed
TXN001780,CUS0250,2026-06-15,Sports,1,499.0,0.0,374.25,Mobile,Direct,Completed
TXN001781,CUS0251,2026-08-01,Sports,3,499.0,0.0,1122.75,Tablet,Email,Completed
TXN001782,CUS0251,2026-07-01,Sports,3,399.0,0.05,852.86,Tablet,Email,Completed
TXN001783,CUS0251,2025-11-12,Beauty,3,299.0,0.0,672.75,Tablet,Email,Cancelled
TXN001784,CUS0252,2026-08-13,Home,2,499.0,0.0,914.83,Mobile,Referral,Returned
TXN001785,CUS0252,2026-03-13,Sports,3,299.0,0.0,822.25,Mobile,Referral,Completed
TXN001786,CUS0252,2026-02-21,Fashion,3,699.0,0.1,1730.02,Mobile,Referral,Completed
TXN001787,CUS0252,2025-12-14,Sports,2,299.0,0.05,520.76,Mobile,Referral,Completed
TXN001788,CUS0252,2025-12-02,Sports,1,1999.0,0.0,1832.42,Mobile,Referral,Completed
TXN001789,CUS0252,2025-10-28,Sports,1,499.0,0.0,457.42,Mobile,Referral,Completed
TXN001790,CUS0253,2026-07-30,Electronics,1,399.0,0.0,532.0,Desktop,Social Media,Completed
TXN001791,CUS0253,2026-07-22,Home,2,1499.0,0.0,3997.33,Desktop,Social Media,Completed
TXN001792,CUS0253,2026-06-13,Fashion,2,1499.0,0.0,3997.33,Desktop,Social Media,Completed
TXN001793,CUS0253,2026-05-07,Home,1,699.0,0.1,838.8,Desktop,Social Media,Completed
TXN001794,CUS0253,2026-05-03,Home,1,1999.0,0.05,2532.07,Desktop,Social Media,Completed
TXN001795,CUS0253,2026-04-17,Home,2,999.0,0.0,2664.0,Desktop,Social Media,Returned
TXN001796,CUS0253,2026-03-17,Sports,1,699.0,0.0,932.0,Desktop,Social Media,Completed
TXN001797,CUS0253,2026-02-16,Beauty,2,1999.0,0.0,5330.67,Desktop,Social Media,Completed
TXN001798,CUS0253,2026-02-16,Home,1,399.0,0.0,532.0,Desktop,Social Media,Completed
TXN001799,CUS0253,2026-01-01,Electronics,1,399.0,0.0,532.0,Desktop,Social Media,Completed
TXN001800,CUS0253,2025-12-25,Home,1,999.0,0.0,1332.0,Desktop,Social Media,Completed
TXN001801,CUS0253,2025-12-24,Home,3,299.0,0.05,1136.2,Desktop,Social Media,Completed
TXN001802,CUS0253,2025-12-20,Electronics,1,699.0,0.0,932.0,Desktop,Social Media,Completed
TXN001803,CUS0253,2025-12-08,Home,3,399.0,0.0,1596.0,Desktop,Social Media,Completed
TXN001804,CUS0254,2026-07-07,Beauty,2,299.0,0.15,677.73,Desktop,Email,Completed
TXN001805,CUS0254,2026-05-11,Sports,1,299.0,0.0,398.67,Mobile,Email,Completed
TXN001806,CUS0254,2026-04-08,Sports,2,699.0,0.1,1677.6,Mobile,Email,Completed
TXN001807,CUS0254,2026-03-16,Sports,1,399.0,0.2,425.6,Mobile,Email,Completed
TXN001808,CUS0254,2026-03-04,Sports,3,999.0,0.0,3996.0,Mobile,Email,Completed
TXN001809,CUS0254,2025-11-27,Beauty,2,399.0,0.0,1064.0,Mobile,Email,Cancelled
TXN001810,CUS0254,2025-11-16,Sports,2,1999.0,0.0,5330.67,Tablet,Email,Completed
TXN001811,CUS0254,2025-10-27,Sports,1,299.0,0.0,398.67,Mobile,Email,Completed
TXN001812,CUS0254,2025-10-24,Home,2,1999.0,0.15,4531.07,Desktop,Email,Cancelled
TXN001813,CUS0254,2025-10-05,Beauty,1,299.0,0.0,398.67,Tablet,Email,Completed
TXN001814,CUS0254,2025-09-22,Sports,2,1999.0,0.05,5064.13,Tablet,Email,Completed
TXN001815,CUS0255,2026-08-17,Sports,3,499.0,0.0,1122.75,Mobile,Referral,Returned
TXN001816,CUS0255,2026-04-03,Electronics,2,1499.0,0.0,2248.5,Mobile,Referral,Completed
TXN001817,CUS0255,2025-12-05,Fashion,2,1999.0,0.0,2998.5,Mobile,Referral,Completed
TXN001818,CUS0256,2026-07-02,Sports,3,299.0,0.0,822.25,Mobile,Social Media,Completed
TXN001819,CUS0256,2026-04-05,Fashion,2,699.0,0.2,1025.2,Mobile,Social Media,Completed
TXN001820,CUS0256,2026-02-21,Electronics,1,699.0,0.2,512.6,Mobile,Social Media,Completed
TXN001821,CUS0256,2025-10-22,Electronics,2,1499.0,0.0,2748.17,Mobile,Social Media,Completed
TXN001822,CUS0257,2026-08-12,Beauty,1,699.0,0.0,1631.0,Desktop,Email,Completed
TXN001823,CUS0257,2026-07-24,Fashion,2,1999.0,0.1,8395.8,Desktop,Email,Cancelled
TXN001824,CUS0257,2026-07-20,Sports,2,399.0,0.0,1862.0,Tablet,Email,Completed
TXN001825,CUS0257,2026-07-20,Sports,1,699.0,0.0,1631.0,Desktop,Email,Completed
TXN001826,CUS0257,2026-07-01,Beauty,2,499.0,0.1,2095.8,Desktop,Email,Completed
TXN001827,CUS0257,2026-07-01,Sports,2,399.0,0.05,1768.9,Tablet,Email,Completed
TXN001828,CUS0257,2026-06-24,Fashion,1,699.0,0.0,1631.0,Desktop,Email,Completed
TXN001829,CUS0257,2026-06-24,Sports,1,499.0,0.0,1164.33,Mobile,Email,Completed
TXN001830,CUS0257,2026-06-01,Sports,1,399.0,0.0,931.0,Desktop,Email,Completed
TXN001831,CUS0257,2026-05-19,Sports,1,1499.0,0.0,3497.67,Desktop,Email,Completed
TXN001832,CUS0257,2026-05-11,Electronics,2,1999.0,0.2,7462.93,Tablet,Email,Completed
TXN001833,CUS0257,2026-05-06,Sports,2,699.0,0.0,3262.0,Desktop,Email,Cancelled
TXN001834,CUS0257,2026-04-26,Beauty,3,399.0,0.0,2793.0,Desktop,Email,Completed
TXN001835,CUS0257,2026-04-25,Sports,2,1999.0,0.0,9328.67,Mobile,Email,Completed
TXN001836,CUS0257,2026-04-17,Sports,2,399.0,0.0,1862.0,Desktop,Email,Completed
TXN001837,CUS0257,2026-03-12,Sports,1,1999.0,0.0,4664.33,Desktop,Email,Completed
TXN001838,CUS0257,2026-02-13,Sports,2,1499.0,0.0,6995.33,Desktop,Email,Completed
TXN001839,CUS0257,2026-02-06,Fashion,1,399.0,0.15,791.35,Desktop,Email,Completed
TXN001840,CUS0257,2026-01-22,Sports,1,1499.0,0.1,3147.9,Tablet,Email,Completed
TXN001841,CUS0257,2025-12-30,Electronics,2,499.0,0.0,2328.67,Desktop,Email,Completed
TXN001842,CUS0257,2025-12-08,Sports,2,999.0,0.1,4195.8,Desktop,Email,Completed
TXN001843,CUS0257,2025-11-03,Home,1,1999.0,0.0,4664.33,Desktop,Email,Completed
TXN001844,CUS0257,2025-10-31,Sports,3,499.0,0.0,3493.0,Desktop,Email,Completed
TXN001845,CUS0258,2026-07-08,Electronics,3,1499.0,0.0,4871.75,Mobile,Email,Completed
TXN001846,CUS0258,2026-07-06,Electronics,2,999.0,0.0,2164.5,Mobile,Email,Completed
TXN001847,CUS0258,2026-05-25,Electronics,3,299.0,0.0,971.75,Mobile,Email,Completed
TXN001848,CUS0258,2026-03-07,Sports,1,1499.0,0.0,1623.92,Mobile,Email,Completed
TXN001849,CUS0258,2026-02-16,Home,2,399.0,0.0,864.5,Mobile,Email,Completed
TXN001850,CUS0258,2026-01-10,Electronics,1,299.0,0.0,323.92,Mobile,Email,Completed
TXN001851,CUS0258,2025-11-26,Fashion,1,299.0,0.0,323.92,Mobile,Email,Completed
TXN001852,CUS0258,2025-10-02,Electronics,1,699.0,0.0,757.25,Mobile,Email,Completed
TXN001853,CUS0259,2026-08-15,Home,2,999.0,0.1,1648.35,Desktop,Email,Completed
TXN001854,CUS0259,2026-03-12,Home,3,399.0,0.15,932.66,Desktop,Email,Completed
TXN001855,CUS0259,2026-01-14,Home,1,299.0,0.0,274.08,Desktop,Email,Completed
TXN001856,CUS0260,2026-07-21,Sports,2,1999.0,0.0,5330.67,Desktop,Referral,Completed
TXN001857,CUS0260,2026-06-18,Sports,2,1499.0,0.0,3997.33,Desktop,Referral,Completed
TXN001858,CUS0260,2026-05-08,Sports,3,499.0,0.05,1896.2,Desktop,Referral,Completed
TXN001859,CUS0260,2026-04-21,Sports,2,1999.0,0.0,5330.67,Desktop,Referral,Completed
TXN001860,CUS0260,2026-04-14,Sports,3,1999.0,0.0,7996.0,Desktop,Referral,Completed
TXN001861,CUS0260,2026-02-20,Fashion,2,999.0,0.15,2264.4,Desktop,Referral,Completed
TXN001862,CUS0260,2025-12-29,Home,2,1999.0,0.0,5330.67,Desktop,Referral,Completed
TXN001863,CUS0260,2025-11-08,Sports,3,1999.0,0.0,7996.0,Desktop,Referral,Completed
TXN001864,CUS0260,2025-10-30,Sports,3,1499.0,0.2,4796.8,Desktop,Referral,Completed
TXN001865,CUS0260,2025-10-18,Sports,2,999.0,0.2,2131.2,Desktop,Referral,Completed
TXN001866,CUS0260,2025-10-12,Sports,2,299.0,0.05,757.47,Desktop,Referral,Returned
TXN001867,CUS0261,2026-08-19,Sports,1,1999.0,0.15,3964.68,Mobile,Direct,Completed
TXN001868,CUS0261,2026-07-16,Beauty,2,1999.0,0.0,9328.67,Mobile,Direct,Completed
TXN001869,CUS0261,2026-07-09,Sports,3,499.0,0.0,3493.0,Mobile,Direct,Completed
TXN001870,CUS0261,2026-07-02,Sports,3,1499.0,0.0,10493.0,Mobile,Direct,Completed
TXN001871,CUS0261,2026-06-18,Home,1,999.0,0.0,2331.0,Mobile,Direct,Completed
TXN001872,CUS0261,2026-05-08,Home,1,999.0,0.0,2331.0,Mobile,Direct,Completed
TXN001873,CUS0261,2026-05-06,Sports,1,1999.0,0.0,4664.33,Mobile,Direct,Completed
TXN001874,CUS0261,2026-04-29,Home,3,699.0,0.0,4893.0,Mobile,Direct,Completed
TXN001875,CUS0261,2026-04-04,Sports,2,499.0,0.0,2328.67,Mobile,Direct,Completed
TXN001876,CUS0261,2026-03-28,Sports,3,299.0,0.0,2093.0,Mobile,Direct,Completed
TXN001877,CUS0261,2026-03-26,Sports,1,499.0,0.0,1164.33,Mobile,Direct,Completed
TXN001878,CUS0261,2026-03-06,Beauty,2,299.0,0.05,1325.57,Mobile,Direct,Completed
TXN001879,CUS0261,2026-02-05,Beauty,2,499.0,0.0,2328.67,Desktop,Direct,Completed
TXN001880,CUS0261,2025-12-19,Beauty,1,999.0,0.0,2331.0,Mobile,Direct,Completed
TXN001881,CUS0261,2025-12-17,Sports,3,999.0,0.0,6993.0,Mobile,Direct,Completed
TXN001882,CUS0261,2025-12-14,Fashion,1,299.0,0.0,697.67,Mobile,Direct,Completed
TXN001883,CUS0261,2025-11-15,Home,1,1499.0,0.0,3497.67,Mobile,Direct,Completed
TXN001884,CUS0262,2026-06-19,Sports,2,299.0,0.15,550.66,Desktop,Email,Completed
TXN001885,CUS0262,2026-04-30,Home,1,1499.0,0.0,1623.92,Mobile,Email,Returned
TXN001886,CUS0262,2026-04-05,Home,2,1999.0,0.0,4331.17,Mobile,Email,Completed
TXN001887,CUS0262,2026-01-12,Home,1,499.0,0.0,540.58,Mobile,Email,Returned
TXN001888,CUS0262,2025-11-16,Home,2,299.0,0.0,647.83,Mobile,Email,Returned
TXN001889,CUS0262,2025-10-08,Beauty,1,299.0,0.0,323.92,Mobile,Email,Completed
TXN001890,CUS0262,2025-10-03,Beauty,2,999.0,0.2,1731.6,Mobile,Email,Completed
TXN001891,CUS0262,2025-09-29,Home,1,299.0,0.0,323.92,Mobile,Email,Completed
TXN001892,CUS0263,2026-08-16,Home,1,299.0,0.2,318.93,Desktop,Email,Completed
TXN001893,CUS0263,2026-08-10,Home,3,499.0,0.0,1996.0,Desktop,Email,Completed
TXN001894,CUS0263,2026-08-07,Home,2,1999.0,0.0,5330.67,Desktop,Email,Completed
TXN001895,CUS0263,2026-06-11,Home,2,399.0,0.2,851.2,Tablet,Email,Completed
TXN001896,CUS0263,2026-05-31,Home,1,499.0,0.0,665.33,Desktop,Email,Cancelled
TXN001897,CUS0263,2026-04-06,Home,3,499.0,0.0,1996.0,Mobile,Email,Completed
TXN001898,CUS0263,2026-03-22,Home,1,1999.0,0.0,2665.33,Desktop,Email,Completed
TXN001899,CUS0263,2026-03-20,Fashion,3,399.0,0.05,1516.2,Desktop,Email,Completed
TXN001900,CUS0263,2026-03-11,Home,3,999.0,0.15,3396.6,Desktop,Email,Completed
TXN001901,CUS0263,2026-02-21,Home,2,999.0,0.0,2664.0,Desktop,Email,Completed
TXN001902,CUS0263,2025-12-28,Home,1,999.0,0.0,1332.0,Mobile,Email,Completed
TXN001903,CUS0263,2025-12-28,Home,3,1999.0,0.0,7996.0,Desktop,Email,Completed
TXN001904,CUS0263,2025-11-08,Sports,3,499.0,0.0,1996.0,Desktop,Email,Completed
TXN001905,CUS0263,2025-10-25,Electronics,1,499.0,0.0,665.33,Tablet,Email,Returned
TXN001906,CUS0264,2026-08-10,Home,3,399.0,0.15,1356.6,Desktop,Direct,Completed
TXN001907,CUS0264,2026-06-23,Beauty,2,699.0,0.0,1864.0,Desktop,Direct,Completed
TXN001908,CUS0264,2026-05-22,Sports,3,399.0,0.15,1356.6,Desktop,Direct,Cancelled
TXN001909,CUS0264,2026-03-17,Home,2,999.0,0.0,2664.0,Desktop,Direct,Completed
TXN001910,CUS0264,2026-03-02,Home,2,399.0,0.0,1064.0,Desktop,Direct,Completed
TXN001911,CUS0264,2026-01-05,Sports,1,699.0,0.0,932.0,Desktop,Direct,Completed
TXN001912,CUS0264,2025-11-28,Home,3,399.0,0.0,1596.0,Desktop,Direct,Completed
TXN001913,CUS0264,2025-11-25,Electronics,2,299.0,0.05,757.47,Desktop,Direct,Completed
TXN001914,CUS0264,2025-10-31,Sports,3,999.0,0.15,3396.6,Desktop,Direct,Completed
TXN001915,CUS0265,2026-08-16,Home,2,499.0,0.0,1330.67,Mobile,Direct,Completed
TXN001916,CUS0265,2026-07-31,Home,1,399.0,0.2,425.6,Mobile,Direct,Completed
TXN001917,CUS0265,2026-06-21,Home,1,699.0,0.0,932.0,Tablet,Direct,Completed
TXN001918,CUS0265,2026-05-14,Sports,3,999.0,0.0,3996.0,Mobile,Direct,Cancelled
TXN001919,CUS0265,2026-05-08,Home,2,499.0,0.0,1330.67,Mobile,Direct,Completed
TXN001920,CUS0265,2026-05-04,Home,1,1999.0,0.05,2532.07,Mobile,Direct,Completed
TXN001921,CUS0265,2026-04-26,Beauty,2,1499.0,0.0,3997.33,Mobile,Direct,Completed
TXN001922,CUS0265,2025-12-24,Home,1,399.0,0.0,532.0,Mobile,Direct,Completed
TXN001923,CUS0265,2025-12-14,Home,2,299.0,0.0,797.33,Tablet,Direct,Completed
TXN001924,CUS0266,2026-08-05,Electronics,3,399.0,0.0,2793.0,Mobile,Referral,Completed
TXN001925,CUS0266,2026-08-04,Sports,2,999.0,0.0,4662.0,Mobile,Referral,Completed
TXN001926,CUS0266,2026-07-28,Home,2,999.0,0.0,4662.0,Tablet,Referral,Completed
TXN001927,CUS0266,2026-06-29,Home,1,1999.0,0.0,4664.33,Mobile,Referral,Completed
TXN001928,CUS0266,2026-06-20,Home,1,399.0,0.0,931.0,Mobile,Referral,Completed
TXN001929,CUS0266,2026-06-18,Home,2,499.0,0.0,2328.67,Mobile,Referral,Completed
TXN001930,CUS0266,2026-05-05,Home,3,399.0,0.1,2513.7,Mobile,Referral,Completed
TXN001931,CUS0266,2026-02-27,Home,3,499.0,0.0,3493.0,Mobile,Referral,Completed
TXN001932,CUS0266,2026-02-03,Home,2,1999.0,0.0,9328.67,Mobile,Referral,Completed
TXN001933,CUS0266,2026-01-11,Home,3,699.0,0.15,4159.05,Mobile,Referral,Completed
TXN001934,CUS0266,2026-01-03,Home,3,1999.0,0.0,13993.0,Mobile,Referral,Completed
TXN001935,CUS0266,2025-12-25,Home,1,499.0,0.0,1164.33,Mobile,Referral,Completed
TXN001936,CUS0266,2025-12-22,Home,3,999.0,0.0,6993.0,Mobile,Referral,Completed
TXN001937,CUS0266,2025-10-10,Home,1,499.0,0.2,931.47,Mobile,Referral,Completed
TXN001938,CUS0267,2025-12-13,Fashion,1,1999.0,0.0,1166.08,Mobile,Referral,Completed
TXN001939,CUS0267,2025-11-13,Home,3,499.0,0.0,873.25,Mobile,Referral,Completed
TXN001940,CUS0267,2025-06-12,Home,2,399.0,0.0,465.5,Mobile,Referral,Completed
TXN001941,CUS0267,2025-05-15,Home,1,1499.0,0.0,874.42,Mobile,Referral,Completed
TXN001942,CUS0268,2026-07-24,Sports,3,1999.0,0.0,7996.0,Tablet,Direct,Completed
TXN001943,CUS0268,2026-06-27,Sports,1,999.0,0.0,1332.0,Tablet,Direct,Completed
TXN001944,CUS0268,2026-06-17,Sports,2,499.0,0.05,1264.13,Tablet,Direct,Completed
TXN001945,CUS0268,2026-05-22,Sports,3,1999.0,0.0,7996.0,Tablet,Direct,Returned
TXN001946,CUS0268,2026-05-19,Home,3,499.0,0.0,1996.0,Tablet,Direct,Completed
TXN001947,CUS0268,2026-04-17,Electronics,2,999.0,0.0,2664.0,Tablet,Direct,Completed
TXN001948,CUS0268,2026-04-12,Beauty,1,299.0,0.1,358.8,Tablet,Direct,Completed
TXN001949,CUS0268,2026-02-15,Sports,3,999.0,0.0,3996.0,Tablet,Direct,Returned
TXN001950,CUS0268,2026-02-04,Sports,1,699.0,0.0,932.0,Tablet,Direct,Completed
TXN001951,CUS0268,2026-01-30,Fashion,3,699.0,0.0,2796.0,Tablet,Direct,Completed
TXN001952,CUS0268,2026-01-15,Electronics,1,399.0,0.05,505.4,Tablet,Direct,Completed
TXN001953,CUS0268,2025-12-29,Sports,3,499.0,0.0,1996.0,Tablet,Direct,Completed
TXN001954,CUS0268,2025-12-26,Sports,3,1999.0,0.0,7996.0,Tablet,Direct,Completed
TXN001955,CUS0268,2025-12-19,Sports,3,999.0,0.0,3996.0,Tablet,Direct,Completed
TXN001956,CUS0269,2026-08-15,Fashion,2,1499.0,0.1,2023.65,Mobile,Organic Search,Completed
TXN001957,CUS0270,2026-03-03,Home,2,1499.0,0.0,1748.83,Tablet,Social Media,Completed
TXN001958,CUS0271,2026-06-08,Beauty,1,299.0,0.0,323.92,Desktop,Organic Search,Completed
TXN001959,CUS0271,2026-04-15,Beauty,2,1499.0,0.0,3247.83,Desktop,Organic Search,Completed
TXN001960,CUS0271,2026-01-29,Sports,1,999.0,0.0,1082.25,Desktop,Organic Search,Completed
TXN001961,CUS0271,2025-11-02,Beauty,2,1999.0,0.0,4331.17,Desktop,Organic Search,Completed
TXN001962,CUS0271,2025-09-30,Electronics,3,1999.0,0.0,6496.75,Tablet,Organic Search,Returned
TXN001963,CUS0271,2025-09-16,Beauty,2,1999.0,0.0,4331.17,Desktop,Organic Search,Completed
TXN001964,CUS0271,2025-09-01,Beauty,2,1499.0,0.05,3085.44,Mobile,Organic Search,Completed
TXN001965,CUS0271,2025-08-16,Home,3,499.0,0.0,1621.75,Desktop,Organic Search,Completed
TXN001966,CUS0272,2026-07-16,Fashion,3,699.0,0.0,2796.0,Desktop,Paid Ads,Completed
TXN001967,CUS0272,2026-06-17,Electronics,1,399.0,0.05,505.4,Desktop,Paid Ads,Completed
TXN001968,CUS0272,2026-05-29,Fashion,3,399.0,0.05,1516.2,Desktop,Paid Ads,Completed
TXN001969,CUS0272,2026-05-09,Fashion,3,1499.0,0.0,5996.0,Tablet,Paid Ads,Completed
TXN001970,CUS0272,2026-04-30,Fashion,2,399.0,0.0,1064.0,Desktop,Paid Ads,Completed
TXN001971,CUS0272,2026-03-24,Fashion,2,1499.0,0.0,3997.33,Desktop,Paid Ads,Completed
TXN001972,CUS0272,2026-03-18,Fashion,2,1499.0,0.1,3597.6,Desktop,Paid Ads,Completed
TXN001973,CUS0272,2026-03-03,Fashion,2,699.0,0.2,1491.2,Desktop,Paid Ads,Completed
TXN001974,CUS0272,2026-02-06,Fashion,3,999.0,0.0,3996.0,Desktop,Paid Ads,Completed
TXN001975,CUS0272,2026-01-07,Fashion,1,399.0,0.0,532.0,Desktop,Paid Ads,Completed
TXN001976,CUS0272,2025-11-26,Fashion,3,699.0,0.0,2796.0,Desktop,Paid Ads,Completed
TXN001977,CUS0273,2026-07-29,Beauty,3,1499.0,0.0,3372.75,Mobile,Paid Ads,Completed
TXN001978,CUS0273,2025-12-28,Fashion,2,399.0,0.0,598.5,Desktop,Paid Ads,Completed
TXN001979,CUS0274,2026-02-09,Electronics,3,499.0,0.0,873.25,Desktop,Direct,Completed
TXN001980,CUS0274,2026-01-12,Fashion,3,399.0,0.0,698.25,Desktop,Direct,Completed
TXN001981,CUS0275,2026-08-02,Beauty,2,1999.0,0.0,2998.5,Mobile,Social Media,Completed
TXN001982,CUS0276,2026-07-12,Home,2,699.0,0.0,1514.5,Desktop,Direct,Completed
TXN001983,CUS0276,2026-06-18,Fashion,1,1999.0,0.0,2165.58,Desktop,Direct,Completed
TXN001984,CUS0276,2026-05-01,Home,2,1999.0,0.0,4331.17,Mobile,Direct,Completed
TXN001985,CUS0276,2026-04-18,Home,1,1999.0,0.0,2165.58,Desktop,Direct,Completed
TXN001986,CUS0276,2026-03-25,Home,2,1499.0,0.0,3247.83,Desktop,Direct,Completed
TXN001987,CUS0276,2026-03-17,Fashion,1,999.0,0.0,1082.25,Desktop,Direct,Completed
TXN001988,CUS0276,2026-01-14,Home,3,299.0,0.0,971.75,Desktop,Direct,Completed
TXN001989,CUS0276,2025-12-28,Home,3,499.0,0.0,1621.75,Desktop,Direct,Completed
TXN001990,CUS0276,2025-11-03,Home,1,999.0,0.0,1082.25,Desktop,Direct,Completed
TXN001991,CUS0276,2025-10-20,Home,3,699.0,0.0,2271.75,Desktop,Direct,Completed
TXN001992,CUS0277,2026-08-14,Beauty,2,999.0,0.0,4662.0,Tablet,Email,Completed
TXN001993,CUS0277,2026-08-11,Beauty,1,1999.0,0.0,4664.33,Mobile,Email,Completed
TXN001994,CUS0277,2026-07-29,Sports,1,399.0,0.0,931.0,Mobile,Email,Completed
TXN001995,CUS0277,2026-07-09,Beauty,1,499.0,0.0,1164.33,Mobile,Email,Completed
TXN001996,CUS0277,2026-07-08,Beauty,3,399.0,0.0,2793.0,Mobile,Email,Completed
TXN001997,CUS0277,2026-06-28,Beauty,2,699.0,0.0,3262.0,Mobile,Email,Completed
TXN001998,CUS0277,2026-06-25,Beauty,3,399.0,0.2,2234.4,Mobile,Email,Completed
TXN001999,CUS0277,2026-06-18,Beauty,3,499.0,0.0,3493.0,Mobile,Email,Completed
TXN002000,CUS0277,2026-06-08,Sports,1,299.0,0.0,697.67,Mobile,Email,Completed
TXN002001,CUS0277,2026-05-25,Beauty,3,499.0,0.0,3493.0,Tablet,Email,Completed
TXN002002,CUS0277,2026-05-23,Beauty,2,499.0,0.0,2328.67,Mobile,Email,Completed
TXN002003,CUS0277,2026-04-05,Beauty,1,999.0,0.0,2331.0,Mobile,Email,Completed
TXN002004,CUS0277,2026-03-23,Beauty,1,499.0,0.0,1164.33,Mobile,Email,Completed
TXN002005,CUS0277,2026-02-23,Beauty,1,499.0,0.0,1164.33,Mobile,Email,Completed
TXN002006,CUS0277,2026-02-19,Beauty,2,999.0,0.0,4662.0,Mobile,Email,Completed
TXN002007,CUS0277,2026-02-15,Sports,2,1999.0,0.1,8395.8,Mobile,Email,Completed
TXN002008,CUS0277,2026-02-03,Electronics,2,1499.0,0.0,6995.33,Mobile,Email,Cancelled
TXN002009,CUS0277,2026-01-12,Electronics,2,1999.0,0.0,9328.67,Mobile,Email,Completed
TXN002010,CUS0277,2025-11-10,Beauty,3,699.0,0.0,4893.0,Mobile,Email,Completed
TXN002011,CUS0277,2025-11-01,Fashion,2,299.0,0.0,1395.33,Mobile,Email,Completed
TXN002012,CUS0278,2026-08-08,Electronics,3,999.0,0.15,2759.74,Mobile,Referral,Completed
TXN002013,CUS0278,2026-07-08,Electronics,3,699.0,0.15,1930.99,Mobile,Referral,Completed
TXN002014,CUS0278,2026-04-27,Electronics,1,999.0,0.0,1082.25,Mobile,Referral,Completed
TXN002015,CUS0278,2026-03-11,Fashion,2,299.0,0.0,647.83,Mobile,Referral,Cancelled
TXN002016,CUS0278,2026-02-09,Electronics,1,699.0,0.0,757.25,Mobile,Referral,Completed
TXN002017,CUS0278,2026-01-11,Electronics,3,399.0,0.0,1296.75,Mobile,Referral,Completed
TXN002018,CUS0278,2025-12-21,Electronics,1,1999.0,0.0,2165.58,Desktop,Referral,Cancelled
TXN002019,CUS0278,2025-11-10,Sports,1,299.0,0.0,323.92,Mobile,Referral,Cancelled
TXN002020,CUS0278,2025-10-23,Electronics,2,1999.0,0.0,4331.17,Mobile,Referral,Completed
TXN002021,CUS0279,2026-07-25,Beauty,3,699.0,0.0,2271.75,Desktop,Organic Search,Completed
TXN002022,CUS0279,2026-07-09,Beauty,3,1999.0,0.0,6496.75,Desktop,Organic Search,Completed
TXN002023,CUS0279,2026-05-05,Beauty,1,699.0,0.0,757.25,Desktop,Organic Search,Completed
TXN002024,CUS0279,2026-04-19,Beauty,1,1999.0,0.0,2165.58,Desktop,Organic Search,Completed
TXN002025,CUS0279,2026-04-15,Beauty,1,1999.0,0.15,1840.75,Desktop,Organic Search,Completed
TXN002026,CUS0279,2026-02-08,Beauty,3,1999.0,0.15,5522.24,Desktop,Organic Search,Completed
TXN002027,CUS0279,2025-11-24,Beauty,2,1999.0,0.0,4331.17,Tablet,Organic Search,Completed
TXN002028,CUS0280,2026-01-02,Fashion,1,699.0,0.0,407.75,Mobile,Organic Search,Completed
TXN002029,CUS0281,2026-08-02,Sports,1,1499.0,0.0,1623.92,Desktop,Direct,Completed
TXN002030,CUS0281,2026-06-11,Sports,3,699.0,0.0,2271.75,Desktop,Direct,Completed
TXN002031,CUS0281,2026-05-03,Home,3,1499.0,0.15,4140.99,Desktop,Direct,Completed
TXN002032,CUS0281,2026-01-04,Home,2,1999.0,0.0,4331.17,Desktop,Direct,Completed
TXN002033,CUS0281,2025-12-05,Electronics,1,399.0,0.2,345.8,Desktop,Direct,Completed
TXN002034,CUS0281,2025-12-03,Sports,2,1999.0,0.0,4331.17,Mobile,Direct,Completed
TXN002035,CUS0282,2026-08-14,Electronics,3,1499.0,0.2,2698.2,Desktop,Organic Search,Completed
TXN002036,CUS0282,2026-07-07,Home,3,299.0,0.0,672.75,Tablet,Organic Search,Completed
TXN002037,CUS0283,2026-08-14,Sports,3,1999.0,0.0,13993.0,Desktop,Paid Ads,Completed
TXN002038,CUS0283,2026-06-30,Sports,2,499.0,0.0,2328.67,Desktop,Paid Ads,Completed
TXN002039,CUS0283,2026-06-08,Sports,1,999.0,0.0,2331.0,Desktop,Paid Ads,Completed
TXN002040,CUS0283,2026-05-26,Fashion,2,1999.0,0.0,9328.67,Desktop,Paid Ads,Completed
TXN002041,CUS0283,2026-04-29,Fashion,3,1999.0,0.0,13993.0,Tablet,Paid Ads,Completed
TXN002042,CUS0283,2026-04-08,Sports,2,999.0,0.15,3962.7,Desktop,Paid Ads,Completed
TXN002043,CUS0283,2026-03-30,Sports,2,399.0,0.0,1862.0,Desktop,Paid Ads,Completed
TXN002044,CUS0283,2026-03-19,Home,2,399.0,0.0,1862.0,Desktop,Paid Ads,Completed
TXN002045,CUS0283,2026-03-17,Fashion,3,1999.0,0.0,13993.0,Mobile,Paid Ads,Completed
TXN002046,CUS0283,2026-03-05,Sports,1,299.0,0.0,697.67,Desktop,Paid Ads,Completed
TXN002047,CUS0283,2026-02-12,Sports,2,1499.0,0.0,6995.33,Desktop,Paid Ads,Completed
TXN002048,CUS0283,2026-02-11,Sports,1,699.0,0.1,1467.9,Desktop,Paid Ads,Completed
TXN002049,CUS0283,2026-01-19,Fashion,1,399.0,0.0,931.0,Desktop,Paid Ads,Completed
TXN002050,CUS0283,2025-12-08,Sports,1,499.0,0.0,1164.33,Tablet,Paid Ads,Completed
TXN002051,CUS0283,2025-11-30,Sports,1,699.0,0.0,1631.0,Desktop,Paid Ads,Completed
TXN002052,CUS0283,2025-11-18,Fashion,2,499.0,0.0,2328.67,Desktop,Paid Ads,Completed
TXN002053,CUS0284,2026-07-22,Beauty,3,399.0,0.0,1097.25,Mobile,Email,Returned
TXN002054,CUS0284,2026-05-21,Beauty,3,699.0,0.15,1633.91,Mobile,Email,Completed
TXN002055,CUS0284,2025-12-30,Sports,3,1499.0,0.0,4122.25,Mobile,Email,Completed
TXN002056,CUS0285,2026-02-13,Fashion,3,999.0,0.0,3246.75,Desktop,Social Media,Completed
TXN002057,CUS0285,2025-11-11,Home,3,999.0,0.0,3246.75,Tablet,Social Media,Completed
TXN002058,CUS0285,2025-07-25,Home,1,999.0,0.0,1082.25,Desktop,Social Media,Completed
TXN002059,CUS0285,2025-07-03,Electronics,1,299.0,0.2,259.13,Desktop,Social Media,Returned
TXN002060,CUS0285,2025-05-22,Home,3,1499.0,0.0,4871.75,Desktop,Social Media,Completed
TXN002061,CUS0286,2026-08-02,Fashion,2,1999.0,0.0,5330.67,Desktop,Direct,Completed
TXN002062,CUS0286,2026-07-28,Fashion,3,299.0,0.0,1196.0,Desktop,Direct,Completed
TXN002063,CUS0286,2026-07-14,Beauty,3,499.0,0.0,1996.0,Desktop,Direct,Completed
TXN002064,CUS0286,2026-07-01,Sports,3,1999.0,0.1,7196.4,Desktop,Direct,Completed
TXN002065,CUS0286,2026-05-25,Fashion,3,1499.0,0.1,5396.4,Desktop,Direct,Completed
TXN002066,CUS0286,2026-05-16,Fashion,3,299.0,0.0,1196.0,Desktop,Direct,Completed
TXN002067,CUS0286,2026-02-26,Sports,3,299.0,0.0,1196.0,Desktop,Direct,Completed
TXN002068,CUS0286,2026-02-03,Fashion,3,499.0,0.05,1896.2,Desktop,Direct,Completed
TXN002069,CUS0286,2026-01-24,Fashion,1,299.0,0.1,358.8,Desktop,Direct,Completed
TXN002070,CUS0286,2026-01-01,Sports,1,1999.0,0.0,2665.33,Desktop,Direct,Completed
TXN002071,CUS0286,2025-12-16,Sports,1,299.0,0.0,398.67,Desktop,Direct,Completed
TXN002072,CUS0286,2025-11-28,Electronics,1,499.0,0.0,665.33,Desktop,Direct,Completed
TXN002073,CUS0286,2025-11-21,Fashion,1,399.0,0.0,532.0,Desktop,Direct,Completed
TXN002074,CUS0286,2025-10-29,Fashion,2,1999.0,0.0,5330.67,Desktop,Direct,Completed
TXN002075,CUS0287,2026-07-20,Electronics,1,499.0,0.0,665.33,Mobile,Organic Search,Completed
TXN002076,CUS0287,2026-07-06,Electronics,1,299.0,0.1,358.8,Mobile,Organic Search,Completed
TXN002077,CUS0287,2026-07-01,Fashion,1,1499.0,0.15,1698.87,Mobile,Organic Search,Completed
TXN002078,CUS0287,2026-04-07,Electronics,2,999.0,0.0,2664.0,Mobile,Organic Search,Completed
TXN002079,CUS0287,2026-01-01,Electronics,3,499.0,0.0,1996.0,Mobile,Organic Search,Completed
TXN002080,CUS0287,2025-12-06,Home,3,499.0,0.0,1996.0,Mobile,Organic Search,Completed
TXN002081,CUS0287,2025-11-10,Electronics,2,999.0,0.15,2264.4,Mobile,Organic Search,Completed
TXN002082,CUS0287,2025-10-28,Sports,1,299.0,0.0,398.67,Mobile,Organic Search,Completed
TXN002083,CUS0287,2025-10-18,Sports,2,1999.0,0.0,5330.67,Mobile,Organic Search,Cancelled
TXN002084,CUS0287,2025-09-30,Fashion,3,299.0,0.0,1196.0,Mobile,Organic Search,Completed
TXN002085,CUS0288,2026-08-18,Beauty,2,399.0,0.0,731.5,Desktop,Organic Search,Completed
TXN002086,CUS0288,2026-02-01,Electronics,3,299.0,0.0,822.25,Desktop,Organic Search,Completed
TXN002087,CUS0288,2026-01-09,Fashion,3,499.0,0.0,1372.25,Desktop,Organic Search,Completed
TXN002088,CUS0289,2026-01-17,Beauty,2,499.0,0.0,1081.17,Mobile,Referral,Completed
TXN002089,CUS0289,2026-01-07,Electronics,3,1999.0,0.0,6496.75,Mobile,Referral,Completed
TXN002090,CUS0289,2025-11-26,Fashion,1,699.0,0.0,757.25,Mobile,Referral,Completed
TXN002091,CUS0289,2025-09-13,Fashion,3,499.0,0.0,1621.75,Mobile,Referral,Returned
TXN002092,CUS0289,2025-05-21,Fashion,3,399.0,0.2,1037.4,Tablet,Referral,Completed
TXN002093,CUS0289,2025-04-03,Fashion,1,1999.0,0.0,2165.58,Desktop,Referral,Completed
TXN002094,CUS0290,2026-01-02,Fashion,1,499.0,0.0,291.08,Mobile,Email,Completed
TXN002095,CUS0290,2025-06-05,Home,1,1999.0,0.0,1166.08,Mobile,Email,Completed
TXN002096,CUS0291,2026-07-24,Beauty,2,1999.0,0.0,5330.67,Mobile,Organic Search,Returned
TXN002097,CUS0291,2026-04-16,Electronics,2,1499.0,0.0,3997.33,Mobile,Organic Search,Completed
TXN002098,CUS0291,2026-03-19,Electronics,3,1499.0,0.0,5996.0,Mobile,Organic Search,Completed
TXN002099,CUS0291,2026-01-20,Beauty,3,399.0,0.2,1276.8,Mobile,Organic Search,Completed
TXN002100,CUS0291,2025-12-19,Home,2,1499.0,0.0,3997.33,Mobile,Organic Search,Completed
TXN002101,CUS0291,2025-11-28,Fashion,2,1499.0,0.0,3997.33,Mobile,Organic Search,Completed
TXN002102,CUS0291,2025-11-19,Beauty,3,299.0,0.2,956.8,Mobile,Organic Search,Returned
TXN002103,CUS0291,2025-10-07,Home,1,699.0,0.0,932.0,Mobile,Organic Search,Completed
TXN002104,CUS0292,2026-08-14,Beauty,1,999.0,0.0,1332.0,Mobile,Paid Ads,Completed
TXN002105,CUS0292,2026-07-23,Beauty,2,999.0,0.0,2664.0,Mobile,Paid Ads,Completed
TXN002106,CUS0292,2026-07-01,Beauty,1,299.0,0.0,398.67,Mobile,Paid Ads,Completed
TXN002107,CUS0292,2026-06-24,Beauty,2,299.0,0.15,677.73,Tablet,Paid Ads,Completed
TXN002108,CUS0292,2026-06-17,Beauty,2,299.0,0.0,797.33,Mobile,Paid Ads,Completed
TXN002109,CUS0292,2026-04-12,Beauty,1,1499.0,0.05,1898.73,Mobile,Paid Ads,Completed
TXN002110,CUS0292,2026-04-08,Electronics,1,399.0,0.05,505.4,Mobile,Paid Ads,Completed
TXN002111,CUS0292,2026-01-29,Beauty,2,1499.0,0.15,3397.73,Mobile,Paid Ads,Completed
TXN002112,CUS0293,2026-02-06,Electronics,2,299.0,0.1,583.05,Desktop,Paid Ads,Completed
TXN002113,CUS0293,2025-12-01,Electronics,1,1499.0,0.0,1623.92,Desktop,Paid Ads,Completed
TXN002114,CUS0293,2025-09-29,Electronics,1,999.0,0.0,1082.25,Desktop,Paid Ads,Completed
TXN002115,CUS0293,2025-07-14,Electronics,2,399.0,0.0,864.5,Desktop,Paid Ads,Completed
TXN002116,CUS0293,2025-06-12,Electronics,1,499.0,0.2,432.47,Desktop,Paid Ads,Completed
TXN002117,CUS0293,2025-05-05,Electronics,1,1499.0,0.2,1299.13,Desktop,Paid Ads,Completed
TXN002118,CUS0294,2026-07-04,Home,2,1499.0,0.0,3247.83,Desktop,Referral,Completed
TXN002119,CUS0294,2026-04-11,Electronics,2,499.0,0.0,1081.17,Desktop,Referral,Completed
TXN002120,CUS0294,2026-01-20,Home,3,1499.0,0.0,4871.75,Tablet,Referral,Completed
TXN002121,CUS0294,2025-11-09,Home,3,999.0,0.0,3246.75,Mobile,Referral,Completed
TXN002122,CUS0294,2025-11-06,Home,3,999.0,0.0,3246.75,Desktop,Referral,Completed
TXN002123,CUS0294,2025-10-30,Home,3,999.0,0.0,3246.75,Desktop,Referral,Completed
TXN002124,CUS0294,2025-10-12,Beauty,1,299.0,0.15,275.33,Desktop,Referral,Completed
TXN002125,CUS0294,2025-10-03,Home,2,1999.0,0.0,4331.17,Desktop,Referral,Completed
TXN002126,CUS0294,2025-09-20,Home,3,1499.0,0.0,4871.75,Desktop,Referral,Completed
TXN002127,CUS0294,2025-09-09,Home,3,499.0,0.0,1621.75,Desktop,Referral,Completed
TXN002128,CUS0295,2026-08-04,Home,2,699.0,0.0,1514.5,Mobile,Paid Ads,Returned
TXN002129,CUS0295,2026-07-20,Home,3,1499.0,0.1,4384.58,Tablet,Paid Ads,Completed
TXN002130,CUS0295,2026-06-29,Home,2,299.0,0.1,583.05,Mobile,Paid Ads,Completed
TXN002131,CUS0295,2026-03-07,Home,1,299.0,0.0,323.92,Mobile,Paid Ads,Completed
TXN002132,CUS0295,2026-01-25,Home,1,399.0,0.0,432.25,Mobile,Paid Ads,Completed
TXN002133,CUS0295,2026-01-10,Home,3,399.0,0.0,1296.75,Mobile,Paid Ads,Completed
TXN002134,CUS0295,2025-12-05,Beauty,2,299.0,0.0,647.83,Desktop,Paid Ads,Completed
TXN002135,CUS0295,2025-11-30,Fashion,2,399.0,0.15,734.82,Mobile,Paid Ads,Completed
TXN002136,CUS0296,2025-10-26,Beauty,1,999.0,0.0,582.75,Tablet,Social Media,Completed
TXN002137,CUS0296,2025-10-26,Electronics,3,1499.0,0.0,2623.25,Desktop,Social Media,Completed
TXN002138,CUS0297,2025-10-22,Home,1,699.0,0.0,407.75,Desktop,Referral,Completed
TXN002139,CUS0297,2025-04-06,Home,2,499.0,0.0,582.17,Desktop,Referral,Completed
TXN002140,CUS0297,2025-03-02,Electronics,1,299.0,0.0,174.42,Desktop,Referral,Completed
TXN002141,CUS0297,2025-02-18,Home,1,499.0,0.0,291.08,Desktop,Referral,Completed
TXN002142,CUS0298,2025-10-10,Electronics,1,699.0,0.0,407.75,Mobile,Organic Search,Completed
TXN002143,CUS0298,2025-07-13,Electronics,3,1499.0,0.2,2098.6,Mobile,Organic Search,Completed
TXN002144,CUS0298,2025-04-05,Electronics,1,399.0,0.0,232.75,Mobile,Organic Search,Completed
TXN002145,CUS0299,2026-04-02,Home,1,999.0,0.0,1082.25,Tablet,Referral,Completed
TXN002146,CUS0299,2026-01-28,Beauty,1,1499.0,0.0,1623.92,Mobile,Referral,Completed
TXN002147,CUS0299,2026-01-26,Electronics,1,399.0,0.0,432.25,Mobile,Referral,Returned
TXN002148,CUS0299,2025-11-10,Electronics,3,499.0,0.0,1621.75,Mobile,Referral,Completed
TXN002149,CUS0299,2025-09-27,Electronics,3,499.0,0.0,1621.75,Desktop,Referral,Completed
TXN002150,CUS0299,2025-09-03,Sports,1,299.0,0.0,323.92,Mobile,Referral,Completed
TXN002151,CUS0299,2025-09-01,Electronics,1,999.0,0.0,1082.25,Mobile,Referral,Completed
TXN002152,CUS0299,2025-07-04,Electronics,1,699.0,0.0,757.25,Mobile,Referral,Completed
TXN002153,CUS0299,2025-06-10,Electronics,3,1499.0,0.0,4871.75,Mobile,Referral,Completed
TXN002154,CUS0300,2026-08-09,Sports,1,699.0,0.0,524.25,Desktop,Direct,Completed
TXN002155,CUS0300,2025-11-17,Fashion,3,999.0,0.0,2247.75,Tablet,Direct,Completed
TXN002156,CUS0301,2026-03-19,Sports,1,999.0,0.0,1082.25,Tablet,Organic Search,Completed
TXN002157,CUS0301,2026-03-06,Electronics,1,499.0,0.0,540.58,Tablet,Organic Search,Completed
TXN002158,CUS0301,2026-01-23,Electronics,1,499.0,0.0,540.58,Tablet,Organic Search,Completed
TXN002159,CUS0301,2026-01-13,Fashion,2,1499.0,0.15,2760.66,Tablet,Organic Search,Completed
TXN002160,CUS0301,2025-11-08,Home,3,699.0,0.0,2271.75,Tablet,Organic Search,Completed
TXN002161,CUS0301,2025-11-06,Home,1,1499.0,0.0,1623.92,Tablet,Organic Search,Returned
TXN002162,CUS0301,2025-10-15,Sports,3,499.0,0.0,1621.75,Tablet,Organic Search,Completed
TXN002163,CUS0301,2025-06-03,Fashion,2,1999.0,0.0,4331.17,Tablet,Organic Search,Completed
TXN002164,CUS0301,2025-05-26,Electronics,3,499.0,0.0,1621.75,Tablet,Organic Search,Completed
TXN002165,CUS0302,2026-08-02,Electronics,2,1999.0,0.0,5330.67,Desktop,Paid Ads,Completed
TXN002166,CUS0302,2026-07-22,Electronics,2,699.0,0.0,1864.0,Tablet,Paid Ads,Completed
TXN002167,CUS0302,2026-07-22,Fashion,3,499.0,0.0,1996.0,Desktop,Paid Ads,Completed
TXN002168,CUS0302,2026-07-04,Electronics,3,299.0,0.2,956.8,Tablet,Paid Ads,Completed
TXN002169,CUS0302,2026-06-24,Electronics,3,499.0,0.0,1996.0,Tablet,Paid Ads,Returned
TXN002170,CUS0302,2026-04-09,Electronics,2,399.0,0.1,957.6,Tablet,Paid Ads,Completed
TXN002171,CUS0302,2026-02-28,Electronics,2,1499.0,0.1,3597.6,Tablet,Paid Ads,Completed
TXN002172,CUS0302,2026-02-20,Electronics,3,999.0,0.0,3996.0,Tablet,Paid Ads,Completed
TXN002173,CUS0302,2026-01-30,Electronics,1,1999.0,0.15,2265.53,Tablet,Paid Ads,Completed
TXN002174,CUS0302,2025-12-24,Electronics,1,699.0,0.0,932.0,Mobile,Paid Ads,Completed
TXN002175,CUS0302,2025-11-30,Electronics,3,1499.0,0.0,5996.0,Tablet,Paid Ads,Completed
TXN002176,CUS0302,2025-11-19,Beauty,1,999.0,0.0,1332.0,Tablet,Paid Ads,Completed
TXN002177,CUS0303,2026-04-29,Beauty,1,299.0,0.0,323.92,Desktop,Referral,Completed
TXN002178,CUS0303,2026-04-20,Home,3,299.0,0.2,777.4,Desktop,Referral,Completed
TXN002179,CUS0303,2026-02-06,Sports,1,299.0,0.0,323.92,Desktop,Referral,Returned
TXN002180,CUS0303,2025-11-15,Beauty,3,999.0,0.0,3246.75,Desktop,Referral,Completed
TXN002181,CUS0303,2025-09-03,Beauty,1,499.0,0.15,459.5,Desktop,Referral,Completed
TXN002182,CUS0304,2026-08-04,Home,1,299.0,0.0,323.92,Mobile,Social Media,Completed
TXN002183,CUS0304,2026-07-20,Home,2,699.0,0.1,1363.05,Mobile,Social Media,Completed
TXN002184,CUS0304,2026-07-08,Home,2,1999.0,0.0,4331.17,Mobile,Social Media,Completed
TXN002185,CUS0304,2026-07-01,Home,1,1499.0,0.0,1623.92,Mobile,Social Media,Completed
TXN002186,CUS0304,2026-05-26,Home,1,499.0,0.0,540.58,Tablet,Social Media,Completed
TXN002187,CUS0304,2026-04-23,Fashion,2,299.0,0.0,647.83,Mobile,Social Media,Completed
TXN002188,CUS0304,2026-02-24,Home,1,699.0,0.0,757.25,Mobile,Social Media,Completed
TXN002189,CUS0304,2026-02-14,Home,2,1499.0,0.0,3247.83,Mobile,Social Media,Completed
TXN002190,CUS0304,2026-01-05,Sports,2,999.0,0.0,2164.5,Desktop,Social Media,Completed
TXN002191,CUS0304,2025-10-26,Home,1,699.0,0.0,757.25,Desktop,Social Media,Completed
TXN002192,CUS0305,2026-08-01,Sports,1,299.0,0.0,323.92,Mobile,Direct,Completed
TXN002193,CUS0305,2026-02-11,Home,2,999.0,0.0,2164.5,Mobile,Direct,Completed
TXN002194,CUS0305,2026-01-01,Beauty,2,999.0,0.0,2164.5,Mobile,Direct,Completed
TXN002195,CUS0305,2025-12-02,Beauty,2,1499.0,0.2,2598.27,Mobile,Direct,Completed
TXN002196,CUS0305,2025-10-30,Beauty,1,1499.0,0.0,1623.92,Mobile,Direct,Completed
TXN002197,CUS0305,2025-10-12,Beauty,3,699.0,0.0,2271.75,Mobile,Direct,Completed
TXN002198,CUS0306,2026-08-14,Sports,1,399.0,0.2,239.4,Desktop,Organic Search,Completed
TXN002199,CUS0306,2026-03-01,Sports,2,699.0,0.0,1048.5,Desktop,Organic Search,Completed
TXN002200,CUS0306,2026-02-04,Home,1,999.0,0.0,749.25,Desktop,Organic Search,Completed
TXN002201,CUS0307,2026-08-18,Beauty,2,999.0,0.15,1273.72,Tablet,Direct,Completed
TXN002202,CUS0307,2026-06-24,Beauty,2,499.0,0.0,748.5,Tablet,Direct,Completed
TXN002203,CUS0308,2026-08-01,Home,3,299.0,0.1,605.48,Mobile,Paid Ads,Completed
TXN002204,CUS0308,2026-06-07,Home,2,499.0,0.0,748.5,Mobile,Paid Ads,Completed
TXN002205,CUS0309,2026-08-01,Fashion,3,499.0,0.0,3493.0,Mobile,Paid Ads,Completed
TXN002206,CUS0309,2026-07-19,Fashion,2,499.0,0.0,2328.67,Tablet,Paid Ads,Completed
TXN002207,CUS0309,2026-07-10,Fashion,1,499.0,0.0,1164.33,Mobile,Paid Ads,Completed
TXN002208,CUS0309,2026-07-01,Fashion,3,299.0,0.0,2093.0,Mobile,Paid Ads,Completed
TXN002209,CUS0309,2026-06-22,Fashion,1,1999.0,0.0,4664.33,Mobile,Paid Ads,Completed
TXN002210,CUS0309,2026-06-19,Home,3,499.0,0.0,3493.0,Mobile,Paid Ads,Completed
TXN002211,CUS0309,2026-05-28,Electronics,2,999.0,0.05,4428.9,Mobile,Paid Ads,Completed
TXN002212,CUS0309,2026-05-22,Fashion,1,999.0,0.0,2331.0,Mobile,Paid Ads,Completed
TXN002213,CUS0309,2026-04-17,Fashion,1,999.0,0.2,1864.8,Mobile,Paid Ads,Completed
TXN002214,CUS0309,2026-04-04,Sports,3,1999.0,0.15,11894.05,Desktop,Paid Ads,Completed
TXN002215,CUS0309,2026-04-01,Fashion,3,699.0,0.0,4893.0,Desktop,Paid Ads,Cancelled
TXN002216,CUS0309,2026-03-08,Home,3,1499.0,0.0,10493.0,Mobile,Paid Ads,Completed
TXN002217,CUS0309,2026-03-06,Electronics,2,999.0,0.0,4662.0,Mobile,Paid Ads,Completed
TXN002218,CUS0309,2026-01-16,Beauty,3,699.0,0.0,4893.0,Mobile,Paid Ads,Completed
TXN002219,CUS0309,2026-01-09,Fashion,2,999.0,0.0,4662.0,Mobile,Paid Ads,Cancelled
TXN002220,CUS0309,2025-12-26,Beauty,3,399.0,0.05,2653.35,Mobile,Paid Ads,Completed
TXN002221,CUS0309,2025-12-25,Sports,3,1499.0,0.0,10493.0,Mobile,Paid Ads,Completed
TXN002222,CUS0309,2025-12-25,Fashion,3,499.0,0.0,3493.0,Mobile,Paid Ads,Completed
TXN002223,CUS0309,2025-12-04,Fashion,2,499.0,0.05,2212.23,Mobile,Paid Ads,Completed
TXN002224,CUS0309,2025-11-23,Home,3,399.0,0.0,2793.0,Desktop,Paid Ads,Completed
TXN002225,CUS0309,2025-11-05,Fashion,2,499.0,0.0,2328.67,Mobile,Paid Ads,Completed
TXN002226,CUS0309,2025-10-25,Fashion,3,699.0,0.0,4893.0,Tablet,Paid Ads,Completed
TXN002227,CUS0309,2025-10-23,Fashion,3,299.0,0.15,1779.05,Mobile,Paid Ads,Completed
TXN002228,CUS0310,2026-04-20,Beauty,3,399.0,0.0,698.25,Mobile,Organic Search,Completed
TXN002229,CUS0310,2025-10-14,Home,2,999.0,0.0,1165.5,Mobile,Organic Search,Completed
TXN002230,CUS0310,2025-09-22,Beauty,1,699.0,0.0,407.75,Tablet,Organic Search,Completed
TXN002231,CUS0311,2026-06-22,Sports,2,499.0,0.2,731.87,Mobile,Direct,Completed
TXN002232,CUS0311,2026-01-21,Sports,1,699.0,0.0,640.75,Mobile,Direct,Completed
TXN002233,CUS0311,2025-10-11,Beauty,1,299.0,0.0,274.08,Mobile,Direct,Completed
TXN002234,CUS0312,2026-08-11,Sports,3,399.0,0.0,897.75,Mobile,Paid Ads,Completed
TXN002235,CUS0312,2026-05-10,Sports,3,699.0,0.0,1572.75,Tablet,Paid Ads,Completed
TXN002236,CUS0313,2026-08-09,Electronics,3,1499.0,0.0,4122.25,Mobile,Email,Completed
TXN002237,CUS0313,2026-05-07,Sports,3,699.0,0.0,1922.25,Mobile,Email,Completed
TXN002238,CUS0313,2026-04-14,Beauty,2,1999.0,0.0,3664.83,Mobile,Email,Completed
TXN002239,CUS0313,2026-01-17,Sports,3,1499.0,0.15,3503.91,Mobile,Email,Completed
TXN002240,CUS0313,2026-01-15,Fashion,2,399.0,0.0,731.5,Desktop,Email,Completed
TXN002241,CUS0314,2026-06-01,Beauty,1,299.0,0.0,323.92,Desktop,Email,Completed
TXN002242,CUS0314,2026-05-13,Home,3,999.0,0.0,3246.75,Desktop,Email,Completed
TXN002243,CUS0314,2026-05-08,Electronics,2,1999.0,0.0,4331.17,Tablet,Email,Completed
TXN002244,CUS0314,2026-03-31,Electronics,2,499.0,0.0,1081.17,Mobile,Email,Completed
TXN002245,CUS0314,2026-02-15,Sports,3,499.0,0.05,1540.66,Desktop,Email,Completed
TXN002246,CUS0314,2026-02-12,Electronics,3,499.0,0.0,1621.75,Mobile,Email,Completed
TXN002247,CUS0314,2026-02-10,Electronics,2,499.0,0.0,1081.17,Mobile,Email,Completed
TXN002248,CUS0314,2025-11-05,Electronics,2,499.0,0.0,1081.17,Mobile,Email,Completed
TXN002249,CUS0314,2025-10-21,Electronics,1,699.0,0.0,757.25,Mobile,Email,Completed
TXN002250,CUS0314,2025-09-10,Electronics,1,499.0,0.0,540.58,Mobile,Email,Completed
TXN002251,CUS0315,2026-08-08,Electronics,3,1499.0,0.0,3372.75,Mobile,Social Media,Cancelled
TXN002252,CUS0315,2026-06-07,Electronics,3,499.0,0.0,1122.75,Mobile,Social Media,Completed
TXN002253,CUS0316,2025-09-19,Sports,3,1499.0,0.0,2623.25,Desktop,Paid Ads,Completed
TXN002254,CUS0317,2025-11-07,Home,2,399.0,0.0,465.5,Mobile,Organic Search,Completed
TXN002255,CUS0318,2026-08-15,Fashion,1,399.0,0.05,284.29,Tablet,Direct,Completed
TXN002256,CUS0319,2026-08-04,Fashion,2,999.0,0.0,2664.0,Desktop,Social Media,Completed
TXN002257,CUS0319,2026-07-26,Beauty,1,1999.0,0.0,2665.33,Desktop,Social Media,Returned
TXN002258,CUS0319,2026-07-21,Home,3,1499.0,0.0,5996.0,Desktop,Social Media,Completed
TXN002259,CUS0319,2026-06-07,Home,1,699.0,0.0,932.0,Desktop,Social Media,Completed
TXN002260,CUS0319,2026-04-09,Home,3,399.0,0.1,1436.4,Desktop,Social Media,Completed
TXN002261,CUS0319,2026-04-06,Home,1,1999.0,0.0,2665.33,Desktop,Social Media,Completed
TXN002262,CUS0319,2026-04-03,Home,3,499.0,0.0,1996.0,Desktop,Social Media,Cancelled
TXN002263,CUS0319,2026-02-21,Sports,2,699.0,0.2,1491.2,Desktop,Social Media,Completed
TXN002264,CUS0319,2026-01-25,Beauty,3,499.0,0.0,1996.0,Desktop,Social Media,Completed
TXN002265,CUS0319,2026-01-08,Home,2,299.0,0.0,797.33,Tablet,Social Media,Completed
TXN002266,CUS0319,2025-11-21,Home,2,999.0,0.0,2664.0,Desktop,Social Media,Completed
TXN002267,CUS0319,2025-11-21,Home,1,299.0,0.0,398.67,Desktop,Social Media,Completed
TXN002268,CUS0319,2025-10-15,Beauty,1,699.0,0.0,932.0,Desktop,Social Media,Completed
TXN002269,CUS0320,2026-08-08,Home,3,299.0,0.0,971.75,Tablet,Referral,Completed
TXN002270,CUS0320,2026-06-11,Beauty,1,999.0,0.0,1082.25,Tablet,Referral,Completed
TXN002271,CUS0320,2026-06-11,Fashion,2,1999.0,0.0,4331.17,Tablet,Referral,Completed
TXN002272,CUS0320,2026-03-14,Beauty,2,999.0,0.0,2164.5,Tablet,Referral,Completed
TXN002273,CUS0320,2026-02-13,Beauty,2,499.0,0.0,1081.17,Tablet,Referral,Returned
TXN002274,CUS0320,2026-02-08,Beauty,1,299.0,0.0,323.92,Mobile,Referral,Completed
TXN002275,CUS0320,2025-11-30,Electronics,1,299.0,0.0,323.92,Tablet,Referral,Completed
TXN002276,CUS0320,2025-11-13,Electronics,2,399.0,0.2,691.6,Tablet,Referral,Completed
TXN002277,CUS0321,2026-02-10,Fashion,1,699.0,0.0,407.75,Mobile,Paid Ads,Completed
TXN002278,CUS0321,2025-09-12,Fashion,3,1999.0,0.0,3498.25,Mobile,Paid Ads,Completed
TXN002279,CUS0321,2025-04-28,Fashion,2,299.0,0.0,348.83,Mobile,Paid Ads,Completed
TXN002280,CUS0322,2026-08-04,Sports,1,1499.0,0.0,1998.67,Desktop,Email,Completed
TXN002281,CUS0322,2026-06-25,Electronics,3,1999.0,0.0,7996.0,Tablet,Email,Completed
TXN002282,CUS0322,2026-06-24,Sports,2,499.0,0.0,1330.67,Tablet,Email,Completed
TXN002283,CUS0322,2026-06-20,Sports,3,1499.0,0.0,5996.0,Desktop,Email,Completed
TXN002284,CUS0322,2026-04-21,Sports,1,1499.0,0.0,1998.67,Desktop,Email,Completed
TXN002285,CUS0322,2026-04-11,Sports,2,1499.0,0.0,3997.33,Desktop,Email,Completed
TXN002286,CUS0322,2026-03-01,Sports,1,1499.0,0.0,1998.67,Tablet,Email,Completed
TXN002287,CUS0322,2026-02-15,Sports,2,1499.0,0.05,3797.47,Mobile,Email,Completed
TXN002288,CUS0322,2026-01-25,Sports,1,299.0,0.0,398.67,Tablet,Email,Returned
TXN002289,CUS0322,2025-12-14,Beauty,2,999.0,0.2,2131.2,Desktop,Email,Completed
TXN002290,CUS0322,2025-11-17,Sports,2,699.0,0.0,1864.0,Desktop,Email,Completed
TXN002291,CUS0322,2025-11-07,Sports,3,499.0,0.0,1996.0,Desktop,Email,Completed
TXN002292,CUS0322,2025-10-23,Sports,3,999.0,0.0,3996.0,Desktop,Email,Completed
TXN002293,CUS0322,2025-10-14,Sports,1,999.0,0.0,1332.0,Desktop,Email,Completed
TXN002294,CUS0323,2026-01-26,Beauty,3,299.0,0.0,971.75,Mobile,Organic Search,Completed
TXN002295,CUS0323,2026-01-26,Home,3,399.0,0.0,1296.75,Mobile,Organic Search,Completed
TXN002296,CUS0323,2026-01-12,Beauty,1,399.0,0.0,432.25,Tablet,Organic Search,Completed
TXN002297,CUS0323,2026-01-09,Beauty,1,299.0,0.0,323.92,Mobile,Organic Search,Completed
TXN002298,CUS0323,2025-10-29,Fashion,3,699.0,0.0,2271.75,Mobile,Organic Search,Completed
TXN002299,CUS0323,2025-08-30,Sports,3,299.0,0.0,971.75,Mobile,Organic Search,Completed
TXN002300,CUS0323,2025-08-03,Beauty,1,1999.0,0.15,1840.75,Tablet,Organic Search,Completed
TXN002301,CUS0323,2025-07-17,Beauty,2,699.0,0.0,1514.5,Mobile,Organic Search,Returned
TXN002302,CUS0323,2025-05-28,Beauty,2,399.0,0.0,864.5,Mobile,Organic Search,Completed
TXN002303,CUS0324,2026-04-16,Electronics,2,299.0,0.0,348.83,Desktop,Organic Search,Completed
TXN002304,CUS0324,2025-07-28,Electronics,1,299.0,0.0,174.42,Desktop,Organic Search,Completed
TXN002305,CUS0325,2026-07-13,Electronics,1,999.0,0.0,582.75,Desktop,Social Media,Completed
TXN002306,CUS0325,2026-03-23,Electronics,1,299.0,0.0,174.42,Mobile,Social Media,Returned
TXN002307,CUS0325,2026-01-10,Electronics,3,1499.0,0.0,2623.25,Tablet,Social Media,Completed
TXN002308,CUS0325,2025-10-05,Electronics,2,1999.0,0.0,2332.17,Desktop,Social Media,Cancelled
TXN002309,CUS0326,2026-08-15,Fashion,3,1499.0,0.0,5996.0,Mobile,Referral,Completed
TXN002310,CUS0326,2026-08-15,Fashion,2,399.0,0.0,1064.0,Mobile,Referral,Completed
TXN002311,CUS0326,2026-06-25,Fashion,2,499.0,0.0,1330.67,Mobile,Referral,Completed
TXN002312,CUS0326,2026-06-21,Home,3,999.0,0.05,3796.2,Mobile,Referral,Completed
TXN002313,CUS0326,2026-06-09,Sports,2,1499.0,0.0,3997.33,Mobile,Referral,Completed
TXN002314,CUS0326,2026-05-17,Fashion,2,299.0,0.0,797.33,Mobile,Referral,Completed
TXN002315,CUS0326,2026-05-14,Fashion,3,499.0,0.2,1596.8,Mobile,Referral,Completed
TXN002316,CUS0326,2026-04-11,Beauty,1,699.0,0.0,932.0,Mobile,Referral,Completed
TXN002317,CUS0326,2026-04-10,Electronics,3,1999.0,0.0,7996.0,Mobile,Referral,Completed
TXN002318,CUS0326,2026-02-11,Sports,1,1999.0,0.0,2665.33,Mobile,Referral,Completed
TXN002319,CUS0326,2026-02-04,Fashion,2,399.0,0.2,851.2,Mobile,Referral,Completed
TXN002320,CUS0326,2025-11-26,Fashion,1,999.0,0.0,1332.0,Mobile,Referral,Completed
TXN002321,CUS0327,2026-08-19,Home,3,499.0,0.0,3493.0,Mobile,Direct,Completed
TXN002322,CUS0327,2026-07-13,Home,3,1499.0,0.0,10493.0,Mobile,Direct,Completed
TXN002323,CUS0327,2026-06-20,Home,2,699.0,0.0,3262.0,Desktop,Direct,Completed
TXN002324,CUS0327,2026-05-16,Sports,2,1499.0,0.0,6995.33,Mobile,Direct,Completed
TXN002325,CUS0327,2026-05-06,Home,1,399.0,0.0,931.0,Desktop,Direct,Completed
TXN002326,CUS0327,2026-04-11,Home,3,299.0,0.0,2093.0,Mobile,Direct,Completed
TXN002327,CUS0327,2026-04-03,Home,1,699.0,0.0,1631.0,Tablet,Direct,Completed
TXN002328,CUS0327,2026-03-12,Home,2,699.0,0.0,3262.0,Mobile,Direct,Completed
TXN002329,CUS0327,2026-03-09,Home,3,699.0,0.0,4893.0,Mobile,Direct,Completed
TXN002330,CUS0327,2026-03-06,Electronics,3,299.0,0.0,2093.0,Tablet,Direct,Completed
TXN002331,CUS0327,2026-02-20,Electronics,2,999.0,0.0,4662.0,Mobile,Direct,Completed
TXN002332,CUS0327,2026-02-08,Sports,2,1499.0,0.2,5596.27,Mobile,Direct,Completed
TXN002333,CUS0327,2025-12-25,Electronics,2,1999.0,0.0,9328.67,Mobile,Direct,Returned
TXN002334,CUS0327,2025-12-20,Home,1,1999.0,0.0,4664.33,Tablet,Direct,Completed
TXN002335,CUS0327,2025-12-02,Home,3,499.0,0.0,3493.0,Mobile,Direct,Completed
TXN002336,CUS0328,2026-08-11,Fashion,1,999.0,0.0,582.75,Mobile,Paid Ads,Completed
TXN002337,CUS0328,2026-02-24,Home,1,1499.0,0.0,874.42,Desktop,Paid Ads,Completed
TXN002338,CUS0329,2026-08-12,Sports,1,1999.0,0.0,4664.33,Mobile,Referral,Completed
TXN002339,CUS0329,2026-07-18,Home,2,299.0,0.0,1395.33,Mobile,Referral,Completed
TXN002340,CUS0329,2026-07-11,Sports,3,999.0,0.0,6993.0,Mobile,Referral,Completed
TXN002341,CUS0329,2026-07-10,Sports,3,1499.0,0.0,10493.0,Mobile,Referral,Completed
TXN002342,CUS0329,2026-05-28,Beauty,1,1999.0,0.05,4431.12,Mobile,Referral,Completed
TXN002343,CUS0329,2026-05-25,Sports,1,1499.0,0.0,3497.67,Mobile,Referral,Completed
TXN002344,CUS0329,2026-05-24,Electronics,3,1499.0,0.0,10493.0,Mobile,Referral,Completed
TXN002345,CUS0329,2026-05-09,Sports,1,399.0,0.0,931.0,Mobile,Referral,Completed
TXN002346,CUS0329,2026-05-04,Sports,2,699.0,0.0,3262.0,Mobile,Referral,Completed
TXN002347,CUS0329,2026-05-03,Sports,3,399.0,0.0,2793.0,Mobile,Referral,Completed
TXN002348,CUS0329,2026-04-23,Beauty,2,499.0,0.0,2328.67,Mobile,Referral,Completed
TXN002349,CUS0329,2026-04-22,Sports,1,1499.0,0.0,3497.67,Desktop,Referral,Completed
TXN002350,CUS0329,2026-02-12,Sports,1,399.0,0.0,931.0,Mobile,Referral,Completed
TXN002351,CUS0329,2026-01-31,Home,3,999.0,0.05,6643.35,Mobile,Referral,Completed
TXN002352,CUS0329,2026-01-21,Sports,1,699.0,0.15,1386.35,Mobile,Referral,Completed
TXN002353,CUS0329,2026-01-15,Sports,2,1999.0,0.0,9328.67,Mobile,Referral,Completed
TXN002354,CUS0329,2026-01-14,Sports,1,399.0,0.0,931.0,Mobile,Referral,Completed
TXN002355,CUS0329,2026-01-11,Sports,3,399.0,0.0,2793.0,Mobile,Referral,Completed
TXN002356,CUS0329,2025-12-22,Sports,2,1499.0,0.0,6995.33,Mobile,Referral,Completed
TXN002357,CUS0329,2025-12-16,Sports,2,699.0,0.0,3262.0,Mobile,Referral,Cancelled
TXN002358,CUS0329,2025-11-10,Sports,2,999.0,0.0,4662.0,Mobile,Referral,Completed
TXN002359,CUS0330,2026-07-20,Electronics,1,999.0,0.0,1332.0,Desktop,Social Media,Completed
TXN002360,CUS0330,2026-05-17,Fashion,2,699.0,0.0,1864.0,Mobile,Social Media,Completed
TXN002361,CUS0330,2026-05-13,Fashion,2,1499.0,0.0,3997.33,Mobile,Social Media,Completed
TXN002362,CUS0330,2026-05-13,Fashion,3,1999.0,0.0,7996.0,Mobile,Social Media,Cancelled
TXN002363,CUS0330,2026-05-08,Sports,3,1499.0,0.0,5996.0,Mobile,Social Media,Completed
TXN002364,CUS0330,2026-04-03,Beauty,3,699.0,0.0,2796.0,Mobile,Social Media,Completed
TXN002365,CUS0330,2026-03-25,Beauty,2,399.0,0.0,1064.0,Mobile,Social Media,Completed
TXN002366,CUS0330,2026-03-15,Fashion,3,1999.0,0.0,7996.0,Mobile,Social Media,Completed
TXN002367,CUS0330,2026-01-06,Fashion,1,1499.0,0.0,1998.67,Mobile,Social Media,Completed
TXN002368,CUS0330,2025-11-14,Fashion,1,1499.0,0.0,1998.67,Mobile,Social Media,Completed
TXN002369,CUS0331,2026-07-09,Fashion,2,299.0,0.1,493.35,Mobile,Social Media,Completed
TXN002370,CUS0331,2026-06-07,Fashion,3,499.0,0.0,1372.25,Desktop,Social Media,Completed
TXN002371,CUS0331,2026-01-07,Sports,2,999.0,0.1,1648.35,Mobile,Social Media,Completed
TXN002372,CUS0331,2025-12-20,Fashion,2,1999.0,0.15,3115.11,Mobile,Social Media,Returned
TXN002373,CUS0332,2026-08-01,Fashion,2,1499.0,0.0,2248.5,Mobile,Email,Returned
TXN002374,CUS0332,2025-10-07,Fashion,3,1999.0,0.0,4497.75,Mobile,Email,Completed
TXN002375,CUS0333,2026-07-31,Sports,2,299.0,0.0,647.83,Mobile,Referral,Cancelled
TXN002376,CUS0333,2026-07-11,Fashion,1,699.0,0.0,757.25,Mobile,Referral,Completed
TXN002377,CUS0333,2026-07-08,Electronics,3,299.0,0.0,971.75,Desktop,Referral,Completed
TXN002378,CUS0333,2026-04-28,Fashion,1,1999.0,0.0,2165.58,Desktop,Referral,Completed
TXN002379,CUS0333,2026-03-24,Fashion,2,999.0,0.0,2164.5,Desktop,Referral,Completed
TXN002380,CUS0333,2026-03-06,Fashion,2,1999.0,0.0,4331.17,Desktop,Referral,Completed
TXN002381,CUS0333,2026-01-06,Home,3,499.0,0.0,1621.75,Desktop,Referral,Completed
TXN002382,CUS0333,2025-12-04,Fashion,3,299.0,0.0,971.75,Desktop,Referral,Completed
TXN002383,CUS0333,2025-10-24,Electronics,1,499.0,0.0,540.58,Desktop,Referral,Completed
TXN002384,CUS0334,2026-07-15,Home,1,1999.0,0.0,2665.33,Tablet,Email,Cancelled
TXN002385,CUS0334,2026-07-13,Home,2,999.0,0.0,2664.0,Mobile,Email,Completed
TXN002386,CUS0334,2026-06-26,Electronics,1,1499.0,0.0,1998.67,Tablet,Email,Completed
TXN002387,CUS0334,2026-04-11,Sports,1,399.0,0.0,532.0,Tablet,Email,Completed
TXN002388,CUS0334,2026-04-01,Beauty,1,1499.0,0.1,1798.8,Tablet,Email,Completed
TXN002389,CUS0334,2026-03-21,Home,1,999.0,0.0,1332.0,Tablet,Email,Completed
TXN002390,CUS0334,2026-03-10,Fashion,2,999.0,0.15,2264.4,Tablet,Email,Completed
TXN002391,CUS0334,2026-03-10,Home,3,299.0,0.0,1196.0,Mobile,Email,Completed
TXN002392,CUS0334,2026-02-02,Home,1,499.0,0.1,598.8,Tablet,Email,Completed
TXN002393,CUS0334,2026-01-02,Home,2,699.0,0.2,1491.2,Tablet,Email,Completed
TXN002394,CUS0334,2025-10-09,Beauty,1,399.0,0.05,505.4,Tablet,Email,Completed
TXN002395,CUS0335,2026-07-10,Home,3,299.0,0.15,444.76,Tablet,Social Media,Completed
TXN002396,CUS0335,2026-06-28,Beauty,3,1499.0,0.05,2492.09,Mobile,Social Media,Completed
TXN002397,CUS0335,2025-10-02,Sports,2,999.0,0.0,1165.5,Tablet,Social Media,Completed
TXN002398,CUS0336,2026-08-15,Beauty,1,1999.0,0.0,2665.33,Mobile,Social Media,Completed
TXN002399,CUS0336,2026-06-15,Beauty,2,699.0,0.0,1864.0,Mobile,Social Media,Completed
TXN002400,CUS0336,2026-05-23,Beauty,3,999.0,0.0,3996.0,Desktop,Social Media,Completed
TXN002401,CUS0336,2026-05-11,Electronics,3,699.0,0.0,2796.0,Mobile,Social Media,Completed
TXN002402,CUS0336,2026-02-03,Beauty,2,299.0,0.0,797.33,Mobile,Social Media,Returned
TXN002403,CUS0336,2026-01-15,Beauty,2,299.0,0.0,797.33,Mobile,Social Media,Completed
TXN002404,CUS0336,2025-12-20,Beauty,3,399.0,0.0,1596.0,Mobile,Social Media,Completed
TXN002405,CUS0336,2025-12-20,Beauty,3,499.0,0.0,1996.0,Mobile,Social Media,Completed
TXN002406,CUS0336,2025-11-27,Beauty,3,399.0,0.2,1276.8,Mobile,Social Media,Completed
TXN002407,CUS0336,2025-10-31,Sports,1,699.0,0.0,932.0,Mobile,Social Media,Completed
TXN002408,CUS0337,2026-02-17,Electronics,1,999.0,0.0,1082.25,Mobile,Organic Search,Returned
TXN002409,CUS0337,2025-09-04,Fashion,3,299.0,0.0,971.75,Mobile,Organic Search,Completed
TXN002410,CUS0337,2025-08-31,Home,2,699.0,0.0,1514.5,Mobile,Organic Search,Completed
TXN002411,CUS0337,2025-08-09,Beauty,1,1999.0,0.0,2165.58,Mobile,Organic Search,Completed
TXN002412,CUS0337,2025-05-15,Sports,1,699.0,0.05,719.39,Mobile,Organic Search,Completed
TXN002413,CUS0338,2026-08-03,Beauty,3,499.0,0.0,3493.0,Mobile,Social Media,Completed
TXN002414,CUS0338,2026-07-17,Beauty,1,399.0,0.0,931.0,Mobile,Social Media,Completed
TXN002415,CUS0338,2026-06-17,Beauty,1,399.0,0.0,931.0,Mobile,Social Media,Completed
TXN002416,CUS0338,2026-06-11,Beauty,1,999.0,0.05,2214.45,Mobile,Social Media,Completed
TXN002417,CUS0338,2026-05-07,Beauty,3,1999.0,0.0,13993.0,Mobile,Social Media,Completed
TXN002418,CUS0338,2026-05-05,Beauty,1,1499.0,0.0,3497.67,Mobile,Social Media,Completed
TXN002419,CUS0338,2026-04-27,Beauty,3,1499.0,0.2,8394.4,Mobile,Social Media,Completed
TXN002420,CUS0338,2026-04-10,Sports,2,1999.0,0.0,9328.67,Mobile,Social Media,Completed
TXN002421,CUS0338,2026-04-02,Sports,2,299.0,0.05,1325.57,Mobile,Social Media,Completed
TXN002422,CUS0338,2026-03-09,Beauty,3,399.0,0.2,2234.4,Mobile,Social Media,Completed
TXN002423,CUS0338,2026-02-21,Beauty,2,699.0,0.0,3262.0,Mobile,Social Media,Completed
TXN002424,CUS0338,2026-02-04,Beauty,2,699.0,0.0,3262.0,Mobile,Social Media,Completed
TXN002425,CUS0338,2026-01-18,Beauty,2,299.0,0.0,1395.33,Mobile,Social Media,Completed
TXN002426,CUS0338,2025-12-18,Beauty,1,1499.0,0.1,3147.9,Mobile,Social Media,Cancelled
TXN002427,CUS0339,2026-07-08,Electronics,1,299.0,0.2,219.27,Mobile,Referral,Completed
TXN002428,CUS0339,2026-04-18,Electronics,1,399.0,0.0,365.75,Mobile,Referral,Completed
TXN002429,CUS0339,2026-02-25,Electronics,2,999.0,0.15,1556.78,Mobile,Referral,Returned
TXN002430,CUS0339,2026-02-20,Sports,3,699.0,0.0,1922.25,Mobile,Referral,Completed
TXN002431,CUS0340,2026-08-18,Beauty,3,699.0,0.0,4893.0,Mobile,Email,Completed
TXN002432,CUS0340,2026-08-03,Beauty,2,1999.0,0.05,8862.23,Mobile,Email,Completed
TXN002433,CUS0340,2026-07-28,Electronics,3,999.0,0.0,6993.0,Mobile,Email,Completed
TXN002434,CUS0340,2026-07-19,Beauty,2,299.0,0.2,1116.27,Mobile,Email,Returned
TXN002435,CUS0340,2026-07-17,Beauty,3,1499.0,0.0,10493.0,Mobile,Email,Completed
TXN002436,CUS0340,2026-07-13,Beauty,1,1999.0,0.0,4664.33,Desktop,Email,Completed
TXN002437,CUS0340,2026-07-06,Beauty,1,999.0,0.0,2331.0,Mobile,Email,Completed
TXN002438,CUS0340,2026-06-21,Home,3,1999.0,0.15,11894.05,Mobile,Email,Cancelled
TXN002439,CUS0340,2026-06-12,Sports,1,499.0,0.0,1164.33,Mobile,Email,Completed
TXN002440,CUS0340,2026-05-27,Beauty,1,1499.0,0.0,3497.67,Mobile,Email,Completed
TXN002441,CUS0340,2026-04-21,Sports,1,1999.0,0.0,4664.33,Mobile,Email,Completed
TXN002442,CUS0340,2026-04-06,Beauty,1,999.0,0.0,2331.0,Tablet,Email,Completed
TXN002443,CUS0340,2026-03-17,Beauty,2,299.0,0.0,1395.33,Mobile,Email,Completed
TXN002444,CUS0340,2026-03-09,Beauty,3,299.0,0.0,2093.0,Mobile,Email,Completed
TXN002445,CUS0340,2026-03-07,Beauty,2,1499.0,0.1,6295.8,Mobile,Email,Completed
TXN002446,CUS0340,2026-02-06,Beauty,3,1999.0,0.05,13293.35,Mobile,Email,Completed
TXN002447,CUS0340,2026-01-16,Beauty,3,1499.0,0.0,10493.0,Mobile,Email,Returned
TXN002448,CUS0340,2025-12-17,Sports,2,399.0,0.0,1862.0,Mobile,Email,Completed
TXN002449,CUS0340,2025-12-10,Sports,1,399.0,0.1,837.9,Mobile,Email,Completed
TXN002450,CUS0340,2025-11-30,Beauty,1,499.0,0.0,1164.33,Mobile,Email,Completed
TXN002451,CUS0340,2025-11-30,Fashion,2,299.0,0.0,1395.33,Mobile,Email,Completed
TXN002452,CUS0340,2025-11-24,Beauty,1,399.0,0.0,931.0,Mobile,Email,Completed
TXN002453,CUS0340,2025-11-03,Beauty,2,699.0,0.2,2609.6,Mobile,Email,Completed
TXN002454,CUS0340,2025-10-30,Beauty,1,399.0,0.15,791.35,Mobile,Email,Completed
TXN002455,CUS0341,2026-07-26,Home,2,499.0,0.0,748.5,Desktop,Social Media,Completed
TXN002456,CUS0341,2026-04-07,Sports,3,299.0,0.0,672.75,Desktop,Social Media,Completed
TXN002457,CUS0342,2026-08-14,Electronics,3,399.0,0.0,897.75,Desktop,Social Media,Completed
TXN002458,CUS0342,2026-05-29,Sports,3,1499.0,0.0,3372.75,Mobile,Social Media,Completed
TXN002459,CUS0343,2026-03-21,Fashion,3,1499.0,0.0,4871.75,Desktop,Paid Ads,Completed
TXN002460,CUS0343,2026-03-09,Home,3,1499.0,0.0,4871.75,Mobile,Paid Ads,Completed
TXN002461,CUS0343,2026-02-27,Home,1,299.0,0.15,275.33,Desktop,Paid Ads,Completed
TXN002462,CUS0343,2026-01-13,Home,2,1499.0,0.1,2923.05,Tablet,Paid Ads,Completed
TXN002463,CUS0343,2026-01-09,Home,1,499.0,0.0,540.58,Desktop,Paid Ads,Completed
TXN002464,CUS0343,2025-11-05,Home,1,1499.0,0.0,1623.92,Desktop,Paid Ads,Completed
TXN002465,CUS0343,2025-09-24,Home,1,499.0,0.0,540.58,Desktop,Paid Ads,Completed
TXN002466,CUS0343,2025-08-18,Home,1,1999.0,0.15,1840.75,Desktop,Paid Ads,Completed
TXN002467,CUS0343,2025-06-13,Home,1,499.0,0.0,540.58,Desktop,Paid Ads,Completed
TXN002468,CUS0344,2026-08-10,Beauty,2,999.0,0.0,1831.5,Desktop,Paid Ads,Completed
TXN002469,CUS0344,2026-07-29,Beauty,3,299.0,0.1,740.02,Desktop,Paid Ads,Completed
TXN002470,CUS0344,2026-07-22,Beauty,2,699.0,0.0,1281.5,Desktop,Paid Ads,Returned
TXN002471,CUS0344,2026-06-10,Beauty,2,699.0,0.0,1281.5,Desktop,Paid Ads,Returned
TXN002472,CUS0344,2026-01-30,Beauty,2,399.0,0.0,731.5,Desktop,Paid Ads,Cancelled
TXN002473,CUS0344,2025-10-26,Sports,3,699.0,0.0,1922.25,Tablet,Paid Ads,Completed
TXN002474,CUS0345,2026-08-08,Electronics,3,299.0,0.0,2093.0,Desktop,Email,Completed
TXN002475,CUS0345,2026-07-25,Electronics,1,1999.0,0.0,4664.33,Tablet,Email,Completed
TXN002476,CUS0345,2026-06-11,Electronics,3,399.0,0.0,2793.0,Desktop,Email,Completed
TXN002477,CUS0345,2026-05-12,Electronics,3,299.0,0.05,1988.35,Desktop,Email,Completed
TXN002478,CUS0345,2026-05-04,Electronics,1,499.0,0.15,989.68,Desktop,Email,Completed
TXN002479,CUS0345,2026-04-14,Electronics,3,299.0,0.0,2093.0,Desktop,Email,Completed
TXN002480,CUS0345,2026-03-18,Electronics,2,299.0,0.0,1395.33,Desktop,Email,Completed
TXN002481,CUS0345,2026-03-03,Fashion,3,299.0,0.0,2093.0,Desktop,Email,Completed
TXN002482,CUS0345,2026-03-01,Fashion,2,1999.0,0.05,8862.23,Desktop,Email,Completed
TXN002483,CUS0345,2026-02-25,Electronics,2,299.0,0.0,1395.33,Mobile,Email,Completed
TXN002484,CUS0345,2026-02-09,Electronics,3,999.0,0.1,6293.7,Desktop,Email,Completed
TXN002485,CUS0345,2026-01-24,Sports,1,499.0,0.0,1164.33,Desktop,Email,Completed
TXN002486,CUS0345,2026-01-22,Electronics,3,699.0,0.0,4893.0,Tablet,Email,Completed
TXN002487,CUS0345,2026-01-16,Electronics,3,1499.0,0.0,10493.0,Desktop,Email,Completed
TXN002488,CUS0346,2025-11-11,Fashion,1,499.0,0.0,291.08,Desktop,Social Media,Cancelled
TXN002489,CUS0346,2025-02-14,Fashion,2,1499.0,0.0,1748.83,Desktop,Social Media,Completed
TXN002490,CUS0347,2025-12-04,Electronics,2,1999.0,0.15,1982.34,Tablet,Organic Search,Completed
TXN002491,CUS0347,2025-08-30,Sports,1,299.0,0.0,174.42,Tablet,Organic Search,Completed
TXN002492,CUS0347,2025-02-25,Fashion,3,999.0,0.0,1748.25,Tablet,Organic Search,Returned
TXN002493,CUS0348,2025-12-06,Beauty,3,499.0,0.0,873.25,Tablet,Social Media,Completed
TXN002494,CUS0349,2026-07-18,Electronics,2,1499.0,0.1,3597.6,Tablet,Email,Completed
TXN002495,CUS0349,2026-07-13,Home,2,1999.0,0.2,4264.53,Tablet,Email,Completed
TXN002496,CUS0349,2026-07-07,Fashion,2,399.0,0.0,1064.0,Tablet,Email,Completed
TXN002497,CUS0349,2026-06-23,Sports,1,299.0,0.15,338.87,Tablet,Email,Completed
TXN002498,CUS0349,2026-05-04,Sports,1,499.0,0.0,665.33,Tablet,Email,Returned
TXN002499,CUS0349,2026-04-04,Sports,3,999.0,0.0,3996.0,Tablet,Email,Completed
TXN002500,CUS0349,2026-04-01,Beauty,2,1999.0,0.0,5330.67,Tablet,Email,Completed
TXN002501,CUS0349,2026-03-04,Sports,2,699.0,0.0,1864.0,Tablet,Email,Completed
TXN002502,CUS0349,2026-01-04,Home,1,299.0,0.0,398.67,Tablet,Email,Completed
TXN002503,CUS0349,2025-12-31,Sports,2,699.0,0.0,1864.0,Tablet,Email,Completed
TXN002504,CUS0349,2025-12-04,Sports,1,299.0,0.0,398.67,Tablet,Email,Returned
TXN002505,CUS0349,2025-11-18,Sports,2,299.0,0.0,797.33,Mobile,Email,Completed
TXN002506,CUS0349,2025-10-31,Sports,3,299.0,0.05,1136.2,Tablet,Email,Completed
TXN002507,CUS0350,2026-08-01,Sports,3,299.0,0.0,672.75,Desktop,Paid Ads,Completed
TXN002508,CUS0350,2026-07-08,Sports,3,499.0,0.1,1010.47,Desktop,Paid Ads,Completed
TXN002509,CUS0350,2025-12-27,Sports,3,299.0,0.0,672.75,Desktop,Paid Ads,Cancelled
TXN002510,CUS0351,2026-08-16,Sports,1,1999.0,0.0,2665.33,Mobile,Email,Completed
TXN002511,CUS0351,2026-08-16,Beauty,2,699.0,0.0,1864.0,Mobile,Email,Cancelled
TXN002512,CUS0351,2026-08-13,Electronics,1,1999.0,0.0,2665.33,Mobile,Email,Completed
TXN002513,CUS0351,2026-07-21,Electronics,3,1999.0,0.05,7596.2,Mobile,Email,Completed
TXN002514,CUS0351,2026-04-18,Electronics,2,399.0,0.0,1064.0,Mobile,Email,Completed
TXN002515,CUS0351,2026-03-28,Beauty,2,1999.0,0.2,4264.53,Mobile,Email,Completed
TXN002516,CUS0351,2026-03-23,Electronics,2,399.0,0.0,1064.0,Mobile,Email,Completed
TXN002517,CUS0351,2026-03-07,Electronics,2,699.0,0.0,1864.0,Mobile,Email,Completed
TXN002518,CUS0351,2026-02-13,Sports,2,399.0,0.0,1064.0,Mobile,Email,Completed
TXN002519,CUS0351,2025-12-05,Home,3,499.0,0.0,1996.0,Mobile,Email,Completed
TXN002520,CUS0351,2025-12-02,Electronics,3,399.0,0.0,1596.0,Mobile,Email,Returned
TXN002521,CUS0351,2025-10-27,Fashion,2,1999.0,0.0,5330.67,Mobile,Email,Completed
TXN002522,CUS0351,2025-10-21,Electronics,1,399.0,0.0,532.0,Tablet,Email,Completed
TXN002523,CUS0352,2026-07-08,Electronics,2,1999.0,0.0,5330.67,Mobile,Email,Completed
TXN002524,CUS0352,2026-06-25,Electronics,2,499.0,0.0,1330.67,Desktop,Email,Completed
TXN002525,CUS0352,2026-06-03,Electronics,1,999.0,0.0,1332.0,Desktop,Email,Completed
TXN002526,CUS0352,2026-05-29,Sports,1,299.0,0.0,398.67,Mobile,Email,Completed
TXN002527,CUS0352,2026-05-24,Electronics,2,1499.0,0.2,3197.87,Mobile,Email,Completed
TXN002528,CUS0352,2026-05-12,Electronics,3,1499.0,0.0,5996.0,Mobile,Email,Completed
TXN002529,CUS0352,2026-04-19,Sports,2,1499.0,0.0,3997.33,Mobile,Email,Completed
TXN002530,CUS0352,2026-03-20,Electronics,3,999.0,0.0,3996.0,Mobile,Email,Completed
TXN002531,CUS0352,2026-03-20,Electronics,3,299.0,0.0,1196.0,Tablet,Email,Completed
TXN002532,CUS0352,2026-01-17,Fashion,1,999.0,0.0,1332.0,Mobile,Email,Completed
TXN002533,CUS0352,2026-01-05,Home,2,299.0,0.0,797.33,Mobile,Email,Completed
TXN002534,CUS0352,2025-11-25,Home,2,399.0,0.0,1064.0,Desktop,Email,Completed
TXN002535,CUS0352,2025-10-04,Electronics,2,999.0,0.0,2664.0,Mobile,Email,Completed
TXN002536,CUS0353,2026-08-03,Sports,2,699.0,0.0,3262.0,Desktop,Paid Ads,Completed
TXN002537,CUS0353,2026-08-01,Sports,3,299.0,0.0,2093.0,Desktop,Paid Ads,Completed
TXN002538,CUS0353,2026-07-22,Sports,2,499.0,0.0,2328.67,Desktop,Paid Ads,Cancelled
TXN002539,CUS0353,2026-07-15,Sports,3,399.0,0.0,2793.0,Desktop,Paid Ads,Completed
TXN002540,CUS0353,2026-07-14,Electronics,3,1499.0,0.0,10493.0,Desktop,Paid Ads,Cancelled
TXN002541,CUS0353,2026-07-08,Sports,3,1499.0,0.0,10493.0,Mobile,Paid Ads,Completed
TXN002542,CUS0353,2026-07-05,Sports,2,399.0,0.0,1862.0,Desktop,Paid Ads,Completed
TXN002543,CUS0353,2026-06-19,Fashion,3,699.0,0.0,4893.0,Desktop,Paid Ads,Completed
TXN002544,CUS0353,2026-04-29,Fashion,3,499.0,0.1,3143.7,Tablet,Paid Ads,Completed
TXN002545,CUS0353,2026-04-17,Sports,1,399.0,0.0,931.0,Desktop,Paid Ads,Completed
TXN002546,CUS0353,2026-04-17,Sports,1,699.0,0.0,1631.0,Desktop,Paid Ads,Completed
TXN002547,CUS0353,2026-03-29,Sports,2,399.0,0.0,1862.0,Mobile,Paid Ads,Completed
TXN002548,CUS0353,2026-03-28,Beauty,3,699.0,0.0,4893.0,Desktop,Paid Ads,Completed
TXN002549,CUS0353,2026-03-22,Electronics,1,299.0,0.0,697.67,Desktop,Paid Ads,Completed
TXN002550,CUS0353,2026-03-12,Sports,3,1499.0,0.0,10493.0,Tablet,Paid Ads,Completed
TXN002551,CUS0353,2026-03-11,Sports,2,299.0,0.0,1395.33,Desktop,Paid Ads,Completed
TXN002552,CUS0353,2026-02-04,Sports,2,1499.0,0.0,6995.33,Mobile,Paid Ads,Completed
TXN002553,CUS0353,2025-12-31,Sports,3,499.0,0.0,3493.0,Desktop,Paid Ads,Completed
TXN002554,CUS0353,2025-12-20,Sports,3,699.0,0.0,4893.0,Desktop,Paid Ads,Completed
TXN002555,CUS0353,2025-11-29,Sports,3,1499.0,0.0,10493.0,Mobile,Paid Ads,Completed
TXN002556,CUS0353,2025-10-20,Sports,2,499.0,0.0,2328.67,Desktop,Paid Ads,Completed
TXN002557,CUS0353,2025-10-18,Sports,1,499.0,0.0,1164.33,Desktop,Paid Ads,Completed
TXN002558,CUS0353,2025-10-15,Home,3,499.0,0.0,3493.0,Desktop,Paid Ads,Completed
TXN002559,CUS0354,2026-08-18,Fashion,2,699.0,0.0,1281.5,Mobile,Email,Completed
TXN002560,CUS0354,2026-04-23,Sports,2,299.0,0.0,548.17,Mobile,Email,Completed
TXN002561,CUS0354,2026-02-21,Fashion,1,1499.0,0.0,1374.08,Mobile,Email,Completed
TXN002562,CUS0354,2026-02-11,Fashion,3,499.0,0.0,1372.25,Mobile,Email,Cancelled
TXN002563,CUS0355,2026-08-11,Fashion,3,999.0,0.0,3996.0,Desktop,Paid Ads,Completed
TXN002564,CUS0355,2026-08-10,Fashion,2,999.0,0.0,2664.0,Desktop,Paid Ads,Completed
TXN002565,CUS0355,2026-08-09,Beauty,2,1499.0,0.0,3997.33,Desktop,Paid Ads,Completed
TXN002566,CUS0355,2026-07-21,Fashion,2,999.0,0.0,2664.0,Mobile,Paid Ads,Completed
TXN002567,CUS0355,2026-07-20,Electronics,3,999.0,0.0,3996.0,Desktop,Paid Ads,Completed
TXN002568,CUS0355,2026-05-24,Fashion,3,699.0,0.05,2656.2,Desktop,Paid Ads,Completed
TXN002569,CUS0355,2026-03-05,Fashion,3,299.0,0.0,1196.0,Desktop,Paid Ads,Completed
TXN002570,CUS0355,2026-02-22,Fashion,1,1999.0,0.0,2665.33,Desktop,Paid Ads,Completed
TXN002571,CUS0355,2026-01-18,Electronics,1,699.0,0.0,932.0,Desktop,Paid Ads,Completed
TXN002572,CUS0355,2025-12-31,Home,1,499.0,0.0,665.33,Desktop,Paid Ads,Completed
TXN002573,CUS0355,2025-12-03,Sports,2,699.0,0.0,1864.0,Desktop,Paid Ads,Completed
TXN002574,CUS0355,2025-11-23,Sports,2,1499.0,0.1,3597.6,Desktop,Paid Ads,Completed
TXN002575,CUS0355,2025-10-25,Sports,2,999.0,0.0,2664.0,Desktop,Paid Ads,Completed
TXN002576,CUS0356,2026-08-11,Sports,1,499.0,0.05,632.07,Mobile,Social Media,Returned
TXN002577,CUS0356,2026-07-09,Sports,3,499.0,0.0,1996.0,Mobile,Social Media,Completed
TXN002578,CUS0356,2026-06-09,Sports,1,1499.0,0.0,1998.67,Tablet,Social Media,Completed
TXN002579,CUS0356,2026-06-05,Beauty,3,399.0,0.0,1596.0,Mobile,Social Media,Completed
TXN002580,CUS0356,2026-05-06,Sports,2,1499.0,0.0,3997.33,Mobile,Social Media,Completed
TXN002581,CUS0356,2026-04-06,Sports,3,1999.0,0.0,7996.0,Mobile,Social Media,Completed
TXN002582,CUS0356,2025-12-10,Sports,3,299.0,0.0,1196.0,Mobile,Social Media,Completed
TXN002583,CUS0356,2025-11-19,Sports,3,999.0,0.0,3996.0,Mobile,Social Media,Completed
TXN002584,CUS0356,2025-10-26,Sports,1,499.0,0.15,565.53,Mobile,Social Media,Completed
TXN002585,CUS0356,2025-10-16,Sports,1,499.0,0.0,665.33,Mobile,Social Media,Completed
TXN002586,CUS0357,2025-12-08,Home,2,399.0,0.0,465.5,Desktop,Email,Completed
TXN002587,CUS0357,2025-11-30,Beauty,2,1499.0,0.0,1748.83,Mobile,Email,Completed
TXN002588,CUS0358,2026-08-14,Sports,1,299.0,0.0,274.08,Mobile,Direct,Completed
TXN002589,CUS0358,2026-05-22,Sports,1,1499.0,0.0,1374.08,Mobile,Direct,Completed
TXN002590,CUS0358,2026-03-29,Sports,3,999.0,0.05,2609.89,Mobile,Direct,Completed
TXN002591,CUS0358,2026-03-21,Sports,3,499.0,0.0,1372.25,Mobile,Direct,Completed
TXN002592,CUS0358,2026-03-10,Sports,1,499.0,0.0,457.42,Mobile,Direct,Completed
TXN002593,CUS0358,2025-12-26,Sports,1,1999.0,0.0,1832.42,Mobile,Direct,Completed
TXN002594,CUS0359,2026-08-10,Home,3,1499.0,0.0,5996.0,Mobile,Organic Search,Completed
TXN002595,CUS0359,2026-07-15,Electronics,1,1499.0,0.0,1998.67,Mobile,Organic Search,Completed
TXN002596,CUS0359,2026-06-10,Fashion,3,1499.0,0.0,5996.0,Desktop,Organic Search,Completed
TXN002597,CUS0359,2026-04-06,Home,2,399.0,0.0,1064.0,Mobile,Organic Search,Completed
TXN002598,CUS0359,2026-04-05,Home,3,299.0,0.0,1196.0,Mobile,Organic Search,Completed
TXN002599,CUS0359,2026-03-25,Home,1,1499.0,0.05,1898.73,Mobile,Organic Search,Cancelled
TXN002600,CUS0359,2026-03-22,Home,1,999.0,0.0,1332.0,Mobile,Organic Search,Completed
TXN002601,CUS0359,2026-03-18,Beauty,1,299.0,0.0,398.67,Mobile,Organic Search,Completed
TXN002602,CUS0359,2026-02-25,Home,2,1499.0,0.0,3997.33,Mobile,Organic Search,Completed
TXN002603,CUS0359,2026-01-11,Home,1,499.0,0.0,665.33,Mobile,Organic Search,Completed
TXN002604,CUS0359,2025-11-05,Electronics,1,1499.0,0.1,1798.8,Mobile,Organic Search,Completed
TXN002605,CUS0359,2025-10-30,Home,2,699.0,0.0,1864.0,Mobile,Organic Search,Completed
TXN002606,CUS0360,2026-06-22,Home,3,399.0,0.05,1231.91,Mobile,Direct,Cancelled
TXN002607,CUS0360,2026-02-12,Home,2,399.0,0.0,864.5,Mobile,Direct,Completed
TXN002608,CUS0360,2026-02-09,Home,3,999.0,0.0,3246.75,Mobile,Direct,Completed
TXN002609,CUS0360,2025-11-09,Home,1,299.0,0.0,323.92,Mobile,Direct,Completed
TXN002610,CUS0360,2025-10-09,Home,1,999.0,0.0,1082.25,Mobile,Direct,Completed
TXN002611,CUS0361,2026-07-07,Beauty,3,499.0,0.0,1996.0,Desktop,Direct,Completed
TXN002612,CUS0361,2026-07-06,Beauty,1,699.0,0.0,932.0,Mobile,Direct,Completed
TXN002613,CUS0361,2026-06-10,Beauty,1,299.0,0.0,398.67,Mobile,Direct,Completed
TXN002614,CUS0361,2026-05-31,Beauty,3,999.0,0.15,3396.6,Mobile,Direct,Completed
TXN002615,CUS0361,2026-05-03,Beauty,2,1499.0,0.05,3797.47,Mobile,Direct,Cancelled
TXN002616,CUS0361,2026-04-19,Beauty,2,999.0,0.05,2530.8,Desktop,Direct,Completed
TXN002617,CUS0361,2026-02-22,Beauty,2,299.0,0.1,717.6,Mobile,Direct,Completed
TXN002618,CUS0361,2026-01-18,Beauty,3,399.0,0.05,1516.2,Mobile,Direct,Completed
TXN002619,CUS0361,2026-01-08,Beauty,1,399.0,0.0,532.0,Mobile,Direct,Completed
TXN002620,CUS0361,2025-10-20,Beauty,2,1499.0,0.2,3197.87,Mobile,Direct,Completed
TXN002621,CUS0361,2025-10-19,Sports,1,299.0,0.0,398.67,Mobile,Direct,Completed
TXN002622,CUS0361,2025-09-24,Beauty,1,999.0,0.0,1332.0,Desktop,Direct,Completed
TXN002623,CUS0362,2026-06-24,Beauty,2,399.0,0.0,731.5,Mobile,Email,Cancelled
TXN002624,CUS0362,2026-06-06,Electronics,1,499.0,0.0,457.42,Desktop,Email,Completed
TXN002625,CUS0362,2026-03-24,Electronics,3,1999.0,0.2,4397.8,Desktop,Email,Completed
TXN002626,CUS0362,2025-10-17,Electronics,2,499.0,0.0,914.83,Desktop,Email,Completed
TXN002627,CUS0362,2025-10-03,Electronics,3,699.0,0.0,1922.25,Tablet,Email,Completed
TXN002628,CUS0362,2025-08-29,Fashion,1,399.0,0.2,292.6,Desktop,Email,Completed
TXN002629,CUS0363,2026-07-20,Home,1,299.0,0.15,338.87,Mobile,Paid Ads,Completed
TXN002630,CUS0363,2026-07-12,Home,1,299.0,0.1,358.8,Desktop,Paid Ads,Completed
TXN002631,CUS0363,2026-04-30,Home,3,499.0,0.0,1996.0,Desktop,Paid Ads,Completed
TXN002632,CUS0363,2026-02-03,Sports,3,1499.0,0.0,5996.0,Mobile,Paid Ads,Completed
TXN002633,CUS0363,2026-01-16,Home,3,699.0,0.0,2796.0,Mobile,Paid Ads,Completed
TXN002634,CUS0363,2026-01-16,Home,1,299.0,0.0,398.67,Mobile,Paid Ads,Completed
TXN002635,CUS0363,2025-10-23,Home,2,299.0,0.0,797.33,Mobile,Paid Ads,Completed
TXN002636,CUS0363,2025-10-06,Home,1,399.0,0.0,532.0,Desktop,Paid Ads,Completed
TXN002637,CUS0364,2026-07-06,Sports,3,699.0,0.1,1730.02,Mobile,Social Media,Completed
TXN002638,CUS0364,2026-06-24,Sports,1,499.0,0.0,457.42,Mobile,Social Media,Completed
TXN002639,CUS0364,2026-02-24,Fashion,1,399.0,0.2,292.6,Mobile,Social Media,Completed
TXN002640,CUS0364,2026-01-26,Beauty,1,499.0,0.0,457.42,Mobile,Social Media,Returned
TXN002641,CUS0364,2025-11-06,Sports,2,999.0,0.0,1831.5,Mobile,Social Media,Completed
TXN002642,CUS0365,2026-08-14,Electronics,1,499.0,0.0,540.58,Desktop,Direct,Completed
TXN002643,CUS0365,2026-08-04,Electronics,1,299.0,0.0,323.92,Desktop,Direct,Completed
TXN002644,CUS0365,2026-08-04,Electronics,3,1999.0,0.0,6496.75,Desktop,Direct,Completed
TXN002645,CUS0365,2026-08-02,Electronics,3,299.0,0.0,971.75,Desktop,Direct,Completed
TXN002646,CUS0365,2026-07-17,Electronics,3,1499.0,0.0,4871.75,Mobile,Direct,Completed
TXN002647,CUS0365,2026-07-01,Home,2,299.0,0.15,550.66,Desktop,Direct,Completed
TXN002648,CUS0365,2026-01-30,Electronics,2,499.0,0.0,1081.17,Tablet,Direct,Completed
TXN002649,CUS0365,2025-12-07,Beauty,1,999.0,0.0,1082.25,Desktop,Direct,Completed
TXN002650,CUS0365,2025-11-27,Electronics,3,699.0,0.0,2271.75,Mobile,Direct,Completed
TXN002651,CUS0366,2026-06-28,Fashion,3,999.0,0.1,2472.52,Mobile,Referral,Completed
TXN002652,CUS0366,2026-06-19,Home,3,1999.0,0.0,5497.25,Desktop,Referral,Completed
TXN002653,CUS0366,2026-04-23,Fashion,1,1999.0,0.1,1649.18,Desktop,Referral,Completed
TXN002654,CUS0366,2026-01-14,Fashion,2,499.0,0.0,914.83,Desktop,Referral,Completed
TXN002655,CUS0366,2025-12-27,Beauty,3,399.0,0.0,1097.25,Mobile,Referral,Completed
TXN002656,CUS0366,2025-10-29,Fashion,3,399.0,0.0,1097.25,Desktop,Referral,Completed
TXN002657,CUS0367,2026-07-30,Sports,2,499.0,0.1,673.65,Mobile,Referral,Completed
TXN002658,CUS0367,2026-02-21,Sports,2,299.0,0.2,358.8,Mobile,Referral,Completed
TXN002659,CUS0367,2026-01-19,Beauty,1,1999.0,0.0,1499.25,Desktop,Referral,Completed
TXN002660,CUS0368,2026-04-13,Beauty,3,299.0,0.0,971.75,Mobile,Organic Search,Returned
TXN002661,CUS0368,2026-02-28,Sports,2,699.0,0.0,1514.5,Mobile,Organic Search,Completed
TXN002662,CUS0368,2026-02-11,Beauty,2,999.0,0.0,2164.5,Mobile,Organic Search,Completed
TXN002663,CUS0368,2026-01-23,Beauty,1,1999.0,0.0,2165.58,Mobile,Organic Search,Completed
TXN002664,CUS0368,2026-01-07,Beauty,1,399.0,0.0,432.25,Mobile,Organic Search,Returned
TXN002665,CUS0368,2025-12-01,Beauty,3,999.0,0.15,2759.74,Mobile,Organic Search,Completed
TXN002666,CUS0368,2025-10-21,Electronics,2,699.0,0.05,1438.78,Mobile,Organic Search,Completed
TXN002667,CUS0368,2025-08-02,Electronics,2,499.0,0.15,918.99,Mobile,Organic Search,Completed
TXN002668,CUS0368,2025-06-20,Beauty,2,299.0,0.1,583.05,Mobile,Organic Search,Completed
TXN002669,CUS0369,2026-07-02,Beauty,2,1499.0,0.0,1748.83,Desktop,Direct,Completed
TXN002670,CUS0370,2026-08-15,Beauty,3,1499.0,0.0,5996.0,Mobile,Direct,Completed
TXN002671,CUS0370,2026-06-17,Beauty,3,699.0,0.0,2796.0,Mobile,Direct,Completed
TXN002672,CUS0370,2026-06-16,Beauty,3,499.0,0.1,1796.4,Mobile,Direct,Completed
TXN002673,CUS0370,2026-05-10,Sports,2,499.0,0.0,1330.67,Mobile,Direct,Completed
TXN002674,CUS0370,2026-02-18,Electronics,2,699.0,0.0,1864.0,Mobile,Direct,Completed
TXN002675,CUS0370,2026-02-06,Beauty,2,1499.0,0.0,3997.33,Mobile,Direct,Completed
TXN002676,CUS0370,2025-12-24,Sports,1,1999.0,0.0,2665.33,Mobile,Direct,Completed
TXN002677,CUS0370,2025-10-30,Fashion,2,1499.0,0.0,3997.33,Tablet,Direct,Completed
TXN002678,CUS0371,2026-07-07,Electronics,1,1499.0,0.0,1998.67,Mobile,Direct,Completed
TXN002679,CUS0371,2026-06-28,Sports,2,699.0,0.0,1864.0,Mobile,Direct,Completed
TXN002680,CUS0371,2026-06-07,Beauty,3,499.0,0.0,1996.0,Mobile,Direct,Completed
TXN002681,CUS0371,2026-05-28,Beauty,3,499.0,0.0,1996.0,Mobile,Direct,Completed
TXN002682,CUS0371,2026-03-17,Beauty,2,699.0,0.15,1584.4,Mobile,Direct,Completed
TXN002683,CUS0371,2026-03-16,Sports,2,299.0,0.0,797.33,Mobile,Direct,Completed
TXN002684,CUS0371,2026-03-02,Beauty,3,1999.0,0.0,7996.0,Mobile,Direct,Completed
TXN002685,CUS0371,2026-01-28,Electronics,2,699.0,0.1,1677.6,Mobile,Direct,Completed
TXN002686,CUS0371,2026-01-08,Sports,1,299.0,0.0,398.67,Mobile,Direct,Completed
TXN002687,CUS0371,2025-12-25,Sports,3,999.0,0.05,3796.2,Mobile,Direct,Completed
TXN002688,CUS0371,2025-11-08,Sports,3,1999.0,0.05,7596.2,Mobile,Direct,Completed
TXN002689,CUS0371,2025-10-12,Sports,2,699.0,0.0,1864.0,Mobile,Direct,Completed
TXN002690,CUS0371,2025-09-11,Sports,1,499.0,0.0,665.33,Mobile,Direct,Completed
TXN002691,CUS0372,2026-08-11,Fashion,1,399.0,0.0,931.0,Desktop,Social Media,Completed
TXN002692,CUS0372,2026-08-09,Fashion,2,399.0,0.0,1862.0,Desktop,Social Media,Completed
TXN002693,CUS0372,2026-07-31,Fashion,3,299.0,0.0,2093.0,Desktop,Social Media,Completed
TXN002694,CUS0372,2026-06-11,Home,1,499.0,0.0,1164.33,Desktop,Social Media,Completed
TXN002695,CUS0372,2026-05-28,Sports,2,699.0,0.1,2935.8,Desktop,Social Media,Completed
TXN002696,CUS0372,2026-05-16,Electronics,2,999.0,0.0,4662.0,Desktop,Social Media,Completed
TXN002697,CUS0372,2026-05-13,Electronics,2,399.0,0.0,1862.0,Tablet,Social Media,Completed
TXN002698,CUS0372,2026-05-06,Fashion,3,1999.0,0.0,13993.0,Desktop,Social Media,Completed
TXN002699,CUS0372,2026-04-22,Home,2,1999.0,0.0,9328.67,Desktop,Social Media,Completed
TXN002700,CUS0372,2026-04-14,Fashion,1,499.0,0.0,1164.33,Desktop,Social Media,Completed
TXN002701,CUS0372,2026-04-01,Fashion,1,299.0,0.0,697.67,Desktop,Social Media,Completed
TXN002702,CUS0372,2026-04-01,Fashion,3,999.0,0.0,6993.0,Tablet,Social Media,Completed
TXN002703,CUS0372,2026-03-31,Fashion,2,699.0,0.05,3098.9,Desktop,Social Media,Completed
TXN002704,CUS0372,2026-03-01,Fashion,1,699.0,0.0,1631.0,Desktop,Social Media,Completed
TXN002705,CUS0372,2026-02-28,Fashion,3,699.0,0.0,4893.0,Desktop,Social Media,Completed
TXN002706,CUS0372,2026-01-18,Fashion,2,999.0,0.0,4662.0,Mobile,Social Media,Completed
TXN002707,CUS0372,2025-12-19,Electronics,2,999.0,0.0,4662.0,Desktop,Social Media,Completed
TXN002708,CUS0372,2025-11-19,Fashion,2,399.0,0.0,1862.0,Desktop,Social Media,Completed
TXN002709,CUS0372,2025-11-16,Electronics,3,1499.0,0.0,10493.0,Desktop,Social Media,Completed
TXN002710,CUS0372,2025-10-31,Fashion,2,399.0,0.05,1768.9,Desktop,Social Media,Completed
TXN002711,CUS0372,2025-10-30,Fashion,1,699.0,0.0,1631.0,Desktop,Social Media,Completed
TXN002712,CUS0373,2026-05-18,Electronics,3,1999.0,0.0,3498.25,Mobile,Direct,Completed
TXN002713,CUS0373,2026-04-24,Sports,2,299.0,0.0,348.83,Mobile,Direct,Completed
TXN002714,CUS0373,2026-03-27,Electronics,2,1499.0,0.0,1748.83,Tablet,Direct,Completed
TXN002715,CUS0374,2025-11-25,Sports,3,499.0,0.0,873.25,Mobile,Social Media,Completed
TXN002716,CUS0374,2025-03-04,Electronics,3,399.0,0.0,698.25,Mobile,Social Media,Completed
TXN002717,CUS0374,2025-02-07,Electronics,3,499.0,0.0,873.25,Mobile,Social Media,Completed
TXN002718,CUS0375,2026-07-23,Beauty,1,1999.0,0.1,2398.8,Desktop,Organic Search,Completed
TXN002719,CUS0375,2026-06-06,Beauty,1,1999.0,0.0,2665.33,Desktop,Organic Search,Completed
TXN002720,CUS0375,2026-05-08,Beauty,1,499.0,0.0,665.33,Desktop,Organic Search,Completed
TXN002721,CUS0375,2026-03-11,Sports,3,699.0,0.0,2796.0,Tablet,Organic Search,Completed
TXN002722,CUS0375,2026-03-06,Beauty,3,499.0,0.0,1996.0,Desktop,Organic Search,Returned
TXN002723,CUS0375,2026-02-14,Beauty,1,399.0,0.0,532.0,Tablet,Organic Search,Completed
TXN002724,CUS0375,2026-02-05,Sports,1,399.0,0.0,532.0,Desktop,Organic Search,Completed
TXN002725,CUS0375,2026-01-13,Home,2,299.0,0.15,677.73,Desktop,Organic Search,Completed
TXN002726,CUS0375,2025-12-14,Sports,1,1999.0,0.0,2665.33,Desktop,Organic Search,Completed
TXN002727,CUS0375,2025-11-24,Beauty,1,299.0,0.0,398.67,Desktop,Organic Search,Completed
TXN002728,CUS0375,2025-11-12,Electronics,3,1499.0,0.0,5996.0,Desktop,Organic Search,Completed
TXN002729,CUS0375,2025-10-18,Beauty,3,299.0,0.0,1196.0,Desktop,Organic Search,Completed
TXN002730,CUS0376,2026-02-13,Electronics,3,399.0,0.0,698.25,Desktop,Referral,Completed
TXN002731,CUS0377,2026-08-09,Beauty,3,1999.0,0.0,7996.0,Mobile,Organic Search,Completed
TXN002732,CUS0377,2026-07-29,Beauty,2,499.0,0.0,1330.67,Mobile,Organic Search,Completed
TXN002733,CUS0377,2026-07-18,Beauty,3,1999.0,0.0,7996.0,Mobile,Organic Search,Completed
TXN002734,CUS0377,2026-07-14,Beauty,3,499.0,0.0,1996.0,Mobile,Organic Search,Completed
TXN002735,CUS0377,2026-04-19,Beauty,2,399.0,0.0,1064.0,Mobile,Organic Search,Completed
TXN002736,CUS0377,2026-04-14,Beauty,2,499.0,0.0,1330.67,Desktop,Organic Search,Completed
TXN002737,CUS0377,2026-04-13,Fashion,1,499.0,0.0,665.33,Mobile,Organic Search,Completed
TXN002738,CUS0377,2026-03-08,Beauty,2,1499.0,0.0,3997.33,Mobile,Organic Search,Completed
TXN002739,CUS0377,2025-12-22,Beauty,1,1499.0,0.0,1998.67,Mobile,Organic Search,Completed
TXN002740,CUS0377,2025-12-21,Electronics,2,299.0,0.0,797.33,Mobile,Organic Search,Completed
TXN002741,CUS0377,2025-11-12,Beauty,3,399.0,0.0,1596.0,Mobile,Organic Search,Completed
TXN002742,CUS0377,2025-10-29,Sports,2,399.0,0.0,1064.0,Desktop,Organic Search,Completed
TXN002743,CUS0378,2026-08-08,Beauty,1,1499.0,0.0,1374.08,Mobile,Email,Completed
TXN002744,CUS0378,2026-06-08,Home,1,1999.0,0.0,1832.42,Mobile,Email,Completed
TXN002745,CUS0378,2026-01-12,Electronics,2,699.0,0.15,1089.27,Mobile,Email,Completed
TXN002746,CUS0378,2025-11-13,Fashion,2,499.0,0.2,731.87,Mobile,Email,Returned
TXN002747,CUS0379,2026-08-18,Home,3,1499.0,0.0,4122.25,Mobile,Social Media,Completed
TXN002748,CUS0379,2026-07-23,Sports,2,399.0,0.05,694.92,Desktop,Social Media,Completed
TXN002749,CUS0379,2026-07-14,Electronics,3,499.0,0.0,1372.25,Mobile,Social Media,Completed
TXN002750,CUS0380,2026-01-24,Home,2,1999.0,0.0,2332.17,Desktop,Referral,Completed
TXN002751,CUS0380,2026-01-15,Home,3,499.0,0.0,873.25,Desktop,Referral,Completed
TXN002752,CUS0380,2025-09-02,Home,1,299.0,0.0,174.42,Desktop,Referral,Completed
TXN002753,CUS0381,2026-08-11,Fashion,3,999.0,0.0,6993.0,Mobile,Social Media,Completed
TXN002754,CUS0381,2026-08-06,Fashion,2,1999.0,0.0,9328.67,Mobile,Social Media,Completed
TXN002755,CUS0381,2026-06-27,Fashion,2,299.0,0.0,1395.33,Mobile,Social Media,Cancelled
TXN002756,CUS0381,2026-06-23,Fashion,3,1499.0,0.0,10493.0,Mobile,Social Media,Completed
TXN002757,CUS0381,2026-06-17,Fashion,2,1499.0,0.0,6995.33,Mobile,Social Media,Completed
TXN002758,CUS0381,2026-06-06,Beauty,2,1999.0,0.0,9328.67,Mobile,Social Media,Completed
TXN002759,CUS0381,2026-05-31,Fashion,1,1999.0,0.0,4664.33,Mobile,Social Media,Completed
TXN002760,CUS0381,2026-04-24,Fashion,3,699.0,0.2,3914.4,Mobile,Social Media,Completed
TXN002761,CUS0381,2026-04-21,Fashion,1,399.0,0.05,884.45,Mobile,Social Media,Completed
TXN002762,CUS0381,2026-04-20,Fashion,3,1999.0,0.0,13993.0,Mobile,Social Media,Completed
TXN002763,CUS0381,2026-04-07,Fashion,3,699.0,0.0,4893.0,Mobile,Social Media,Completed
TXN002764,CUS0381,2026-03-10,Fashion,3,699.0,0.0,4893.0,Mobile,Social Media,Completed
TXN002765,CUS0381,2026-02-19,Beauty,2,1999.0,0.15,7929.37,Mobile,Social Media,Completed
TXN002766,CUS0381,2026-01-15,Fashion,3,1499.0,0.05,9968.35,Mobile,Social Media,Completed
TXN002767,CUS0381,2026-01-03,Fashion,3,399.0,0.05,2653.35,Mobile,Social Media,Completed
TXN002768,CUS0381,2026-01-01,Fashion,2,399.0,0.0,1862.0,Mobile,Social Media,Completed
TXN002769,CUS0381,2025-12-29,Fashion,3,1999.0,0.1,12593.7,Mobile,Social Media,Completed
TXN002770,CUS0381,2025-10-23,Beauty,2,499.0,0.0,2328.67,Mobile,Social Media,Completed
TXN002771,CUS0381,2025-10-22,Fashion,2,1499.0,0.0,6995.33,Mobile,Social Media,Completed
TXN002772,CUS0381,2025-10-19,Home,2,499.0,0.0,2328.67,Mobile,Social Media,Completed
TXN002773,CUS0382,2026-08-14,Electronics,3,1999.0,0.0,4497.75,Mobile,Referral,Completed
TXN002774,CUS0382,2026-05-15,Electronics,3,499.0,0.0,1122.75,Mobile,Referral,Completed
TXN002775,CUS0383,2026-07-25,Sports,3,299.0,0.0,822.25,Mobile,Paid Ads,Completed
TXN002776,CUS0383,2026-06-29,Sports,2,399.0,0.15,621.78,Desktop,Paid Ads,Completed
TXN002777,CUS0383,2026-05-29,Sports,2,999.0,0.0,1831.5,Mobile,Paid Ads,Completed
TXN002778,CUS0383,2026-05-07,Fashion,1,1999.0,0.05,1740.8,Mobile,Paid Ads,Completed
TXN002779,CUS0383,2026-02-14,Sports,1,699.0,0.0,640.75,Mobile,Paid Ads,Completed
TXN002780,CUS0383,2025-10-10,Sports,3,399.0,0.15,932.66,Desktop,Paid Ads,Completed
TXN002781,CUS0384,2026-08-06,Fashion,3,499.0,0.0,3493.0,Desktop,Organic Search,Completed
TXN002782,CUS0384,2026-07-31,Fashion,2,699.0,0.0,3262.0,Desktop,Organic Search,Cancelled
TXN002783,CUS0384,2026-07-21,Beauty,1,399.0,0.0,931.0,Desktop,Organic Search,Completed
TXN002784,CUS0384,2026-07-04,Fashion,2,1499.0,0.0,6995.33,Desktop,Organic Search,Completed
TXN002785,CUS0384,2026-06-26,Fashion,2,699.0,0.05,3098.9,Desktop,Organic Search,Completed
TXN002786,CUS0384,2026-06-24,Beauty,3,1999.0,0.0,13993.0,Desktop,Organic Search,Completed
TXN002787,CUS0384,2026-06-23,Fashion,2,1999.0,0.0,9328.67,Desktop,Organic Search,Completed
TXN002788,CUS0384,2026-06-04,Sports,3,499.0,0.0,3493.0,Desktop,Organic Search,Completed
TXN002789,CUS0384,2026-05-29,Fashion,3,399.0,0.0,2793.0,Desktop,Organic Search,Cancelled
TXN002790,CUS0384,2026-05-21,Electronics,3,499.0,0.2,2794.4,Desktop,Organic Search,Cancelled
TXN002791,CUS0384,2026-05-11,Fashion,3,499.0,0.15,2969.05,Desktop,Organic Search,Completed
TXN002792,CUS0384,2026-04-11,Fashion,3,1999.0,0.0,13993.0,Desktop,Organic Search,Completed
TXN002793,CUS0384,2026-04-03,Fashion,2,499.0,0.1,2095.8,Desktop,Organic Search,Completed
TXN002794,CUS0384,2026-03-31,Electronics,3,1999.0,0.0,13993.0,Desktop,Organic Search,Completed
TXN002795,CUS0384,2026-03-29,Home,1,1499.0,0.2,2798.13,Desktop,Organic Search,Completed
TXN002796,CUS0384,2026-02-20,Fashion,2,999.0,0.0,4662.0,Desktop,Organic Search,Completed
TXN002797,CUS0384,2026-02-18,Home,1,699.0,0.0,1631.0,Desktop,Organic Search,Completed
TXN002798,CUS0384,2026-02-15,Fashion,3,1499.0,0.0,10493.0,Desktop,Organic Search,Completed
TXN002799,CUS0384,2025-12-28,Beauty,3,1499.0,0.0,10493.0,Desktop,Organic Search,Completed
TXN002800,CUS0384,2025-12-21,Fashion,2,1999.0,0.15,7929.37,Desktop,Organic Search,Completed
TXN002801,CUS0384,2025-10-16,Beauty,2,999.0,0.0,4662.0,Mobile,Organic Search,Completed
TXN002802,CUS0385,2026-07-10,Home,2,1499.0,0.2,3197.87,Desktop,Social Media,Cancelled
TXN002803,CUS0385,2026-07-05,Fashion,3,499.0,0.2,1596.8,Desktop,Social Media,Completed
TXN002804,CUS0385,2026-06-30,Home,3,299.0,0.0,1196.0,Desktop,Social Media,Completed
TXN002805,CUS0385,2026-05-07,Home,3,399.0,0.05,1516.2,Desktop,Social Media,Completed
TXN002806,CUS0385,2026-04-22,Home,2,699.0,0.0,1864.0,Mobile,Social Media,Completed
TXN002807,CUS0385,2026-04-01,Home,2,299.0,0.05,757.47,Desktop,Social Media,Completed
TXN002808,CUS0385,2026-03-05,Home,1,1999.0,0.1,2398.8,Tablet,Social Media,Completed
TXN002809,CUS0385,2025-10-01,Electronics,3,1499.0,0.1,5396.4,Desktop,Social Media,Completed
TXN002810,CUS0386,2026-07-09,Fashion,3,1999.0,0.0,5497.25,Mobile,Email,Completed
TXN002811,CUS0386,2026-05-30,Sports,2,499.0,0.05,869.09,Mobile,Email,Completed
TXN002812,CUS0386,2026-05-04,Fashion,3,999.0,0.0,2747.25,Mobile,Email,Completed
TXN002813,CUS0386,2025-12-26,Beauty,3,1999.0,0.0,5497.25,Mobile,Email,Completed
TXN002814,CUS0387,2026-05-13,Sports,2,1499.0,0.0,1748.83,Desktop,Referral,Completed
TXN002815,CUS0387,2025-08-26,Electronics,1,1999.0,0.0,1166.08,Mobile,Referral,Completed
TXN002816,CUS0388,2026-05-21,Electronics,1,299.0,0.05,307.72,Tablet,Direct,Cancelled
TXN002817,CUS0388,2026-04-28,Electronics,2,1499.0,0.0,3247.83,Desktop,Direct,Completed
TXN002818,CUS0388,2026-03-31,Electronics,1,399.0,0.0,432.25,Desktop,Direct,Completed
TXN002819,CUS0388,2026-03-21,Electronics,3,499.0,0.0,1621.75,Desktop,Direct,Completed
TXN002820,CUS0388,2026-01-23,Sports,1,1499.0,0.0,1623.92,Desktop,Direct,Completed
TXN002821,CUS0388,2025-12-13,Sports,2,499.0,0.0,1081.17,Desktop,Direct,Completed
TXN002822,CUS0388,2025-12-09,Electronics,1,699.0,0.0,757.25,Desktop,Direct,Completed
TXN002823,CUS0389,2025-09-29,Sports,1,699.0,0.15,346.59,Mobile,Social Media,Completed
TXN002824,CUS0389,2024-12-26,Sports,3,1999.0,0.0,3498.25,Mobile,Social Media,Completed
TXN002825,CUS0390,2026-05-28,Home,3,999.0,0.0,3246.75,Tablet,Organic Search,Completed
TXN002826,CUS0390,2026-02-18,Sports,3,699.0,0.0,2271.75,Tablet,Organic Search,Completed
TXN002827,CUS0390,2026-01-27,Fashion,2,1999.0,0.0,4331.17,Tablet,Organic Search,Completed
TXN002828,CUS0390,2025-12-21,Home,3,1999.0,0.0,6496.75,Tablet,Organic Search,Completed
TXN002829,CUS0390,2025-11-22,Beauty,3,499.0,0.0,1621.75,Tablet,Organic Search,Completed
TXN002830,CUS0390,2025-10-04,Fashion,3,699.0,0.0,2271.75,Tablet,Organic Search,Completed
TXN002831,CUS0390,2025-09-18,Beauty,2,499.0,0.0,1081.17,Mobile,Organic Search,Completed
TXN002832,CUS0390,2025-09-14,Electronics,2,699.0,0.0,1514.5,Mobile,Organic Search,Completed
TXN002833,CUS0390,2025-08-29,Home,2,999.0,0.0,2164.5,Tablet,Organic Search,Completed
TXN002834,CUS0390,2025-08-06,Fashion,3,399.0,0.0,1296.75,Tablet,Organic Search,Completed
TXN002835,CUS0391,2026-06-25,Beauty,3,1999.0,0.0,6496.75,Tablet,Social Media,Completed
TXN002836,CUS0391,2026-04-14,Sports,1,1999.0,0.15,1840.75,Mobile,Social Media,Completed
TXN002837,CUS0391,2026-03-03,Electronics,2,999.0,0.0,2164.5,Mobile,Social Media,Completed
TXN002838,CUS0391,2026-01-17,Beauty,3,499.0,0.0,1621.75,Mobile,Social Media,Completed
TXN002839,CUS0391,2026-01-11,Beauty,1,299.0,0.0,323.92,Mobile,Social Media,Completed
TXN002840,CUS0391,2025-12-17,Beauty,2,399.0,0.0,864.5,Desktop,Social Media,Returned
TXN002841,CUS0391,2025-11-14,Beauty,3,499.0,0.0,1621.75,Mobile,Social Media,Returned
TXN002842,CUS0391,2025-10-22,Beauty,3,1499.0,0.0,4871.75,Tablet,Social Media,Completed
TXN002843,CUS0391,2025-10-01,Beauty,1,399.0,0.1,389.02,Mobile,Social Media,Completed
TXN002844,CUS0392,2026-04-27,Beauty,3,299.0,0.0,523.25,Desktop,Email,Completed
TXN002845,CUS0393,2026-02-26,Home,1,699.0,0.0,757.25,Mobile,Social Media,Completed
TXN002846,CUS0393,2026-01-27,Sports,3,999.0,0.0,3246.75,Desktop,Social Media,Completed
TXN002847,CUS0393,2025-12-31,Sports,1,1499.0,0.0,1623.92,Mobile,Social Media,Completed
TXN002848,CUS0393,2025-12-24,Fashion,3,399.0,0.0,1296.75,Mobile,Social Media,Completed
TXN002849,CUS0393,2025-11-22,Sports,2,499.0,0.05,1027.11,Mobile,Social Media,Completed
TXN002850,CUS0393,2025-10-26,Electronics,1,1999.0,0.1,1949.02,Mobile,Social Media,Returned
TXN002851,CUS0393,2025-09-25,Home,3,999.0,0.0,3246.75,Tablet,Social Media,Completed
TXN002852,CUS0393,2025-07-20,Sports,2,1499.0,0.0,3247.83,Mobile,Social Media,Completed
TXN002853,CUS0393,2025-07-15,Sports,1,399.0,0.0,432.25,Mobile,Social Media,Completed
TXN002854,CUS0394,2026-04-06,Beauty,3,699.0,0.0,2271.75,Mobile,Referral,Completed
TXN002855,CUS0394,2026-02-02,Home,1,999.0,0.15,919.91,Tablet,Referral,Completed
TXN002856,CUS0394,2026-01-07,Home,2,699.0,0.0,1514.5,Mobile,Referral,Completed
TXN002857,CUS0394,2025-12-17,Sports,3,399.0,0.1,1167.07,Mobile,Referral,Completed
TXN002858,CUS0394,2025-10-24,Home,3,299.0,0.0,971.75,Mobile,Referral,Completed
TXN002859,CUS0394,2025-10-21,Home,1,1999.0,0.0,2165.58,Mobile,Referral,Completed
TXN002860,CUS0394,2025-06-28,Home,3,999.0,0.0,3246.75,Mobile,Referral,Completed
TXN002861,CUS0395,2026-08-10,Fashion,2,699.0,0.0,1048.5,Mobile,Paid Ads,Returned
TXN002862,CUS0395,2026-05-25,Fashion,3,499.0,0.05,1066.61,Desktop,Paid Ads,Completed
TXN002863,CUS0395,2026-01-13,Beauty,3,399.0,0.0,897.75,Mobile,Paid Ads,Completed
TXN002864,CUS0396,2026-08-15,Sports,2,699.0,0.2,1491.2,Desktop,Paid Ads,Completed
TXN002865,CUS0396,2026-08-03,Home,1,1999.0,0.0,2665.33,Desktop,Paid Ads,Completed
TXN002866,CUS0396,2026-04-10,Beauty,1,299.0,0.0,398.67,Desktop,Paid Ads,Completed
TXN002867,CUS0396,2026-03-23,Home,1,1999.0,0.0,2665.33,Desktop,Paid Ads,Completed
TXN002868,CUS0396,2026-03-08,Home,2,299.0,0.2,637.87,Mobile,Paid Ads,Completed
TXN002869,CUS0396,2026-02-17,Home,3,299.0,0.15,1016.6,Desktop,Paid Ads,Completed
TXN002870,CUS0396,2025-12-09,Home,2,399.0,0.0,1064.0,Desktop,Paid Ads,Completed
TXN002871,CUS0396,2025-11-19,Home,3,999.0,0.1,3596.4,Desktop,Paid Ads,Completed
TXN002872,CUS0397,2026-05-22,Beauty,3,499.0,0.0,1621.75,Desktop,Paid Ads,Completed
TXN002873,CUS0397,2026-05-16,Beauty,3,1499.0,0.0,4871.75,Mobile,Paid Ads,Completed
TXN002874,CUS0397,2026-03-20,Beauty,2,1499.0,0.15,2760.66,Desktop,Paid Ads,Completed
TXN002875,CUS0397,2025-11-21,Electronics,3,299.0,0.0,971.75,Desktop,Paid Ads,Completed
TXN002876,CUS0397,2025-08-14,Beauty,1,399.0,0.0,432.25,Desktop,Paid Ads,Completed
TXN002877,CUS0398,2026-08-01,Sports,1,299.0,0.0,398.67,Mobile,Organic Search,Completed
TXN002878,CUS0398,2026-05-27,Fashion,3,699.0,0.0,2796.0,Mobile,Organic Search,Completed
TXN002879,CUS0398,2026-04-24,Electronics,1,999.0,0.0,1332.0,Desktop,Organic Search,Completed
TXN002880,CUS0398,2026-04-16,Electronics,1,1499.0,0.05,1898.73,Mobile,Organic Search,Completed
TXN002881,CUS0398,2026-03-14,Electronics,2,499.0,0.0,1330.67,Mobile,Organic Search,Completed
TXN002882,CUS0398,2026-03-05,Fashion,2,1499.0,0.0,3997.33,Mobile,Organic Search,Completed
TXN002883,CUS0398,2026-02-28,Electronics,3,399.0,0.0,1596.0,Mobile,Organic Search,Completed
TXN002884,CUS0398,2026-01-23,Electronics,2,1499.0,0.05,3797.47,Mobile,Organic Search,Completed
TXN002885,CUS0398,2025-12-20,Fashion,3,499.0,0.05,1896.2,Mobile,Organic Search,Completed
TXN002886,CUS0398,2025-11-30,Electronics,2,1499.0,0.15,3397.73,Mobile,Organic Search,Completed
TXN002887,CUS0398,2025-10-20,Electronics,1,1499.0,0.2,1598.93,Mobile,Organic Search,Completed
TXN002888,CUS0399,2026-03-21,Electronics,3,699.0,0.05,1162.09,Mobile,Organic Search,Returned
TXN002889,CUS0399,2026-01-28,Fashion,2,1999.0,0.0,2332.17,Mobile,Organic Search,Completed
TXN002890,CUS0399,2025-11-09,Electronics,3,999.0,0.0,1748.25,Mobile,Organic Search,Completed
TXN002891,CUS0399,2025-08-12,Electronics,2,299.0,0.0,348.83,Mobile,Organic Search,Completed
TXN002892,CUS0400,2026-08-08,Fashion,3,1999.0,0.15,4672.66,Mobile,Paid Ads,Completed
TXN002893,CUS0400,2026-08-04,Fashion,3,299.0,0.0,822.25,Desktop,Paid Ads,Completed
TXN002894,CUS0400,2026-06-07,Beauty,2,1999.0,0.15,3115.11,Mobile,Paid Ads,Cancelled
TXN002895,CUS0400,2026-01-26,Sports,1,1999.0,0.05,1740.8,Desktop,Paid Ads,Completed
TXN002896,CUS0401,2026-08-04,Sports,1,699.0,0.15,445.61,Tablet,Paid Ads,Completed
TXN002897,CUS0401,2026-07-05,Sports,3,499.0,0.0,1122.75,Mobile,Paid Ads,Completed
TXN002898,CUS0402,2025-10-14,Home,1,999.0,0.0,582.75,Desktop,Social Media,Completed
TXN002899,CUS0402,2025-08-18,Electronics,2,699.0,0.0,815.5,Tablet,Social Media,Completed
TXN002900,CUS0402,2025-07-27,Beauty,2,999.0,0.0,1165.5,Tablet,Social Media,Cancelled
TXN002901,CUS0402,2025-03-08,Fashion,1,1999.0,0.0,1166.08,Mobile,Social Media,Completed
TXN002902,CUS0403,2026-07-18,Sports,2,499.0,0.0,1330.67,Desktop,Direct,Completed
TXN002903,CUS0403,2026-06-22,Sports,3,1999.0,0.0,7996.0,Mobile,Direct,Completed
TXN002904,CUS0403,2026-06-18,Sports,1,399.0,0.0,532.0,Desktop,Direct,Completed
TXN002905,CUS0403,2026-06-04,Beauty,3,699.0,0.05,2656.2,Tablet,Direct,Completed
TXN002906,CUS0403,2026-05-18,Sports,2,1499.0,0.0,3997.33,Desktop,Direct,Completed
TXN002907,CUS0403,2026-05-09,Sports,2,399.0,0.0,1064.0,Desktop,Direct,Returned
TXN002908,CUS0403,2026-02-02,Sports,2,699.0,0.0,1864.0,Desktop,Direct,Completed
TXN002909,CUS0403,2026-01-30,Sports,3,299.0,0.0,1196.0,Desktop,Direct,Completed
TXN002910,CUS0403,2026-01-23,Sports,2,999.0,0.0,2664.0,Desktop,Direct,Completed
TXN002911,CUS0403,2025-12-25,Sports,3,399.0,0.0,1596.0,Desktop,Direct,Completed
TXN002912,CUS0403,2025-12-19,Fashion,3,999.0,0.0,3996.0,Desktop,Direct,Completed
TXN002913,CUS0403,2025-11-20,Sports,1,1999.0,0.0,2665.33,Desktop,Direct,Returned
TXN002914,CUS0403,2025-11-12,Electronics,1,699.0,0.0,932.0,Desktop,Direct,Completed
TXN002915,CUS0403,2025-11-06,Beauty,3,499.0,0.0,1996.0,Desktop,Direct,Completed
TXN002916,CUS0404,2026-08-06,Fashion,2,1499.0,0.1,2473.35,Mobile,Paid Ads,Completed
TXN002917,CUS0404,2026-04-27,Fashion,3,399.0,0.0,1097.25,Mobile,Paid Ads,Completed
TXN002918,CUS0404,2026-04-09,Fashion,3,999.0,0.05,2609.89,Mobile,Paid Ads,Completed
TXN002919,CUS0404,2026-02-03,Fashion,3,699.0,0.0,1922.25,Mobile,Paid Ads,Completed
TXN002920,CUS0404,2026-01-22,Home,1,1499.0,0.1,1236.68,Mobile,Paid Ads,Completed
TXN002921,CUS0405,2026-08-07,Sports,2,1499.0,0.0,6995.33,Mobile,Direct,Completed
TXN002922,CUS0405,2026-08-06,Electronics,1,1999.0,0.1,4197.9,Mobile,Direct,Completed
TXN002923,CUS0405,2026-07-07,Electronics,3,299.0,0.0,2093.0,Mobile,Direct,Completed
TXN002924,CUS0405,2026-06-15,Electronics,3,399.0,0.0,2793.0,Mobile,Direct,Completed
TXN002925,CUS0405,2026-06-01,Beauty,3,399.0,0.0,2793.0,Mobile,Direct,Completed
TXN002926,CUS0405,2026-05-25,Electronics,3,1999.0,0.0,13993.0,Mobile,Direct,Completed
TXN002927,CUS0405,2026-05-09,Electronics,3,399.0,0.0,2793.0,Mobile,Direct,Completed
TXN002928,CUS0405,2026-04-19,Fashion,3,399.0,0.2,2234.4,Mobile,Direct,Completed
TXN002929,CUS0405,2026-04-01,Electronics,1,299.0,0.0,697.67,Mobile,Direct,Completed
TXN002930,CUS0405,2026-03-30,Home,1,399.0,0.0,931.0,Mobile,Direct,Completed
TXN002931,CUS0405,2026-03-28,Sports,3,499.0,0.0,3493.0,Mobile,Direct,Cancelled
TXN002932,CUS0405,2026-02-26,Electronics,1,299.0,0.15,593.02,Mobile,Direct,Completed
TXN002933,CUS0405,2026-02-24,Sports,2,299.0,0.0,1395.33,Mobile,Direct,Completed
TXN002934,CUS0405,2026-02-12,Electronics,3,699.0,0.0,4893.0,Mobile,Direct,Completed
TXN002935,CUS0405,2026-01-30,Electronics,3,299.0,0.0,2093.0,Mobile,Direct,Completed
TXN002936,CUS0405,2026-01-24,Beauty,2,1999.0,0.0,9328.67,Mobile,Direct,Completed
TXN002937,CUS0405,2026-01-23,Home,3,1499.0,0.0,10493.0,Mobile,Direct,Completed
TXN002938,CUS0405,2026-01-21,Electronics,3,1499.0,0.15,8919.05,Mobile,Direct,Completed
TXN002939,CUS0405,2026-01-18,Fashion,2,699.0,0.0,3262.0,Mobile,Direct,Completed
TXN002940,CUS0405,2026-01-03,Electronics,3,1499.0,0.0,10493.0,Tablet,Direct,Completed
TXN002941,CUS0405,2025-12-25,Electronics,1,1499.0,0.2,2798.13,Mobile,Direct,Completed
TXN002942,CUS0405,2025-12-05,Electronics,2,499.0,0.05,2212.23,Mobile,Direct,Completed
TXN002943,CUS0405,2025-11-02,Electronics,3,699.0,0.0,4893.0,Mobile,Direct,Completed
TXN002944,CUS0405,2025-10-30,Electronics,1,399.0,0.2,744.8,Mobile,Direct,Completed
TXN002945,CUS0405,2025-10-22,Home,3,1999.0,0.0,13993.0,Mobile,Direct,Completed
TXN002946,CUS0405,2025-10-20,Electronics,1,299.0,0.0,697.67,Mobile,Direct,Completed
TXN002947,CUS0406,2026-05-13,Sports,2,699.0,0.0,815.5,Desktop,Social Media,Completed
TXN002948,CUS0407,2026-07-17,Electronics,2,1499.0,0.0,2748.17,Mobile,Organic Search,Completed
TXN002949,CUS0407,2026-05-20,Electronics,3,499.0,0.0,1372.25,Mobile,Organic Search,Completed
TXN002950,CUS0407,2026-04-01,Electronics,3,1499.0,0.0,4122.25,Mobile,Organic Search,Completed
TXN002951,CUS0408,2026-06-05,Fashion,2,1999.0,0.0,2332.17,Desktop,Referral,Completed
TXN002952,CUS0408,2026-03-08,Fashion,2,299.0,0.0,348.83,Desktop,Referral,Returned
TXN002953,CUS0409,2026-07-16,Electronics,2,299.0,0.2,637.87,Mobile,Paid Ads,Completed
TXN002954,CUS0409,2026-07-16,Beauty,2,1999.0,0.0,5330.67,Desktop,Paid Ads,Completed
TXN002955,CUS0409,2026-07-05,Electronics,2,1999.0,0.0,5330.67,Desktop,Paid Ads,Completed
TXN002956,CUS0409,2026-05-24,Electronics,3,999.0,0.0,3996.0,Desktop,Paid Ads,Completed
TXN002957,CUS0409,2026-05-09,Electronics,1,499.0,0.0,665.33,Desktop,Paid Ads,Completed
TXN002958,CUS0409,2026-04-28,Beauty,2,999.0,0.0,2664.0,Desktop,Paid Ads,Completed
TXN002959,CUS0409,2026-04-22,Electronics,2,699.0,0.0,1864.0,Desktop,Paid Ads,Completed
TXN002960,CUS0409,2026-02-16,Electronics,3,499.0,0.0,1996.0,Desktop,Paid Ads,Completed
TXN002961,CUS0409,2026-01-21,Electronics,2,699.0,0.0,1864.0,Desktop,Paid Ads,Completed
TXN002962,CUS0409,2026-01-20,Electronics,2,1999.0,0.0,5330.67,Desktop,Paid Ads,Completed
TXN002963,CUS0409,2025-11-27,Sports,3,699.0,0.0,2796.0,Desktop,Paid Ads,Completed
TXN002964,CUS0409,2025-11-26,Electronics,1,499.0,0.2,532.27,Desktop,Paid Ads,Completed
TXN002965,CUS0409,2025-11-11,Electronics,1,299.0,0.0,398.67,Desktop,Paid Ads,Completed
TXN002966,CUS0410,2025-10-16,Electronics,1,1999.0,0.0,1166.08,Mobile,Email,Completed
TXN002967,CUS0410,2025-03-25,Electronics,3,699.0,0.0,1223.25,Mobile,Email,Cancelled
TXN002968,CUS0410,2025-03-05,Electronics,2,699.0,0.0,815.5,Mobile,Email,Returned
TXN002969,CUS0410,2025-01-15,Electronics,1,299.0,0.2,139.53,Mobile,Email,Completed
TXN002970,CUS0411,2026-02-09,Home,1,1499.0,0.0,1623.92,Desktop,Organic Search,Completed
TXN002971,CUS0411,2026-01-15,Beauty,1,699.0,0.0,757.25,Mobile,Organic Search,Completed
TXN002972,CUS0411,2025-10-07,Beauty,1,999.0,0.0,1082.25,Desktop,Organic Search,Completed
TXN002973,CUS0411,2025-09-05,Home,3,699.0,0.05,2158.16,Desktop,Organic Search,Completed
TXN002974,CUS0411,2025-09-01,Beauty,2,999.0,0.0,2164.5,Desktop,Organic Search,Completed
TXN002975,CUS0411,2025-06-29,Beauty,3,699.0,0.0,2271.75,Desktop,Organic Search,Completed
TXN002976,CUS0411,2025-05-12,Beauty,1,999.0,0.0,1082.25,Desktop,Organic Search,Completed
TXN002977,CUS0411,2025-04-27,Beauty,2,499.0,0.15,918.99,Desktop,Organic Search,Returned
TXN002978,CUS0411,2025-04-18,Beauty,3,999.0,0.0,3246.75,Desktop,Organic Search,Completed
TXN002979,CUS0412,2026-07-18,Beauty,3,399.0,0.0,1296.75,Mobile,Email,Returned
TXN002980,CUS0412,2026-06-19,Beauty,1,499.0,0.0,540.58,Mobile,Email,Completed
TXN002981,CUS0412,2026-03-17,Beauty,2,399.0,0.15,734.82,Mobile,Email,Completed
TXN002982,CUS0412,2026-02-24,Electronics,3,1999.0,0.0,6496.75,Mobile,Email,Completed
TXN002983,CUS0412,2026-01-18,Beauty,1,699.0,0.0,757.25,Mobile,Email,Completed
TXN002984,CUS0413,2025-10-24,Beauty,3,499.0,0.0,873.25,Tablet,Direct,Completed
TXN002985,CUS0413,2025-05-08,Beauty,1,1499.0,0.0,874.42,Mobile,Direct,Completed
TXN002986,CUS0413,2025-04-30,Electronics,2,299.0,0.0,348.83,Mobile,Direct,Completed
TXN002987,CUS0413,2024-12-29,Beauty,1,299.0,0.0,174.42,Mobile,Direct,Completed
TXN002988,CUS0414,2026-08-07,Fashion,2,399.0,0.0,598.5,Mobile,Organic Search,Completed
TXN002989,CUS0414,2026-07-17,Electronics,1,399.0,0.0,299.25,Desktop,Organic Search,Completed
TXN002990,CUS0414,2025-12-29,Home,3,399.0,0.1,807.97,Mobile,Organic Search,Completed
TXN002991,CUS0415,2026-08-10,Home,1,699.0,0.0,524.25,Mobile,Social Media,Cancelled
TXN002992,CUS0416,2026-03-29,Home,3,399.0,0.0,1296.75,Mobile,Organic Search,Completed
TXN002993,CUS0416,2025-12-09,Beauty,3,299.0,0.05,923.16,Mobile,Organic Search,Completed
TXN002994,CUS0416,2025-10-06,Beauty,1,1499.0,0.0,1623.92,Mobile,Organic Search,Returned
TXN002995,CUS0416,2025-10-03,Beauty,3,299.0,0.0,971.75,Mobile,Organic Search,Completed
TXN002996,CUS0416,2025-09-19,Beauty,1,699.0,0.0,757.25,Mobile,Organic Search,Completed
TXN002997,CUS0417,2026-03-10,Home,2,699.0,0.0,815.5,Mobile,Email,Completed
TXN002998,CUS0418,2026-07-29,Electronics,3,299.0,0.0,672.75,Tablet,Referral,Completed
TXN002999,CUS0418,2026-02-27,Electronics,1,499.0,0.0,374.25,Desktop,Referral,Completed
TXN003000,CUS0419,2026-05-21,Beauty,1,1499.0,0.0,1623.92,Mobile,Direct,Completed
TXN003001,CUS0419,2026-05-10,Beauty,2,399.0,0.0,864.5,Mobile,Direct,Completed
TXN003002,CUS0419,2026-05-10,Beauty,2,499.0,0.2,864.93,Mobile,Direct,Completed
TXN003003,CUS0419,2026-05-08,Beauty,1,1499.0,0.0,1623.92,Mobile,Direct,Completed
TXN003004,CUS0419,2026-02-12,Fashion,2,1999.0,0.0,4331.17,Mobile,Direct,Completed
TXN003005,CUS0419,2025-10-17,Beauty,2,399.0,0.0,864.5,Mobile,Direct,Completed
TXN003006,CUS0419,2025-09-21,Beauty,2,1499.0,0.0,3247.83,Mobile,Direct,Cancelled
TXN003007,CUS0420,2026-07-18,Home,2,299.0,0.0,797.33,Mobile,Social Media,Completed
TXN003008,CUS0420,2026-07-02,Home,2,499.0,0.0,1330.67,Mobile,Social Media,Completed
TXN003009,CUS0420,2026-05-19,Home,2,499.0,0.0,1330.67,Mobile,Social Media,Completed
TXN003010,CUS0420,2026-04-28,Beauty,3,499.0,0.0,1996.0,Mobile,Social Media,Completed
TXN003011,CUS0420,2026-03-14,Home,1,1999.0,0.0,2665.33,Mobile,Social Media,Completed
TXN003012,CUS0420,2026-02-12,Home,2,999.0,0.0,2664.0,Desktop,Social Media,Completed
TXN003013,CUS0420,2026-01-28,Home,3,499.0,0.0,1996.0,Mobile,Social Media,Completed
TXN003014,CUS0420,2025-12-24,Home,3,999.0,0.0,3996.0,Mobile,Social Media,Completed
TXN003015,CUS0420,2025-10-11,Home,3,699.0,0.0,2796.0,Mobile,Social Media,Completed
TXN003016,CUS0420,2025-10-01,Electronics,1,399.0,0.0,532.0,Mobile,Social Media,Completed
TXN003017,CUS0421,2026-07-08,Home,2,1999.0,0.0,3664.83,Tablet,Direct,Completed
TXN003018,CUS0421,2026-07-05,Electronics,1,1499.0,0.0,1374.08,Tablet,Direct,Completed
TXN003019,CUS0421,2026-05-08,Electronics,2,699.0,0.0,1281.5,Tablet,Direct,Completed
TXN003020,CUS0421,2026-05-02,Sports,1,999.0,0.05,869.96,Tablet,Direct,Completed
TXN003021,CUS0421,2026-03-27,Sports,3,399.0,0.1,987.52,Desktop,Direct,Completed
TXN003022,CUS0421,2025-09-17,Sports,2,699.0,0.0,1281.5,Tablet,Direct,Completed
TXN003023,CUS0422,2026-01-25,Fashion,1,999.0,0.0,1082.25,Desktop,Referral,Completed
TXN003024,CUS0422,2026-01-18,Fashion,3,999.0,0.2,2597.4,Desktop,Referral,Returned
TXN003025,CUS0422,2025-10-25,Fashion,2,1999.0,0.0,4331.17,Desktop,Referral,Completed
TXN003026,CUS0422,2025-10-24,Fashion,2,699.0,0.0,1514.5,Mobile,Referral,Completed
TXN003027,CUS0422,2025-07-31,Fashion,3,499.0,0.0,1621.75,Desktop,Referral,Completed
TXN003028,CUS0422,2025-07-17,Sports,1,499.0,0.0,540.58,Desktop,Referral,Completed
TXN003029,CUS0422,2025-06-30,Fashion,3,1999.0,0.0,6496.75,Desktop,Referral,Completed
TXN003030,CUS0422,2025-05-28,Fashion,1,399.0,0.0,432.25,Mobile,Referral,Completed
TXN003031,CUS0422,2025-04-10,Beauty,1,1499.0,0.0,1623.92,Desktop,Referral,Completed
TXN003032,CUS0423,2026-08-07,Sports,2,399.0,0.0,1862.0,Tablet,Email,Cancelled
TXN003033,CUS0423,2026-07-29,Electronics,2,399.0,0.0,1862.0,Tablet,Email,Completed
TXN003034,CUS0423,2026-07-24,Electronics,3,699.0,0.0,4893.0,Tablet,Email,Completed
TXN003035,CUS0423,2026-07-19,Electronics,2,299.0,0.1,1255.8,Desktop,Email,Completed
TXN003036,CUS0423,2026-06-23,Electronics,1,299.0,0.0,697.67,Tablet,Email,Completed
TXN003037,CUS0423,2026-05-27,Electronics,2,1999.0,0.0,9328.67,Tablet,Email,Completed
TXN003038,CUS0423,2026-05-14,Electronics,3,699.0,0.0,4893.0,Tablet,Email,Completed
TXN003039,CUS0423,2026-04-04,Fashion,2,399.0,0.0,1862.0,Tablet,Email,Completed
TXN003040,CUS0423,2026-03-15,Electronics,3,999.0,0.2,5594.4,Tablet,Email,Completed
TXN003041,CUS0423,2026-03-10,Electronics,1,999.0,0.0,2331.0,Tablet,Email,Completed
TXN003042,CUS0423,2026-03-09,Electronics,1,699.0,0.05,1549.45,Tablet,Email,Completed
TXN003043,CUS0423,2026-03-05,Sports,2,999.0,0.1,4195.8,Tablet,Email,Completed
TXN003044,CUS0423,2026-03-04,Electronics,2,299.0,0.0,1395.33,Tablet,Email,Completed
TXN003045,CUS0423,2026-03-01,Electronics,3,499.0,0.05,3318.35,Mobile,Email,Completed
TXN003046,CUS0423,2026-02-26,Electronics,2,699.0,0.0,3262.0,Tablet,Email,Completed
TXN003047,CUS0423,2026-02-10,Electronics,2,999.0,0.15,3962.7,Tablet,Email,Completed
TXN003048,CUS0423,2026-01-26,Electronics,2,299.0,0.0,1395.33,Tablet,Email,Completed
TXN003049,CUS0423,2026-01-21,Electronics,3,1499.0,0.0,10493.0,Mobile,Email,Completed
TXN003050,CUS0423,2026-01-01,Electronics,1,999.0,0.2,1864.8,Tablet,Email,Completed
TXN003051,CUS0423,2025-12-29,Electronics,3,299.0,0.2,1674.4,Tablet,Email,Completed
TXN003052,CUS0423,2025-11-29,Sports,2,1999.0,0.0,9328.67,Tablet,Email,Completed
TXN003053,CUS0423,2025-11-23,Electronics,2,999.0,0.05,4428.9,Tablet,Email,Completed
TXN003054,CUS0423,2025-11-21,Electronics,1,299.0,0.0,697.67,Desktop,Email,Completed
TXN003055,CUS0423,2025-10-20,Sports,1,999.0,0.0,2331.0,Tablet,Email,Completed
TXN003056,CUS0424,2026-04-12,Beauty,2,1499.0,0.0,3247.83,Desktop,Social Media,Completed
TXN003057,CUS0424,2026-03-18,Fashion,2,299.0,0.0,647.83,Desktop,Social Media,Completed
TXN003058,CUS0424,2026-03-17,Beauty,2,499.0,0.0,1081.17,Desktop,Social Media,Completed
TXN003059,CUS0424,2025-11-22,Fashion,2,299.0,0.0,647.83,Desktop,Social Media,Completed
TXN003060,CUS0424,2025-10-31,Electronics,1,1999.0,0.0,2165.58,Mobile,Social Media,Completed
TXN003061,CUS0424,2025-10-10,Fashion,3,299.0,0.0,971.75,Mobile,Social Media,Completed
TXN003062,CUS0424,2025-09-19,Fashion,2,1999.0,0.0,4331.17,Desktop,Social Media,Completed
TXN003063,CUS0424,2025-07-06,Electronics,3,1999.0,0.0,6496.75,Desktop,Social Media,Completed
TXN003064,CUS0425,2026-08-12,Electronics,2,399.0,0.0,1862.0,Desktop,Organic Search,Completed
TXN003065,CUS0425,2026-08-11,Electronics,2,1999.0,0.0,9328.67,Desktop,Organic Search,Returned
TXN003066,CUS0425,2026-08-01,Electronics,3,299.0,0.0,2093.0,Desktop,Organic Search,Cancelled
TXN003067,CUS0425,2026-05-22,Beauty,2,699.0,0.0,3262.0,Desktop,Organic Search,Completed
TXN003068,CUS0425,2026-04-22,Beauty,2,699.0,0.0,3262.0,Desktop,Organic Search,Completed
TXN003069,CUS0425,2026-02-26,Electronics,2,699.0,0.0,3262.0,Tablet,Organic Search,Completed
TXN003070,CUS0425,2026-02-16,Home,2,699.0,0.05,3098.9,Desktop,Organic Search,Completed
TXN003071,CUS0425,2026-02-01,Electronics,3,1999.0,0.05,13293.35,Mobile,Organic Search,Completed
TXN003072,CUS0425,2026-01-13,Electronics,1,999.0,0.0,2331.0,Desktop,Organic Search,Completed
TXN003073,CUS0425,2025-12-26,Electronics,3,1999.0,0.2,11194.4,Desktop,Organic Search,Completed
TXN003074,CUS0425,2025-12-09,Electronics,1,699.0,0.0,1631.0,Desktop,Organic Search,Completed
TXN003075,CUS0425,2025-12-09,Electronics,2,499.0,0.0,2328.67,Desktop,Organic Search,Completed
TXN003076,CUS0425,2025-11-26,Electronics,1,699.0,0.2,1304.8,Desktop,Organic Search,Completed
TXN003077,CUS0425,2025-10-23,Electronics,3,499.0,0.0,3493.0,Desktop,Organic Search,Completed
TXN003078,CUS0426,2025-12-24,Beauty,3,699.0,0.0,1223.25,Desktop,Email,Completed
TXN003079,CUS0426,2025-11-02,Fashion,1,1999.0,0.0,1166.08,Tablet,Email,Cancelled
TXN003080,CUS0426,2025-10-27,Fashion,2,1499.0,0.0,1748.83,Desktop,Email,Completed
TXN003081,CUS0426,2025-05-31,Fashion,2,1499.0,0.0,1748.83,Desktop,Email,Completed
TXN003082,CUS0427,2026-08-15,Sports,3,499.0,0.0,1372.25,Desktop,Referral,Completed
TXN003083,CUS0427,2026-04-24,Beauty,2,499.0,0.1,823.35,Desktop,Referral,Completed
TXN003084,CUS0427,2026-02-16,Beauty,1,399.0,0.2,292.6,Desktop,Referral,Completed
TXN003085,CUS0427,2025-12-12,Beauty,3,1499.0,0.0,4122.25,Desktop,Referral,Completed
TXN003086,CUS0427,2025-12-01,Electronics,1,1499.0,0.0,1374.08,Desktop,Referral,Completed
TXN003087,CUS0427,2025-11-14,Beauty,2,1999.0,0.0,3664.83,Desktop,Referral,Completed
TXN003088,CUS0428,2026-07-27,Sports,1,399.0,0.0,299.25,Mobile,Email,Completed
TXN003089,CUS0428,2025-11-04,Sports,2,1999.0,0.2,2398.8,Mobile,Email,Completed
TXN003090,CUS0429,2026-07-20,Sports,1,399.0,0.0,432.25,Tablet,Referral,Completed
TXN003091,CUS0429,2026-06-05,Electronics,2,399.0,0.0,864.5,Mobile,Referral,Cancelled
TXN003092,CUS0429,2026-02-16,Electronics,1,499.0,0.0,540.58,Mobile,Referral,Completed
TXN003093,CUS0429,2026-02-04,Fashion,2,299.0,0.0,647.83,Mobile,Referral,Completed
TXN003094,CUS0429,2026-02-02,Beauty,1,1499.0,0.0,1623.92,Tablet,Referral,Completed
TXN003095,CUS0429,2026-01-26,Beauty,1,399.0,0.0,432.25,Tablet,Referral,Completed
TXN003096,CUS0429,2026-01-19,Beauty,3,399.0,0.0,1296.75,Desktop,Referral,Completed
TXN003097,CUS0429,2026-01-14,Beauty,2,999.0,0.0,2164.5,Mobile,Referral,Completed
TXN003098,CUS0429,2025-11-15,Home,2,699.0,0.0,1514.5,Tablet,Referral,Completed
TXN003099,CUS0429,2025-10-10,Beauty,2,1499.0,0.2,2598.27,Mobile,Referral,Completed
TXN003100,CUS0430,2026-06-28,Electronics,1,999.0,0.05,869.96,Mobile,Organic Search,Completed
TXN003101,CUS0430,2026-04-18,Beauty,1,999.0,0.2,732.6,Mobile,Organic Search,Completed
TXN003102,CUS0430,2025-12-11,Beauty,1,299.0,0.0,274.08,Mobile,Organic Search,Completed
TXN003103,CUS0430,2025-09-22,Home,1,499.0,0.2,365.93,Mobile,Organic Search,Completed
TXN003104,CUS0430,2025-09-18,Electronics,2,1499.0,0.0,2748.17,Mobile,Organic Search,Completed
TXN003105,CUS0430,2025-09-05,Beauty,3,499.0,0.0,1372.25,Tablet,Organic Search,Completed
TXN003106,CUS0431,2026-02-03,Fashion,2,699.0,0.0,1514.5,Mobile,Organic Search,Completed
TXN003107,CUS0431,2025-12-30,Sports,2,1999.0,0.0,4331.17,Mobile,Organic Search,Completed
TXN003108,CUS0431,2025-11-23,Electronics,1,299.0,0.0,323.92,Mobile,Organic Search,Completed
TXN003109,CUS0431,2025-10-24,Sports,2,1999.0,0.0,4331.17,Mobile,Organic Search,Completed
TXN003110,CUS0431,2025-09-08,Sports,1,999.0,0.2,865.8,Mobile,Organic Search,Completed
TXN003111,CUS0431,2025-07-28,Fashion,3,699.0,0.1,2044.57,Mobile,Organic Search,Completed
TXN003112,CUS0431,2025-07-15,Sports,2,1999.0,0.15,3681.49,Mobile,Organic Search,Completed
TXN003113,CUS0431,2025-05-24,Sports,2,1999.0,0.0,4331.17,Mobile,Organic Search,Completed
TXN003114,CUS0432,2026-08-13,Electronics,2,1499.0,0.0,6995.33,Desktop,Organic Search,Completed
TXN003115,CUS0432,2026-07-31,Sports,1,299.0,0.0,697.67,Mobile,Organic Search,Completed
TXN003116,CUS0432,2026-07-15,Electronics,1,299.0,0.0,697.67,Mobile,Organic Search,Completed
TXN003117,CUS0432,2026-06-28,Home,3,1499.0,0.0,10493.0,Mobile,Organic Search,Completed
TXN003118,CUS0432,2026-06-02,Electronics,3,299.0,0.15,1779.05,Mobile,Organic Search,Completed
TXN003119,CUS0432,2026-05-31,Beauty,3,699.0,0.0,4893.0,Mobile,Organic Search,Completed
TXN003120,CUS0432,2026-05-15,Electronics,2,999.0,0.0,4662.0,Mobile,Organic Search,Completed
TXN003121,CUS0432,2026-05-09,Electronics,2,699.0,0.0,3262.0,Mobile,Organic Search,Completed
TXN003122,CUS0432,2026-05-06,Electronics,3,499.0,0.0,3493.0,Mobile,Organic Search,Completed
TXN003123,CUS0432,2026-04-18,Sports,2,999.0,0.0,4662.0,Mobile,Organic Search,Completed
TXN003124,CUS0432,2026-04-14,Electronics,1,1499.0,0.0,3497.67,Tablet,Organic Search,Completed
TXN003125,CUS0432,2026-04-08,Beauty,2,999.0,0.0,4662.0,Mobile,Organic Search,Completed
TXN003126,CUS0432,2026-01-31,Electronics,2,999.0,0.0,4662.0,Tablet,Organic Search,Completed
TXN003127,CUS0432,2026-01-19,Electronics,1,1499.0,0.0,3497.67,Mobile,Organic Search,Cancelled
TXN003128,CUS0432,2026-01-11,Home,3,999.0,0.0,6993.0,Mobile,Organic Search,Completed
TXN003129,CUS0432,2026-01-07,Electronics,3,1999.0,0.0,13993.0,Mobile,Organic Search,Completed
TXN003130,CUS0432,2026-01-05,Electronics,2,1999.0,0.2,7462.93,Mobile,Organic Search,Completed
TXN003131,CUS0432,2025-12-27,Electronics,1,399.0,0.0,931.0,Mobile,Organic Search,Completed
TXN003132,CUS0432,2025-12-15,Electronics,2,699.0,0.0,3262.0,Mobile,Organic Search,Completed
TXN003133,CUS0432,2025-12-14,Electronics,3,1499.0,0.0,10493.0,Mobile,Organic Search,Completed
TXN003134,CUS0432,2025-11-21,Electronics,3,1499.0,0.0,10493.0,Mobile,Organic Search,Completed
TXN003135,CUS0432,2025-11-11,Electronics,1,1999.0,0.0,4664.33,Mobile,Organic Search,Completed
TXN003136,CUS0432,2025-10-21,Fashion,2,299.0,0.05,1325.57,Mobile,Organic Search,Completed
TXN003137,CUS0433,2026-07-16,Fashion,1,1499.0,0.15,1167.97,Tablet,Referral,Completed
TXN003138,CUS0433,2026-07-16,Fashion,1,699.0,0.0,640.75,Desktop,Referral,Completed
TXN003139,CUS0433,2026-06-18,Fashion,1,299.0,0.0,274.08,Desktop,Referral,Completed
TXN003140,CUS0433,2026-02-28,Fashion,3,1499.0,0.05,3916.14,Mobile,Referral,Completed
TXN003141,CUS0433,2025-10-07,Fashion,2,1999.0,0.0,3664.83,Desktop,Referral,Cancelled
TXN003142,CUS0434,2026-07-03,Home,1,499.0,0.05,434.55,Desktop,Social Media,Completed
TXN003143,CUS0434,2026-05-19,Fashion,1,299.0,0.0,274.08,Desktop,Social Media,Completed
TXN003144,CUS0434,2025-10-03,Home,2,1499.0,0.0,2748.17,Desktop,Social Media,Completed
TXN003145,CUS0435,2026-08-09,Electronics,3,1499.0,0.0,2623.25,Mobile,Email,Completed
TXN003146,CUS0435,2026-05-21,Electronics,3,699.0,0.0,1223.25,Mobile,Email,Returned
TXN003147,CUS0435,2026-03-11,Electronics,3,999.0,0.2,1398.6,Mobile,Email,Cancelled
TXN003148,CUS0435,2025-11-01,Electronics,1,499.0,0.0,291.08,Mobile,Email,Completed
TXN003149,CUS0436,2026-08-04,Sports,3,399.0,0.0,2793.0,Desktop,Organic Search,Completed
TXN003150,CUS0436,2026-07-07,Home,1,999.0,0.0,2331.0,Desktop,Organic Search,Completed
TXN003151,CUS0436,2026-06-23,Fashion,1,399.0,0.0,931.0,Desktop,Organic Search,Completed
TXN003152,CUS0436,2026-06-06,Electronics,1,1999.0,0.0,4664.33,Desktop,Organic Search,Completed
TXN003153,CUS0436,2026-04-23,Electronics,2,1499.0,0.2,5596.27,Tablet,Organic Search,Completed
TXN003154,CUS0436,2026-04-04,Electronics,2,999.0,0.0,4662.0,Desktop,Organic Search,Cancelled
TXN003155,CUS0436,2026-03-21,Home,2,999.0,0.0,4662.0,Desktop,Organic Search,Completed
TXN003156,CUS0436,2026-03-15,Fashion,2,499.0,0.0,2328.67,Desktop,Organic Search,Completed
TXN003157,CUS0436,2026-03-01,Electronics,2,999.0,0.0,4662.0,Desktop,Organic Search,Completed
TXN003158,CUS0436,2026-02-02,Electronics,2,699.0,0.0,3262.0,Desktop,Organic Search,Completed
TXN003159,CUS0436,2026-01-22,Electronics,3,999.0,0.0,6993.0,Desktop,Organic Search,Completed
TXN003160,CUS0436,2026-01-04,Electronics,2,499.0,0.0,2328.67,Desktop,Organic Search,Completed
TXN003161,CUS0436,2025-12-28,Electronics,2,1999.0,0.0,9328.67,Desktop,Organic Search,Completed
TXN003162,CUS0436,2025-11-05,Electronics,3,299.0,0.0,2093.0,Desktop,Organic Search,Completed
TXN003163,CUS0436,2025-10-28,Electronics,2,299.0,0.0,1395.33,Desktop,Organic Search,Completed
TXN003164,CUS0436,2025-10-13,Electronics,2,699.0,0.0,3262.0,Mobile,Organic Search,Completed
TXN003165,CUS0437,2026-07-03,Beauty,2,1999.0,0.0,3664.83,Mobile,Organic Search,Completed
TXN003166,CUS0437,2026-02-26,Beauty,2,399.0,0.1,658.35,Mobile,Organic Search,Completed
TXN003167,CUS0437,2026-02-06,Fashion,3,399.0,0.0,1097.25,Mobile,Organic Search,Completed
TXN003168,CUS0438,2026-03-11,Electronics,3,299.0,0.0,971.75,Tablet,Paid Ads,Completed
TXN003169,CUS0438,2026-02-19,Sports,2,1499.0,0.2,2598.27,Tablet,Paid Ads,Completed
TXN003170,CUS0438,2026-01-21,Sports,2,999.0,0.0,2164.5,Tablet,Paid Ads,Completed
TXN003171,CUS0438,2026-01-17,Sports,2,299.0,0.1,583.05,Tablet,Paid Ads,Completed
TXN003172,CUS0438,2025-12-30,Fashion,2,499.0,0.0,1081.17,Tablet,Paid Ads,Completed
TXN003173,CUS0438,2025-09-24,Sports,1,999.0,0.0,1082.25,Tablet,Paid Ads,Completed
TXN003174,CUS0438,2025-07-08,Home,1,499.0,0.1,486.52,Tablet,Paid Ads,Completed
TXN003175,CUS0438,2025-07-06,Sports,3,399.0,0.2,1037.4,Desktop,Paid Ads,Completed
TXN003176,CUS0438,2025-05-24,Sports,2,999.0,0.0,2164.5,Tablet,Paid Ads,Completed
TXN003177,CUS0439,2026-08-11,Fashion,1,1999.0,0.0,1832.42,Desktop,Direct,Completed
TXN003178,CUS0439,2026-06-06,Beauty,3,299.0,0.0,822.25,Desktop,Direct,Cancelled
TXN003179,CUS0439,2025-12-08,Beauty,2,299.0,0.0,548.17,Desktop,Direct,Completed
TXN003180,CUS0439,2025-11-13,Beauty,3,1999.0,0.0,5497.25,Desktop,Direct,Completed
TXN003181,CUS0440,2026-08-06,Sports,2,299.0,0.0,1395.33,Desktop,Paid Ads,Completed
TXN003182,CUS0440,2026-08-05,Sports,1,999.0,0.0,2331.0,Desktop,Paid Ads,Completed
TXN003183,CUS0440,2026-08-03,Home,2,499.0,0.0,2328.67,Desktop,Paid Ads,Cancelled
TXN003184,CUS0440,2026-08-01,Sports,3,1499.0,0.0,10493.0,Desktop,Paid Ads,Completed
TXN003185,CUS0440,2026-07-27,Home,2,499.0,0.0,2328.67,Desktop,Paid Ads,Completed
TXN003186,CUS0440,2026-07-19,Fashion,3,499.0,0.0,3493.0,Desktop,Paid Ads,Completed
TXN003187,CUS0440,2026-06-28,Sports,2,999.0,0.0,4662.0,Desktop,Paid Ads,Returned
TXN003188,CUS0440,2026-06-15,Sports,2,299.0,0.1,1255.8,Desktop,Paid Ads,Completed
TXN003189,CUS0440,2026-05-11,Sports,2,1999.0,0.0,9328.67,Desktop,Paid Ads,Completed
TXN003190,CUS0440,2026-05-07,Sports,2,1499.0,0.0,6995.33,Mobile,Paid Ads,Completed
TXN003191,CUS0440,2026-04-22,Beauty,3,999.0,0.0,6993.0,Desktop,Paid Ads,Completed
TXN003192,CUS0440,2026-03-13,Beauty,2,299.0,0.0,1395.33,Desktop,Paid Ads,Cancelled
TXN003193,CUS0440,2026-03-07,Fashion,2,699.0,0.0,3262.0,Desktop,Paid Ads,Completed
TXN003194,CUS0440,2026-02-27,Sports,1,399.0,0.0,931.0,Mobile,Paid Ads,Completed
TXN003195,CUS0440,2026-02-23,Sports,1,1999.0,0.0,4664.33,Desktop,Paid Ads,Completed
TXN003196,CUS0440,2026-02-10,Sports,1,499.0,0.2,931.47,Desktop,Paid Ads,Completed
TXN003197,CUS0440,2026-02-10,Sports,3,999.0,0.0,6993.0,Desktop,Paid Ads,Completed
TXN003198,CUS0440,2026-01-26,Sports,3,699.0,0.0,4893.0,Desktop,Paid Ads,Completed
TXN003199,CUS0440,2025-12-28,Sports,1,699.0,0.0,1631.0,Desktop,Paid Ads,Completed
TXN003200,CUS0440,2025-11-28,Sports,1,499.0,0.0,1164.33,Desktop,Paid Ads,Completed
TXN003201,CUS0440,2025-10-23,Sports,3,499.0,0.0,3493.0,Mobile,Paid Ads,Completed
TXN003202,CUS0440,2025-10-22,Sports,1,1999.0,0.0,4664.33,Mobile,Paid Ads,Completed
TXN003203,CUS0441,2026-08-19,Home,1,999.0,0.0,915.75,Mobile,Direct,Completed
TXN003204,CUS0441,2026-07-24,Fashion,3,1999.0,0.0,5497.25,Mobile,Direct,Completed
TXN003205,CUS0441,2026-06-04,Home,3,999.0,0.2,2197.8,Mobile,Direct,Completed
TXN003206,CUS0441,2026-02-24,Home,3,1999.0,0.0,5497.25,Mobile,Direct,Completed
TXN003207,CUS0442,2026-08-12,Fashion,2,1999.0,0.0,5330.67,Desktop,Paid Ads,Completed
TXN003208,CUS0442,2026-06-01,Electronics,2,1499.0,0.0,3997.33,Desktop,Paid Ads,Returned
TXN003209,CUS0442,2026-04-28,Fashion,3,499.0,0.0,1996.0,Tablet,Paid Ads,Completed
TXN003210,CUS0442,2026-04-26,Fashion,1,1499.0,0.0,1998.67,Desktop,Paid Ads,Completed
TXN003211,CUS0442,2026-04-12,Sports,1,1499.0,0.15,1698.87,Desktop,Paid Ads,Completed
TXN003212,CUS0442,2026-04-05,Fashion,3,699.0,0.0,2796.0,Desktop,Paid Ads,Completed
TXN003213,CUS0442,2026-03-18,Sports,2,1999.0,0.0,5330.67,Desktop,Paid Ads,Completed
TXN003214,CUS0442,2026-02-05,Fashion,1,1499.0,0.2,1598.93,Desktop,Paid Ads,Completed
TXN003215,CUS0442,2026-02-04,Fashion,3,999.0,0.0,3996.0,Desktop,Paid Ads,Completed
TXN003216,CUS0442,2026-01-20,Fashion,1,699.0,0.0,932.0,Mobile,Paid Ads,Completed
TXN003217,CUS0442,2026-01-13,Home,3,999.0,0.2,3196.8,Desktop,Paid Ads,Completed
TXN003218,CUS0442,2025-12-01,Fashion,2,999.0,0.0,2664.0,Desktop,Paid Ads,Completed
TXN003219,CUS0442,2025-11-22,Sports,2,999.0,0.0,2664.0,Tablet,Paid Ads,Completed
TXN003220,CUS0442,2025-11-09,Fashion,1,299.0,0.0,398.67,Desktop,Paid Ads,Returned
TXN003221,CUS0443,2026-07-19,Home,3,399.0,0.0,1596.0,Mobile,Direct,Completed
TXN003222,CUS0443,2026-06-12,Beauty,1,399.0,0.0,532.0,Mobile,Direct,Completed
TXN003223,CUS0443,2026-06-02,Beauty,1,699.0,0.0,932.0,Desktop,Direct,Cancelled
TXN003224,CUS0443,2026-04-30,Beauty,2,1999.0,0.0,5330.67,Mobile,Direct,Completed
TXN003225,CUS0443,2026-01-22,Fashion,1,1499.0,0.0,1998.67,Desktop,Direct,Completed
TXN003226,CUS0443,2025-12-22,Beauty,1,699.0,0.0,932.0,Mobile,Direct,Completed
TXN003227,CUS0443,2025-11-28,Sports,2,499.0,0.0,1330.67,Mobile,Direct,Completed
TXN003228,CUS0443,2025-11-01,Sports,1,499.0,0.0,665.33,Mobile,Direct,Completed
TXN003229,CUS0443,2025-10-23,Electronics,1,499.0,0.0,665.33,Mobile,Direct,Completed
TXN003230,CUS0444,2026-01-12,Beauty,2,999.0,0.0,1165.5,Mobile,Social Media,Completed
TXN003231,CUS0444,2025-06-13,Beauty,1,299.0,0.0,174.42,Mobile,Social Media,Completed
TXN003232,CUS0445,2026-07-21,Sports,1,999.0,0.0,1332.0,Mobile,Paid Ads,Completed
TXN003233,CUS0445,2026-07-20,Sports,1,1999.0,0.0,2665.33,Mobile,Paid Ads,Completed
TXN003234,CUS0445,2026-06-21,Beauty,2,399.0,0.2,851.2,Desktop,Paid Ads,Completed
TXN003235,CUS0445,2026-06-20,Sports,2,299.0,0.0,797.33,Mobile,Paid Ads,Completed
TXN003236,CUS0445,2026-05-19,Beauty,2,999.0,0.0,2664.0,Mobile,Paid Ads,Returned
TXN003237,CUS0445,2026-05-18,Sports,2,1499.0,0.0,3997.33,Mobile,Paid Ads,Completed
TXN003238,CUS0445,2025-12-26,Sports,2,1999.0,0.0,5330.67,Tablet,Paid Ads,Completed
TXN003239,CUS0445,2025-12-21,Sports,2,299.0,0.0,797.33,Mobile,Paid Ads,Completed
TXN003240,CUS0445,2025-11-18,Sports,3,1999.0,0.0,7996.0,Tablet,Paid Ads,Completed
TXN003241,CUS0445,2025-11-03,Sports,2,499.0,0.2,1064.53,Mobile,Paid Ads,Completed
TXN003242,CUS0445,2025-11-03,Sports,3,399.0,0.2,1276.8,Mobile,Paid Ads,Completed
TXN003243,CUS0445,2025-11-02,Sports,3,499.0,0.2,1596.8,Mobile,Paid Ads,Completed
TXN003244,CUS0445,2025-10-28,Sports,3,499.0,0.0,1996.0,Mobile,Paid Ads,Completed
TXN003245,CUS0446,2026-07-23,Sports,1,1499.0,0.0,1374.08,Mobile,Paid Ads,Completed
TXN003246,CUS0446,2026-05-19,Sports,3,699.0,0.0,1922.25,Mobile,Paid Ads,Completed
TXN003247,CUS0446,2026-03-23,Home,3,999.0,0.05,2609.89,Mobile,Paid Ads,Completed
TXN003248,CUS0446,2025-10-18,Sports,2,999.0,0.0,1831.5,Mobile,Paid Ads,Completed
TXN003249,CUS0447,2026-05-25,Fashion,2,399.0,0.0,864.5,Mobile,Paid Ads,Completed
TXN003250,CUS0447,2026-03-13,Fashion,1,499.0,0.0,540.58,Mobile,Paid Ads,Completed
TXN003251,CUS0447,2026-01-25,Home,2,399.0,0.0,864.5,Tablet,Paid Ads,Completed
TXN003252,CUS0447,2025-12-03,Fashion,2,499.0,0.0,1081.17,Mobile,Paid Ads,Completed
TXN003253,CUS0447,2025-10-20,Fashion,3,999.0,0.0,3246.75,Mobile,Paid Ads,Completed
TXN003254,CUS0447,2025-10-17,Sports,1,1999.0,0.0,2165.58,Mobile,Paid Ads,Completed
TXN003255,CUS0448,2026-03-21,Home,2,299.0,0.0,647.83,Tablet,Social Media,Completed
TXN003256,CUS0448,2025-12-31,Fashion,1,299.0,0.0,323.92,Mobile,Social Media,Completed
TXN003257,CUS0448,2025-12-12,Fashion,3,399.0,0.0,1296.75,Mobile,Social Media,Completed
TXN003258,CUS0448,2025-11-18,Fashion,2,999.0,0.0,2164.5,Mobile,Social Media,Completed
TXN003259,CUS0448,2025-11-03,Fashion,3,999.0,0.0,3246.75,Mobile,Social Media,Completed
TXN003260,CUS0448,2025-08-21,Beauty,3,1499.0,0.0,4871.75,Desktop,Social Media,Completed
TXN003261,CUS0448,2025-08-13,Fashion,1,1999.0,0.0,2165.58,Tablet,Social Media,Completed
TXN003262,CUS0448,2025-06-29,Electronics,1,699.0,0.0,757.25,Mobile,Social Media,Returned
TXN003263,CUS0448,2025-06-22,Fashion,1,999.0,0.05,1028.14,Mobile,Social Media,Completed
TXN003264,CUS0449,2026-06-25,Beauty,1,499.0,0.0,457.42,Mobile,Email,Completed
TXN003265,CUS0449,2026-06-16,Beauty,1,299.0,0.15,232.97,Tablet,Email,Completed
TXN003266,CUS0449,2026-02-08,Electronics,3,699.0,0.0,1922.25,Mobile,Email,Completed
TXN003267,CUS0449,2026-01-28,Beauty,2,1999.0,0.0,3664.83,Tablet,Email,Completed
TXN003268,CUS0449,2025-11-15,Electronics,1,999.0,0.05,869.96,Mobile,Email,Completed
TXN003269,CUS0449,2025-09-18,Fashion,2,1499.0,0.0,2748.17,Mobile,Email,Completed
TXN003270,CUS0450,2025-11-11,Fashion,2,299.0,0.0,348.83,Tablet,Social Media,Completed
TXN003271,CUS0450,2025-02-25,Fashion,3,1999.0,0.15,2973.51,Tablet,Social Media,Completed
TXN003272,CUS0450,2025-01-31,Fashion,1,499.0,0.0,291.08,Tablet,Social Media,Completed
TXN003273,CUS0451,2026-06-27,Electronics,2,299.0,0.0,548.17,Desktop,Email,Completed
TXN003274,CUS0451,2025-12-05,Beauty,3,699.0,0.0,1922.25,Mobile,Email,Completed
TXN003275,CUS0451,2025-12-03,Beauty,2,999.0,0.0,1831.5,Tablet,Email,Completed
TXN003276,CUS0451,2025-11-19,Fashion,2,1999.0,0.2,2931.87,Desktop,Email,Returned
TXN003277,CUS0452,2026-02-19,Home,2,699.0,0.0,1514.5,Tablet,Direct,Returned
TXN003278,CUS0452,2025-12-01,Home,2,399.0,0.0,864.5,Mobile,Direct,Completed
TXN003279,CUS0452,2025-11-12,Electronics,3,299.0,0.0,971.75,Mobile,Direct,Completed
TXN003280,CUS0452,2025-10-08,Sports,1,999.0,0.1,974.02,Mobile,Direct,Completed
TXN003281,CUS0452,2025-08-09,Home,1,399.0,0.0,432.25,Mobile,Direct,Completed
TXN003282,CUS0452,2025-05-20,Home,3,399.0,0.0,1296.75,Mobile,Direct,Returned
TXN003283,CUS0452,2025-05-14,Home,3,399.0,0.0,1296.75,Mobile,Direct,Completed
TXN003284,CUS0452,2025-05-07,Home,3,299.0,0.0,971.75,Mobile,Direct,Completed
TXN003285,CUS0453,2026-07-31,Beauty,3,299.0,0.0,523.25,Desktop,Social Media,Completed
TXN003286,CUS0453,2026-04-07,Fashion,1,299.0,0.0,174.42,Desktop,Social Media,Completed
TXN003287,CUS0453,2025-12-18,Beauty,2,299.0,0.0,348.83,Desktop,Social Media,Completed
TXN003288,CUS0454,2026-06-26,Home,1,1999.0,0.0,2165.58,Mobile,Organic Search,Completed
TXN003289,CUS0454,2026-06-16,Fashion,1,1499.0,0.0,1623.92,Mobile,Organic Search,Completed
TXN003290,CUS0454,2026-04-26,Home,1,1999.0,0.0,2165.58,Mobile,Organic Search,Completed
TXN003291,CUS0454,2026-04-24,Home,1,1499.0,0.0,1623.92,Mobile,Organic Search,Completed
TXN003292,CUS0454,2026-04-06,Home,1,999.0,0.05,1028.14,Mobile,Organic Search,Completed
TXN003293,CUS0454,2025-12-27,Home,2,1999.0,0.0,4331.17,Mobile,Organic Search,Returned
TXN003294,CUS0454,2025-12-06,Home,2,699.0,0.05,1438.78,Mobile,Organic Search,Completed
TXN003295,CUS0454,2025-11-22,Home,1,399.0,0.0,432.25,Mobile,Organic Search,Completed
TXN003296,CUS0455,2026-03-15,Home,1,999.0,0.0,1082.25,Desktop,Email,Completed
TXN003297,CUS0455,2026-02-21,Electronics,2,499.0,0.0,1081.17,Desktop,Email,Completed
TXN003298,CUS0455,2025-09-28,Fashion,3,399.0,0.0,1296.75,Tablet,Email,Completed
TXN003299,CUS0455,2025-09-21,Home,1,699.0,0.15,643.66,Desktop,Email,Completed
TXN003300,CUS0455,2025-08-06,Home,3,499.0,0.2,1297.4,Desktop,Email,Completed
TXN003301,CUS0455,2025-07-12,Home,1,1999.0,0.0,2165.58,Desktop,Email,Completed
TXN003302,CUS0456,2026-08-01,Electronics,3,499.0,0.1,1010.47,Desktop,Referral,Completed
TXN003303,CUS0456,2026-04-03,Electronics,3,399.0,0.0,897.75,Desktop,Referral,Completed
TXN003304,CUS0456,2026-03-04,Electronics,3,699.0,0.1,1415.48,Desktop,Referral,Completed
TXN003305,CUS0457,2026-08-10,Sports,2,299.0,0.05,520.76,Tablet,Referral,Completed
TXN003306,CUS0457,2026-08-05,Electronics,2,1499.0,0.0,2748.17,Tablet,Referral,Completed
TXN003307,CUS0457,2026-03-20,Electronics,2,699.0,0.0,1281.5,Tablet,Referral,Completed
TXN003308,CUS0457,2026-01-20,Electronics,1,999.0,0.0,915.75,Mobile,Referral,Completed
TXN003309,CUS0458,2026-07-26,Electronics,2,399.0,0.0,598.5,Mobile,Social Media,Completed
TXN003310,CUS0458,2026-01-26,Electronics,1,699.0,0.05,498.04,Mobile,Social Media,Completed
TXN003311,CUS0459,2026-08-08,Electronics,1,1499.0,0.0,1623.92,Tablet,Referral,Returned
TXN003312,CUS0459,2026-05-02,Electronics,2,699.0,0.0,1514.5,Tablet,Referral,Completed
TXN003313,CUS0459,2026-03-14,Electronics,2,499.0,0.0,1081.17,Tablet,Referral,Cancelled
TXN003314,CUS0459,2026-01-14,Fashion,1,399.0,0.0,432.25,Tablet,Referral,Completed
TXN003315,CUS0459,2025-12-27,Electronics,2,499.0,0.0,1081.17,Tablet,Referral,Completed
TXN003316,CUS0459,2025-12-27,Electronics,2,399.0,0.0,864.5,Tablet,Referral,Completed
TXN003317,CUS0459,2025-12-25,Home,3,399.0,0.0,1296.75,Tablet,Referral,Returned
TXN003318,CUS0459,2025-12-23,Electronics,1,999.0,0.0,1082.25,Tablet,Referral,Completed
TXN003319,CUS0459,2025-10-18,Electronics,1,699.0,0.0,757.25,Tablet,Referral,Completed
TXN003320,CUS0460,2026-07-31,Sports,3,499.0,0.15,954.34,Mobile,Referral,Completed
TXN003321,CUS0460,2026-03-22,Electronics,3,1499.0,0.0,3372.75,Mobile,Referral,Completed
TXN003322,CUS0461,2026-07-02,Home,3,399.0,0.0,1097.25,Mobile,Social Media,Completed
TXN003323,CUS0461,2026-02-06,Sports,3,499.0,0.0,1372.25,Mobile,Social Media,Completed
TXN003324,CUS0461,2026-01-24,Home,3,699.0,0.0,1922.25,Mobile,Social Media,Completed
TXN003325,CUS0461,2025-11-25,Home,1,999.0,0.0,915.75,Desktop,Social Media,Completed
TXN003326,CUS0461,2025-10-25,Home,1,1499.0,0.0,1374.08,Mobile,Social Media,Completed
TXN003327,CUS0462,2026-06-02,Beauty,1,1499.0,0.0,1623.92,Mobile,Organic Search,Completed
TXN003328,CUS0462,2025-11-05,Beauty,3,299.0,0.0,971.75,Mobile,Organic Search,Returned
TXN003329,CUS0462,2025-10-22,Beauty,1,1499.0,0.0,1623.92,Mobile,Organic Search,Returned
TXN003330,CUS0462,2025-08-18,Beauty,3,299.0,0.0,971.75,Mobile,Organic Search,Completed
TXN003331,CUS0462,2025-08-14,Beauty,1,1499.0,0.0,1623.92,Mobile,Organic Search,Completed
TXN003332,CUS0463,2026-08-08,Fashion,3,699.0,0.0,1922.25,Mobile,Email,Completed
TXN003333,CUS0463,2026-07-09,Sports,1,999.0,0.05,869.96,Mobile,Email,Completed
TXN003334,CUS0463,2026-06-15,Electronics,2,1499.0,0.0,2748.17,Mobile,Email,Completed
TXN003335,CUS0463,2026-04-15,Sports,3,299.0,0.1,740.02,Mobile,Email,Completed
TXN003336,CUS0463,2026-02-18,Sports,3,699.0,0.0,1922.25,Mobile,Email,Completed
TXN003337,CUS0463,2026-01-12,Sports,2,399.0,0.0,731.5,Desktop,Email,Completed
TXN003338,CUS0464,2026-07-29,Sports,1,499.0,0.0,374.25,Desktop,Organic Search,Completed
TXN003339,CUS0464,2026-04-30,Sports,2,299.0,0.2,358.8,Desktop,Organic Search,Completed
TXN003340,CUS0465,2026-01-30,Home,2,999.0,0.0,1165.5,Mobile,Direct,Completed
TXN003341,CUS0465,2025-12-24,Electronics,3,499.0,0.1,785.92,Desktop,Direct,Completed
TXN003342,CUS0465,2025-11-16,Electronics,1,999.0,0.0,582.75,Mobile,Direct,Completed
TXN003343,CUS0465,2025-07-26,Electronics,3,399.0,0.0,698.25,Mobile,Direct,Returned
TXN003344,CUS0466,2026-07-31,Sports,3,1499.0,0.0,3372.75,Mobile,Organic Search,Completed
TXN003345,CUS0466,2026-03-20,Sports,1,999.0,0.0,749.25,Mobile,Organic Search,Completed
TXN003346,CUS0466,2025-12-07,Sports,3,1499.0,0.0,3372.75,Mobile,Organic Search,Completed
TXN003347,CUS0467,2026-05-28,Fashion,2,1499.0,0.2,1399.07,Desktop,Paid Ads,Completed
TXN003348,CUS0467,2026-02-20,Fashion,2,499.0,0.0,582.17,Desktop,Paid Ads,Completed
TXN003349,CUS0467,2025-10-23,Fashion,3,999.0,0.0,1748.25,Desktop,Paid Ads,Completed
TXN003350,CUS0467,2025-09-06,Home,2,1999.0,0.0,2332.17,Desktop,Paid Ads,Completed
TXN003351,CUS0468,2026-03-12,Electronics,2,1499.0,0.0,3247.83,Mobile,Referral,Completed
TXN003352,CUS0468,2026-03-11,Beauty,2,1499.0,0.0,3247.83,Mobile,Referral,Completed
TXN003353,CUS0468,2026-02-20,Electronics,1,499.0,0.0,540.58,Mobile,Referral,Completed
TXN003354,CUS0468,2026-02-14,Electronics,2,399.0,0.0,864.5,Mobile,Referral,Completed
TXN003355,CUS0468,2025-12-23,Fashion,1,1999.0,0.0,2165.58,Mobile,Referral,Completed
TXN003356,CUS0468,2025-12-21,Electronics,3,1999.0,0.0,6496.75,Mobile,Referral,Completed
TXN003357,CUS0468,2025-10-27,Electronics,1,1999.0,0.0,2165.58,Mobile,Referral,Completed
TXN003358,CUS0468,2025-06-06,Electronics,1,699.0,0.0,757.25,Mobile,Referral,Completed
TXN003359,CUS0468,2025-05-28,Electronics,1,299.0,0.0,323.92,Mobile,Referral,Completed
TXN003360,CUS0469,2026-07-29,Electronics,1,1999.0,0.0,1499.25,Tablet,Email,Completed
TXN003361,CUS0469,2026-07-08,Fashion,2,699.0,0.15,891.22,Desktop,Email,Returned
TXN003362,CUS0470,2026-08-01,Fashion,1,399.0,0.0,432.25,Mobile,Social Media,Returned
TXN003363,CUS0470,2026-07-31,Sports,2,499.0,0.0,1081.17,Mobile,Social Media,Completed
TXN003364,CUS0470,2026-05-02,Sports,2,499.0,0.0,1081.17,Tablet,Social Media,Completed
TXN003365,CUS0470,2026-02-25,Electronics,2,699.0,0.0,1514.5,Mobile,Social Media,Returned
TXN003366,CUS0470,2025-12-03,Sports,1,999.0,0.0,1082.25,Tablet,Social Media,Completed
TXN003367,CUS0470,2025-11-10,Sports,2,1499.0,0.0,3247.83,Mobile,Social Media,Completed
TXN003368,CUS0470,2025-11-08,Sports,1,1999.0,0.0,2165.58,Mobile,Social Media,Completed
TXN003369,CUS0470,2025-10-25,Sports,2,1999.0,0.0,4331.17,Mobile,Social Media,Completed
TXN003370,CUS0471,2026-08-15,Home,2,399.0,0.0,1862.0,Mobile,Organic Search,Completed
TXN003371,CUS0471,2026-07-10,Beauty,3,999.0,0.0,6993.0,Desktop,Organic Search,Completed
TXN003372,CUS0471,2026-07-07,Sports,3,399.0,0.0,2793.0,Mobile,Organic Search,Completed
TXN003373,CUS0471,2026-06-28,Beauty,2,399.0,0.0,1862.0,Desktop,Organic Search,Completed
TXN003374,CUS0471,2026-06-18,Beauty,1,999.0,0.1,2097.9,Desktop,Organic Search,Completed
TXN003375,CUS0471,2026-06-11,Beauty,2,399.0,0.05,1768.9,Desktop,Organic Search,Completed
TXN003376,CUS0471,2026-05-16,Sports,2,299.0,0.0,1395.33,Desktop,Organic Search,Completed
TXN003377,CUS0471,2026-05-03,Beauty,2,699.0,0.0,3262.0,Desktop,Organic Search,Completed
TXN003378,CUS0471,2026-04-30,Sports,1,499.0,0.0,1164.33,Desktop,Organic Search,Completed
TXN003379,CUS0471,2026-04-30,Beauty,2,399.0,0.0,1862.0,Desktop,Organic Search,Completed
TXN003380,CUS0471,2026-04-28,Sports,1,499.0,0.0,1164.33,Desktop,Organic Search,Completed
TXN003381,CUS0471,2026-04-13,Beauty,3,299.0,0.05,1988.35,Tablet,Organic Search,Completed
TXN003382,CUS0471,2026-04-12,Beauty,2,699.0,0.0,3262.0,Desktop,Organic Search,Completed
TXN003383,CUS0471,2026-03-31,Beauty,2,999.0,0.15,3962.7,Desktop,Organic Search,Completed
TXN003384,CUS0471,2026-03-20,Beauty,3,299.0,0.0,2093.0,Desktop,Organic Search,Completed
TXN003385,CUS0471,2026-03-06,Beauty,2,1499.0,0.05,6645.57,Desktop,Organic Search,Completed
TXN003386,CUS0471,2026-02-23,Beauty,1,499.0,0.0,1164.33,Desktop,Organic Search,Completed
TXN003387,CUS0471,2026-02-06,Beauty,2,1999.0,0.0,9328.67,Desktop,Organic Search,Completed
TXN003388,CUS0471,2026-02-01,Beauty,2,1499.0,0.0,6995.33,Desktop,Organic Search,Completed
TXN003389,CUS0471,2026-01-05,Beauty,2,999.0,0.0,4662.0,Desktop,Organic Search,Completed
TXN003390,CUS0471,2026-01-03,Beauty,3,1999.0,0.0,13993.0,Desktop,Organic Search,Completed
TXN003391,CUS0471,2025-12-09,Beauty,2,299.0,0.0,1395.33,Tablet,Organic Search,Completed
TXN003392,CUS0471,2025-11-27,Fashion,3,999.0,0.15,5944.05,Tablet,Organic Search,Cancelled
TXN003393,CUS0471,2025-11-16,Beauty,1,299.0,0.0,697.67,Desktop,Organic Search,Completed
TXN003394,CUS0471,2025-11-15,Sports,1,1499.0,0.0,3497.67,Desktop,Organic Search,Completed
TXN003395,CUS0472,2026-08-17,Home,1,1499.0,0.0,1124.25,Desktop,Referral,Completed
TXN003396,CUS0473,2025-12-10,Fashion,3,1499.0,0.0,2623.25,Mobile,Social Media,Completed
TXN003397,CUS0473,2025-08-25,Fashion,3,399.0,0.0,698.25,Mobile,Social Media,Completed
TXN003398,CUS0474,2026-07-07,Fashion,2,1499.0,0.0,2748.17,Mobile,Direct,Completed
TXN003399,CUS0474,2026-05-08,Fashion,3,999.0,0.0,2747.25,Mobile,Direct,Completed
TXN003400,CUS0474,2026-03-09,Electronics,3,299.0,0.0,822.25,Tablet,Direct,Completed
TXN003401,CUS0474,2025-10-15,Electronics,3,999.0,0.0,2747.25,Mobile,Direct,Completed
TXN003402,CUS0474,2025-09-12,Electronics,2,999.0,0.0,1831.5,Mobile,Direct,Cancelled
TXN003403,CUS0475,2026-07-06,Sports,3,1999.0,0.1,4947.52,Mobile,Organic Search,Completed
TXN003404,CUS0475,2026-05-05,Sports,3,1499.0,0.0,4122.25,Mobile,Organic Search,Completed
TXN003405,CUS0475,2026-02-21,Beauty,3,499.0,0.0,1372.25,Mobile,Organic Search,Completed
TXN003406,CUS0475,2025-09-16,Sports,1,1499.0,0.0,1374.08,Mobile,Organic Search,Completed
TXN003407,CUS0476,2026-02-14,Beauty,3,699.0,0.0,2271.75,Desktop,Organic Search,Completed
TXN003408,CUS0476,2026-02-11,Beauty,3,299.0,0.1,874.58,Mobile,Organic Search,Completed
TXN003409,CUS0476,2026-01-17,Electronics,3,399.0,0.0,1296.75,Mobile,Organic Search,Completed
TXN003410,CUS0476,2026-01-16,Sports,3,1499.0,0.0,4871.75,Mobile,Organic Search,Completed
TXN003411,CUS0476,2025-12-25,Beauty,1,999.0,0.0,1082.25,Mobile,Organic Search,Completed
TXN003412,CUS0476,2025-11-23,Beauty,2,499.0,0.0,1081.17,Mobile,Organic Search,Completed
TXN003413,CUS0476,2025-11-03,Beauty,3,299.0,0.05,923.16,Mobile,Organic Search,Completed
TXN003414,CUS0476,2025-10-17,Beauty,2,299.0,0.0,647.83,Mobile,Organic Search,Completed
TXN003415,CUS0476,2025-05-16,Home,2,699.0,0.0,1514.5,Mobile,Organic Search,Completed
TXN003416,CUS0477,2026-05-30,Electronics,3,499.0,0.0,1621.75,Mobile,Direct,Completed
TXN003417,CUS0477,2026-04-02,Electronics,3,699.0,0.0,2271.75,Mobile,Direct,Completed
TXN003418,CUS0477,2025-10-30,Sports,2,999.0,0.0,2164.5,Mobile,Direct,Completed
TXN003419,CUS0477,2025-10-26,Electronics,2,299.0,0.0,647.83,Mobile,Direct,Completed
TXN003420,CUS0477,2025-08-09,Electronics,3,1999.0,0.0,6496.75,Mobile,Direct,Completed
TXN003421,CUS0478,2026-07-06,Electronics,3,999.0,0.0,2747.25,Desktop,Social Media,Completed
TXN003422,CUS0478,2026-07-05,Beauty,1,399.0,0.05,347.46,Desktop,Social Media,Completed
TXN003423,CUS0478,2026-05-26,Electronics,2,299.0,0.05,520.76,Desktop,Social Media,Completed
TXN003424,CUS0478,2026-01-25,Electronics,1,399.0,0.1,329.18,Desktop,Social Media,Completed
TXN003425,CUS0478,2026-01-04,Electronics,1,1499.0,0.0,1374.08,Desktop,Social Media,Completed
TXN003426,CUS0478,2025-09-15,Electronics,1,1999.0,0.2,1465.93,Tablet,Social Media,Completed
TXN003427,CUS0479,2026-08-01,Home,2,699.0,0.2,838.8,Desktop,Direct,Completed
TXN003428,CUS0479,2026-05-06,Fashion,3,399.0,0.0,897.75,Mobile,Direct,Completed
TXN003429,CUS0480,2026-07-14,Electronics,3,1499.0,0.0,5996.0,Desktop,Paid Ads,Completed
TXN003430,CUS0480,2026-06-09,Electronics,1,999.0,0.15,1132.2,Desktop,Paid Ads,Completed
TXN003431,CUS0480,2026-05-30,Electronics,3,999.0,0.0,3996.0,Desktop,Paid Ads,Completed
TXN003432,CUS0480,2026-04-16,Electronics,2,1499.0,0.0,3997.33,Desktop,Paid Ads,Completed
TXN003433,CUS0480,2026-03-24,Home,3,1999.0,0.0,7996.0,Desktop,Paid Ads,Completed
TXN003434,CUS0480,2026-02-14,Electronics,1,1499.0,0.0,1998.67,Desktop,Paid Ads,Completed
TXN003435,CUS0480,2025-11-14,Home,3,1499.0,0.0,5996.0,Desktop,Paid Ads,Completed
TXN003436,CUS0480,2025-11-10,Home,2,999.0,0.0,2664.0,Desktop,Paid Ads,Completed
TXN003437,CUS0480,2025-10-16,Home,3,1499.0,0.0,5996.0,Desktop,Paid Ads,Completed
TXN003438,CUS0481,2026-07-14,Home,2,999.0,0.0,2664.0,Desktop,Paid Ads,Completed
TXN003439,CUS0481,2026-06-08,Electronics,2,499.0,0.0,1330.67,Desktop,Paid Ads,Completed
TXN003440,CUS0481,2026-05-03,Electronics,3,999.0,0.0,3996.0,Desktop,Paid Ads,Completed
TXN003441,CUS0481,2026-04-30,Beauty,3,399.0,0.0,1596.0,Desktop,Paid Ads,Completed
TXN003442,CUS0481,2026-04-20,Electronics,2,499.0,0.2,1064.53,Desktop,Paid Ads,Completed
TXN003443,CUS0481,2026-04-12,Electronics,2,499.0,0.0,1330.67,Desktop,Paid Ads,Completed
TXN003444,CUS0481,2026-03-14,Electronics,2,999.0,0.0,2664.0,Mobile,Paid Ads,Completed
TXN003445,CUS0481,2026-01-30,Electronics,3,1499.0,0.0,5996.0,Tablet,Paid Ads,Completed
TXN003446,CUS0481,2026-01-25,Electronics,2,999.0,0.0,2664.0,Desktop,Paid Ads,Completed
TXN003447,CUS0481,2026-01-24,Electronics,3,1499.0,0.0,5996.0,Desktop,Paid Ads,Returned
TXN003448,CUS0481,2025-11-11,Home,2,399.0,0.05,1010.8,Desktop,Paid Ads,Completed
TXN003449,CUS0482,2026-07-15,Electronics,3,999.0,0.0,3996.0,Mobile,Social Media,Completed
TXN003450,CUS0482,2026-06-16,Electronics,3,499.0,0.0,1996.0,Mobile,Social Media,Completed
TXN003451,CUS0482,2026-05-21,Electronics,3,699.0,0.0,2796.0,Desktop,Social Media,Returned
TXN003452,CUS0482,2026-04-16,Electronics,1,399.0,0.0,532.0,Tablet,Social Media,Completed
TXN003453,CUS0482,2026-04-08,Electronics,3,399.0,0.0,1596.0,Mobile,Social Media,Completed
TXN003454,CUS0482,2026-03-04,Electronics,2,299.0,0.0,797.33,Mobile,Social Media,Completed
TXN003455,CUS0482,2026-01-15,Fashion,2,1499.0,0.0,3997.33,Desktop,Social Media,Completed
TXN003456,CUS0482,2026-01-08,Electronics,3,999.0,0.05,3796.2,Mobile,Social Media,Completed
TXN003457,CUS0482,2025-12-19,Electronics,1,399.0,0.0,532.0,Mobile,Social Media,Completed
TXN003458,CUS0482,2025-11-06,Electronics,3,999.0,0.0,3996.0,Mobile,Social Media,Cancelled
TXN003459,CUS0482,2025-10-18,Electronics,3,1999.0,0.0,7996.0,Mobile,Social Media,Completed
TXN003460,CUS0483,2026-08-06,Beauty,1,399.0,0.05,284.29,Desktop,Organic Search,Completed
TXN003461,CUS0483,2026-03-02,Fashion,2,299.0,0.0,448.5,Mobile,Organic Search,Returned
TXN003462,CUS0483,2025-12-03,Fashion,3,999.0,0.0,2247.75,Mobile,Organic Search,Completed
TXN003463,CUS0484,2026-07-25,Home,1,699.0,0.0,407.75,Tablet,Direct,Returned
TXN003464,CUS0484,2026-04-24,Home,3,499.0,0.0,873.25,Mobile,Direct,Completed
TXN003465,CUS0484,2026-03-21,Home,2,399.0,0.0,465.5,Tablet,Direct,Completed
TXN003466,CUS0484,2026-02-20,Home,2,999.0,0.0,1165.5,Tablet,Direct,Completed
TXN003467,CUS0485,2026-08-15,Beauty,3,1999.0,0.0,4497.75,Mobile,Email,Completed
TXN003468,CUS0485,2026-02-11,Sports,3,499.0,0.0,1122.75,Mobile,Email,Completed
TXN003469,CUS0485,2025-10-28,Sports,1,299.0,0.15,190.61,Mobile,Email,Completed
TXN003470,CUS0486,2026-08-01,Beauty,2,1999.0,0.15,2548.72,Mobile,Organic Search,Completed
TXN003471,CUS0486,2026-06-30,Beauty,2,999.0,0.0,1498.5,Mobile,Organic Search,Completed
TXN003472,CUS0486,2026-01-29,Beauty,3,699.0,0.2,1258.2,Mobile,Organic Search,Completed
TXN003473,CUS0487,2026-07-27,Electronics,1,299.0,0.0,224.25,Mobile,Referral,Completed
TXN003474,CUS0488,2026-08-18,Home,1,699.0,0.1,576.67,Desktop,Referral,Completed
TXN003475,CUS0488,2026-03-01,Fashion,3,1999.0,0.0,5497.25,Desktop,Referral,Completed
TXN003476,CUS0488,2026-03-01,Fashion,2,999.0,0.0,1831.5,Desktop,Referral,Completed
TXN003477,CUS0488,2026-02-08,Sports,2,999.0,0.0,1831.5,Desktop,Referral,Completed
TXN003478,CUS0489,2025-09-29,Home,2,1499.0,0.0,1748.83,Desktop,Direct,Completed
TXN003479,CUS0489,2025-06-22,Sports,2,499.0,0.0,582.17,Mobile,Direct,Completed
TXN003480,CUS0489,2025-02-11,Home,1,699.0,0.15,346.59,Mobile,Direct,Completed
TXN003481,CUS0490,2026-02-26,Sports,1,499.0,0.0,291.08,Mobile,Social Media,Completed
TXN003482,CUS0490,2026-01-23,Sports,2,999.0,0.05,1107.22,Mobile,Social Media,Completed
TXN003483,CUS0490,2025-12-08,Electronics,2,699.0,0.0,815.5,Mobile,Social Media,Completed
TXN003484,CUS0491,2026-07-28,Fashion,2,299.0,0.0,448.5,Mobile,Social Media,Completed
TXN003485,CUS0491,2026-03-19,Fashion,3,1499.0,0.1,3035.48,Tablet,Social Media,Completed
TXN003486,CUS0492,2026-07-19,Beauty,2,1499.0,0.1,3597.6,Desktop,Social Media,Completed
TXN003487,CUS0492,2026-07-04,Home,3,1499.0,0.15,5096.6,Desktop,Social Media,Completed
TXN003488,CUS0492,2026-04-16,Home,3,699.0,0.0,2796.0,Desktop,Social Media,Completed
TXN003489,CUS0492,2026-02-04,Home,2,499.0,0.1,1197.6,Desktop,Social Media,Returned
TXN003490,CUS0492,2026-01-24,Sports,3,1499.0,0.0,5996.0,Desktop,Social Media,Cancelled
TXN003491,CUS0492,2026-01-18,Home,1,699.0,0.0,932.0,Desktop,Social Media,Completed
TXN003492,CUS0492,2025-12-27,Home,2,1999.0,0.05,5064.13,Desktop,Social Media,Completed
TXN003493,CUS0492,2025-11-23,Fashion,3,299.0,0.1,1076.4,Desktop,Social Media,Completed
TXN003494,CUS0492,2025-11-07,Home,2,1999.0,0.05,5064.13,Desktop,Social Media,Completed
TXN003495,CUS0492,2025-10-03,Fashion,1,699.0,0.2,745.6,Desktop,Social Media,Completed
TXN003496,CUS0493,2026-05-07,Sports,3,399.0,0.2,558.6,Desktop,Email,Completed
TXN003497,CUS0494,2026-07-21,Sports,3,1499.0,0.2,3297.8,Mobile,Direct,Cancelled
TXN003498,CUS0494,2026-07-15,Fashion,1,399.0,0.0,365.75,Mobile,Direct,Completed
TXN003499,CUS0494,2026-07-09,Fashion,3,699.0,0.05,1826.14,Mobile,Direct,Returned
TXN003500,CUS0494,2026-06-21,Home,3,1499.0,0.0,4122.25,Mobile,Direct,Completed
TXN003501,CUS0494,2026-06-06,Fashion,1,1499.0,0.0,1374.08,Mobile,Direct,Completed
TXN003502,CUS0495,2026-04-27,Fashion,3,399.0,0.15,1102.24,Mobile,Referral,Returned
TXN003503,CUS0495,2026-03-31,Sports,3,699.0,0.0,2271.75,Mobile,Referral,Completed
TXN003504,CUS0495,2026-03-07,Sports,1,499.0,0.05,513.55,Mobile,Referral,Completed
TXN003505,CUS0495,2026-02-17,Sports,2,1499.0,0.0,3247.83,Mobile,Referral,Completed
TXN003506,CUS0495,2025-12-31,Sports,3,1999.0,0.0,6496.75,Mobile,Referral,Completed
TXN003507,CUS0495,2025-12-21,Sports,2,499.0,0.0,1081.17,Mobile,Referral,Completed
TXN003508,CUS0495,2025-12-18,Sports,1,1499.0,0.05,1542.72,Desktop,Referral,Completed
TXN003509,CUS0495,2025-09-02,Sports,2,399.0,0.05,821.27,Mobile,Referral,Returned
TXN003510,CUS0496,2026-08-01,Home,2,1999.0,0.0,9328.67,Mobile,Paid Ads,Cancelled
TXN003511,CUS0496,2026-07-22,Home,3,499.0,0.0,3493.0,Mobile,Paid Ads,Completed
TXN003512,CUS0496,2026-07-18,Home,1,399.0,0.15,791.35,Mobile,Paid Ads,Completed
TXN003513,CUS0496,2026-06-29,Fashion,1,499.0,0.0,1164.33,Mobile,Paid Ads,Completed
TXN003514,CUS0496,2026-06-02,Home,2,999.0,0.0,4662.0,Mobile,Paid Ads,Completed
TXN003515,CUS0496,2026-05-05,Electronics,3,699.0,0.1,4403.7,Mobile,Paid Ads,Completed
TXN003516,CUS0496,2026-04-01,Home,2,699.0,0.0,3262.0,Tablet,Paid Ads,Completed
TXN003517,CUS0496,2026-03-03,Home,3,299.0,0.0,2093.0,Mobile,Paid Ads,Completed
TXN003518,CUS0496,2026-03-01,Home,3,1999.0,0.0,13993.0,Mobile,Paid Ads,Completed
TXN003519,CUS0496,2026-02-26,Home,3,699.0,0.0,4893.0,Mobile,Paid Ads,Completed
TXN003520,CUS0496,2026-02-21,Home,1,299.0,0.0,697.67,Mobile,Paid Ads,Completed
TXN003521,CUS0496,2026-02-01,Home,3,1999.0,0.0,13993.0,Desktop,Paid Ads,Returned
TXN003522,CUS0496,2026-01-29,Fashion,1,399.0,0.0,931.0,Mobile,Paid Ads,Completed
TXN003523,CUS0496,2025-12-16,Sports,2,1999.0,0.0,9328.67,Mobile,Paid Ads,Completed
TXN003524,CUS0496,2025-11-16,Home,3,699.0,0.0,4893.0,Mobile,Paid Ads,Cancelled
TXN003525,CUS0496,2025-10-27,Beauty,1,399.0,0.2,744.8,Mobile,Paid Ads,Completed
TXN003526,CUS0496,2025-10-24,Home,2,1499.0,0.0,6995.33,Mobile,Paid Ads,Completed
TXN003527,CUS0497,2025-10-23,Home,2,1999.0,0.0,2332.17,Mobile,Direct,Completed
TXN003528,CUS0497,2025-04-11,Sports,2,1999.0,0.0,2332.17,Mobile,Direct,Completed
TXN003529,CUS0498,2026-07-31,Electronics,1,499.0,0.0,374.25,Desktop,Direct,Completed
TXN003530,CUS0498,2026-02-28,Beauty,3,399.0,0.05,852.86,Mobile,Direct,Completed
TXN003531,CUS0499,2026-07-03,Home,1,1499.0,0.15,1167.97,Mobile,Email,Completed
TXN003532,CUS0499,2026-05-26,Home,2,1999.0,0.0,3664.83,Mobile,Email,Completed
TXN003533,CUS0499,2026-05-18,Home,1,499.0,0.0,457.42,Mobile,Email,Completed
TXN003534,CUS0499,2025-11-19,Home,2,999.0,0.05,1739.92,Mobile,Email,Completed
TXN003535,CUS0499,2025-11-12,Home,3,1999.0,0.0,5497.25,Mobile,Email,Completed
TXN003536,CUS0500,2026-07-17,Electronics,1,499.0,0.0,665.33,Tablet,Social Media,Completed
TXN003537,CUS0500,2026-06-16,Electronics,2,699.0,0.0,1864.0,Tablet,Social Media,Completed
TXN003538,CUS0500,2026-05-15,Home,3,299.0,0.15,1016.6,Tablet,Social Media,Completed
TXN003539,CUS0500,2026-05-04,Electronics,2,999.0,0.0,2664.0,Tablet,Social Media,Returned
TXN003540,CUS0500,2026-04-10,Sports,3,299.0,0.0,1196.0,Tablet,Social Media,Completed
TXN003541,CUS0500,2026-03-10,Electronics,2,499.0,0.0,1330.67,Tablet,Social Media,Completed
TXN003542,CUS0500,2026-02-16,Electronics,3,499.0,0.0,1996.0,Tablet,Social Media,Completed
TXN003543,CUS0500,2025-12-11,Electronics,2,1999.0,0.1,4797.6,Tablet,Social Media,Completed
TXN003544,CUS0500,2025-11-17,Electronics,3,399.0,0.1,1436.4,Tablet,Social Media,Completed
TXN003545,CUS0501,2026-07-28,Fashion,1,1499.0,0.0,1124.25,Mobile,Referral,Completed
TXN003546,CUS0501,2025-12-12,Fashion,2,299.0,0.0,448.5,Mobile,Referral,Completed
TXN003547,CUS0502,2025-09-17,Home,3,1999.0,0.0,3498.25,Mobile,Social Media,Completed
TXN003548,CUS0503,2026-03-05,Sports,2,499.0,0.2,465.73,Mobile,Social Media,Completed
TXN003549,CUS0503,2026-01-08,Sports,1,1499.0,0.0,874.42,Desktop,Social Media,Completed
TXN003550,CUS0503,2025-06-10,Fashion,1,699.0,0.0,407.75,Desktop,Social Media,Completed
TXN003551,CUS0504,2026-08-12,Sports,2,299.0,0.0,548.17,Desktop,Paid Ads,Completed
TXN003552,CUS0504,2026-07-21,Home,3,499.0,0.05,1303.64,Desktop,Paid Ads,Completed
TXN003553,CUS0504,2026-07-09,Sports,3,399.0,0.0,1097.25,Desktop,Paid Ads,Completed
TXN003554,CUS0504,2026-05-29,Beauty,1,499.0,0.0,457.42,Desktop,Paid Ads,Completed
TXN003555,CUS0504,2025-11-21,Sports,1,699.0,0.0,640.75,Desktop,Paid Ads,Completed
TXN003556,CUS0505,2026-02-03,Home,3,1499.0,0.0,4871.75,Tablet,Social Media,Completed
TXN003557,CUS0505,2026-01-09,Beauty,1,1499.0,0.0,1623.92,Mobile,Social Media,Completed
TXN003558,CUS0505,2025-12-09,Beauty,1,299.0,0.0,323.92,Desktop,Social Media,Completed
TXN003559,CUS0505,2025-11-11,Fashion,3,499.0,0.0,1621.75,Tablet,Social Media,Completed
TXN003560,CUS0505,2025-09-08,Beauty,3,699.0,0.0,2271.75,Desktop,Social Media,Completed
TXN003561,CUS0505,2025-08-31,Home,2,1499.0,0.0,3247.83,Tablet,Social Media,Completed
TXN003562,CUS0505,2025-07-25,Beauty,2,1999.0,0.0,4331.17,Tablet,Social Media,Completed
TXN003563,CUS0505,2025-07-14,Beauty,2,999.0,0.0,2164.5,Tablet,Social Media,Completed
TXN003564,CUS0506,2026-06-28,Sports,1,1999.0,0.0,1832.42,Mobile,Paid Ads,Completed
TXN003565,CUS0506,2026-03-08,Sports,2,1999.0,0.0,3664.83,Tablet,Paid Ads,Completed
TXN003566,CUS0506,2025-12-07,Sports,3,499.0,0.1,1235.02,Mobile,Paid Ads,Completed
TXN003567,CUS0507,2026-08-19,Electronics,3,399.0,0.2,718.2,Tablet,Paid Ads,Completed
TXN003568,CUS0507,2026-07-15,Home,1,699.0,0.0,524.25,Tablet,Paid Ads,Completed
TXN003569,CUS0507,2026-06-27,Home,3,999.0,0.0,2247.75,Tablet,Paid Ads,Returned
TXN003570,CUS0508,2026-07-23,Beauty,1,999.0,0.0,915.75,Mobile,Referral,Completed
TXN003571,CUS0508,2026-04-21,Beauty,3,399.0,0.0,1097.25,Mobile,Referral,Completed
TXN003572,CUS0508,2026-04-12,Beauty,2,999.0,0.0,1831.5,Mobile,Referral,Completed
TXN003573,CUS0508,2025-12-24,Home,3,499.0,0.0,1372.25,Mobile,Referral,Returned
TXN003574,CUS0508,2025-12-09,Beauty,2,499.0,0.0,914.83,Mobile,Referral,Cancelled
TXN003575,CUS0509,2026-08-04,Fashion,1,399.0,0.0,532.0,Desktop,Direct,Completed
TXN003576,CUS0509,2026-07-24,Fashion,1,499.0,0.1,598.8,Desktop,Direct,Completed
TXN003577,CUS0509,2026-06-30,Fashion,3,1999.0,0.0,7996.0,Desktop,Direct,Completed
TXN003578,CUS0509,2026-06-15,Fashion,3,1999.0,0.0,7996.0,Desktop,Direct,Completed
TXN003579,CUS0509,2026-04-13,Electronics,2,499.0,0.0,1330.67,Desktop,Direct,Completed
TXN003580,CUS0509,2026-03-25,Fashion,2,699.0,0.0,1864.0,Desktop,Direct,Completed
TXN003581,CUS0509,2026-02-14,Fashion,1,1999.0,0.0,2665.33,Desktop,Direct,Returned
TXN003582,CUS0509,2026-02-02,Sports,3,299.0,0.0,1196.0,Desktop,Direct,Completed
TXN003583,CUS0509,2025-12-18,Fashion,3,699.0,0.2,2236.8,Mobile,Direct,Completed
TXN003584,CUS0509,2025-12-12,Fashion,2,699.0,0.0,1864.0,Desktop,Direct,Completed
TXN003585,CUS0509,2025-11-26,Fashion,2,1499.0,0.0,3997.33,Desktop,Direct,Completed
TXN003586,CUS0509,2025-11-19,Fashion,2,999.0,0.0,2664.0,Tablet,Direct,Completed
TXN003587,CUS0509,2025-10-28,Fashion,3,399.0,0.0,1596.0,Desktop,Direct,Completed
TXN003588,CUS0509,2025-10-12,Beauty,2,699.0,0.0,1864.0,Desktop,Direct,Completed
TXN003589,CUS0510,2026-07-26,Beauty,2,499.0,0.0,748.5,Tablet,Email,Completed
TXN003590,CUS0510,2025-10-23,Beauty,3,499.0,0.0,1122.75,Mobile,Email,Completed
TXN003591,CUS0511,2026-03-13,Electronics,2,299.0,0.0,647.83,Desktop,Referral,Completed
TXN003592,CUS0511,2026-01-05,Electronics,3,699.0,0.0,2271.75,Desktop,Referral,Returned
TXN003593,CUS0511,2025-10-31,Electronics,3,499.0,0.0,1621.75,Desktop,Referral,Completed
TXN003594,CUS0511,2025-08-16,Fashion,3,299.0,0.0,971.75,Desktop,Referral,Completed
TXN003595,CUS0511,2025-06-03,Sports,3,699.0,0.0,2271.75,Desktop,Referral,Completed
TXN003596,CUS0512,2026-05-14,Fashion,1,1499.0,0.15,1380.33,Desktop,Social Media,Returned
TXN003597,CUS0512,2026-03-16,Sports,3,699.0,0.15,1930.99,Desktop,Social Media,Completed
TXN003598,CUS0512,2026-03-07,Sports,3,1499.0,0.0,4871.75,Desktop,Social Media,Completed
TXN003599,CUS0512,2026-01-12,Beauty,3,1499.0,0.0,4871.75,Desktop,Social Media,Completed
TXN003600,CUS0512,2025-12-12,Sports,1,699.0,0.0,757.25,Desktop,Social Media,Completed
TXN003601,CUS0512,2025-11-18,Sports,2,699.0,0.0,1514.5,Tablet,Social Media,Completed
TXN003602,CUS0512,2025-08-31,Home,1,699.0,0.0,757.25,Tablet,Social Media,Completed
TXN003603,CUS0512,2025-08-14,Electronics,2,399.0,0.2,691.6,Desktop,Social Media,Completed
TXN003604,CUS0512,2025-08-10,Sports,3,299.0,0.0,971.75,Desktop,Social Media,Completed
TXN003605,CUS0513,2026-08-05,Beauty,2,399.0,0.0,1862.0,Mobile,Social Media,Completed
TXN003606,CUS0513,2026-07-17,Fashion,2,299.0,0.0,1395.33,Desktop,Social Media,Completed
TXN003607,CUS0513,2026-06-14,Beauty,2,1999.0,0.0,9328.67,Mobile,Social Media,Completed
TXN003608,CUS0513,2026-05-29,Beauty,2,1499.0,0.0,6995.33,Mobile,Social Media,Completed
TXN003609,CUS0513,2026-05-13,Fashion,2,499.0,0.0,2328.67,Mobile,Social Media,Completed
TXN003610,CUS0513,2026-04-16,Fashion,1,1499.0,0.0,3497.67,Mobile,Social Media,Completed
TXN003611,CUS0513,2026-03-24,Home,3,1499.0,0.0,10493.0,Mobile,Social Media,Completed
TXN003612,CUS0513,2026-03-15,Fashion,2,999.0,0.0,4662.0,Mobile,Social Media,Completed
TXN003613,CUS0513,2026-03-10,Beauty,3,1499.0,0.0,10493.0,Mobile,Social Media,Completed
TXN003614,CUS0513,2026-02-12,Beauty,1,299.0,0.0,697.67,Mobile,Social Media,Completed
TXN003615,CUS0513,2026-02-09,Home,1,1999.0,0.0,4664.33,Mobile,Social Media,Completed
TXN003616,CUS0513,2026-02-03,Beauty,1,699.0,0.0,1631.0,Mobile,Social Media,Completed
TXN003617,CUS0513,2026-01-17,Beauty,2,1999.0,0.15,7929.37,Mobile,Social Media,Completed
TXN003618,CUS0513,2025-12-31,Electronics,1,399.0,0.0,931.0,Mobile,Social Media,Completed
TXN003619,CUS0513,2025-12-21,Beauty,2,1499.0,0.0,6995.33,Mobile,Social Media,Completed
TXN003620,CUS0513,2025-12-15,Beauty,3,299.0,0.0,2093.0,Mobile,Social Media,Cancelled
TXN003621,CUS0513,2025-11-26,Beauty,3,1999.0,0.0,13993.0,Mobile,Social Media,Completed
TXN003622,CUS0514,2026-03-19,Sports,1,999.0,0.0,1082.25,Desktop,Direct,Completed
TXN003623,CUS0514,2026-02-21,Sports,1,1499.0,0.0,1623.92,Desktop,Direct,Completed
TXN003624,CUS0514,2026-01-15,Sports,2,699.0,0.0,1514.5,Desktop,Direct,Completed
TXN003625,CUS0514,2025-11-24,Fashion,3,1999.0,0.0,6496.75,Mobile,Direct,Completed
TXN003626,CUS0514,2025-10-10,Sports,1,699.0,0.0,757.25,Desktop,Direct,Completed
TXN003627,CUS0514,2025-10-06,Sports,2,999.0,0.05,2056.27,Desktop,Direct,Completed
TXN003628,CUS0514,2025-08-20,Fashion,2,299.0,0.0,647.83,Desktop,Direct,Cancelled
TXN003629,CUS0514,2025-07-20,Sports,1,1499.0,0.0,1623.92,Desktop,Direct,Returned
TXN003630,CUS0514,2025-07-03,Sports,1,299.0,0.0,323.92,Desktop,Direct,Completed
TXN003631,CUS0514,2025-06-13,Fashion,3,699.0,0.15,1930.99,Desktop,Direct,Completed
TXN003632,CUS0515,2025-11-06,Beauty,1,999.0,0.0,582.75,Mobile,Paid Ads,Completed
TXN003633,CUS0516,2026-08-01,Sports,2,1499.0,0.0,2248.5,Mobile,Referral,Completed
TXN003634,CUS0516,2026-07-21,Sports,1,1499.0,0.0,1124.25,Mobile,Referral,Completed
TXN003635,CUS0517,2026-08-17,Sports,1,699.0,0.0,1631.0,Mobile,Organic Search,Returned
TXN003636,CUS0517,2026-08-13,Sports,2,999.0,0.0,4662.0,Mobile,Organic Search,Completed
TXN003637,CUS0517,2026-08-02,Sports,3,299.0,0.0,2093.0,Mobile,Organic Search,Completed
TXN003638,CUS0517,2026-07-23,Electronics,2,499.0,0.0,2328.67,Mobile,Organic Search,Completed
TXN003639,CUS0517,2026-07-11,Sports,1,699.0,0.0,1631.0,Mobile,Organic Search,Completed
TXN003640,CUS0517,2026-07-07,Sports,1,999.0,0.0,2331.0,Tablet,Organic Search,Completed
TXN003641,CUS0517,2026-07-01,Sports,2,399.0,0.0,1862.0,Mobile,Organic Search,Completed
TXN003642,CUS0517,2026-06-20,Beauty,3,999.0,0.0,6993.0,Mobile,Organic Search,Completed
TXN003643,CUS0517,2026-05-27,Electronics,1,1499.0,0.0,3497.67,Mobile,Organic Search,Completed
TXN003644,CUS0517,2026-05-26,Sports,2,499.0,0.0,2328.67,Mobile,Organic Search,Completed
TXN003645,CUS0517,2026-05-17,Electronics,3,399.0,0.2,2234.4,Mobile,Organic Search,Completed
TXN003646,CUS0517,2026-05-08,Beauty,2,699.0,0.1,2935.8,Mobile,Organic Search,Completed
TXN003647,CUS0517,2026-04-28,Sports,2,1499.0,0.15,5946.03,Mobile,Organic Search,Completed
TXN003648,CUS0517,2026-04-25,Sports,1,699.0,0.0,1631.0,Mobile,Organic Search,Completed
TXN003649,CUS0517,2026-04-18,Sports,3,299.0,0.0,2093.0,Mobile,Organic Search,Completed
TXN003650,CUS0517,2026-04-02,Sports,2,1499.0,0.0,6995.33,Mobile,Organic Search,Completed
TXN003651,CUS0517,2026-04-01,Sports,1,499.0,0.1,1047.9,Mobile,Organic Search,Completed
TXN003652,CUS0517,2026-03-03,Sports,3,399.0,0.0,2793.0,Mobile,Organic Search,Completed
TXN003653,CUS0517,2026-02-19,Sports,3,399.0,0.0,2793.0,Mobile,Organic Search,Completed
TXN003654,CUS0517,2026-02-04,Home,2,499.0,0.0,2328.67,Mobile,Organic Search,Completed
TXN003655,CUS0517,2026-01-17,Sports,1,299.0,0.0,697.67,Mobile,Organic Search,Completed
TXN003656,CUS0517,2025-12-31,Sports,1,399.0,0.0,931.0,Mobile,Organic Search,Completed
TXN003657,CUS0517,2025-12-22,Sports,2,399.0,0.0,1862.0,Mobile,Organic Search,Completed
TXN003658,CUS0517,2025-12-12,Electronics,3,499.0,0.0,3493.0,Mobile,Organic Search,Completed
TXN003659,CUS0517,2025-11-30,Electronics,3,999.0,0.0,6993.0,Mobile,Organic Search,Completed
TXN003660,CUS0518,2026-02-20,Home,2,1499.0,0.0,3247.83,Tablet,Organic Search,Completed
TXN003661,CUS0518,2026-01-19,Sports,2,699.0,0.0,1514.5,Tablet,Organic Search,Completed
TXN003662,CUS0518,2025-11-22,Electronics,1,999.0,0.0,1082.25,Tablet,Organic Search,Completed
TXN003663,CUS0518,2025-06-27,Electronics,3,499.0,0.0,1621.75,Tablet,Organic Search,Completed
TXN003664,CUS0518,2025-06-27,Sports,1,1999.0,0.0,2165.58,Tablet,Organic Search,Completed
TXN003665,CUS0519,2026-07-22,Fashion,3,1999.0,0.0,7996.0,Desktop,Email,Cancelled
TXN003666,CUS0519,2026-06-29,Electronics,1,999.0,0.0,1332.0,Desktop,Email,Completed
TXN003667,CUS0519,2026-04-02,Fashion,3,1499.0,0.0,5996.0,Desktop,Email,Completed
TXN003668,CUS0519,2026-03-31,Fashion,3,1499.0,0.1,5396.4,Tablet,Email,Completed
TXN003669,CUS0519,2026-03-23,Fashion,3,499.0,0.0,1996.0,Desktop,Email,Completed
TXN003670,CUS0519,2026-02-26,Fashion,3,399.0,0.0,1596.0,Desktop,Email,Completed
TXN003671,CUS0519,2026-02-23,Fashion,3,299.0,0.15,1016.6,Desktop,Email,Returned
TXN003672,CUS0519,2025-12-04,Fashion,1,1499.0,0.15,1698.87,Desktop,Email,Completed
TXN003673,CUS0519,2025-10-12,Fashion,1,1499.0,0.0,1998.67,Tablet,Email,Completed
TXN003674,CUS0519,2025-10-03,Fashion,1,499.0,0.0,665.33,Desktop,Email,Completed
TXN003675,CUS0520,2026-02-23,Fashion,1,1999.0,0.2,1732.47,Desktop,Referral,Completed
TXN003676,CUS0520,2026-02-14,Electronics,2,299.0,0.0,647.83,Desktop,Referral,Returned
TXN003677,CUS0520,2026-01-22,Electronics,2,499.0,0.05,1027.11,Tablet,Referral,Completed
TXN003678,CUS0520,2025-11-27,Fashion,2,399.0,0.05,821.27,Desktop,Referral,Completed
TXN003679,CUS0520,2025-11-12,Beauty,2,399.0,0.0,864.5,Desktop,Referral,Completed
TXN003680,CUS0520,2025-11-10,Electronics,1,699.0,0.0,757.25,Desktop,Referral,Completed
TXN003681,CUS0520,2025-11-10,Electronics,2,499.0,0.0,1081.17,Desktop,Referral,Completed
TXN003682,CUS0520,2025-06-13,Sports,1,1999.0,0.0,2165.58,Desktop,Referral,Completed
TXN003683,CUS0520,2025-05-13,Home,1,1499.0,0.0,1623.92,Desktop,Referral,Completed
TXN003684,CUS0521,2026-08-13,Fashion,3,1999.0,0.0,4497.75,Tablet,Direct,Completed
TXN003685,CUS0521,2026-07-29,Fashion,2,299.0,0.0,448.5,Mobile,Direct,Completed
TXN003686,CUS0521,2025-12-09,Fashion,2,499.0,0.2,598.8,Mobile,Direct,Completed
TXN003687,CUS0522,2026-08-02,Electronics,1,999.0,0.0,1082.25,Mobile,Organic Search,Returned
TXN003688,CUS0522,2026-07-26,Electronics,1,699.0,0.05,719.39,Mobile,Organic Search,Completed
TXN003689,CUS0522,2026-05-12,Sports,3,499.0,0.0,1621.75,Mobile,Organic Search,Completed
TXN003690,CUS0522,2026-05-05,Beauty,1,499.0,0.0,540.58,Mobile,Organic Search,Returned
TXN003691,CUS0522,2026-04-08,Electronics,1,399.0,0.0,432.25,Mobile,Organic Search,Completed
TXN003692,CUS0522,2026-04-04,Electronics,2,499.0,0.0,1081.17,Mobile,Organic Search,Completed
TXN003693,CUS0522,2026-02-19,Electronics,1,999.0,0.0,1082.25,Tablet,Organic Search,Returned
TXN003694,CUS0522,2026-02-02,Electronics,1,399.0,0.0,432.25,Mobile,Organic Search,Completed
TXN003695,CUS0522,2026-01-09,Fashion,1,1999.0,0.0,2165.58,Mobile,Organic Search,Completed
TXN003696,CUS0522,2025-12-11,Electronics,2,399.0,0.0,864.5,Mobile,Organic Search,Completed
TXN003697,CUS0523,2026-08-16,Beauty,3,699.0,0.0,2796.0,Mobile,Referral,Completed
TXN003698,CUS0523,2026-07-28,Electronics,1,499.0,0.1,598.8,Desktop,Referral,Completed
TXN003699,CUS0523,2026-05-23,Fashion,2,1999.0,0.0,5330.67,Desktop,Referral,Completed
TXN003700,CUS0523,2026-05-08,Beauty,3,1499.0,0.0,5996.0,Desktop,Referral,Completed
TXN003701,CUS0523,2026-03-27,Beauty,1,999.0,0.0,1332.0,Desktop,Referral,Cancelled
TXN003702,CUS0523,2026-03-15,Beauty,1,1999.0,0.0,2665.33,Desktop,Referral,Completed
TXN003703,CUS0523,2026-03-02,Beauty,3,499.0,0.2,1596.8,Desktop,Referral,Completed
TXN003704,CUS0523,2026-02-09,Fashion,3,1999.0,0.0,7996.0,Mobile,Referral,Completed
TXN003705,CUS0523,2025-12-18,Beauty,1,299.0,0.0,398.67,Tablet,Referral,Completed
TXN003706,CUS0523,2025-12-11,Beauty,3,1999.0,0.0,7996.0,Desktop,Referral,Completed
TXN003707,CUS0523,2025-11-24,Home,1,299.0,0.0,398.67,Desktop,Referral,Completed
TXN003708,CUS0523,2025-11-17,Electronics,2,399.0,0.0,1064.0,Desktop,Referral,Cancelled
TXN003709,CUS0523,2025-11-10,Beauty,1,1499.0,0.2,1598.93,Desktop,Referral,Completed
TXN003710,CUS0523,2025-10-26,Electronics,3,499.0,0.0,1996.0,Desktop,Referral,Completed
TXN003711,CUS0524,2026-07-19,Electronics,2,399.0,0.0,731.5,Mobile,Email,Completed
TXN003712,CUS0524,2025-12-23,Sports,1,699.0,0.15,544.64,Mobile,Email,Completed
TXN003713,CUS0524,2025-12-20,Electronics,1,299.0,0.0,274.08,Mobile,Email,Completed
TXN003714,CUS0524,2025-11-07,Sports,3,699.0,0.0,1922.25,Mobile,Email,Completed
TXN003715,CUS0524,2025-11-04,Fashion,3,399.0,0.0,1097.25,Mobile,Email,Completed
TXN003716,CUS0524,2025-10-21,Beauty,2,999.0,0.0,1831.5,Mobile,Email,Completed
TXN003717,CUS0525,2026-07-07,Sports,3,499.0,0.05,1303.64,Tablet,Social Media,Completed
TXN003718,CUS0525,2025-12-16,Home,2,399.0,0.0,731.5,Tablet,Social Media,Completed
TXN003719,CUS0525,2025-09-16,Beauty,1,699.0,0.0,640.75,Tablet,Social Media,Completed
TXN003720,CUS0526,2026-03-08,Fashion,2,999.0,0.0,2164.5,Mobile,Paid Ads,Completed
TXN003721,CUS0526,2026-02-05,Fashion,3,1499.0,0.0,4871.75,Mobile,Paid Ads,Completed
TXN003722,CUS0526,2025-11-25,Fashion,3,1499.0,0.2,3897.4,Mobile,Paid Ads,Completed
TXN003723,CUS0526,2025-10-06,Sports,1,699.0,0.0,757.25,Mobile,Paid Ads,Completed
TXN003724,CUS0526,2025-09-05,Fashion,1,1499.0,0.0,1623.92,Mobile,Paid Ads,Completed
TXN003725,CUS0526,2025-08-30,Fashion,3,499.0,0.15,1378.49,Mobile,Paid Ads,Completed
TXN003726,CUS0526,2025-06-20,Beauty,2,499.0,0.0,1081.17,Mobile,Paid Ads,Completed
TXN003727,CUS0526,2025-06-16,Fashion,1,999.0,0.0,1082.25,Mobile,Paid Ads,Completed
TXN003728,CUS0527,2026-07-30,Home,3,499.0,0.0,1996.0,Mobile,Paid Ads,Completed
TXN003729,CUS0527,2026-07-20,Electronics,1,1499.0,0.0,1998.67,Mobile,Paid Ads,Completed
TXN003730,CUS0527,2026-07-19,Fashion,1,299.0,0.0,398.67,Mobile,Paid Ads,Completed
TXN003731,CUS0527,2026-06-22,Home,2,999.0,0.15,2264.4,Tablet,Paid Ads,Completed
TXN003732,CUS0527,2026-05-26,Sports,1,499.0,0.0,665.33,Mobile,Paid Ads,Completed
TXN003733,CUS0527,2026-05-22,Home,1,399.0,0.0,532.0,Desktop,Paid Ads,Cancelled
TXN003734,CUS0527,2026-05-03,Home,1,399.0,0.0,532.0,Mobile,Paid Ads,Completed
TXN003735,CUS0527,2026-04-13,Home,2,1999.0,0.0,5330.67,Mobile,Paid Ads,Completed
TXN003736,CUS0527,2026-02-24,Home,3,1999.0,0.0,7996.0,Mobile,Paid Ads,Completed
TXN003737,CUS0527,2026-02-02,Home,3,999.0,0.0,3996.0,Mobile,Paid Ads,Completed
TXN003738,CUS0527,2026-01-07,Home,1,299.0,0.0,398.67,Mobile,Paid Ads,Completed
TXN003739,CUS0527,2025-11-30,Home,1,499.0,0.0,665.33,Mobile,Paid Ads,Completed
TXN003740,CUS0527,2025-11-27,Beauty,2,499.0,0.0,1330.67,Mobile,Paid Ads,Completed
TXN003741,CUS0528,2026-02-16,Sports,2,699.0,0.0,815.5,Mobile,Paid Ads,Completed
TXN003742,CUS0528,2026-02-15,Home,1,299.0,0.0,174.42,Desktop,Paid Ads,Completed
TXN003743,CUS0529,2026-07-29,Fashion,3,399.0,0.15,1356.6,Mobile,Organic Search,Cancelled
TXN003744,CUS0529,2026-07-19,Home,2,499.0,0.0,1330.67,Mobile,Organic Search,Completed
TXN003745,CUS0529,2026-07-19,Electronics,3,1499.0,0.0,5996.0,Tablet,Organic Search,Completed
TXN003746,CUS0529,2026-06-24,Electronics,3,999.0,0.0,3996.0,Mobile,Organic Search,Completed
TXN003747,CUS0529,2026-03-14,Fashion,3,499.0,0.0,1996.0,Mobile,Organic Search,Cancelled
TXN003748,CUS0529,2026-02-09,Beauty,1,1499.0,0.0,1998.67,Mobile,Organic Search,Completed
TXN003749,CUS0529,2026-01-29,Electronics,2,1999.0,0.0,5330.67,Mobile,Organic Search,Completed
TXN003750,CUS0529,2025-12-29,Electronics,2,499.0,0.0,1330.67,Mobile,Organic Search,Completed
TXN003751,CUS0529,2025-12-10,Electronics,2,399.0,0.1,957.6,Tablet,Organic Search,Completed
TXN003752,CUS0530,2026-07-31,Home,3,699.0,0.2,1258.2,Mobile,Social Media,Completed
TXN003753,CUS0531,2026-08-13,Electronics,2,999.0,0.0,2664.0,Mobile,Social Media,Completed
TXN003754,CUS0531,2026-08-12,Beauty,3,499.0,0.05,1896.2,Mobile,Social Media,Completed
TXN003755,CUS0531,2026-08-11,Home,3,399.0,0.0,1596.0,Mobile,Social Media,Completed
TXN003756,CUS0531,2026-04-26,Electronics,1,999.0,0.0,1332.0,Mobile,Social Media,Completed
TXN003757,CUS0531,2026-04-10,Electronics,3,499.0,0.0,1996.0,Mobile,Social Media,Completed
TXN003758,CUS0531,2026-02-18,Electronics,1,1499.0,0.0,1998.67,Mobile,Social Media,Completed
TXN003759,CUS0531,2026-02-18,Electronics,1,699.0,0.0,932.0,Mobile,Social Media,Completed
TXN003760,CUS0531,2026-02-05,Electronics,2,999.0,0.0,2664.0,Tablet,Social Media,Cancelled
TXN003761,CUS0531,2026-01-17,Beauty,3,1499.0,0.1,5396.4,Mobile,Social Media,Completed
TXN003762,CUS0531,2026-01-10,Sports,2,299.0,0.0,797.33,Mobile,Social Media,Completed
TXN003763,CUS0531,2026-01-02,Electronics,2,299.0,0.05,757.47,Mobile,Social Media,Completed
TXN003764,CUS0531,2026-01-01,Home,3,999.0,0.15,3396.6,Mobile,Social Media,Completed
TXN003765,CUS0532,2026-08-12,Beauty,3,299.0,0.15,1779.05,Desktop,Email,Completed
TXN003766,CUS0532,2026-07-22,Home,1,399.0,0.0,931.0,Desktop,Email,Returned
TXN003767,CUS0532,2026-07-20,Home,1,399.0,0.0,931.0,Desktop,Email,Completed
TXN003768,CUS0532,2026-07-02,Sports,3,699.0,0.0,4893.0,Desktop,Email,Completed
TXN003769,CUS0532,2026-06-25,Home,3,399.0,0.0,2793.0,Desktop,Email,Completed
TXN003770,CUS0532,2026-05-24,Home,3,999.0,0.0,6993.0,Desktop,Email,Completed
TXN003771,CUS0532,2026-05-20,Home,1,1499.0,0.0,3497.67,Tablet,Email,Completed
TXN003772,CUS0532,2026-05-15,Home,2,299.0,0.0,1395.33,Desktop,Email,Completed
TXN003773,CUS0532,2026-05-01,Home,2,999.0,0.1,4195.8,Desktop,Email,Completed
TXN003774,CUS0532,2026-04-25,Home,2,699.0,0.0,3262.0,Desktop,Email,Completed
TXN003775,CUS0532,2026-04-25,Home,2,1499.0,0.0,6995.33,Desktop,Email,Completed
TXN003776,CUS0532,2026-04-20,Home,3,999.0,0.0,6993.0,Desktop,Email,Completed
TXN003777,CUS0532,2026-04-10,Sports,1,399.0,0.15,791.35,Mobile,Email,Completed
TXN003778,CUS0532,2026-03-18,Home,2,999.0,0.0,4662.0,Tablet,Email,Completed
TXN003779,CUS0532,2026-03-09,Home,1,299.0,0.15,593.02,Desktop,Email,Completed
TXN003780,CUS0532,2026-02-26,Home,3,699.0,0.0,4893.0,Desktop,Email,Completed
TXN003781,CUS0532,2026-02-10,Sports,1,999.0,0.0,2331.0,Desktop,Email,Completed
TXN003782,CUS0532,2026-01-20,Home,3,399.0,0.0,2793.0,Mobile,Email,Completed
TXN003783,CUS0532,2026-01-18,Home,2,399.0,0.0,1862.0,Desktop,Email,Completed
TXN003784,CUS0532,2025-11-26,Electronics,1,499.0,0.0,1164.33,Desktop,Email,Completed
TXN003785,CUS0532,2025-11-23,Beauty,1,999.0,0.0,2331.0,Desktop,Email,Completed
TXN003786,CUS0533,2026-07-28,Home,2,699.0,0.0,1048.5,Mobile,Direct,Cancelled
TXN003787,CUS0533,2025-10-05,Home,2,299.0,0.05,426.08,Mobile,Direct,Returned
TXN003788,CUS0534,2026-07-09,Fashion,3,999.0,0.0,3246.75,Tablet,Social Media,Completed
TXN003789,CUS0534,2026-06-20,Fashion,1,399.0,0.0,432.25,Mobile,Social Media,Completed
TXN003790,CUS0534,2026-06-16,Fashion,2,399.0,0.0,864.5,Mobile,Social Media,Completed
TXN003791,CUS0534,2026-05-31,Fashion,3,999.0,0.0,3246.75,Mobile,Social Media,Completed
TXN003792,CUS0534,2026-01-08,Home,3,1999.0,0.15,5522.24,Tablet,Social Media,Completed
TXN003793,CUS0534,2025-12-09,Fashion,3,1499.0,0.0,4871.75,Mobile,Social Media,Completed
TXN003794,CUS0534,2025-11-25,Fashion,1,1499.0,0.05,1542.72,Mobile,Social Media,Completed
TXN003795,CUS0535,2026-04-27,Sports,1,499.0,0.0,540.58,Mobile,Social Media,Completed
TXN003796,CUS0535,2026-02-10,Fashion,3,1499.0,0.0,4871.75,Mobile,Social Media,Returned
TXN003797,CUS0535,2025-12-27,Sports,3,999.0,0.0,3246.75,Mobile,Social Media,Completed
TXN003798,CUS0535,2025-12-27,Sports,3,299.0,0.0,971.75,Mobile,Social Media,Completed
TXN003799,CUS0535,2025-11-16,Sports,1,1499.0,0.0,1623.92,Mobile,Social Media,Completed
TXN003800,CUS0535,2025-10-31,Sports,3,299.0,0.0,971.75,Mobile,Social Media,Completed
TXN003801,CUS0535,2025-09-28,Fashion,2,999.0,0.1,1948.05,Mobile,Social Media,Cancelled
TXN003802,CUS0535,2025-09-01,Sports,3,999.0,0.0,3246.75,Mobile,Social Media,Cancelled
TXN003803,CUS0535,2025-08-04,Beauty,1,999.0,0.0,1082.25,Mobile,Social Media,Completed
TXN003804,CUS0536,2026-07-28,Fashion,2,1499.0,0.05,3797.47,Mobile,Direct,Returned
TXN003805,CUS0536,2026-03-13,Fashion,1,1999.0,0.05,2532.07,Tablet,Direct,Completed
TXN003806,CUS0536,2026-02-12,Fashion,1,499.0,0.0,665.33,Tablet,Direct,Completed
TXN003807,CUS0536,2025-12-31,Fashion,2,699.0,0.15,1584.4,Mobile,Direct,Cancelled
TXN003808,CUS0536,2025-12-17,Electronics,2,699.0,0.15,1584.4,Mobile,Direct,Completed
TXN003809,CUS0536,2025-12-14,Fashion,3,999.0,0.0,3996.0,Mobile,Direct,Completed
TXN003810,CUS0536,2025-12-05,Beauty,3,1499.0,0.0,5996.0,Mobile,Direct,Completed
TXN003811,CUS0536,2025-10-14,Electronics,1,499.0,0.0,665.33,Tablet,Direct,Returned
TXN003812,CUS0537,2026-07-25,Home,3,499.0,0.0,1996.0,Mobile,Direct,Completed
TXN003813,CUS0537,2026-06-19,Home,1,999.0,0.0,1332.0,Mobile,Direct,Completed
TXN003814,CUS0537,2026-05-30,Home,2,299.0,0.0,797.33,Mobile,Direct,Completed
TXN003815,CUS0537,2026-03-27,Fashion,3,1999.0,0.0,7996.0,Mobile,Direct,Completed
TXN003816,CUS0537,2026-02-24,Fashion,3,299.0,0.0,1196.0,Desktop,Direct,Completed
TXN003817,CUS0537,2026-01-09,Home,3,999.0,0.0,3996.0,Mobile,Direct,Completed
TXN003818,CUS0537,2025-12-30,Fashion,3,699.0,0.0,2796.0,Mobile,Direct,Completed
TXN003819,CUS0537,2025-12-15,Home,1,399.0,0.0,532.0,Mobile,Direct,Completed
TXN003820,CUS0537,2025-12-10,Home,3,1999.0,0.15,6796.6,Mobile,Direct,Completed
TXN003821,CUS0537,2025-11-13,Home,3,1499.0,0.2,4796.8,Mobile,Direct,Completed
TXN003822,CUS0537,2025-10-24,Home,3,1999.0,0.0,7996.0,Mobile,Direct,Completed
TXN003823,CUS0538,2026-08-04,Beauty,1,999.0,0.0,749.25,Mobile,Referral,Completed
TXN003824,CUS0538,2025-10-12,Beauty,1,999.0,0.0,749.25,Mobile,Referral,Completed
TXN003825,CUS0539,2026-06-21,Sports,1,1499.0,0.15,1380.33,Desktop,Email,Completed
TXN003826,CUS0539,2026-05-18,Sports,3,1999.0,0.0,6496.75,Tablet,Email,Completed
TXN003827,CUS0539,2026-05-06,Sports,3,699.0,0.0,2271.75,Desktop,Email,Completed
TXN003828,CUS0539,2026-03-28,Sports,2,1999.0,0.0,4331.17,Desktop,Email,Completed
TXN003829,CUS0539,2026-02-21,Sports,1,299.0,0.0,323.92,Desktop,Email,Completed
TXN003830,CUS0539,2025-11-11,Sports,3,299.0,0.0,971.75,Desktop,Email,Completed
TXN003831,CUS0539,2025-09-25,Sports,1,699.0,0.0,757.25,Desktop,Email,Completed
TXN003832,CUS0540,2026-06-28,Fashion,2,1499.0,0.15,2335.94,Mobile,Paid Ads,Completed
TXN003833,CUS0540,2026-05-17,Home,1,499.0,0.0,457.42,Mobile,Paid Ads,Completed
TXN003834,CUS0540,2025-10-20,Fashion,3,999.0,0.15,2335.16,Mobile,Paid Ads,Returned
TXN003835,CUS0541,2026-03-15,Sports,3,1999.0,0.2,2798.6,Mobile,Email,Completed
TXN003836,CUS0541,2026-01-28,Beauty,1,1499.0,0.0,874.42,Mobile,Email,Completed
TXN003837,CUS0541,2025-11-12,Home,1,499.0,0.05,276.53,Mobile,Email,Completed
TXN003838,CUS0541,2025-10-27,Beauty,1,1999.0,0.0,1166.08,Desktop,Email,Completed
TXN003839,CUS0542,2026-06-30,Fashion,2,699.0,0.0,1514.5,Desktop,Paid Ads,Completed
TXN003840,CUS0542,2026-05-31,Fashion,1,1999.0,0.0,2165.58,Desktop,Paid Ads,Completed
TXN003841,CUS0542,2026-05-25,Fashion,1,1999.0,0.0,2165.58,Desktop,Paid Ads,Completed
TXN003842,CUS0542,2026-04-14,Fashion,1,1499.0,0.15,1380.33,Tablet,Paid Ads,Completed
TXN003843,CUS0542,2026-03-16,Fashion,1,499.0,0.05,513.55,Desktop,Paid Ads,Completed
TXN003844,CUS0542,2026-01-11,Home,2,299.0,0.2,518.27,Desktop,Paid Ads,Completed
TXN003845,CUS0542,2025-09-16,Fashion,1,1499.0,0.0,1623.92,Desktop,Paid Ads,Completed
TXN003846,CUS0543,2026-08-13,Fashion,3,999.0,0.0,3246.75,Mobile,Social Media,Completed
TXN003847,CUS0543,2026-07-25,Fashion,1,299.0,0.0,323.92,Mobile,Social Media,Completed
TXN003848,CUS0543,2026-07-23,Fashion,3,999.0,0.1,2922.08,Mobile,Social Media,Completed
TXN003849,CUS0543,2026-03-23,Beauty,2,999.0,0.0,2164.5,Tablet,Social Media,Completed
TXN003850,CUS0543,2026-02-26,Fashion,2,999.0,0.15,1839.82,Mobile,Social Media,Completed
TXN003851,CUS0544,2026-02-18,Sports,1,1499.0,0.1,1461.52,Desktop,Email,Completed
TXN003852,CUS0544,2025-12-25,Sports,2,499.0,0.0,1081.17,Desktop,Email,Completed
TXN003853,CUS0544,2025-11-26,Sports,3,299.0,0.0,971.75,Desktop,Email,Completed
TXN003854,CUS0544,2025-10-29,Sports,1,299.0,0.0,323.92,Desktop,Email,Completed
TXN003855,CUS0544,2025-05-23,Home,3,499.0,0.0,1621.75,Desktop,Email,Completed
TXN003856,CUS0545,2026-02-25,Fashion,3,999.0,0.0,3246.75,Desktop,Paid Ads,Completed
TXN003857,CUS0545,2025-12-31,Fashion,2,999.0,0.2,1731.6,Desktop,Paid Ads,Completed
TXN003858,CUS0545,2025-12-28,Sports,1,699.0,0.0,757.25,Desktop,Paid Ads,Completed
TXN003859,CUS0545,2025-09-26,Fashion,1,999.0,0.0,1082.25,Mobile,Paid Ads,Completed
TXN003860,CUS0545,2025-09-01,Fashion,1,999.0,0.0,1082.25,Mobile,Paid Ads,Completed
TXN003861,CUS0545,2025-08-21,Home,2,399.0,0.0,864.5,Desktop,Paid Ads,Returned
TXN003862,CUS0545,2025-08-20,Fashion,3,299.0,0.0,971.75,Desktop,Paid Ads,Completed
TXN003863,CUS0545,2025-07-29,Beauty,1,499.0,0.0,540.58,Desktop,Paid Ads,Returned
TXN003864,CUS0545,2025-07-18,Fashion,2,1999.0,0.0,4331.17,Desktop,Paid Ads,Completed
TXN003865,CUS0545,2025-06-16,Fashion,3,1499.0,0.0,4871.75,Desktop,Paid Ads,Completed
TXN003866,CUS0546,2026-07-30,Sports,1,299.0,0.0,224.25,Mobile,Social Media,Completed
TXN003867,CUS0546,2025-11-01,Sports,3,399.0,0.15,763.09,Mobile,Social Media,Completed
TXN003868,CUS0547,2026-07-23,Sports,1,999.0,0.05,1265.4,Mobile,Organic Search,Completed
TXN003869,CUS0547,2026-07-08,Sports,2,1999.0,0.0,5330.67,Mobile,Organic Search,Completed
TXN003870,CUS0547,2026-05-30,Electronics,1,399.0,0.05,505.4,Mobile,Organic Search,Completed
TXN003871,CUS0547,2026-05-01,Sports,2,399.0,0.05,1010.8,Mobile,Organic Search,Completed
TXN003872,CUS0547,2026-03-23,Electronics,3,699.0,0.0,2796.0,Mobile,Organic Search,Completed
TXN003873,CUS0547,2026-02-21,Sports,1,999.0,0.0,1332.0,Mobile,Organic Search,Completed
TXN003874,CUS0547,2026-01-02,Home,2,299.0,0.0,797.33,Mobile,Organic Search,Completed
TXN003875,CUS0547,2025-11-13,Sports,2,399.0,0.0,1064.0,Mobile,Organic Search,Completed
TXN003876,CUS0548,2026-08-04,Beauty,2,399.0,0.0,598.5,Desktop,Paid Ads,Completed
TXN003877,CUS0548,2025-11-15,Beauty,3,299.0,0.2,538.2,Mobile,Paid Ads,Completed
TXN003878,CUS0549,2026-06-25,Sports,1,699.0,0.0,640.75,Mobile,Referral,Completed
TXN003879,CUS0549,2026-03-01,Sports,2,699.0,0.0,1281.5,Mobile,Referral,Completed
TXN003880,CUS0549,2025-12-05,Sports,3,1499.0,0.0,4122.25,Mobile,Referral,Completed
TXN003881,CUS0549,2025-10-11,Sports,2,699.0,0.15,1089.27,Mobile,Referral,Completed
TXN003882,CUS0550,2026-07-09,Electronics,3,399.0,0.0,1596.0,Desktop,Email,Completed
TXN003883,CUS0550,2026-06-23,Fashion,3,1499.0,0.1,5396.4,Desktop,Email,Completed
TXN003884,CUS0550,2026-06-16,Sports,1,1499.0,0.15,1698.87,Desktop,Email,Completed
TXN003885,CUS0550,2026-05-15,Electronics,1,699.0,0.0,932.0,Desktop,Email,Completed
TXN003886,CUS0550,2026-05-08,Electronics,2,1999.0,0.05,5064.13,Desktop,Email,Completed
TXN003887,CUS0550,2026-04-23,Electronics,2,1499.0,0.15,3397.73,Desktop,Email,Completed
TXN003888,CUS0550,2026-03-27,Electronics,3,1499.0,0.1,5396.4,Desktop,Email,Completed
TXN003889,CUS0550,2026-03-23,Sports,2,699.0,0.0,1864.0,Desktop,Email,Completed
TXN003890,CUS0550,2026-01-27,Home,3,1499.0,0.0,5996.0,Desktop,Email,Returned
TXN003891,CUS0550,2025-11-17,Fashion,1,999.0,0.0,1332.0,Tablet,Email,Cancelled
TXN003892,CUS0550,2025-11-16,Electronics,3,699.0,0.0,2796.0,Tablet,Email,Completed
TXN003893,CUS0550,2025-10-30,Beauty,2,1499.0,0.0,3997.33,Desktop,Email,Completed
TXN003894,CUS0551,2026-08-08,Beauty,3,299.0,0.05,639.11,Tablet,Email,Completed
TXN003895,CUS0551,2026-06-29,Electronics,1,999.0,0.0,749.25,Tablet,Email,Completed
TXN003896,CUS0551,2026-05-03,Fashion,1,299.0,0.05,213.04,Tablet,Email,Completed
TXN003897,CUS0552,2026-02-03,Fashion,1,699.0,0.0,757.25,Mobile,Direct,Completed
TXN003898,CUS0552,2026-01-24,Beauty,3,399.0,0.0,1296.75,Desktop,Direct,Completed
TXN003899,CUS0552,2025-11-11,Fashion,1,999.0,0.0,1082.25,Desktop,Direct,Completed
TXN003900,CUS0552,2025-11-10,Sports,2,499.0,0.2,864.93,Desktop,Direct,Completed
TXN003901,CUS0552,2025-11-04,Beauty,3,999.0,0.0,3246.75,Desktop,Direct,Completed
TXN003902,CUS0552,2025-09-16,Sports,3,1499.0,0.0,4871.75,Desktop,Direct,Completed
TXN003903,CUS0552,2025-07-06,Electronics,2,499.0,0.0,1081.17,Desktop,Direct,Completed
TXN003904,CUS0552,2025-06-27,Home,2,699.0,0.1,1363.05,Desktop,Direct,Completed
TXN003905,CUS0552,2025-06-11,Sports,1,1999.0,0.0,2165.58,Desktop,Direct,Completed
TXN003906,CUS0553,2026-07-27,Electronics,3,699.0,0.05,2656.2,Mobile,Referral,Completed
TXN003907,CUS0553,2026-07-12,Home,1,1999.0,0.0,2665.33,Mobile,Referral,Completed
TXN003908,CUS0553,2026-07-03,Home,1,1499.0,0.0,1998.67,Mobile,Referral,Completed
TXN003909,CUS0553,2026-06-26,Beauty,1,1499.0,0.0,1998.67,Desktop,Referral,Completed
TXN003910,CUS0553,2026-05-16,Sports,2,399.0,0.0,1064.0,Mobile,Referral,Completed
TXN003911,CUS0553,2026-04-11,Home,3,1499.0,0.0,5996.0,Mobile,Referral,Completed
TXN003912,CUS0553,2026-03-26,Beauty,2,699.0,0.0,1864.0,Tablet,Referral,Completed
TXN003913,CUS0553,2026-02-28,Home,3,1499.0,0.0,5996.0,Mobile,Referral,Completed
TXN003914,CUS0553,2026-01-02,Home,1,499.0,0.0,665.33,Mobile,Referral,Completed
TXN003915,CUS0553,2025-12-31,Home,2,1499.0,0.0,3997.33,Mobile,Referral,Completed
TXN003916,CUS0553,2025-11-10,Beauty,1,1999.0,0.0,2665.33,Desktop,Referral,Completed
TXN003917,CUS0553,2025-10-21,Home,3,1499.0,0.0,5996.0,Tablet,Referral,Completed
TXN003918,CUS0553,2025-10-10,Home,2,1499.0,0.0,3997.33,Mobile,Referral,Completed
TXN003919,CUS0554,2026-07-07,Electronics,1,999.0,0.1,1198.8,Desktop,Referral,Completed
TXN003920,CUS0554,2026-06-10,Fashion,1,1999.0,0.05,2532.07,Desktop,Referral,Completed
TXN003921,CUS0554,2026-06-10,Fashion,3,1999.0,0.0,7996.0,Desktop,Referral,Returned
TXN003922,CUS0554,2026-05-23,Fashion,3,299.0,0.0,1196.0,Desktop,Referral,Completed
TXN003923,CUS0554,2026-05-16,Fashion,1,699.0,0.0,932.0,Desktop,Referral,Completed
TXN003924,CUS0554,2026-05-13,Electronics,2,999.0,0.1,2397.6,Desktop,Referral,Completed
TXN003925,CUS0554,2026-04-08,Fashion,1,1999.0,0.0,2665.33,Desktop,Referral,Completed
TXN003926,CUS0554,2026-03-31,Home,1,999.0,0.0,1332.0,Desktop,Referral,Completed
TXN003927,CUS0554,2026-03-01,Fashion,1,1999.0,0.0,2665.33,Desktop,Referral,Completed
TXN003928,CUS0554,2026-01-04,Fashion,2,1499.0,0.0,3997.33,Desktop,Referral,Completed
TXN003929,CUS0554,2025-12-03,Fashion,2,1999.0,0.0,5330.67,Desktop,Referral,Completed
TXN003930,CUS0554,2025-11-15,Fashion,2,1999.0,0.0,5330.67,Mobile,Referral,Returned
TXN003931,CUS0554,2025-10-23,Fashion,2,699.0,0.0,1864.0,Tablet,Referral,Completed
TXN003932,CUS0554,2025-09-20,Electronics,1,299.0,0.0,398.67,Desktop,Referral,Completed
TXN003933,CUS0555,2026-08-11,Home,1,399.0,0.15,452.2,Mobile,Organic Search,Completed
TXN003934,CUS0555,2026-08-11,Electronics,1,299.0,0.0,398.67,Mobile,Organic Search,Completed
TXN003935,CUS0555,2026-08-07,Electronics,3,1499.0,0.15,5096.6,Mobile,Organic Search,Completed
TXN003936,CUS0555,2026-07-26,Home,1,999.0,0.0,1332.0,Desktop,Organic Search,Completed
TXN003937,CUS0555,2026-06-11,Electronics,1,999.0,0.0,1332.0,Mobile,Organic Search,Completed
TXN003938,CUS0555,2026-04-30,Fashion,3,1999.0,0.0,7996.0,Mobile,Organic Search,Completed
TXN003939,CUS0555,2026-04-07,Electronics,1,1999.0,0.0,2665.33,Mobile,Organic Search,Returned
TXN003940,CUS0555,2026-04-01,Home,3,299.0,0.2,956.8,Mobile,Organic Search,Completed
TXN003941,CUS0555,2026-03-29,Electronics,2,1499.0,0.15,3397.73,Mobile,Organic Search,Completed
TXN003942,CUS0555,2026-02-07,Beauty,3,999.0,0.0,3996.0,Mobile,Organic Search,Completed
TXN003943,CUS0555,2026-01-28,Electronics,3,1999.0,0.0,7996.0,Mobile,Organic Search,Completed
TXN003944,CUS0555,2026-01-06,Sports,2,399.0,0.0,1064.0,Mobile,Organic Search,Completed
TXN003945,CUS0555,2025-12-19,Home,2,699.0,0.05,1770.8,Mobile,Organic Search,Completed
TXN003946,CUS0555,2025-11-01,Electronics,3,1499.0,0.0,5996.0,Mobile,Organic Search,Completed
TXN003947,CUS0556,2026-07-17,Home,3,1499.0,0.0,5996.0,Mobile,Referral,Completed
TXN003948,CUS0556,2026-05-09,Beauty,1,999.0,0.0,1332.0,Mobile,Referral,Completed
TXN003949,CUS0556,2026-04-24,Home,2,1999.0,0.05,5064.13,Mobile,Referral,Completed
TXN003950,CUS0556,2026-03-24,Home,3,1999.0,0.0,7996.0,Mobile,Referral,Completed
TXN003951,CUS0556,2026-03-18,Home,2,1499.0,0.15,3397.73,Desktop,Referral,Completed
TXN003952,CUS0556,2025-12-20,Home,2,999.0,0.0,2664.0,Mobile,Referral,Completed
TXN003953,CUS0556,2025-11-23,Fashion,3,999.0,0.0,3996.0,Desktop,Referral,Completed
TXN003954,CUS0556,2025-11-12,Home,3,299.0,0.0,1196.0,Desktop,Referral,Completed
TXN003955,CUS0557,2025-12-16,Home,1,499.0,0.0,291.08,Mobile,Paid Ads,Completed
TXN003956,CUS0557,2025-05-19,Home,2,499.0,0.0,582.17,Mobile,Paid Ads,Completed
TXN003957,CUS0557,2025-04-10,Home,1,999.0,0.0,582.75,Desktop,Paid Ads,Completed
TXN003958,CUS0557,2025-02-24,Home,2,299.0,0.0,348.83,Desktop,Paid Ads,Completed
TXN003959,CUS0558,2026-08-13,Electronics,2,1999.0,0.0,9328.67,Desktop,Direct,Completed
TXN003960,CUS0558,2026-07-21,Fashion,3,699.0,0.0,4893.0,Desktop,Direct,Completed
TXN003961,CUS0558,2026-07-15,Fashion,1,699.0,0.0,1631.0,Desktop,Direct,Completed
TXN003962,CUS0558,2026-06-23,Fashion,1,999.0,0.0,2331.0,Desktop,Direct,Completed
TXN003963,CUS0558,2026-05-21,Fashion,1,699.0,0.0,1631.0,Mobile,Direct,Completed
TXN003964,CUS0558,2026-05-17,Fashion,1,499.0,0.1,1047.9,Desktop,Direct,Completed
TXN003965,CUS0558,2026-04-25,Fashion,1,699.0,0.0,1631.0,Desktop,Direct,Completed
TXN003966,CUS0558,2026-04-22,Fashion,2,299.0,0.0,1395.33,Desktop,Direct,Completed
TXN003967,CUS0558,2026-03-16,Fashion,3,999.0,0.0,6993.0,Desktop,Direct,Completed
TXN003968,CUS0558,2026-03-11,Fashion,3,999.0,0.0,6993.0,Desktop,Direct,Completed
TXN003969,CUS0558,2026-02-28,Fashion,3,299.0,0.2,1674.4,Desktop,Direct,Completed
TXN003970,CUS0558,2026-02-23,Fashion,1,999.0,0.2,1864.8,Desktop,Direct,Returned
TXN003971,CUS0558,2026-02-12,Electronics,3,499.0,0.0,3493.0,Desktop,Direct,Completed
TXN003972,CUS0558,2026-01-23,Sports,1,1999.0,0.0,4664.33,Desktop,Direct,Completed
TXN003973,CUS0558,2026-01-05,Electronics,1,399.0,0.0,931.0,Desktop,Direct,Completed
TXN003974,CUS0558,2025-12-29,Fashion,1,299.0,0.0,697.67,Desktop,Direct,Completed
TXN003975,CUS0558,2025-11-26,Fashion,2,999.0,0.0,4662.0,Desktop,Direct,Completed
TXN003976,CUS0558,2025-11-25,Home,1,499.0,0.0,1164.33,Desktop,Direct,Completed
TXN003977,CUS0558,2025-10-31,Sports,2,999.0,0.0,4662.0,Tablet,Direct,Cancelled
TXN003978,CUS0559,2026-07-13,Sports,3,999.0,0.0,3996.0,Tablet,Organic Search,Completed
TXN003979,CUS0559,2026-07-05,Electronics,3,999.0,0.0,3996.0,Tablet,Organic Search,Completed
TXN003980,CUS0559,2026-06-25,Fashion,2,1499.0,0.2,3197.87,Tablet,Organic Search,Completed
TXN003981,CUS0559,2026-06-05,Sports,3,1999.0,0.0,7996.0,Tablet,Organic Search,Completed
TXN003982,CUS0559,2026-05-01,Home,1,699.0,0.1,838.8,Mobile,Organic Search,Cancelled
TXN003983,CUS0559,2026-03-22,Sports,3,1499.0,0.0,5996.0,Tablet,Organic Search,Cancelled
TXN003984,CUS0559,2026-03-13,Sports,2,699.0,0.0,1864.0,Tablet,Organic Search,Completed
TXN003985,CUS0559,2026-02-24,Sports,2,699.0,0.0,1864.0,Tablet,Organic Search,Cancelled
TXN003986,CUS0559,2026-02-10,Sports,1,1499.0,0.0,1998.67,Tablet,Organic Search,Completed
TXN003987,CUS0559,2026-02-08,Sports,3,999.0,0.0,3996.0,Tablet,Organic Search,Completed
TXN003988,CUS0559,2025-12-16,Sports,3,499.0,0.0,1996.0,Tablet,Organic Search,Completed
TXN003989,CUS0559,2025-12-15,Beauty,2,699.0,0.0,1864.0,Mobile,Organic Search,Returned
TXN003990,CUS0559,2025-09-30,Sports,2,699.0,0.0,1864.0,Tablet,Organic Search,Completed
TXN003991,CUS0560,2026-07-18,Home,2,999.0,0.0,2664.0,Desktop,Social Media,Completed
TXN003992,CUS0560,2026-06-24,Home,1,299.0,0.1,358.8,Desktop,Social Media,Completed
TXN003993,CUS0560,2026-06-17,Home,3,299.0,0.2,956.8,Desktop,Social Media,Completed
TXN003994,CUS0560,2026-06-03,Home,1,999.0,0.0,1332.0,Desktop,Social Media,Completed
TXN003995,CUS0560,2026-05-27,Home,1,399.0,0.15,452.2,Desktop,Social Media,Completed
TXN003996,CUS0560,2026-05-27,Home,1,999.0,0.1,1198.8,Desktop,Social Media,Completed
TXN003997,CUS0560,2026-05-16,Home,3,499.0,0.0,1996.0,Desktop,Social Media,Returned
TXN003998,CUS0560,2026-02-28,Fashion,2,999.0,0.0,2664.0,Desktop,Social Media,Completed
TXN003999,CUS0560,2026-02-10,Sports,3,699.0,0.0,2796.0,Desktop,Social Media,Completed
TXN004000,CUS0560,2025-11-02,Home,3,999.0,0.0,3996.0,Desktop,Social Media,Completed
TXN004001,CUS0560,2025-10-04,Home,3,1999.0,0.0,7996.0,Desktop,Social Media,Completed
TXN004002,CUS0560,2025-09-26,Beauty,3,499.0,0.0,1996.0,Desktop,Social Media,Completed
TXN004003,CUS0561,2026-07-20,Sports,2,299.0,0.0,548.17,Mobile,Paid Ads,Completed
TXN004004,CUS0561,2026-05-30,Home,3,499.0,0.0,1372.25,Mobile,Paid Ads,Completed
TXN004005,CUS0561,2026-05-20,Fashion,2,399.0,0.0,731.5,Mobile,Paid Ads,Completed
TXN004006,CUS0561,2025-12-29,Sports,1,1499.0,0.0,1374.08,Mobile,Paid Ads,Completed
TXN004007,CUS0561,2025-12-20,Beauty,3,699.0,0.0,1922.25,Mobile,Paid Ads,Completed
TXN004008,CUS0562,2026-08-07,Fashion,3,499.0,0.0,3493.0,Desktop,Referral,Completed
TXN004009,CUS0562,2026-07-31,Fashion,2,499.0,0.0,2328.67,Tablet,Referral,Completed
TXN004010,CUS0562,2026-07-30,Fashion,2,399.0,0.0,1862.0,Tablet,Referral,Completed
TXN004011,CUS0562,2026-07-23,Fashion,3,299.0,0.0,2093.0,Mobile,Referral,Completed
TXN004012,CUS0562,2026-05-30,Fashion,2,1499.0,0.0,6995.33,Tablet,Referral,Completed
TXN004013,CUS0562,2026-05-11,Beauty,3,1999.0,0.0,13993.0,Tablet,Referral,Completed
TXN004014,CUS0562,2026-04-05,Electronics,3,699.0,0.0,4893.0,Tablet,Referral,Completed
TXN004015,CUS0562,2026-04-01,Home,1,999.0,0.05,2214.45,Tablet,Referral,Returned
TXN004016,CUS0562,2026-03-27,Fashion,3,399.0,0.0,2793.0,Tablet,Referral,Cancelled
TXN004017,CUS0562,2026-03-01,Fashion,2,1499.0,0.0,6995.33,Tablet,Referral,Completed
TXN004018,CUS0562,2026-01-25,Fashion,1,1999.0,0.1,4197.9,Tablet,Referral,Completed
TXN004019,CUS0562,2025-12-21,Sports,1,1999.0,0.0,4664.33,Tablet,Referral,Completed
TXN004020,CUS0562,2025-12-18,Fashion,3,299.0,0.0,2093.0,Tablet,Referral,Completed
TXN004021,CUS0562,2025-12-06,Fashion,1,1499.0,0.0,3497.67,Tablet,Referral,Completed
TXN004022,CUS0562,2025-11-23,Fashion,3,699.0,0.0,4893.0,Tablet,Referral,Completed
TXN004023,CUS0562,2025-10-26,Beauty,1,1999.0,0.0,4664.33,Desktop,Referral,Completed
TXN004024,CUS0562,2025-10-21,Fashion,1,1499.0,0.0,3497.67,Tablet,Referral,Completed
TXN004025,CUS0563,2026-07-21,Home,2,299.0,0.0,548.17,Mobile,Social Media,Completed
TXN004026,CUS0563,2026-02-18,Home,2,699.0,0.2,1025.2,Mobile,Social Media,Completed
TXN004027,CUS0563,2025-10-12,Home,3,399.0,0.0,1097.25,Mobile,Social Media,Cancelled
TXN004028,CUS0564,2026-08-14,Home,2,399.0,0.15,904.4,Mobile,Direct,Completed
TXN004029,CUS0564,2026-07-21,Home,2,299.0,0.0,797.33,Mobile,Direct,Completed
TXN004030,CUS0564,2026-07-05,Fashion,3,399.0,0.0,1596.0,Mobile,Direct,Completed
TXN004031,CUS0564,2026-03-21,Home,3,1499.0,0.0,5996.0,Mobile,Direct,Completed
TXN004032,CUS0564,2026-03-05,Home,1,1999.0,0.0,2665.33,Mobile,Direct,Completed
TXN004033,CUS0564,2026-02-25,Beauty,2,499.0,0.0,1330.67,Tablet,Direct,Completed
TXN004034,CUS0564,2026-02-05,Home,3,499.0,0.05,1896.2,Mobile,Direct,Cancelled
TXN004035,CUS0564,2026-01-13,Home,3,1499.0,0.0,5996.0,Mobile,Direct,Completed
TXN004036,CUS0564,2026-01-01,Home,3,699.0,0.0,2796.0,Mobile,Direct,Completed
TXN004037,CUS0564,2025-12-20,Home,2,999.0,0.0,2664.0,Mobile,Direct,Completed
TXN004038,CUS0564,2025-12-06,Home,1,999.0,0.15,1132.2,Desktop,Direct,Completed
TXN004039,CUS0564,2025-11-08,Home,3,399.0,0.2,1276.8,Mobile,Direct,Completed
TXN004040,CUS0565,2026-07-30,Sports,2,1999.0,0.0,5330.67,Desktop,Social Media,Completed
TXN004041,CUS0565,2026-06-04,Electronics,2,699.0,0.0,1864.0,Desktop,Social Media,Completed
TXN004042,CUS0565,2026-05-28,Sports,2,399.0,0.2,851.2,Desktop,Social Media,Completed
TXN004043,CUS0565,2026-04-26,Fashion,3,399.0,0.0,1596.0,Desktop,Social Media,Completed
TXN004044,CUS0565,2026-03-16,Electronics,2,299.0,0.0,797.33,Desktop,Social Media,Completed
TXN004045,CUS0565,2026-03-11,Beauty,1,299.0,0.0,398.67,Desktop,Social Media,Completed
TXN004046,CUS0565,2026-02-25,Sports,1,999.0,0.0,1332.0,Tablet,Social Media,Completed
TXN004047,CUS0565,2026-01-22,Fashion,1,299.0,0.0,398.67,Desktop,Social Media,Completed
TXN004048,CUS0565,2025-12-16,Sports,1,1499.0,0.0,1998.67,Desktop,Social Media,Completed
TXN004049,CUS0565,2025-12-10,Home,1,999.0,0.0,1332.0,Desktop,Social Media,Cancelled
TXN004050,CUS0565,2025-12-07,Sports,2,1499.0,0.0,3997.33,Desktop,Social Media,Completed
TXN004051,CUS0565,2025-12-05,Sports,2,1999.0,0.0,5330.67,Desktop,Social Media,Cancelled
TXN004052,CUS0565,2025-10-11,Sports,3,1999.0,0.2,6396.8,Desktop,Social Media,Completed
TXN004053,CUS0565,2025-10-06,Sports,2,1499.0,0.0,3997.33,Desktop,Social Media,Completed
TXN004054,CUS0566,2026-05-07,Home,2,1499.0,0.0,3247.83,Mobile,Paid Ads,Completed
TXN004055,CUS0566,2026-03-30,Home,1,299.0,0.0,323.92,Mobile,Paid Ads,Completed
TXN004056,CUS0566,2026-03-20,Home,1,1499.0,0.0,1623.92,Mobile,Paid Ads,Returned
TXN004057,CUS0566,2025-12-09,Electronics,3,1499.0,0.0,4871.75,Mobile,Paid Ads,Completed
TXN004058,CUS0566,2025-11-15,Home,1,399.0,0.0,432.25,Mobile,Paid Ads,Completed
TXN004059,CUS0566,2025-09-24,Home,3,1999.0,0.0,6496.75,Mobile,Paid Ads,Returned
TXN004060,CUS0566,2025-09-21,Home,2,299.0,0.0,647.83,Mobile,Paid Ads,Returned
TXN004061,CUS0566,2025-08-18,Fashion,3,999.0,0.0,3246.75,Mobile,Paid Ads,Completed
TXN004062,CUS0567,2026-08-10,Beauty,3,299.0,0.0,1196.0,Mobile,Direct,Completed
TXN004063,CUS0567,2026-07-25,Electronics,1,399.0,0.0,532.0,Mobile,Direct,Completed
TXN004064,CUS0567,2026-05-20,Electronics,2,299.0,0.0,797.33,Mobile,Direct,Completed
TXN004065,CUS0567,2026-05-08,Electronics,1,699.0,0.0,932.0,Desktop,Direct,Completed
TXN004066,CUS0567,2026-04-28,Fashion,2,699.0,0.0,1864.0,Mobile,Direct,Completed
TXN004067,CUS0567,2026-04-06,Electronics,1,999.0,0.0,1332.0,Tablet,Direct,Completed
TXN004068,CUS0567,2026-04-03,Electronics,2,999.0,0.0,2664.0,Mobile,Direct,Completed
TXN004069,CUS0567,2026-02-21,Sports,3,999.0,0.0,3996.0,Mobile,Direct,Completed
TXN004070,CUS0567,2026-01-03,Electronics,2,1499.0,0.0,3997.33,Mobile,Direct,Completed
TXN004071,CUS0567,2025-12-29,Electronics,2,1999.0,0.0,5330.67,Mobile,Direct,Completed
TXN004072,CUS0567,2025-12-01,Home,3,399.0,0.2,1276.8,Mobile,Direct,Completed
TXN004073,CUS0567,2025-11-22,Electronics,3,1999.0,0.05,7596.2,Mobile,Direct,Completed
TXN004074,CUS0567,2025-11-10,Fashion,2,1499.0,0.05,3797.47,Mobile,Direct,Completed
TXN004075,CUS0568,2026-03-19,Beauty,3,999.0,0.0,3246.75,Desktop,Referral,Completed
TXN004076,CUS0568,2026-03-02,Beauty,1,399.0,0.0,432.25,Desktop,Referral,Completed
TXN004077,CUS0568,2026-02-06,Beauty,3,1999.0,0.0,6496.75,Desktop,Referral,Completed
TXN004078,CUS0568,2026-02-05,Beauty,2,699.0,0.0,1514.5,Desktop,Referral,Completed
TXN004079,CUS0568,2025-08-18,Beauty,3,399.0,0.0,1296.75,Desktop,Referral,Completed
TXN004080,CUS0568,2025-07-17,Beauty,3,999.0,0.0,3246.75,Desktop,Referral,Completed
TXN004081,CUS0568,2025-07-10,Home,2,399.0,0.0,864.5,Desktop,Referral,Completed
TXN004082,CUS0568,2025-07-05,Beauty,1,499.0,0.0,540.58,Desktop,Referral,Completed
TXN004083,CUS0568,2025-06-29,Sports,3,399.0,0.0,1296.75,Desktop,Referral,Returned
TXN004084,CUS0568,2025-06-19,Beauty,3,499.0,0.0,1621.75,Desktop,Referral,Returned
TXN004085,CUS0569,2026-07-26,Electronics,2,699.0,0.0,1048.5,Desktop,Referral,Completed
TXN004086,CUS0569,2025-11-22,Electronics,1,499.0,0.1,336.83,Desktop,Referral,Completed
TXN004087,CUS0569,2025-10-20,Electronics,2,699.0,0.0,1048.5,Desktop,Referral,Completed
TXN004088,CUS0570,2026-07-27,Electronics,2,1999.0,0.2,2398.8,Tablet,Paid Ads,Completed
TXN004089,CUS0570,2026-06-28,Beauty,3,699.0,0.1,1415.48,Tablet,Paid Ads,Completed
TXN004090,CUS0571,2026-07-27,Beauty,2,1499.0,0.0,1748.83,Mobile,Direct,Completed
TXN004091,CUS0571,2026-02-14,Beauty,2,399.0,0.0,465.5,Mobile,Direct,Completed
TXN004092,CUS0571,2025-11-12,Beauty,3,699.0,0.0,1223.25,Mobile,Direct,Completed
TXN004093,CUS0572,2026-08-01,Sports,3,499.0,0.0,1996.0,Tablet,Direct,Completed
TXN004094,CUS0572,2026-08-01,Sports,2,1499.0,0.0,3997.33,Desktop,Direct,Completed
TXN004095,CUS0572,2026-07-27,Sports,3,399.0,0.0,1596.0,Tablet,Direct,Completed
TXN004096,CUS0572,2026-07-23,Sports,1,399.0,0.2,425.6,Tablet,Direct,Completed
TXN004097,CUS0572,2026-06-20,Sports,1,499.0,0.0,665.33,Tablet,Direct,Returned
TXN004098,CUS0572,2026-04-30,Sports,1,699.0,0.05,885.4,Tablet,Direct,Completed
TXN004099,CUS0572,2026-03-25,Sports,3,699.0,0.0,2796.0,Tablet,Direct,Completed
TXN004100,CUS0572,2025-11-30,Sports,1,299.0,0.0,398.67,Tablet,Direct,Completed
TXN004101,CUS0572,2025-10-14,Electronics,2,1999.0,0.2,4264.53,Desktop,Direct,Completed
TXN004102,CUS0573,2026-04-19,Sports,1,999.0,0.05,553.61,Tablet,Social Media,Completed
TXN004103,CUS0573,2025-06-29,Sports,2,1999.0,0.0,2332.17,Mobile,Social Media,Cancelled
TXN004104,CUS0574,2026-04-10,Fashion,1,399.0,0.0,232.75,Mobile,Direct,Completed
TXN004105,CUS0575,2026-04-28,Home,1,699.0,0.0,757.25,Mobile,Email,Completed
TXN004106,CUS0575,2026-03-18,Home,1,999.0,0.0,1082.25,Tablet,Email,Completed
TXN004107,CUS0575,2026-02-13,Home,3,999.0,0.0,3246.75,Mobile,Email,Completed
TXN004108,CUS0575,2025-12-06,Home,1,299.0,0.0,323.92,Tablet,Email,Completed
TXN004109,CUS0575,2025-10-07,Home,2,299.0,0.0,647.83,Mobile,Email,Completed
TXN004110,CUS0575,2025-07-19,Home,1,399.0,0.0,432.25,Mobile,Email,Completed
TXN004111,CUS0576,2026-08-09,Fashion,3,699.0,0.2,3914.4,Desktop,Referral,Completed
TXN004112,CUS0576,2026-08-08,Fashion,1,499.0,0.05,1106.12,Desktop,Referral,Completed
TXN004113,CUS0576,2026-07-31,Fashion,1,999.0,0.0,2331.0,Desktop,Referral,Completed
TXN004114,CUS0576,2026-07-13,Fashion,2,499.0,0.0,2328.67,Tablet,Referral,Completed
TXN004115,CUS0576,2026-06-18,Fashion,3,399.0,0.0,2793.0,Desktop,Referral,Completed
TXN004116,CUS0576,2026-05-26,Fashion,3,1999.0,0.1,12593.7,Desktop,Referral,Completed
TXN004117,CUS0576,2026-05-01,Fashion,1,999.0,0.0,2331.0,Tablet,Referral,Completed
TXN004118,CUS0576,2026-04-07,Fashion,3,1499.0,0.0,10493.0,Desktop,Referral,Completed
TXN004119,CUS0576,2026-03-23,Fashion,2,1499.0,0.0,6995.33,Desktop,Referral,Completed
TXN004120,CUS0576,2026-03-14,Fashion,2,1499.0,0.0,6995.33,Desktop,Referral,Completed
TXN004121,CUS0576,2026-03-06,Fashion,2,299.0,0.2,1116.27,Desktop,Referral,Completed
TXN004122,CUS0576,2026-02-24,Fashion,2,1999.0,0.0,9328.67,Desktop,Referral,Returned
TXN004123,CUS0576,2026-02-12,Fashion,2,399.0,0.0,1862.0,Desktop,Referral,Completed
TXN004124,CUS0576,2026-02-10,Beauty,3,399.0,0.0,2793.0,Desktop,Referral,Completed
TXN004125,CUS0576,2026-01-06,Beauty,3,1999.0,0.0,13993.0,Desktop,Referral,Completed
TXN004126,CUS0576,2025-12-26,Sports,3,699.0,0.0,4893.0,Tablet,Referral,Cancelled
TXN004127,CUS0576,2025-12-21,Sports,1,399.0,0.15,791.35,Desktop,Referral,Completed
TXN004128,CUS0576,2025-12-20,Beauty,3,299.0,0.0,2093.0,Desktop,Referral,Cancelled
TXN004129,CUS0576,2025-12-15,Home,2,299.0,0.05,1325.57,Desktop,Referral,Completed
TXN004130,CUS0576,2025-12-10,Fashion,3,499.0,0.0,3493.0,Desktop,Referral,Completed
TXN004131,CUS0576,2025-12-05,Fashion,1,1499.0,0.1,3147.9,Desktop,Referral,Completed
TXN004132,CUS0576,2025-11-22,Sports,2,1499.0,0.0,6995.33,Desktop,Referral,Completed
TXN004133,CUS0576,2025-11-05,Electronics,1,699.0,0.0,1631.0,Desktop,Referral,Completed
TXN004134,CUS0576,2025-10-23,Fashion,2,299.0,0.0,1395.33,Desktop,Referral,Completed
TXN004135,CUS0576,2025-10-17,Home,3,1499.0,0.0,10493.0,Desktop,Referral,Completed
TXN004136,CUS0576,2025-10-15,Fashion,1,999.0,0.0,2331.0,Desktop,Referral,Completed
TXN004137,CUS0577,2026-01-14,Home,3,1999.0,0.0,6496.75,Mobile,Paid Ads,Completed
TXN004138,CUS0577,2025-11-16,Home,2,699.0,0.0,1514.5,Mobile,Paid Ads,Completed
TXN004139,CUS0577,2025-11-07,Home,2,499.0,0.0,1081.17,Mobile,Paid Ads,Completed
TXN004140,CUS0577,2025-08-14,Electronics,2,399.0,0.0,864.5,Mobile,Paid Ads,Completed
TXN004141,CUS0577,2025-04-28,Home,2,499.0,0.0,1081.17,Mobile,Paid Ads,Completed
TXN004142,CUS0578,2026-07-16,Home,1,999.0,0.05,1028.14,Tablet,Email,Completed
TXN004143,CUS0578,2026-06-02,Sports,1,999.0,0.0,1082.25,Tablet,Email,Completed
TXN004144,CUS0578,2026-04-17,Home,3,299.0,0.0,971.75,Mobile,Email,Completed
TXN004145,CUS0578,2026-01-24,Home,2,399.0,0.0,864.5,Mobile,Email,Completed
TXN004146,CUS0578,2025-10-14,Home,1,1999.0,0.0,2165.58,Mobile,Email,Completed
TXN004147,CUS0579,2026-07-08,Sports,2,1999.0,0.0,4331.17,Tablet,Organic Search,Completed
TXN004148,CUS0579,2026-06-03,Sports,2,399.0,0.0,864.5,Desktop,Organic Search,Completed
TXN004149,CUS0579,2026-03-25,Home,2,499.0,0.0,1081.17,Desktop,Organic Search,Completed
TXN004150,CUS0579,2026-01-12,Sports,3,499.0,0.0,1621.75,Desktop,Organic Search,Returned
TXN004151,CUS0579,2026-01-02,Sports,2,699.0,0.0,1514.5,Mobile,Organic Search,Returned
TXN004152,CUS0579,2025-12-01,Sports,1,399.0,0.0,432.25,Desktop,Organic Search,Completed
TXN004153,CUS0579,2025-09-20,Sports,1,499.0,0.0,540.58,Desktop,Organic Search,Completed
TXN004154,CUS0580,2026-08-13,Home,2,399.0,0.2,851.2,Mobile,Referral,Completed
TXN004155,CUS0580,2026-08-07,Home,3,399.0,0.0,1596.0,Mobile,Referral,Completed
TXN004156,CUS0580,2026-05-24,Fashion,3,999.0,0.0,3996.0,Tablet,Referral,Completed
TXN004157,CUS0580,2026-05-05,Home,3,1999.0,0.0,7996.0,Mobile,Referral,Completed
TXN004158,CUS0580,2026-04-21,Home,3,1499.0,0.0,5996.0,Mobile,Referral,Returned
TXN004159,CUS0580,2026-04-14,Home,1,699.0,0.0,932.0,Mobile,Referral,Completed
TXN004160,CUS0580,2026-04-01,Electronics,2,999.0,0.15,2264.4,Mobile,Referral,Cancelled
TXN004161,CUS0580,2026-02-13,Home,2,1999.0,0.0,5330.67,Mobile,Referral,Completed
TXN004162,CUS0580,2025-11-28,Home,1,699.0,0.0,932.0,Tablet,Referral,Completed
TXN004163,CUS0581,2025-10-11,Electronics,1,1499.0,0.2,699.53,Mobile,Paid Ads,Completed
TXN004164,CUS0581,2025-08-02,Electronics,1,699.0,0.0,407.75,Mobile,Paid Ads,Returned
TXN004165,CUS0582,2026-02-23,Sports,3,399.0,0.0,698.25,Mobile,Organic Search,Completed
TXN004166,CUS0582,2025-09-19,Fashion,1,699.0,0.0,407.75,Mobile,Organic Search,Completed
TXN004167,CUS0582,2025-07-24,Beauty,1,499.0,0.0,291.08,Mobile,Organic Search,Completed
TXN004168,CUS0582,2025-05-16,Home,2,499.0,0.2,465.73,Mobile,Organic Search,Completed
TXN004169,CUS0583,2026-08-16,Fashion,2,1999.0,0.0,9328.67,Tablet,Direct,Completed
TXN004170,CUS0583,2026-07-31,Fashion,1,1499.0,0.0,3497.67,Tablet,Direct,Completed
TXN004171,CUS0583,2026-07-03,Fashion,1,299.0,0.0,697.67,Tablet,Direct,Completed
TXN004172,CUS0583,2026-06-24,Fashion,1,699.0,0.05,1549.45,Tablet,Direct,Completed
TXN004173,CUS0583,2026-06-02,Fashion,1,999.0,0.0,2331.0,Tablet,Direct,Completed
TXN004174,CUS0583,2026-05-14,Fashion,3,1999.0,0.0,13993.0,Tablet,Direct,Completed
TXN004175,CUS0583,2026-05-09,Sports,3,299.0,0.0,2093.0,Tablet,Direct,Completed
TXN004176,CUS0583,2026-04-27,Fashion,2,499.0,0.0,2328.67,Tablet,Direct,Completed
TXN004177,CUS0583,2026-04-19,Electronics,1,1499.0,0.15,2973.02,Tablet,Direct,Completed
TXN004178,CUS0583,2026-04-05,Fashion,2,1999.0,0.0,9328.67,Mobile,Direct,Completed
TXN004179,CUS0583,2026-03-06,Fashion,1,699.0,0.0,1631.0,Tablet,Direct,Completed
TXN004180,CUS0583,2026-02-27,Home,2,699.0,0.0,3262.0,Tablet,Direct,Completed
TXN004181,CUS0583,2026-02-26,Sports,1,699.0,0.2,1304.8,Tablet,Direct,Completed
TXN004182,CUS0583,2026-02-03,Sports,3,1499.0,0.0,10493.0,Tablet,Direct,Completed
TXN004183,CUS0583,2026-01-24,Fashion,3,299.0,0.0,2093.0,Mobile,Direct,Completed
TXN004184,CUS0583,2026-01-22,Electronics,1,699.0,0.0,1631.0,Tablet,Direct,Completed
TXN004185,CUS0583,2026-01-07,Fashion,3,399.0,0.0,2793.0,Desktop,Direct,Completed
TXN004186,CUS0583,2025-12-30,Fashion,2,1999.0,0.0,9328.67,Tablet,Direct,Completed
TXN004187,CUS0584,2026-07-29,Fashion,2,299.0,0.0,448.5,Desktop,Organic Search,Completed
TXN004188,CUS0584,2025-12-16,Fashion,2,1999.0,0.15,2548.72,Desktop,Organic Search,Completed
TXN004189,CUS0585,2026-08-17,Fashion,3,1999.0,0.0,13993.0,Mobile,Organic Search,Returned
TXN004190,CUS0585,2026-08-12,Fashion,1,499.0,0.0,1164.33,Mobile,Organic Search,Completed
TXN004191,CUS0585,2026-07-17,Fashion,2,699.0,0.0,3262.0,Mobile,Organic Search,Returned
TXN004192,CUS0585,2026-07-07,Beauty,1,499.0,0.0,1164.33,Mobile,Organic Search,Completed
TXN004193,CUS0585,2026-06-25,Sports,2,499.0,0.0,2328.67,Mobile,Organic Search,Completed
TXN004194,CUS0585,2026-06-15,Fashion,1,999.0,0.0,2331.0,Mobile,Organic Search,Completed
TXN004195,CUS0585,2026-05-20,Fashion,2,999.0,0.0,4662.0,Mobile,Organic Search,Completed
TXN004196,CUS0585,2026-04-19,Home,1,299.0,0.0,697.67,Mobile,Organic Search,Completed
TXN004197,CUS0585,2026-04-11,Sports,2,699.0,0.0,3262.0,Mobile,Organic Search,Completed
TXN004198,CUS0585,2026-03-26,Fashion,3,699.0,0.0,4893.0,Mobile,Organic Search,Returned
TXN004199,CUS0585,2026-03-24,Fashion,2,399.0,0.05,1768.9,Mobile,Organic Search,Completed
TXN004200,CUS0585,2026-03-21,Fashion,1,299.0,0.15,593.02,Mobile,Organic Search,Completed
TXN004201,CUS0585,2026-02-11,Fashion,3,1499.0,0.0,10493.0,Tablet,Organic Search,Completed
TXN004202,CUS0585,2026-01-14,Fashion,2,1499.0,0.0,6995.33,Mobile,Organic Search,Completed
TXN004203,CUS0585,2025-12-28,Sports,3,299.0,0.0,2093.0,Mobile,Organic Search,Completed
TXN004204,CUS0585,2025-12-28,Fashion,1,299.0,0.0,697.67,Tablet,Organic Search,Completed
TXN004205,CUS0585,2025-11-25,Fashion,2,1999.0,0.0,9328.67,Mobile,Organic Search,Completed
TXN004206,CUS0585,2025-10-26,Home,3,499.0,0.0,3493.0,Mobile,Organic Search,Completed
TXN004207,CUS0586,2026-05-14,Beauty,2,699.0,0.0,815.5,Tablet,Paid Ads,Completed
TXN004208,CUS0586,2026-04-28,Electronics,3,999.0,0.0,1748.25,Tablet,Paid Ads,Completed
TXN004209,CUS0586,2026-01-02,Beauty,2,1499.0,0.0,1748.83,Tablet,Paid Ads,Completed
TXN004210,CUS0586,2025-09-29,Fashion,3,1999.0,0.2,2798.6,Tablet,Paid Ads,Completed
TXN004211,CUS0587,2026-02-19,Electronics,1,299.0,0.0,174.42,Mobile,Social Media,Completed
TXN004212,CUS0587,2026-02-03,Sports,1,399.0,0.0,232.75,Mobile,Social Media,Cancelled
TXN004213,CUS0587,2025-07-14,Fashion,2,299.0,0.0,348.83,Mobile,Social Media,Completed
TXN004214,CUS0588,2026-01-20,Electronics,2,499.0,0.0,582.17,Desktop,Email,Completed
TXN004215,CUS0588,2025-12-27,Sports,1,499.0,0.0,291.08,Desktop,Email,Completed
TXN004216,CUS0588,2025-10-29,Electronics,1,1999.0,0.0,1166.08,Desktop,Email,Completed
TXN004217,CUS0589,2026-01-13,Fashion,2,699.0,0.15,1287.32,Mobile,Email,Completed
TXN004218,CUS0589,2025-12-16,Beauty,1,1999.0,0.0,2165.58,Mobile,Email,Returned
TXN004219,CUS0589,2025-07-17,Fashion,2,1999.0,0.05,4114.61,Mobile,Email,Completed
TXN004220,CUS0589,2025-06-30,Electronics,3,499.0,0.1,1459.57,Tablet,Email,Completed
TXN004221,CUS0589,2025-05-31,Fashion,1,499.0,0.1,486.52,Mobile,Email,Completed
TXN004222,CUS0589,2025-05-26,Sports,1,1499.0,0.0,1623.92,Mobile,Email,Completed
TXN004223,CUS0589,2025-03-30,Fashion,2,1999.0,0.0,4331.17,Mobile,Email,Completed
TXN004224,CUS0590,2026-07-11,Beauty,1,1499.0,0.0,1623.92,Desktop,Social Media,Completed
TXN004225,CUS0590,2026-06-09,Beauty,1,499.0,0.0,540.58,Desktop,Social Media,Completed
TXN004226,CUS0590,2025-12-23,Beauty,3,399.0,0.0,1296.75,Desktop,Social Media,Returned
TXN004227,CUS0590,2025-11-19,Sports,3,999.0,0.0,3246.75,Desktop,Social Media,Completed
TXN004228,CUS0590,2025-10-18,Beauty,3,999.0,0.0,3246.75,Desktop,Social Media,Completed
TXN004229,CUS0590,2025-09-25,Beauty,2,499.0,0.0,1081.17,Desktop,Social Media,Cancelled
TXN004230,CUS0590,2025-09-18,Beauty,1,1499.0,0.0,1623.92,Desktop,Social Media,Cancelled
TXN004231,CUS0591,2026-05-16,Sports,2,499.0,0.0,1081.17,Desktop,Referral,Completed
TXN004232,CUS0591,2026-03-20,Home,2,499.0,0.0,1081.17,Desktop,Referral,Returned
TXN004233,CUS0591,2026-01-14,Fashion,1,699.0,0.0,757.25,Desktop,Referral,Completed
TXN004234,CUS0591,2025-12-26,Home,1,999.0,0.0,1082.25,Desktop,Referral,Completed
TXN004235,CUS0591,2025-12-19,Electronics,1,999.0,0.0,1082.25,Mobile,Referral,Completed
TXN004236,CUS0591,2025-11-01,Sports,2,499.0,0.0,1081.17,Desktop,Referral,Completed
TXN004237,CUS0591,2025-10-23,Sports,3,399.0,0.0,1296.75,Desktop,Referral,Completed
TXN004238,CUS0591,2025-07-25,Sports,2,499.0,0.0,1081.17,Desktop,Referral,Cancelled
TXN004239,CUS0592,2026-08-18,Electronics,2,699.0,0.0,1281.5,Desktop,Organic Search,Completed
TXN004240,CUS0592,2026-08-04,Electronics,2,299.0,0.0,548.17,Desktop,Organic Search,Completed
TXN004241,CUS0592,2026-04-22,Sports,3,699.0,0.1,1730.02,Desktop,Organic Search,Cancelled
TXN004242,CUS0592,2026-03-28,Electronics,3,399.0,0.0,1097.25,Desktop,Organic Search,Completed
TXN004243,CUS0592,2026-02-04,Electronics,2,1999.0,0.0,3664.83,Desktop,Organic Search,Completed
TXN004244,CUS0592,2025-12-22,Electronics,2,1999.0,0.05,3481.59,Desktop,Organic Search,Completed
TXN004245,CUS0593,2026-02-14,Electronics,1,1499.0,0.0,874.42,Mobile,Paid Ads,Completed
TXN004246,CUS0594,2026-03-17,Fashion,1,1999.0,0.0,2165.58,Mobile,Paid Ads,Completed
TXN004247,CUS0594,2026-02-15,Beauty,1,1999.0,0.0,2165.58,Mobile,Paid Ads,Completed
TXN004248,CUS0594,2025-12-28,Electronics,3,299.0,0.0,971.75,Mobile,Paid Ads,Completed
TXN004249,CUS0594,2025-11-17,Beauty,2,299.0,0.15,550.66,Mobile,Paid Ads,Completed
TXN004250,CUS0594,2025-09-19,Electronics,3,1999.0,0.0,6496.75,Mobile,Paid Ads,Completed
TXN004251,CUS0594,2025-07-06,Beauty,3,399.0,0.0,1296.75,Mobile,Paid Ads,Completed
TXN004252,CUS0594,2025-07-05,Beauty,3,299.0,0.0,971.75,Mobile,Paid Ads,Completed
TXN004253,CUS0594,2025-06-23,Beauty,1,1499.0,0.0,1623.92,Desktop,Paid Ads,Completed
TXN004254,CUS0594,2025-06-23,Beauty,1,399.0,0.0,432.25,Mobile,Paid Ads,Completed
TXN004255,CUS0594,2025-06-11,Sports,2,299.0,0.0,647.83,Mobile,Paid Ads,Completed
TXN004256,CUS0595,2026-08-14,Beauty,3,699.0,0.0,1572.75,Desktop,Organic Search,Completed
TXN004257,CUS0596,2026-08-12,Fashion,1,499.0,0.05,434.55,Tablet,Email,Completed
TXN004258,CUS0596,2026-07-17,Fashion,1,299.0,0.15,232.97,Tablet,Email,Cancelled
TXN004259,CUS0596,2026-06-22,Fashion,3,499.0,0.0,1372.25,Tablet,Email,Completed
TXN004260,CUS0596,2026-04-18,Fashion,2,1999.0,0.15,3115.11,Tablet,Email,Completed
TXN004261,CUS0597,2026-07-31,Home,2,299.0,0.0,1395.33,Mobile,Direct,Completed
TXN004262,CUS0597,2026-07-26,Beauty,1,699.0,0.0,1631.0,Mobile,Direct,Cancelled
TXN004263,CUS0597,2026-07-10,Home,1,399.0,0.0,931.0,Tablet,Direct,Completed
TXN004264,CUS0597,2026-07-01,Home,3,699.0,0.0,4893.0,Mobile,Direct,Completed
TXN004265,CUS0597,2026-06-08,Home,2,299.0,0.0,1395.33,Mobile,Direct,Returned
TXN004266,CUS0597,2026-05-15,Electronics,2,499.0,0.0,2328.67,Mobile,Direct,Completed
TXN004267,CUS0597,2026-04-24,Sports,1,999.0,0.0,2331.0,Desktop,Direct,Completed
TXN004268,CUS0597,2026-04-03,Electronics,3,299.0,0.0,2093.0,Mobile,Direct,Completed
TXN004269,CUS0597,2026-04-01,Home,3,499.0,0.0,3493.0,Mobile,Direct,Completed
TXN004270,CUS0597,2026-03-06,Fashion,3,499.0,0.0,3493.0,Mobile,Direct,Completed
TXN004271,CUS0597,2026-01-31,Home,2,399.0,0.0,1862.0,Mobile,Direct,Completed
TXN004272,CUS0597,2026-01-30,Home,1,1499.0,0.0,3497.67,Mobile,Direct,Completed
TXN004273,CUS0597,2026-01-23,Home,1,1499.0,0.0,3497.67,Mobile,Direct,Completed
TXN004274,CUS0597,2025-12-29,Home,2,399.0,0.05,1768.9,Mobile,Direct,Completed
TXN004275,CUS0597,2025-12-22,Sports,3,1499.0,0.0,10493.0,Mobile,Direct,Completed
TXN004276,CUS0597,2025-12-09,Home,3,1499.0,0.0,10493.0,Mobile,Direct,Completed
TXN004277,CUS0597,2025-10-14,Fashion,3,1999.0,0.0,13993.0,Mobile,Direct,Completed
TXN004278,CUS0597,2025-10-14,Fashion,2,1499.0,0.15,5946.03,Tablet,Direct,Completed
TXN004279,CUS0598,2026-07-22,Beauty,1,699.0,0.0,757.25,Desktop,Social Media,Completed
TXN004280,CUS0598,2026-07-22,Home,3,299.0,0.0,971.75,Mobile,Social Media,Cancelled
TXN004281,CUS0598,2026-05-26,Beauty,2,299.0,0.0,647.83,Mobile,Social Media,Completed
TXN004282,CUS0598,2026-05-03,Beauty,3,1499.0,0.0,4871.75,Mobile,Social Media,Completed
TXN004283,CUS0598,2026-01-11,Home,1,1999.0,0.0,2165.58,Tablet,Social Media,Completed
TXN004284,CUS0598,2025-12-14,Beauty,3,399.0,0.0,1296.75,Mobile,Social Media,Completed
TXN004285,CUS0598,2025-12-11,Fashion,3,999.0,0.0,3246.75,Mobile,Social Media,Completed
TXN004286,CUS0598,2025-11-23,Beauty,3,999.0,0.15,2759.74,Mobile,Social Media,Completed
TXN004287,CUS0598,2025-10-10,Home,1,299.0,0.0,323.92,Mobile,Social Media,Completed
TXN004288,CUS0598,2025-10-06,Beauty,2,1499.0,0.0,3247.83,Mobile,Social Media,Completed
TXN004289,CUS0599,2026-02-25,Sports,2,699.0,0.0,1514.5,Tablet,Email,Completed
TXN004290,CUS0599,2025-12-25,Sports,3,499.0,0.0,1621.75,Mobile,Email,Completed
TXN004291,CUS0599,2025-11-18,Sports,1,1999.0,0.0,2165.58,Tablet,Email,Completed
TXN004292,CUS0599,2025-07-11,Fashion,1,999.0,0.0,1082.25,Mobile,Email,Completed
TXN004293,CUS0599,2025-06-17,Home,1,1999.0,0.0,2165.58,Mobile,Email,Completed
TXN004294,CUS0600,2026-07-28,Sports,1,499.0,0.0,374.25,Tablet,Direct,Completed
TXN004295,CUS0600,2026-04-20,Sports,2,1499.0,0.0,2248.5,Tablet,Direct,Completed
TXN004296,CUS0600,2025-12-01,Sports,2,1999.0,0.0,2998.5,Tablet,Direct,Completed
TXN004297,CUS0601,2026-06-02,Beauty,2,399.0,0.0,465.5,Mobile,Direct,Completed
TXN004298,CUS0601,2026-03-03,Sports,2,1999.0,0.0,2332.17,Mobile,Direct,Cancelled
TXN004299,CUS0601,2025-11-17,Fashion,1,499.0,0.0,291.08,Mobile,Direct,Completed
TXN004300,CUS0601,2025-08-17,Beauty,1,699.0,0.0,407.75,Mobile,Direct,Completed
TXN004301,CUS0602,2026-03-01,Sports,1,399.0,0.0,432.25,Mobile,Social Media,Completed
TXN004302,CUS0602,2025-12-16,Sports,3,1999.0,0.0,6496.75,Mobile,Social Media,Returned
TXN004303,CUS0602,2025-12-15,Sports,2,1499.0,0.0,3247.83,Mobile,Social Media,Completed
TXN004304,CUS0602,2025-11-17,Sports,3,499.0,0.0,1621.75,Mobile,Social Media,Completed
TXN004305,CUS0602,2025-10-16,Fashion,1,1499.0,0.0,1623.92,Mobile,Social Media,Completed
TXN004306,CUS0602,2025-08-24,Sports,2,299.0,0.0,647.83,Mobile,Social Media,Completed
TXN004307,CUS0602,2025-06-26,Sports,3,999.0,0.15,2759.74,Tablet,Social Media,Completed
TXN004308,CUS0602,2025-06-25,Sports,2,299.0,0.0,647.83,Mobile,Social Media,Completed
TXN004309,CUS0602,2025-05-28,Sports,2,299.0,0.0,647.83,Mobile,Social Media,Completed
TXN004310,CUS0602,2025-05-25,Sports,3,699.0,0.0,2271.75,Mobile,Social Media,Completed
TXN004311,CUS0603,2026-08-07,Sports,3,499.0,0.1,1010.47,Mobile,Direct,Completed
TXN004312,CUS0604,2026-08-19,Beauty,3,1499.0,0.0,10493.0,Desktop,Referral,Returned
TXN004313,CUS0604,2026-08-15,Sports,1,699.0,0.0,1631.0,Desktop,Referral,Completed
TXN004314,CUS0604,2026-08-04,Sports,2,299.0,0.0,1395.33,Desktop,Referral,Completed
TXN004315,CUS0604,2026-07-31,Home,1,1999.0,0.0,4664.33,Desktop,Referral,Completed
TXN004316,CUS0604,2026-06-13,Electronics,1,399.0,0.1,837.9,Desktop,Referral,Completed
TXN004317,CUS0604,2026-05-22,Sports,3,499.0,0.05,3318.35,Desktop,Referral,Completed
TXN004318,CUS0604,2026-05-12,Sports,2,499.0,0.0,2328.67,Desktop,Referral,Completed
TXN004319,CUS0604,2026-05-01,Sports,1,699.0,0.1,1467.9,Mobile,Referral,Completed
TXN004320,CUS0604,2026-02-14,Sports,2,1999.0,0.0,9328.67,Desktop,Referral,Completed
TXN004321,CUS0604,2026-01-10,Sports,3,399.0,0.0,2793.0,Desktop,Referral,Completed
TXN004322,CUS0604,2025-12-23,Electronics,2,1499.0,0.0,6995.33,Desktop,Referral,Completed
TXN004323,CUS0604,2025-12-11,Fashion,1,299.0,0.0,697.67,Desktop,Referral,Completed
TXN004324,CUS0604,2025-11-14,Fashion,2,299.0,0.0,1395.33,Desktop,Referral,Completed
TXN004325,CUS0604,2025-11-14,Home,2,999.0,0.0,4662.0,Desktop,Referral,Completed
TXN004326,CUS0605,2026-08-15,Home,3,399.0,0.0,1596.0,Mobile,Social Media,Completed
TXN004327,CUS0605,2026-06-16,Home,2,1999.0,0.0,5330.67,Tablet,Social Media,Completed
TXN004328,CUS0605,2026-03-26,Electronics,3,699.0,0.05,2656.2,Mobile,Social Media,Completed
TXN004329,CUS0605,2026-03-25,Sports,1,699.0,0.0,932.0,Desktop,Social Media,Completed
TXN004330,CUS0605,2026-03-21,Home,1,999.0,0.0,1332.0,Mobile,Social Media,Completed
TXN004331,CUS0605,2026-02-18,Home,1,299.0,0.0,398.67,Mobile,Social Media,Completed
TXN004332,CUS0605,2025-12-14,Sports,3,399.0,0.0,1596.0,Mobile,Social Media,Completed
TXN004333,CUS0605,2025-12-10,Sports,1,999.0,0.0,1332.0,Mobile,Social Media,Completed
TXN004334,CUS0605,2025-12-03,Home,3,699.0,0.0,2796.0,Mobile,Social Media,Completed
TXN004335,CUS0605,2025-11-19,Home,1,1499.0,0.0,1998.67,Mobile,Social Media,Completed
TXN004336,CUS0605,2025-11-19,Home,2,399.0,0.0,1064.0,Mobile,Social Media,Completed
TXN004337,CUS0605,2025-10-20,Sports,3,699.0,0.2,2236.8,Mobile,Social Media,Completed
TXN004338,CUS0606,2026-08-10,Home,2,699.0,0.0,1864.0,Mobile,Direct,Completed
TXN004339,CUS0606,2026-07-29,Home,1,1999.0,0.15,2265.53,Desktop,Direct,Completed
TXN004340,CUS0606,2026-07-15,Home,3,1999.0,0.0,7996.0,Desktop,Direct,Completed
TXN004341,CUS0606,2026-06-18,Beauty,1,499.0,0.0,665.33,Desktop,Direct,Completed
TXN004342,CUS0606,2026-03-01,Home,2,299.0,0.0,797.33,Desktop,Direct,Cancelled
TXN004343,CUS0606,2026-02-18,Beauty,1,299.0,0.05,378.73,Desktop,Direct,Completed
TXN004344,CUS0606,2026-01-12,Home,3,699.0,0.0,2796.0,Tablet,Direct,Completed
TXN004345,CUS0606,2026-01-02,Home,2,699.0,0.0,1864.0,Desktop,Direct,Completed
TXN004346,CUS0606,2025-12-10,Beauty,3,1499.0,0.1,5396.4,Desktop,Direct,Completed
TXN004347,CUS0606,2025-12-01,Home,1,1999.0,0.0,2665.33,Desktop,Direct,Completed
TXN004348,CUS0606,2025-10-24,Home,1,399.0,0.2,425.6,Desktop,Direct,Completed
TXN004349,CUS0607,2026-08-02,Home,2,399.0,0.1,538.65,Desktop,Direct,Completed
TXN004350,CUS0607,2025-12-17,Sports,1,999.0,0.0,749.25,Desktop,Direct,Completed
TXN004351,CUS0608,2026-08-10,Electronics,3,299.0,0.0,672.75,Mobile,Social Media,Completed
TXN004352,CUS0608,2026-04-24,Beauty,2,499.0,0.0,748.5,Mobile,Social Media,Cancelled
TXN004353,CUS0609,2025-09-15,Home,1,1499.0,0.0,874.42,Desktop,Social Media,Completed
TXN004354,CUS0610,2026-08-11,Home,2,299.0,0.2,637.87,Mobile,Social Media,Completed
TXN004355,CUS0610,2026-06-11,Sports,1,1499.0,0.0,1998.67,Mobile,Social Media,Completed
TXN004356,CUS0610,2026-05-27,Sports,1,1999.0,0.0,2665.33,Mobile,Social Media,Completed
TXN004357,CUS0610,2026-04-29,Beauty,2,999.0,0.0,2664.0,Mobile,Social Media,Completed
TXN004358,CUS0610,2026-04-21,Home,1,1999.0,0.0,2665.33,Mobile,Social Media,Completed
TXN004359,CUS0610,2026-01-06,Fashion,1,499.0,0.15,565.53,Mobile,Social Media,Completed
TXN004360,CUS0610,2025-12-27,Home,2,1499.0,0.15,3397.73,Mobile,Social Media,Completed
TXN004361,CUS0610,2025-12-20,Beauty,1,399.0,0.0,532.0,Mobile,Social Media,Completed
TXN004362,CUS0610,2025-11-11,Beauty,1,699.0,0.0,932.0,Mobile,Social Media,Completed
TXN004363,CUS0611,2026-03-15,Home,2,699.0,0.0,815.5,Mobile,Referral,Completed
TXN004364,CUS0612,2026-03-21,Electronics,1,999.0,0.0,1082.25,Mobile,Paid Ads,Completed
TXN004365,CUS0612,2026-01-30,Beauty,2,499.0,0.0,1081.17,Mobile,Paid Ads,Completed
TXN004366,CUS0612,2025-12-31,Beauty,2,499.0,0.0,1081.17,Mobile,Paid Ads,Completed
TXN004367,CUS0612,2025-07-27,Home,1,1499.0,0.0,1623.92,Mobile,Paid Ads,Completed
TXN004368,CUS0612,2025-05-29,Beauty,3,299.0,0.1,874.58,Mobile,Paid Ads,Returned
TXN004369,CUS0613,2026-05-06,Home,1,699.0,0.0,407.75,Tablet,Paid Ads,Completed
TXN004370,CUS0614,2026-08-05,Sports,2,1499.0,0.0,2248.5,Desktop,Paid Ads,Completed
TXN004371,CUS0614,2026-07-15,Beauty,3,399.0,0.0,897.75,Tablet,Paid Ads,Completed
TXN004372,CUS0614,2026-01-25,Sports,1,399.0,0.15,254.36,Desktop,Paid Ads,Completed
TXN004373,CUS0615,2026-07-31,Electronics,3,499.0,0.0,3493.0,Mobile,Paid Ads,Completed
TXN004374,CUS0615,2026-07-20,Beauty,1,999.0,0.0,2331.0,Mobile,Paid Ads,Completed
TXN004375,CUS0615,2026-06-30,Electronics,3,699.0,0.0,4893.0,Mobile,Paid Ads,Completed
TXN004376,CUS0615,2026-06-22,Beauty,2,1499.0,0.0,6995.33,Mobile,Paid Ads,Completed
TXN004377,CUS0615,2026-05-02,Electronics,2,499.0,0.0,2328.67,Mobile,Paid Ads,Cancelled
TXN004378,CUS0615,2026-04-22,Fashion,3,1999.0,0.2,11194.4,Mobile,Paid Ads,Completed
TXN004379,CUS0615,2026-04-12,Sports,3,1999.0,0.0,13993.0,Mobile,Paid Ads,Completed
TXN004380,CUS0615,2026-02-16,Home,1,299.0,0.05,662.78,Mobile,Paid Ads,Completed
TXN004381,CUS0615,2026-01-24,Electronics,1,399.0,0.0,931.0,Mobile,Paid Ads,Completed
TXN004382,CUS0615,2026-01-18,Electronics,3,499.0,0.05,3318.35,Tablet,Paid Ads,Completed
TXN004383,CUS0615,2026-01-06,Electronics,3,1999.0,0.0,13993.0,Mobile,Paid Ads,Completed
TXN004384,CUS0615,2026-01-05,Fashion,1,999.0,0.2,1864.8,Desktop,Paid Ads,Completed
TXN004385,CUS0615,2025-12-17,Fashion,2,299.0,0.1,1255.8,Mobile,Paid Ads,Completed
TXN004386,CUS0615,2025-12-06,Electronics,3,1499.0,0.1,9443.7,Mobile,Paid Ads,Completed
TXN004387,CUS0615,2025-11-22,Electronics,3,499.0,0.0,3493.0,Mobile,Paid Ads,Completed
TXN004388,CUS0615,2025-11-04,Sports,2,999.0,0.0,4662.0,Mobile,Paid Ads,Cancelled
TXN004389,CUS0615,2025-10-28,Electronics,2,1499.0,0.0,6995.33,Desktop,Paid Ads,Completed
TXN004390,CUS0615,2025-10-28,Electronics,2,299.0,0.05,1325.57,Mobile,Paid Ads,Completed
TXN004391,CUS0616,2026-05-01,Fashion,1,299.0,0.0,323.92,Desktop,Social Media,Completed
TXN004392,CUS0616,2026-03-06,Fashion,2,999.0,0.0,2164.5,Mobile,Social Media,Completed
TXN004393,CUS0616,2026-01-05,Sports,2,499.0,0.0,1081.17,Mobile,Social Media,Completed
TXN004394,CUS0616,2025-09-28,Fashion,1,1499.0,0.0,1623.92,Mobile,Social Media,Completed
TXN004395,CUS0616,2025-09-19,Fashion,2,399.0,0.0,864.5,Mobile,Social Media,Completed
TXN004396,CUS0617,2026-08-05,Home,3,499.0,0.0,1996.0,Desktop,Direct,Completed
TXN004397,CUS0617,2026-07-05,Home,3,399.0,0.15,1356.6,Desktop,Direct,Completed
TXN004398,CUS0617,2026-07-04,Home,2,299.0,0.0,797.33,Desktop,Direct,Completed
TXN004399,CUS0617,2026-05-26,Home,3,1499.0,0.0,5996.0,Desktop,Direct,Completed
TXN004400,CUS0617,2026-05-05,Home,3,699.0,0.0,2796.0,Desktop,Direct,Completed
TXN004401,CUS0617,2026-04-22,Home,3,699.0,0.0,2796.0,Desktop,Direct,Completed
TXN004402,CUS0617,2026-04-07,Home,1,399.0,0.0,532.0,Desktop,Direct,Completed
TXN004403,CUS0617,2026-01-14,Sports,2,399.0,0.0,1064.0,Desktop,Direct,Completed
TXN004404,CUS0617,2025-12-25,Home,3,299.0,0.0,1196.0,Desktop,Direct,Completed
TXN004405,CUS0618,2026-08-01,Home,1,1999.0,0.0,2665.33,Mobile,Social Media,Completed
TXN004406,CUS0618,2026-06-03,Beauty,2,1999.0,0.0,5330.67,Mobile,Social Media,Completed
TXN004407,CUS0618,2026-04-27,Beauty,1,1499.0,0.0,1998.67,Mobile,Social Media,Completed
TXN004408,CUS0618,2026-04-02,Beauty,2,1499.0,0.0,3997.33,Mobile,Social Media,Completed
TXN004409,CUS0618,2026-01-14,Sports,3,699.0,0.0,2796.0,Mobile,Social Media,Completed
TXN004410,CUS0618,2026-01-08,Beauty,1,399.0,0.0,532.0,Mobile,Social Media,Completed
TXN004411,CUS0618,2026-01-04,Beauty,3,299.0,0.05,1136.2,Desktop,Social Media,Completed
TXN004412,CUS0618,2025-11-24,Beauty,2,399.0,0.0,1064.0,Tablet,Social Media,Completed
TXN004413,CUS0618,2025-10-31,Beauty,3,399.0,0.0,1596.0,Mobile,Social Media,Completed
TXN004414,CUS0618,2025-10-10,Beauty,1,299.0,0.2,318.93,Mobile,Social Media,Completed
TXN004415,CUS0619,2026-06-24,Sports,1,499.0,0.15,459.5,Mobile,Organic Search,Completed
TXN004416,CUS0619,2026-06-20,Beauty,2,1499.0,0.1,2923.05,Mobile,Organic Search,Completed
TXN004417,CUS0619,2026-04-05,Electronics,2,1999.0,0.15,3681.49,Tablet,Organic Search,Completed
TXN004418,CUS0619,2026-03-17,Sports,1,499.0,0.0,540.58,Mobile,Organic Search,Completed
TXN004419,CUS0619,2026-03-10,Home,1,999.0,0.2,865.8,Mobile,Organic Search,Completed
TXN004420,CUS0619,2025-09-01,Home,2,399.0,0.0,864.5,Tablet,Organic Search,Completed
TXN004421,CUS0620,2026-02-10,Electronics,2,399.0,0.0,864.5,Mobile,Paid Ads,Completed
TXN004422,CUS0620,2026-01-04,Electronics,3,299.0,0.0,971.75,Desktop,Paid Ads,Completed
TXN004423,CUS0620,2025-11-22,Fashion,1,299.0,0.0,323.92,Desktop,Paid Ads,Completed
TXN004424,CUS0620,2025-10-20,Electronics,3,699.0,0.05,2158.16,Desktop,Paid Ads,Completed
TXN004425,CUS0620,2025-08-04,Electronics,2,1499.0,0.0,3247.83,Desktop,Paid Ads,Completed
TXN004426,CUS0620,2025-08-04,Electronics,1,1499.0,0.0,1623.92,Desktop,Paid Ads,Completed
TXN004427,CUS0620,2025-08-04,Electronics,2,1999.0,0.0,4331.17,Mobile,Paid Ads,Completed
TXN004428,CUS0620,2025-07-28,Home,2,499.0,0.0,1081.17,Desktop,Paid Ads,Completed
TXN004429,CUS0621,2026-07-21,Electronics,3,399.0,0.0,1596.0,Mobile,Social Media,Cancelled
TXN004430,CUS0621,2026-05-24,Electronics,2,299.0,0.0,797.33,Mobile,Social Media,Completed
TXN004431,CUS0621,2026-05-11,Beauty,2,1999.0,0.0,5330.67,Desktop,Social Media,Completed
TXN004432,CUS0621,2026-04-20,Electronics,3,499.0,0.0,1996.0,Mobile,Social Media,Completed
TXN004433,CUS0621,2026-04-02,Electronics,1,1499.0,0.0,1998.67,Tablet,Social Media,Completed
TXN004434,CUS0621,2026-03-30,Electronics,2,699.0,0.0,1864.0,Mobile,Social Media,Completed
TXN004435,CUS0621,2026-03-17,Electronics,1,499.0,0.15,565.53,Mobile,Social Media,Completed
TXN004436,CUS0621,2026-03-09,Fashion,2,499.0,0.0,1330.67,Mobile,Social Media,Completed
TXN004437,CUS0621,2026-03-05,Electronics,2,399.0,0.0,1064.0,Mobile,Social Media,Completed
TXN004438,CUS0621,2026-01-18,Electronics,1,299.0,0.2,318.93,Mobile,Social Media,Completed
TXN004439,CUS0621,2025-12-11,Electronics,2,1499.0,0.0,3997.33,Mobile,Social Media,Completed
TXN004440,CUS0621,2025-12-11,Sports,2,299.0,0.0,797.33,Tablet,Social Media,Completed
TXN004441,CUS0621,2025-11-02,Electronics,1,399.0,0.0,532.0,Mobile,Social Media,Completed
TXN004442,CUS0621,2025-10-29,Sports,3,1499.0,0.0,5996.0,Mobile,Social Media,Completed
TXN004443,CUS0622,2026-08-17,Home,3,1999.0,0.0,7996.0,Mobile,Social Media,Completed
TXN004444,CUS0622,2026-06-21,Home,3,299.0,0.0,1196.0,Mobile,Social Media,Completed
TXN004445,CUS0622,2026-05-22,Home,1,699.0,0.0,932.0,Mobile,Social Media,Completed
TXN004446,CUS0622,2026-04-09,Home,2,1499.0,0.0,3997.33,Mobile,Social Media,Returned
TXN004447,CUS0622,2026-03-21,Home,2,1999.0,0.0,5330.67,Mobile,Social Media,Completed
TXN004448,CUS0622,2026-01-20,Fashion,2,1499.0,0.0,3997.33,Mobile,Social Media,Completed
TXN004449,CUS0622,2026-01-14,Home,1,1499.0,0.1,1798.8,Mobile,Social Media,Completed
TXN004450,CUS0622,2025-12-21,Home,2,299.0,0.0,797.33,Mobile,Social Media,Returned
TXN004451,CUS0622,2025-12-18,Home,3,1499.0,0.0,5996.0,Mobile,Social Media,Completed
TXN004452,CUS0622,2025-11-27,Home,3,699.0,0.0,2796.0,Desktop,Social Media,Completed
TXN004453,CUS0622,2025-11-06,Home,1,699.0,0.2,745.6,Mobile,Social Media,Completed
TXN004454,CUS0622,2025-10-28,Beauty,2,1499.0,0.0,3997.33,Mobile,Social Media,Completed
TXN004455,CUS0623,2026-01-23,Home,2,1499.0,0.0,1748.83,Mobile,Social Media,Completed
TXN004456,CUS0623,2026-01-17,Beauty,1,699.0,0.0,407.75,Desktop,Social Media,Completed
TXN004457,CUS0623,2026-01-06,Beauty,2,699.0,0.0,815.5,Tablet,Social Media,Cancelled
TXN004458,CUS0624,2026-07-07,Fashion,2,699.0,0.0,1864.0,Desktop,Organic Search,Completed
TXN004459,CUS0624,2026-07-02,Fashion,2,1999.0,0.0,5330.67,Desktop,Organic Search,Returned
TXN004460,CUS0624,2026-02-23,Fashion,1,499.0,0.0,665.33,Desktop,Organic Search,Completed
TXN004461,CUS0624,2026-02-18,Fashion,3,299.0,0.0,1196.0,Desktop,Organic Search,Completed
TXN004462,CUS0624,2026-01-15,Electronics,2,999.0,0.0,2664.0,Desktop,Organic Search,Completed
TXN004463,CUS0624,2025-11-30,Electronics,2,499.0,0.15,1131.07,Desktop,Organic Search,Completed
TXN004464,CUS0624,2025-11-13,Fashion,3,1499.0,0.0,5996.0,Desktop,Organic Search,Completed
TXN004465,CUS0624,2025-11-03,Sports,2,299.0,0.0,797.33,Desktop,Organic Search,Completed
TXN004466,CUS0625,2026-04-21,Electronics,3,699.0,0.0,2271.75,Mobile,Social Media,Completed
TXN004467,CUS0625,2026-03-08,Electronics,2,699.0,0.0,1514.5,Mobile,Social Media,Completed
TXN004468,CUS0625,2026-01-02,Electronics,2,299.0,0.0,647.83,Mobile,Social Media,Cancelled
TXN004469,CUS0625,2025-12-23,Sports,1,399.0,0.0,432.25,Mobile,Social Media,Completed
TXN004470,CUS0625,2025-12-22,Electronics,3,699.0,0.0,2271.75,Mobile,Social Media,Completed
TXN004471,CUS0625,2025-09-15,Fashion,1,1999.0,0.0,2165.58,Mobile,Social Media,Completed
TXN004472,CUS0625,2025-09-07,Beauty,1,399.0,0.0,432.25,Mobile,Social Media,Completed
TXN004473,CUS0625,2025-08-22,Fashion,3,399.0,0.0,1296.75,Mobile,Social Media,Completed
TXN004474,CUS0625,2025-07-30,Fashion,1,1999.0,0.2,1732.47,Desktop,Social Media,Completed
TXN004475,CUS0625,2025-07-03,Electronics,2,1999.0,0.0,4331.17,Mobile,Social Media,Completed
TXN004476,CUS0626,2026-07-07,Sports,3,499.0,0.0,1996.0,Mobile,Referral,Completed
TXN004477,CUS0626,2026-06-13,Sports,1,1499.0,0.0,1998.67,Tablet,Referral,Completed
TXN004478,CUS0626,2026-05-27,Home,1,699.0,0.0,932.0,Tablet,Referral,Completed
TXN004479,CUS0626,2026-05-10,Home,1,399.0,0.0,532.0,Tablet,Referral,Returned
TXN004480,CUS0626,2026-03-05,Sports,1,299.0,0.0,398.67,Tablet,Referral,Completed
TXN004481,CUS0626,2026-02-09,Home,2,499.0,0.0,1330.67,Tablet,Referral,Completed
TXN004482,CUS0626,2025-12-25,Sports,3,499.0,0.0,1996.0,Tablet,Referral,Completed
TXN004483,CUS0626,2025-12-07,Home,2,1999.0,0.0,5330.67,Tablet,Referral,Completed
TXN004484,CUS0626,2025-11-24,Fashion,2,299.0,0.0,797.33,Tablet,Referral,Completed
TXN004485,CUS0626,2025-11-16,Home,3,299.0,0.0,1196.0,Tablet,Referral,Completed
TXN004486,CUS0626,2025-11-07,Home,3,1999.0,0.0,7996.0,Tablet,Referral,Completed
TXN004487,CUS0627,2026-03-29,Sports,1,999.0,0.0,582.75,Desktop,Social Media,Completed
TXN004488,CUS0627,2026-01-03,Sports,3,1499.0,0.0,2623.25,Desktop,Social Media,Completed
TXN004489,CUS0627,2025-08-28,Sports,3,399.0,0.0,698.25,Desktop,Social Media,Completed
TXN004490,CUS0627,2025-08-01,Sports,2,999.0,0.05,1107.22,Desktop,Social Media,Completed
TXN004491,CUS0628,2026-08-03,Beauty,1,999.0,0.0,2331.0,Mobile,Email,Completed
TXN004492,CUS0628,2026-07-27,Beauty,3,999.0,0.0,6993.0,Mobile,Email,Completed
TXN004493,CUS0628,2026-07-18,Beauty,3,699.0,0.15,4159.05,Mobile,Email,Completed
TXN004494,CUS0628,2026-06-01,Beauty,2,999.0,0.0,4662.0,Tablet,Email,Cancelled
TXN004495,CUS0628,2026-05-09,Home,1,499.0,0.0,1164.33,Mobile,Email,Completed
TXN004496,CUS0628,2026-05-04,Fashion,3,499.0,0.2,2794.4,Mobile,Email,Completed
TXN004497,CUS0628,2026-05-04,Fashion,2,699.0,0.2,2609.6,Mobile,Email,Completed
TXN004498,CUS0628,2026-04-28,Beauty,1,1499.0,0.0,3497.67,Mobile,Email,Completed
TXN004499,CUS0628,2026-03-18,Home,3,1499.0,0.0,10493.0,Tablet,Email,Completed
TXN004500,CUS0628,2026-03-16,Sports,2,299.0,0.2,1116.27,Mobile,Email,Completed
TXN004501,CUS0628,2026-03-01,Home,3,999.0,0.0,6993.0,Mobile,Email,Completed
TXN004502,CUS0628,2026-02-05,Beauty,1,399.0,0.0,931.0,Mobile,Email,Completed
TXN004503,CUS0628,2026-01-20,Beauty,2,299.0,0.0,1395.33,Mobile,Email,Completed
TXN004504,CUS0628,2026-01-05,Beauty,3,299.0,0.0,2093.0,Mobile,Email,Cancelled
TXN004505,CUS0628,2025-12-24,Beauty,1,1999.0,0.0,4664.33,Mobile,Email,Completed
TXN004506,CUS0628,2025-12-22,Home,3,499.0,0.0,3493.0,Mobile,Email,Completed
TXN004507,CUS0628,2025-11-13,Electronics,1,399.0,0.0,931.0,Mobile,Email,Cancelled
TXN004508,CUS0628,2025-10-31,Beauty,3,699.0,0.0,4893.0,Mobile,Email,Completed
TXN004509,CUS0628,2025-10-26,Beauty,1,399.0,0.0,931.0,Desktop,Email,Completed
TXN004510,CUS0628,2025-10-16,Beauty,1,1499.0,0.0,3497.67,Mobile,Email,Completed
TXN004511,CUS0628,2025-10-11,Home,3,999.0,0.15,5944.05,Mobile,Email,Completed
TXN004512,CUS0629,2026-08-13,Electronics,3,1999.0,0.0,5497.25,Tablet,Direct,Completed
TXN004513,CUS0629,2026-05-03,Electronics,3,1499.0,0.15,3503.91,Tablet,Direct,Completed
TXN004514,CUS0629,2026-04-21,Electronics,1,499.0,0.0,457.42,Desktop,Direct,Completed
TXN004515,CUS0629,2026-04-15,Sports,3,699.0,0.0,1922.25,Tablet,Direct,Completed
TXN004516,CUS0629,2026-04-07,Sports,3,999.0,0.0,2747.25,Tablet,Direct,Completed
TXN004517,CUS0629,2026-01-10,Sports,2,499.0,0.0,914.83,Tablet,Direct,Completed
TXN004518,CUS0630,2026-08-09,Electronics,3,299.0,0.0,2093.0,Mobile,Organic Search,Completed
TXN004519,CUS0630,2026-08-06,Sports,1,299.0,0.05,662.78,Mobile,Organic Search,Completed
TXN004520,CUS0630,2026-06-14,Sports,3,399.0,0.0,2793.0,Mobile,Organic Search,Completed
TXN004521,CUS0630,2026-05-29,Fashion,1,399.0,0.15,791.35,Mobile,Organic Search,Completed
TXN004522,CUS0630,2026-05-19,Sports,2,299.0,0.0,1395.33,Mobile,Organic Search,Completed
TXN004523,CUS0630,2026-05-13,Sports,2,1999.0,0.0,9328.67,Mobile,Organic Search,Completed
TXN004524,CUS0630,2026-05-08,Home,2,299.0,0.0,1395.33,Mobile,Organic Search,Completed
TXN004525,CUS0630,2026-04-03,Home,1,999.0,0.0,2331.0,Mobile,Organic Search,Completed
TXN004526,CUS0630,2026-03-10,Sports,1,1999.0,0.2,3731.47,Mobile,Organic Search,Completed
TXN004527,CUS0630,2026-03-03,Sports,3,1999.0,0.15,11894.05,Mobile,Organic Search,Completed
TXN004528,CUS0630,2026-02-28,Sports,2,499.0,0.0,2328.67,Mobile,Organic Search,Completed
TXN004529,CUS0630,2026-02-21,Sports,2,1499.0,0.0,6995.33,Mobile,Organic Search,Completed
TXN004530,CUS0630,2026-02-14,Beauty,3,399.0,0.0,2793.0,Tablet,Organic Search,Completed
TXN004531,CUS0630,2026-02-07,Sports,2,1499.0,0.0,6995.33,Mobile,Organic Search,Completed
TXN004532,CUS0630,2026-01-17,Sports,3,499.0,0.0,3493.0,Mobile,Organic Search,Completed
TXN004533,CUS0630,2025-11-11,Sports,2,299.0,0.0,1395.33,Mobile,Organic Search,Completed
TXN004534,CUS0631,2026-06-28,Beauty,2,399.0,0.0,731.5,Mobile,Email,Completed
TXN004535,CUS0631,2025-10-27,Beauty,1,999.0,0.0,915.75,Mobile,Email,Completed
TXN004536,CUS0631,2025-09-17,Beauty,3,699.0,0.0,1922.25,Mobile,Email,Completed
TXN004537,CUS0632,2026-06-10,Fashion,1,999.0,0.0,582.75,Mobile,Paid Ads,Completed
TXN004538,CUS0632,2026-03-14,Beauty,1,699.0,0.0,407.75,Tablet,Paid Ads,Completed
TXN004539,CUS0632,2025-12-12,Electronics,2,399.0,0.0,465.5,Tablet,Paid Ads,Completed
TXN004540,CUS0632,2025-11-29,Electronics,3,999.0,0.0,1748.25,Tablet,Paid Ads,Completed
TXN004541,CUS0633,2026-08-04,Home,2,699.0,0.0,3262.0,Mobile,Social Media,Completed
TXN004542,CUS0633,2026-07-27,Sports,1,999.0,0.0,2331.0,Desktop,Social Media,Completed
TXN004543,CUS0633,2026-07-25,Sports,3,999.0,0.0,6993.0,Mobile,Social Media,Completed
TXN004544,CUS0633,2026-07-22,Fashion,2,1499.0,0.0,6995.33,Desktop,Social Media,Completed
TXN004545,CUS0633,2026-07-10,Beauty,1,1499.0,0.2,2798.13,Mobile,Social Media,Cancelled
TXN004546,CUS0633,2026-07-08,Sports,3,699.0,0.0,4893.0,Mobile,Social Media,Cancelled
TXN004547,CUS0633,2026-06-09,Fashion,3,499.0,0.0,3493.0,Mobile,Social Media,Completed
TXN004548,CUS0633,2026-05-21,Fashion,3,1499.0,0.0,10493.0,Mobile,Social Media,Completed
TXN004549,CUS0633,2026-05-17,Fashion,1,699.0,0.0,1631.0,Desktop,Social Media,Completed
TXN004550,CUS0633,2026-04-30,Fashion,2,1999.0,0.0,9328.67,Mobile,Social Media,Completed
TXN004551,CUS0633,2026-04-20,Home,2,399.0,0.0,1862.0,Mobile,Social Media,Completed
TXN004552,CUS0633,2026-04-18,Electronics,2,1999.0,0.0,9328.67,Mobile,Social Media,Completed
TXN004553,CUS0633,2026-04-13,Fashion,3,399.0,0.15,2374.05,Mobile,Social Media,Completed
TXN004554,CUS0633,2026-03-14,Fashion,3,399.0,0.0,2793.0,Desktop,Social Media,Completed
TXN004555,CUS0633,2026-03-07,Fashion,2,1999.0,0.0,9328.67,Mobile,Social Media,Completed
TXN004556,CUS0633,2026-02-23,Fashion,3,1499.0,0.2,8394.4,Desktop,Social Media,Completed
TXN004557,CUS0633,2026-01-16,Electronics,1,299.0,0.0,697.67,Mobile,Social Media,Completed
TXN004558,CUS0633,2026-01-11,Fashion,3,499.0,0.05,3318.35,Mobile,Social Media,Completed
TXN004559,CUS0633,2025-12-31,Sports,3,499.0,0.0,3493.0,Mobile,Social Media,Completed
TXN004560,CUS0633,2025-12-29,Fashion,1,1999.0,0.0,4664.33,Mobile,Social Media,Completed
TXN004561,CUS0633,2025-12-25,Electronics,3,1499.0,0.0,10493.0,Mobile,Social Media,Completed
TXN004562,CUS0633,2025-12-19,Home,2,499.0,0.0,2328.67,Mobile,Social Media,Completed
TXN004563,CUS0633,2025-10-21,Home,3,1999.0,0.0,13993.0,Mobile,Social Media,Completed
TXN004564,CUS0633,2025-10-19,Sports,2,1999.0,0.0,9328.67,Mobile,Social Media,Completed
TXN004565,CUS0634,2026-08-03,Fashion,2,999.0,0.1,2397.6,Mobile,Paid Ads,Completed
TXN004566,CUS0634,2026-05-29,Fashion,3,999.0,0.0,3996.0,Mobile,Paid Ads,Completed
TXN004567,CUS0634,2026-05-03,Fashion,1,1999.0,0.0,2665.33,Mobile,Paid Ads,Completed
TXN004568,CUS0634,2026-05-02,Fashion,3,299.0,0.0,1196.0,Mobile,Paid Ads,Returned
TXN004569,CUS0634,2026-04-17,Electronics,2,299.0,0.0,797.33,Mobile,Paid Ads,Completed
TXN004570,CUS0634,2026-03-17,Fashion,2,1999.0,0.0,5330.67,Mobile,Paid Ads,Completed
TXN004571,CUS0634,2026-02-04,Fashion,3,299.0,0.0,1196.0,Mobile,Paid Ads,Completed
TXN004572,CUS0634,2026-01-21,Fashion,2,499.0,0.0,1330.67,Mobile,Paid Ads,Completed
TXN004573,CUS0634,2025-11-02,Fashion,2,1999.0,0.0,5330.67,Mobile,Paid Ads,Completed
TXN004574,CUS0634,2025-10-25,Fashion,3,499.0,0.2,1596.8,Mobile,Paid Ads,Completed
TXN004575,CUS0634,2025-10-12,Sports,2,1499.0,0.05,3797.47,Mobile,Paid Ads,Completed
TXN004576,CUS0635,2026-08-05,Fashion,2,999.0,0.0,2164.5,Mobile,Organic Search,Completed
TXN004577,CUS0635,2026-05-21,Fashion,2,499.0,0.0,1081.17,Desktop,Organic Search,Completed
TXN004578,CUS0635,2026-03-21,Fashion,2,499.0,0.2,864.93,Desktop,Organic Search,Completed
TXN004579,CUS0635,2026-03-18,Fashion,2,299.0,0.0,647.83,Desktop,Organic Search,Completed
TXN004580,CUS0635,2026-03-11,Sports,2,399.0,0.0,864.5,Desktop,Organic Search,Completed
TXN004581,CUS0635,2026-02-07,Electronics,2,399.0,0.2,691.6,Desktop,Organic Search,Completed
TXN004582,CUS0635,2026-01-26,Fashion,1,1499.0,0.0,1623.92,Desktop,Organic Search,Completed
TXN004583,CUS0635,2025-12-24,Fashion,3,399.0,0.0,1296.75,Mobile,Organic Search,Completed
TXN004584,CUS0635,2025-10-23,Home,1,1499.0,0.0,1623.92,Desktop,Organic Search,Completed
TXN004585,CUS0635,2025-10-20,Fashion,2,699.0,0.0,1514.5,Desktop,Organic Search,Completed
TXN004586,CUS0636,2026-02-02,Sports,3,999.0,0.0,3246.75,Desktop,Organic Search,Completed
TXN004587,CUS0636,2025-08-20,Electronics,3,999.0,0.0,3246.75,Desktop,Organic Search,Returned
TXN004588,CUS0636,2025-08-13,Electronics,3,699.0,0.05,2158.16,Desktop,Organic Search,Completed
TXN004589,CUS0636,2025-08-08,Electronics,2,999.0,0.0,2164.5,Desktop,Organic Search,Cancelled
TXN004590,CUS0636,2025-08-01,Electronics,2,1999.0,0.15,3681.49,Desktop,Organic Search,Completed
TXN004591,CUS0636,2025-07-29,Fashion,3,1999.0,0.0,6496.75,Desktop,Organic Search,Completed
TXN004592,CUS0636,2025-07-23,Electronics,1,1499.0,0.0,1623.92,Desktop,Organic Search,Completed
TXN004593,CUS0636,2025-07-07,Electronics,3,999.0,0.0,3246.75,Desktop,Organic Search,Completed
TXN004594,CUS0637,2026-07-31,Beauty,1,1999.0,0.0,1499.25,Desktop,Email,Completed
TXN004595,CUS0637,2026-06-22,Sports,2,699.0,0.0,1048.5,Desktop,Email,Completed
TXN004596,CUS0637,2026-03-15,Home,1,699.0,0.15,445.61,Desktop,Email,Completed
TXN004597,CUS0638,2026-07-03,Beauty,3,399.0,0.0,1296.75,Tablet,Social Media,Completed
TXN004598,CUS0638,2026-06-22,Sports,3,1999.0,0.0,6496.75,Mobile,Social Media,Completed
TXN004599,CUS0638,2026-05-27,Beauty,3,699.0,0.1,2044.57,Mobile,Social Media,Returned
TXN004600,CUS0638,2026-05-06,Beauty,1,399.0,0.0,432.25,Mobile,Social Media,Completed
TXN004601,CUS0638,2026-01-28,Beauty,1,399.0,0.15,367.41,Mobile,Social Media,Completed
TXN004602,CUS0638,2025-12-21,Fashion,3,499.0,0.0,1621.75,Mobile,Social Media,Completed
TXN004603,CUS0638,2025-12-11,Beauty,3,1999.0,0.0,6496.75,Mobile,Social Media,Completed
TXN004604,CUS0638,2025-11-17,Beauty,2,699.0,0.0,1514.5,Mobile,Social Media,Completed
TXN004605,CUS0638,2025-11-03,Home,3,1999.0,0.05,6171.91,Desktop,Social Media,Completed
TXN004606,CUS0638,2025-09-23,Home,3,499.0,0.0,1621.75,Mobile,Social Media,Completed
TXN004607,CUS0639,2026-07-25,Home,1,399.0,0.0,365.75,Mobile,Organic Search,Completed
TXN004608,CUS0639,2026-06-25,Electronics,3,299.0,0.0,822.25,Mobile,Organic Search,Completed
TXN004609,CUS0639,2026-02-10,Fashion,1,299.0,0.0,274.08,Mobile,Organic Search,Completed
TXN004610,CUS0639,2026-01-15,Beauty,3,399.0,0.0,1097.25,Mobile,Organic Search,Completed
TXN004611,CUS0639,2025-12-31,Fashion,1,499.0,0.1,411.68,Mobile,Organic Search,Completed
TXN004612,CUS0640,2025-12-23,Home,2,299.0,0.0,348.83,Mobile,Paid Ads,Completed
TXN004613,CUS0641,2026-08-13,Beauty,3,999.0,0.0,3996.0,Mobile,Direct,Completed
TXN004614,CUS0641,2026-07-20,Fashion,2,299.0,0.2,637.87,Mobile,Direct,Completed
TXN004615,CUS0641,2026-05-29,Fashion,3,399.0,0.0,1596.0,Mobile,Direct,Completed
TXN004616,CUS0641,2026-04-13,Fashion,2,1499.0,0.15,3397.73,Mobile,Direct,Completed
TXN004617,CUS0641,2026-01-10,Beauty,2,1999.0,0.0,5330.67,Mobile,Direct,Completed
TXN004618,CUS0641,2026-01-04,Fashion,2,1999.0,0.0,5330.67,Mobile,Direct,Completed
TXN004619,CUS0641,2025-12-08,Fashion,1,299.0,0.0,398.67,Mobile,Direct,Completed
TXN004620,CUS0641,2025-12-04,Fashion,3,999.0,0.05,3796.2,Mobile,Direct,Completed
TXN004621,CUS0641,2025-11-29,Fashion,3,699.0,0.0,2796.0,Mobile,Direct,Completed
TXN004622,CUS0642,2026-02-10,Fashion,1,299.0,0.0,323.92,Mobile,Organic Search,Completed
TXN004623,CUS0642,2025-12-01,Electronics,1,1999.0,0.0,2165.58,Mobile,Organic Search,Completed
TXN004624,CUS0642,2025-11-30,Fashion,2,699.0,0.0,1514.5,Mobile,Organic Search,Completed
TXN004625,CUS0642,2025-10-09,Electronics,3,1999.0,0.0,6496.75,Mobile,Organic Search,Completed
TXN004626,CUS0642,2025-09-23,Beauty,1,1499.0,0.0,1623.92,Mobile,Organic Search,Cancelled
TXN004627,CUS0642,2025-08-06,Fashion,3,999.0,0.0,3246.75,Tablet,Organic Search,Completed
TXN004628,CUS0642,2025-07-31,Fashion,2,299.0,0.05,615.44,Mobile,Organic Search,Completed
TXN004629,CUS0642,2025-07-01,Fashion,3,1499.0,0.2,3897.4,Mobile,Organic Search,Completed
TXN004630,CUS0642,2025-06-08,Fashion,2,699.0,0.0,1514.5,Mobile,Organic Search,Completed
TXN004631,CUS0642,2025-06-02,Electronics,1,999.0,0.0,1082.25,Mobile,Organic Search,Completed
TXN004632,CUS0643,2026-08-14,Fashion,1,1999.0,0.0,2165.58,Desktop,Referral,Completed
TXN004633,CUS0643,2026-06-16,Fashion,2,499.0,0.0,1081.17,Desktop,Referral,Completed
TXN004634,CUS0643,2026-06-09,Fashion,3,999.0,0.2,2597.4,Desktop,Referral,Completed
TXN004635,CUS0643,2026-04-12,Fashion,3,999.0,0.0,3246.75,Desktop,Referral,Completed
TXN004636,CUS0643,2025-12-01,Fashion,3,999.0,0.0,3246.75,Desktop,Referral,Completed
TXN004637,CUS0643,2025-11-12,Fashion,2,499.0,0.0,1081.17,Desktop,Referral,Completed
TXN004638,CUS0644,2026-02-07,Fashion,2,1499.0,0.0,3247.83,Mobile,Direct,Completed
TXN004639,CUS0644,2026-01-02,Fashion,1,299.0,0.15,275.33,Mobile,Direct,Completed
TXN004640,CUS0644,2025-09-15,Home,1,699.0,0.0,757.25,Desktop,Direct,Completed
TXN004641,CUS0644,2025-07-15,Fashion,3,1499.0,0.0,4871.75,Mobile,Direct,Completed
TXN004642,CUS0644,2025-05-29,Home,3,399.0,0.0,1296.75,Mobile,Direct,Completed
TXN004643,CUS0644,2025-05-28,Fashion,1,1999.0,0.0,2165.58,Mobile,Direct,Completed
TXN004644,CUS0645,2026-08-08,Sports,2,999.0,0.2,1198.8,Mobile,Email,Completed
TXN004645,CUS0646,2026-08-02,Beauty,1,1499.0,0.0,1623.92,Desktop,Social Media,Completed
TXN004646,CUS0646,2026-04-14,Beauty,3,1499.0,0.0,4871.75,Desktop,Social Media,Cancelled
TXN004647,CUS0646,2026-03-25,Home,1,499.0,0.0,540.58,Desktop,Social Media,Completed
TXN004648,CUS0646,2026-02-28,Beauty,3,1999.0,0.0,6496.75,Desktop,Social Media,Completed
TXN004649,CUS0646,2026-02-22,Beauty,1,1499.0,0.0,1623.92,Desktop,Social Media,Completed
TXN004650,CUS0646,2026-01-15,Beauty,2,1999.0,0.15,3681.49,Desktop,Social Media,Cancelled
TXN004651,CUS0646,2025-12-14,Beauty,1,1499.0,0.0,1623.92,Desktop,Social Media,Completed
TXN004652,CUS0646,2025-11-06,Beauty,1,999.0,0.05,1028.14,Desktop,Social Media,Completed
TXN004653,CUS0647,2026-04-16,Beauty,3,1499.0,0.0,4871.75,Mobile,Paid Ads,Completed
TXN004654,CUS0647,2026-03-26,Home,3,699.0,0.0,2271.75,Mobile,Paid Ads,Completed
TXN004655,CUS0647,2026-02-24,Beauty,3,399.0,0.0,1296.75,Mobile,Paid Ads,Completed
TXN004656,CUS0647,2026-01-28,Beauty,3,999.0,0.0,3246.75,Mobile,Paid Ads,Returned
TXN004657,CUS0647,2026-01-01,Beauty,2,1499.0,0.0,3247.83,Mobile,Paid Ads,Completed
TXN004658,CUS0647,2025-08-29,Beauty,3,1999.0,0.1,5847.08,Tablet,Paid Ads,Completed
TXN004659,CUS0647,2025-08-22,Beauty,1,999.0,0.0,1082.25,Mobile,Paid Ads,Cancelled
TXN004660,CUS0647,2025-08-22,Fashion,2,699.0,0.15,1287.32,Mobile,Paid Ads,Completed
TXN004661,CUS0647,2025-07-07,Electronics,3,699.0,0.0,2271.75,Mobile,Paid Ads,Completed
TXN004662,CUS0648,2026-08-01,Beauty,1,699.0,0.0,524.25,Tablet,Direct,Completed
TXN004663,CUS0648,2025-10-24,Fashion,2,999.0,0.2,1198.8,Desktop,Direct,Completed
TXN004664,CUS0649,2026-08-06,Home,2,1999.0,0.15,7929.37,Desktop,Social Media,Completed
TXN004665,CUS0649,2026-07-28,Electronics,2,299.0,0.0,1395.33,Desktop,Social Media,Completed
TXN004666,CUS0649,2026-07-27,Home,2,399.0,0.0,1862.0,Desktop,Social Media,Completed
TXN004667,CUS0649,2026-07-22,Home,3,399.0,0.0,2793.0,Desktop,Social Media,Completed
TXN004668,CUS0649,2026-07-12,Beauty,1,1499.0,0.15,2973.02,Desktop,Social Media,Completed
TXN004669,CUS0649,2026-06-21,Home,2,1999.0,0.0,9328.67,Desktop,Social Media,Completed
TXN004670,CUS0649,2026-06-17,Fashion,3,299.0,0.0,2093.0,Desktop,Social Media,Completed
TXN004671,CUS0649,2026-06-13,Home,3,999.0,0.2,5594.4,Desktop,Social Media,Completed
TXN004672,CUS0649,2026-06-11,Home,3,1999.0,0.0,13993.0,Desktop,Social Media,Completed
TXN004673,CUS0649,2026-05-17,Beauty,3,399.0,0.0,2793.0,Desktop,Social Media,Completed
TXN004674,CUS0649,2026-04-23,Home,3,299.0,0.0,2093.0,Desktop,Social Media,Completed
TXN004675,CUS0649,2026-03-04,Home,1,499.0,0.05,1106.12,Desktop,Social Media,Completed
TXN004676,CUS0649,2026-02-16,Sports,2,399.0,0.0,1862.0,Desktop,Social Media,Completed
TXN004677,CUS0649,2026-02-09,Home,1,399.0,0.0,931.0,Tablet,Social Media,Completed
TXN004678,CUS0649,2026-02-03,Home,1,399.0,0.15,791.35,Desktop,Social Media,Completed
TXN004679,CUS0649,2026-01-20,Home,2,1499.0,0.0,6995.33,Desktop,Social Media,Completed
TXN004680,CUS0649,2026-01-12,Home,2,1499.0,0.0,6995.33,Desktop,Social Media,Completed
TXN004681,CUS0649,2025-12-21,Home,3,699.0,0.0,4893.0,Tablet,Social Media,Completed
TXN004682,CUS0649,2025-12-10,Fashion,3,699.0,0.0,4893.0,Desktop,Social Media,Completed
TXN004683,CUS0649,2025-12-09,Home,1,1499.0,0.1,3147.9,Desktop,Social Media,Completed
TXN004684,CUS0649,2025-11-27,Home,1,1499.0,0.0,3497.67,Desktop,Social Media,Completed
TXN004685,CUS0650,2026-04-06,Sports,3,1999.0,0.0,3498.25,Desktop,Social Media,Completed
TXN004686,CUS0650,2026-02-02,Sports,1,499.0,0.0,291.08,Desktop,Social Media,Completed
TXN004687,CUS0651,2026-05-20,Fashion,2,399.0,0.0,864.5,Mobile,Direct,Completed
TXN004688,CUS0651,2026-05-13,Beauty,1,999.0,0.0,1082.25,Mobile,Direct,Completed
TXN004689,CUS0651,2026-03-30,Electronics,2,699.0,0.0,1514.5,Mobile,Direct,Completed
TXN004690,CUS0651,2026-03-25,Beauty,1,499.0,0.0,540.58,Mobile,Direct,Completed
TXN004691,CUS0651,2026-01-30,Beauty,3,1499.0,0.2,3897.4,Mobile,Direct,Completed
TXN004692,CUS0651,2025-12-09,Beauty,2,399.0,0.0,864.5,Mobile,Direct,Completed
TXN004693,CUS0651,2025-11-14,Beauty,1,299.0,0.0,323.92,Mobile,Direct,Completed
TXN004694,CUS0651,2025-11-06,Beauty,3,399.0,0.0,1296.75,Mobile,Direct,Completed
TXN004695,CUS0651,2025-09-12,Beauty,3,399.0,0.0,1296.75,Mobile,Direct,Completed
TXN004696,CUS0651,2025-08-02,Beauty,3,699.0,0.0,2271.75,Mobile,Direct,Completed
TXN004697,CUS0652,2026-07-25,Sports,3,499.0,0.0,1996.0,Desktop,Email,Completed
TXN004698,CUS0652,2026-07-12,Home,1,299.0,0.05,378.73,Desktop,Email,Returned
TXN004699,CUS0652,2026-06-03,Sports,2,1499.0,0.0,3997.33,Desktop,Email,Completed
TXN004700,CUS0652,2026-06-02,Sports,2,299.0,0.0,797.33,Tablet,Email,Completed
TXN004701,CUS0652,2026-05-30,Sports,3,999.0,0.0,3996.0,Desktop,Email,Completed
TXN004702,CUS0652,2026-05-27,Sports,2,699.0,0.0,1864.0,Tablet,Email,Completed
TXN004703,CUS0652,2026-02-20,Sports,3,699.0,0.0,2796.0,Desktop,Email,Completed
TXN004704,CUS0652,2025-12-29,Sports,2,699.0,0.0,1864.0,Desktop,Email,Completed
TXN004705,CUS0652,2025-12-04,Sports,3,399.0,0.1,1436.4,Desktop,Email,Completed
TXN004706,CUS0652,2025-11-12,Sports,2,299.0,0.0,797.33,Desktop,Email,Completed
TXN004707,CUS0652,2025-10-24,Home,1,299.0,0.0,398.67,Desktop,Email,Completed
TXN004708,CUS0652,2025-10-18,Sports,1,1999.0,0.0,2665.33,Desktop,Email,Completed
TXN004709,CUS0652,2025-10-13,Electronics,3,699.0,0.0,2796.0,Desktop,Email,Completed
TXN004710,CUS0652,2025-10-07,Sports,3,1499.0,0.0,5996.0,Desktop,Email,Completed
TXN004711,CUS0653,2026-06-27,Home,1,999.0,0.0,1082.25,Desktop,Organic Search,Completed
TXN004712,CUS0653,2026-05-30,Home,2,299.0,0.0,647.83,Mobile,Organic Search,Completed
TXN004713,CUS0653,2026-05-29,Fashion,1,699.0,0.0,757.25,Mobile,Organic Search,Completed
TXN004714,CUS0653,2026-05-03,Sports,2,299.0,0.0,647.83,Mobile,Organic Search,Completed
TXN004715,CUS0653,2026-03-10,Fashion,2,499.0,0.05,1027.11,Mobile,Organic Search,Completed
TXN004716,CUS0653,2026-02-22,Home,2,699.0,0.0,1514.5,Desktop,Organic Search,Completed
TXN004717,CUS0653,2026-01-23,Fashion,3,1999.0,0.0,6496.75,Mobile,Organic Search,Cancelled
TXN004718,CUS0653,2025-11-29,Fashion,3,699.0,0.0,2271.75,Mobile,Organic Search,Completed
TXN004719,CUS0654,2026-07-07,Electronics,3,699.0,0.1,2516.4,Mobile,Paid Ads,Completed
TXN004720,CUS0654,2026-03-13,Sports,2,699.0,0.0,1864.0,Mobile,Paid Ads,Completed
TXN004721,CUS0654,2026-02-01,Sports,2,1499.0,0.0,3997.33,Mobile,Paid Ads,Completed
TXN004722,CUS0654,2026-01-26,Fashion,3,999.0,0.0,3996.0,Mobile,Paid Ads,Completed
TXN004723,CUS0654,2025-11-25,Sports,2,699.0,0.0,1864.0,Mobile,Paid Ads,Completed
TXN004724,CUS0654,2025-11-17,Sports,1,1499.0,0.15,1698.87,Mobile,Paid Ads,Completed
TXN004725,CUS0654,2025-10-24,Sports,2,1499.0,0.0,3997.33,Mobile,Paid Ads,Completed
TXN004726,CUS0654,2025-09-24,Home,2,1999.0,0.0,5330.67,Mobile,Paid Ads,Completed
TXN004727,CUS0654,2025-09-12,Sports,1,999.0,0.0,1332.0,Mobile,Paid Ads,Cancelled
TXN004728,CUS0655,2026-06-29,Beauty,2,699.0,0.0,1281.5,Tablet,Email,Returned
TXN004729,CUS0655,2025-11-17,Fashion,2,1999.0,0.05,3481.59,Desktop,Email,Completed
TXN004730,CUS0655,2025-11-07,Sports,2,1499.0,0.0,2748.17,Desktop,Email,Completed
TXN004731,CUS0656,2025-10-11,Home,2,1999.0,0.0,2332.17,Mobile,Social Media,Returned
TXN004732,CUS0656,2025-07-30,Home,3,1499.0,0.0,2623.25,Mobile,Social Media,Returned
TXN004733,CUS0656,2025-06-24,Home,2,299.0,0.0,348.83,Mobile,Social Media,Completed
TXN004734,CUS0656,2025-05-15,Home,3,1999.0,0.0,3498.25,Mobile,Social Media,Cancelled
TXN004735,CUS0657,2026-08-01,Electronics,2,499.0,0.0,748.5,Mobile,Paid Ads,Completed
TXN004736,CUS0657,2026-05-06,Electronics,2,499.0,0.1,673.65,Mobile,Paid Ads,Completed
TXN004737,CUS0658,2026-07-27,Home,3,1499.0,0.0,5996.0,Desktop,Social Media,Completed
TXN004738,CUS0658,2026-07-04,Home,2,399.0,0.0,1064.0,Desktop,Social Media,Completed
TXN004739,CUS0658,2026-05-31,Beauty,1,399.0,0.05,505.4,Desktop,Social Media,Completed
TXN004740,CUS0658,2026-04-04,Fashion,2,999.0,0.0,2664.0,Desktop,Social Media,Completed
TXN004741,CUS0658,2026-03-18,Home,1,699.0,0.0,932.0,Desktop,Social Media,Completed
TXN004742,CUS0658,2026-03-17,Home,1,1499.0,0.0,1998.67,Desktop,Social Media,Cancelled
TXN004743,CUS0658,2026-03-12,Beauty,1,1499.0,0.0,1998.67,Desktop,Social Media,Completed
TXN004744,CUS0658,2026-03-06,Home,2,1999.0,0.0,5330.67,Desktop,Social Media,Completed
TXN004745,CUS0658,2025-12-23,Fashion,2,1999.0,0.1,4797.6,Desktop,Social Media,Completed
TXN004746,CUS0658,2025-10-14,Home,1,399.0,0.0,532.0,Desktop,Social Media,Completed
TXN004747,CUS0658,2025-10-11,Sports,3,1499.0,0.0,5996.0,Desktop,Social Media,Completed
TXN004748,CUS0659,2026-07-28,Home,1,999.0,0.0,749.25,Mobile,Social Media,Completed
TXN004749,CUS0660,2026-08-01,Home,1,299.0,0.1,627.9,Mobile,Social Media,Cancelled
TXN004750,CUS0660,2026-08-01,Home,2,699.0,0.0,3262.0,Mobile,Social Media,Completed
TXN004751,CUS0660,2026-07-08,Home,1,499.0,0.0,1164.33,Mobile,Social Media,Completed
TXN004752,CUS0660,2026-07-03,Home,2,1999.0,0.0,9328.67,Mobile,Social Media,Returned
TXN004753,CUS0660,2026-06-25,Home,1,1999.0,0.1,4197.9,Mobile,Social Media,Completed
TXN004754,CUS0660,2026-06-15,Home,2,1499.0,0.0,6995.33,Desktop,Social Media,Completed
TXN004755,CUS0660,2026-05-13,Home,1,399.0,0.0,931.0,Mobile,Social Media,Completed
TXN004756,CUS0660,2026-04-13,Sports,3,399.0,0.1,2513.7,Mobile,Social Media,Completed
TXN004757,CUS0660,2026-03-17,Beauty,3,1999.0,0.0,13993.0,Mobile,Social Media,Returned
TXN004758,CUS0660,2026-03-02,Sports,3,1999.0,0.0,13993.0,Mobile,Social Media,Completed
TXN004759,CUS0660,2026-02-09,Electronics,2,999.0,0.0,4662.0,Mobile,Social Media,Cancelled
TXN004760,CUS0660,2026-01-16,Electronics,3,999.0,0.0,6993.0,Mobile,Social Media,Completed
TXN004761,CUS0660,2026-01-12,Electronics,1,699.0,0.15,1386.35,Mobile,Social Media,Returned
TXN004762,CUS0660,2025-12-10,Home,3,1499.0,0.0,10493.0,Mobile,Social Media,Completed
TXN004763,CUS0660,2025-11-26,Home,1,1499.0,0.2,2798.13,Mobile,Social Media,Completed
TXN004764,CUS0660,2025-11-22,Home,1,299.0,0.0,697.67,Mobile,Social Media,Completed
TXN004765,CUS0660,2025-10-09,Sports,3,999.0,0.0,6993.0,Mobile,Social Media,Completed
TXN004766,CUS0661,2026-08-16,Electronics,3,699.0,0.0,2796.0,Tablet,Paid Ads,Completed
TXN004767,CUS0661,2026-07-18,Electronics,2,399.0,0.0,1064.0,Mobile,Paid Ads,Completed
TXN004768,CUS0661,2026-07-16,Electronics,1,1999.0,0.0,2665.33,Tablet,Paid Ads,Completed
TXN004769,CUS0661,2026-07-14,Electronics,2,399.0,0.0,1064.0,Tablet,Paid Ads,Completed
TXN004770,CUS0661,2026-07-01,Electronics,3,499.0,0.0,1996.0,Tablet,Paid Ads,Completed
TXN004771,CUS0661,2026-06-26,Beauty,1,399.0,0.0,532.0,Tablet,Paid Ads,Completed
TXN004772,CUS0661,2026-06-26,Electronics,2,399.0,0.0,1064.0,Tablet,Paid Ads,Completed
TXN004773,CUS0661,2026-03-24,Electronics,2,499.0,0.0,1330.67,Desktop,Paid Ads,Completed
TXN004774,CUS0661,2026-03-19,Fashion,2,399.0,0.0,1064.0,Tablet,Paid Ads,Completed
TXN004775,CUS0661,2026-03-06,Electronics,1,499.0,0.0,665.33,Tablet,Paid Ads,Completed
TXN004776,CUS0661,2026-02-19,Electronics,3,499.0,0.2,1596.8,Tablet,Paid Ads,Completed
TXN004777,CUS0661,2026-02-10,Electronics,3,1499.0,0.0,5996.0,Mobile,Paid Ads,Completed
TXN004778,CUS0661,2026-01-19,Electronics,3,399.0,0.0,1596.0,Tablet,Paid Ads,Completed
TXN004779,CUS0661,2025-11-21,Electronics,2,999.0,0.0,2664.0,Tablet,Paid Ads,Returned
TXN004780,CUS0662,2026-08-13,Beauty,3,499.0,0.0,1996.0,Tablet,Direct,Completed
TXN004781,CUS0662,2026-07-24,Sports,1,999.0,0.15,1132.2,Desktop,Direct,Completed
TXN004782,CUS0662,2026-07-02,Beauty,3,1999.0,0.0,7996.0,Mobile,Direct,Completed
TXN004783,CUS0662,2026-06-30,Home,1,399.0,0.15,452.2,Mobile,Direct,Completed
TXN004784,CUS0662,2026-06-11,Beauty,2,299.0,0.0,797.33,Mobile,Direct,Completed
TXN004785,CUS0662,2026-04-22,Beauty,1,1999.0,0.0,2665.33,Mobile,Direct,Completed
TXN004786,CUS0662,2026-04-20,Beauty,3,1999.0,0.0,7996.0,Tablet,Direct,Returned
TXN004787,CUS0662,2026-03-18,Beauty,2,399.0,0.0,1064.0,Mobile,Direct,Completed
TXN004788,CUS0662,2025-12-27,Beauty,3,999.0,0.0,3996.0,Mobile,Direct,Completed
TXN004789,CUS0662,2025-12-19,Beauty,2,1999.0,0.0,5330.67,Mobile,Direct,Completed
TXN004790,CUS0662,2025-10-31,Beauty,1,399.0,0.15,452.2,Mobile,Direct,Completed
TXN004791,CUS0662,2025-10-28,Electronics,1,699.0,0.0,932.0,Mobile,Direct,Completed
TXN004792,CUS0662,2025-10-23,Beauty,3,999.0,0.1,3596.4,Mobile,Direct,Completed
TXN004793,CUS0663,2026-07-27,Beauty,3,999.0,0.0,3996.0,Mobile,Email,Completed
TXN004794,CUS0663,2026-07-15,Beauty,3,499.0,0.05,1896.2,Mobile,Email,Completed
TXN004795,CUS0663,2026-07-12,Fashion,1,699.0,0.1,838.8,Mobile,Email,Completed
TXN004796,CUS0663,2026-06-27,Beauty,2,399.0,0.15,904.4,Mobile,Email,Completed
TXN004797,CUS0663,2026-06-16,Home,1,999.0,0.0,1332.0,Mobile,Email,Completed
TXN004798,CUS0663,2026-06-09,Fashion,1,299.0,0.1,358.8,Mobile,Email,Completed
TXN004799,CUS0663,2026-06-08,Beauty,1,1499.0,0.05,1898.73,Mobile,Email,Completed
TXN004800,CUS0663,2026-05-21,Fashion,1,299.0,0.0,398.67,Mobile,Email,Completed
TXN004801,CUS0663,2026-05-20,Beauty,2,999.0,0.0,2664.0,Mobile,Email,Completed
TXN004802,CUS0663,2026-02-28,Beauty,2,499.0,0.1,1197.6,Mobile,Email,Cancelled
TXN004803,CUS0663,2026-01-11,Home,1,1499.0,0.2,1598.93,Mobile,Email,Completed
TXN004804,CUS0664,2026-08-15,Electronics,3,1999.0,0.0,13993.0,Desktop,Paid Ads,Completed
TXN004805,CUS0664,2026-08-15,Electronics,3,299.0,0.0,2093.0,Desktop,Paid Ads,Completed
TXN004806,CUS0664,2026-06-13,Electronics,3,1499.0,0.0,10493.0,Desktop,Paid Ads,Completed
TXN004807,CUS0664,2026-06-09,Electronics,2,699.0,0.0,3262.0,Desktop,Paid Ads,Completed
TXN004808,CUS0664,2026-06-05,Beauty,3,1499.0,0.0,10493.0,Desktop,Paid Ads,Completed
TXN004809,CUS0664,2026-06-05,Beauty,2,399.0,0.0,1862.0,Desktop,Paid Ads,Completed
TXN004810,CUS0664,2026-05-19,Electronics,2,1999.0,0.05,8862.23,Tablet,Paid Ads,Completed
TXN004811,CUS0664,2026-03-23,Electronics,1,399.0,0.0,931.0,Desktop,Paid Ads,Completed
TXN004812,CUS0664,2026-03-07,Sports,2,1499.0,0.15,5946.03,Desktop,Paid Ads,Completed
TXN004813,CUS0664,2026-02-22,Electronics,3,1499.0,0.0,10493.0,Desktop,Paid Ads,Cancelled
TXN004814,CUS0664,2026-02-22,Electronics,1,1999.0,0.0,4664.33,Desktop,Paid Ads,Cancelled
TXN004815,CUS0664,2026-02-04,Fashion,2,699.0,0.0,3262.0,Desktop,Paid Ads,Completed
TXN004816,CUS0664,2026-01-27,Electronics,3,699.0,0.0,4893.0,Desktop,Paid Ads,Completed
TXN004817,CUS0664,2026-01-21,Electronics,3,399.0,0.0,2793.0,Desktop,Paid Ads,Completed
TXN004818,CUS0664,2026-01-14,Electronics,3,699.0,0.0,4893.0,Desktop,Paid Ads,Cancelled
TXN004819,CUS0664,2026-01-13,Electronics,3,299.0,0.0,2093.0,Desktop,Paid Ads,Completed
TXN004820,CUS0664,2026-01-10,Electronics,2,399.0,0.15,1582.7,Mobile,Paid Ads,Completed
TXN004821,CUS0664,2026-01-05,Electronics,2,999.0,0.0,4662.0,Desktop,Paid Ads,Completed
TXN004822,CUS0664,2025-11-25,Fashion,3,999.0,0.0,6993.0,Desktop,Paid Ads,Completed
TXN004823,CUS0664,2025-11-03,Electronics,2,999.0,0.0,4662.0,Desktop,Paid Ads,Completed
TXN004824,CUS0665,2026-07-19,Beauty,3,1499.0,0.0,4122.25,Mobile,Direct,Completed
TXN004825,CUS0665,2026-06-04,Fashion,3,1999.0,0.0,5497.25,Mobile,Direct,Completed
TXN004826,CUS0665,2026-02-20,Fashion,1,999.0,0.0,915.75,Mobile,Direct,Cancelled
TXN004827,CUS0666,2026-08-17,Home,3,299.0,0.05,1136.2,Mobile,Paid Ads,Completed
TXN004828,CUS0666,2026-08-17,Beauty,3,299.0,0.1,1076.4,Mobile,Paid Ads,Completed
TXN004829,CUS0666,2026-07-13,Beauty,2,399.0,0.2,851.2,Mobile,Paid Ads,Completed
TXN004830,CUS0666,2026-07-02,Beauty,1,499.0,0.0,665.33,Mobile,Paid Ads,Completed
TXN004831,CUS0666,2026-05-07,Home,2,699.0,0.0,1864.0,Mobile,Paid Ads,Completed
TXN004832,CUS0666,2026-03-24,Fashion,3,299.0,0.0,1196.0,Mobile,Paid Ads,Completed
TXN004833,CUS0666,2026-03-17,Beauty,2,399.0,0.0,1064.0,Mobile,Paid Ads,Completed
TXN004834,CUS0666,2026-03-16,Beauty,2,1999.0,0.05,5064.13,Mobile,Paid Ads,Completed
TXN004835,CUS0666,2026-02-18,Beauty,3,399.0,0.0,1596.0,Mobile,Paid Ads,Completed
TXN004836,CUS0666,2025-11-19,Beauty,1,1499.0,0.0,1998.67,Mobile,Paid Ads,Completed
TXN004837,CUS0667,2026-03-16,Home,3,1999.0,0.0,6496.75,Desktop,Paid Ads,Completed
TXN004838,CUS0667,2026-01-13,Electronics,1,1999.0,0.0,2165.58,Desktop,Paid Ads,Completed
TXN004839,CUS0667,2025-11-17,Electronics,1,399.0,0.0,432.25,Desktop,Paid Ads,Completed
TXN004840,CUS0667,2025-11-02,Electronics,2,999.0,0.0,2164.5,Desktop,Paid Ads,Completed
TXN004841,CUS0667,2025-10-29,Electronics,2,999.0,0.0,2164.5,Desktop,Paid Ads,Completed
TXN004842,CUS0667,2025-10-14,Fashion,1,299.0,0.0,323.92,Desktop,Paid Ads,Completed
TXN004843,CUS0667,2025-10-04,Home,1,499.0,0.0,540.58,Mobile,Paid Ads,Completed
TXN004844,CUS0667,2025-06-01,Electronics,1,1499.0,0.0,1623.92,Desktop,Paid Ads,Completed
TXN004845,CUS0668,2026-07-01,Electronics,2,699.0,0.1,733.95,Mobile,Social Media,Completed
TXN004846,CUS0669,2026-08-15,Beauty,2,999.0,0.05,2530.8,Tablet,Referral,Completed
TXN004847,CUS0669,2026-07-02,Sports,2,1499.0,0.0,3997.33,Tablet,Referral,Completed
TXN004848,CUS0669,2026-07-02,Beauty,3,699.0,0.2,2236.8,Tablet,Referral,Completed
TXN004849,CUS0669,2026-05-31,Fashion,2,499.0,0.1,1197.6,Tablet,Referral,Completed
TXN004850,CUS0669,2026-05-29,Fashion,3,999.0,0.0,3996.0,Tablet,Referral,Returned
TXN004851,CUS0669,2026-04-28,Beauty,1,999.0,0.0,1332.0,Tablet,Referral,Completed
TXN004852,CUS0669,2026-04-04,Beauty,2,499.0,0.0,1330.67,Tablet,Referral,Completed
TXN004853,CUS0669,2026-03-16,Beauty,3,999.0,0.2,3196.8,Desktop,Referral,Completed
TXN004854,CUS0669,2026-02-13,Beauty,2,399.0,0.0,1064.0,Tablet,Referral,Completed
TXN004855,CUS0669,2026-01-06,Beauty,1,399.0,0.0,532.0,Tablet,Referral,Completed
TXN004856,CUS0669,2025-11-08,Beauty,1,699.0,0.2,745.6,Tablet,Referral,Completed
TXN004857,CUS0669,2025-10-24,Beauty,1,299.0,0.1,358.8,Tablet,Referral,Completed
TXN004858,CUS0670,2026-07-31,Electronics,3,499.0,0.0,1372.25,Desktop,Direct,Completed
TXN004859,CUS0670,2026-03-09,Fashion,1,499.0,0.0,457.42,Desktop,Direct,Completed
TXN004860,CUS0670,2026-01-13,Sports,1,699.0,0.05,608.71,Tablet,Direct,Completed
TXN004861,CUS0671,2026-06-29,Beauty,1,1499.0,0.0,1374.08,Desktop,Email,Completed
TXN004862,CUS0671,2025-09-11,Home,2,699.0,0.0,1281.5,Desktop,Email,Completed
TXN004863,CUS0671,2025-09-08,Home,2,699.0,0.0,1281.5,Desktop,Email,Completed
TXN004864,CUS0672,2026-07-31,Fashion,2,1999.0,0.0,9328.67,Mobile,Referral,Completed
TXN004865,CUS0672,2026-07-31,Fashion,2,399.0,0.0,1862.0,Mobile,Referral,Completed
TXN004866,CUS0672,2026-07-16,Beauty,1,399.0,0.0,931.0,Mobile,Referral,Completed
TXN004867,CUS0672,2026-07-03,Home,3,1999.0,0.0,13993.0,Mobile,Referral,Completed
TXN004868,CUS0672,2026-06-25,Sports,1,1499.0,0.0,3497.67,Mobile,Referral,Completed
TXN004869,CUS0672,2026-06-25,Home,1,999.0,0.0,2331.0,Desktop,Referral,Completed
TXN004870,CUS0672,2026-06-06,Fashion,3,999.0,0.0,6993.0,Mobile,Referral,Completed
TXN004871,CUS0672,2026-05-29,Fashion,2,1999.0,0.2,7462.93,Mobile,Referral,Cancelled
TXN004872,CUS0672,2026-05-07,Fashion,3,299.0,0.0,2093.0,Mobile,Referral,Completed
TXN004873,CUS0672,2026-03-24,Fashion,2,699.0,0.1,2935.8,Mobile,Referral,Completed
TXN004874,CUS0672,2026-01-30,Fashion,2,1999.0,0.0,9328.67,Mobile,Referral,Completed
TXN004875,CUS0672,2026-01-15,Fashion,3,399.0,0.15,2374.05,Mobile,Referral,Completed
TXN004876,CUS0672,2026-01-04,Electronics,2,1499.0,0.0,6995.33,Mobile,Referral,Completed
TXN004877,CUS0672,2025-11-17,Fashion,2,1499.0,0.0,6995.33,Mobile,Referral,Completed
TXN004878,CUS0672,2025-11-05,Fashion,1,1499.0,0.0,3497.67,Mobile,Referral,Completed
TXN004879,CUS0673,2026-08-07,Home,1,1999.0,0.0,2665.33,Mobile,Referral,Completed
TXN004880,CUS0673,2026-07-23,Fashion,1,1999.0,0.0,2665.33,Mobile,Referral,Completed
TXN004881,CUS0673,2026-06-04,Home,2,499.0,0.0,1330.67,Mobile,Referral,Completed
TXN004882,CUS0673,2026-04-14,Home,2,399.0,0.0,1064.0,Mobile,Referral,Completed
TXN004883,CUS0673,2026-04-14,Beauty,2,499.0,0.15,1131.07,Mobile,Referral,Completed
TXN004884,CUS0673,2026-03-14,Home,2,1499.0,0.15,3397.73,Mobile,Referral,Returned
TXN004885,CUS0673,2026-02-24,Electronics,1,1999.0,0.0,2665.33,Mobile,Referral,Completed
TXN004886,CUS0673,2026-02-17,Home,3,499.0,0.0,1996.0,Mobile,Referral,Completed
TXN004887,CUS0673,2026-01-29,Home,2,399.0,0.0,1064.0,Mobile,Referral,Completed
TXN004888,CUS0673,2026-01-28,Home,2,399.0,0.0,1064.0,Desktop,Referral,Completed
TXN004889,CUS0673,2026-01-25,Electronics,2,399.0,0.0,1064.0,Mobile,Referral,Completed
TXN004890,CUS0673,2025-12-03,Home,1,1999.0,0.0,2665.33,Tablet,Referral,Completed
TXN004891,CUS0673,2025-11-29,Home,3,399.0,0.0,1596.0,Mobile,Referral,Completed
TXN004892,CUS0673,2025-11-25,Home,3,699.0,0.0,2796.0,Mobile,Referral,Completed
TXN004893,CUS0674,2026-07-06,Beauty,3,1499.0,0.0,2623.25,Tablet,Email,Completed
TXN004894,CUS0674,2026-06-01,Fashion,1,299.0,0.0,174.42,Desktop,Email,Completed
TXN004895,CUS0674,2026-05-11,Home,1,299.0,0.05,165.7,Desktop,Email,Cancelled
TXN004896,CUS0675,2026-07-30,Fashion,3,999.0,0.1,2472.52,Desktop,Referral,Completed
TXN004897,CUS0675,2026-05-20,Home,2,299.0,0.0,548.17,Desktop,Referral,Completed
TXN004898,CUS0675,2025-12-30,Home,3,699.0,0.0,1922.25,Desktop,Referral,Completed
TXN004899,CUS0676,2026-03-20,Fashion,1,499.0,0.0,291.08,Mobile,Social Media,Returned
TXN004900,CUS0676,2025-07-29,Fashion,3,1999.0,0.0,3498.25,Mobile,Social Media,Completed
TXN004901,CUS0677,2026-08-07,Sports,3,1499.0,0.05,9968.35,Mobile,Social Media,Returned
TXN004902,CUS0677,2026-07-14,Beauty,1,999.0,0.0,2331.0,Mobile,Social Media,Completed
TXN004903,CUS0677,2026-06-17,Sports,3,1499.0,0.0,10493.0,Mobile,Social Media,Completed
TXN004904,CUS0677,2026-04-09,Sports,1,399.0,0.05,884.45,Mobile,Social Media,Completed
TXN004905,CUS0677,2026-03-18,Sports,3,299.0,0.0,2093.0,Mobile,Social Media,Completed
TXN004906,CUS0677,2026-02-16,Sports,3,299.0,0.05,1988.35,Mobile,Social Media,Completed
TXN004907,CUS0677,2026-02-09,Sports,1,399.0,0.0,931.0,Mobile,Social Media,Completed
TXN004908,CUS0677,2026-01-28,Sports,2,999.0,0.0,4662.0,Mobile,Social Media,Completed
TXN004909,CUS0677,2026-01-05,Sports,3,999.0,0.1,6293.7,Mobile,Social Media,Completed
TXN004910,CUS0677,2025-12-08,Sports,2,299.0,0.05,1325.57,Mobile,Social Media,Completed
TXN004911,CUS0677,2025-12-04,Sports,1,1499.0,0.0,3497.67,Mobile,Social Media,Completed
TXN004912,CUS0677,2025-12-01,Sports,3,999.0,0.0,6993.0,Mobile,Social Media,Completed
TXN004913,CUS0677,2025-11-09,Sports,2,1499.0,0.0,6995.33,Desktop,Social Media,Completed
TXN004914,CUS0677,2025-10-14,Sports,1,1999.0,0.0,4664.33,Mobile,Social Media,Cancelled
TXN004915,CUS0678,2026-08-10,Fashion,1,299.0,0.15,232.97,Mobile,Email,Completed
TXN004916,CUS0678,2026-06-22,Fashion,3,999.0,0.0,2747.25,Mobile,Email,Completed
TXN004917,CUS0678,2026-03-21,Fashion,1,299.0,0.15,232.97,Mobile,Email,Returned
TXN004918,CUS0678,2026-03-12,Fashion,2,1499.0,0.0,2748.17,Mobile,Email,Completed
TXN004919,CUS0678,2026-02-23,Fashion,2,699.0,0.0,1281.5,Mobile,Email,Completed
TXN004920,CUS0679,2025-12-29,Electronics,1,299.0,0.0,174.42,Desktop,Referral,Completed
TXN004921,CUS0680,2025-09-26,Fashion,3,699.0,0.0,1223.25,Desktop,Direct,Completed
TXN004922,CUS0680,2024-12-21,Fashion,1,499.0,0.0,291.08,Mobile,Direct,Returned
TXN004923,CUS0681,2026-08-19,Beauty,2,499.0,0.0,2328.67,Mobile,Referral,Completed
TXN004924,CUS0681,2026-07-18,Home,3,399.0,0.15,2374.05,Tablet,Referral,Completed
TXN004925,CUS0681,2026-07-10,Electronics,1,499.0,0.0,1164.33,Mobile,Referral,Cancelled
TXN004926,CUS0681,2026-07-05,Beauty,3,699.0,0.0,4893.0,Mobile,Referral,Completed
TXN004927,CUS0681,2026-06-29,Electronics,3,699.0,0.15,4159.05,Mobile,Referral,Completed
TXN004928,CUS0681,2026-06-21,Beauty,2,1499.0,0.0,6995.33,Mobile,Referral,Completed
TXN004929,CUS0681,2026-06-11,Beauty,1,499.0,0.0,1164.33,Mobile,Referral,Completed
TXN004930,CUS0681,2026-05-11,Beauty,3,299.0,0.0,2093.0,Tablet,Referral,Completed
TXN004931,CUS0681,2026-05-11,Beauty,3,699.0,0.0,4893.0,Mobile,Referral,Completed
TXN004932,CUS0681,2026-05-05,Beauty,2,1999.0,0.0,9328.67,Desktop,Referral,Completed
TXN004933,CUS0681,2026-04-29,Beauty,2,399.0,0.0,1862.0,Mobile,Referral,Completed
TXN004934,CUS0681,2026-04-27,Sports,2,699.0,0.0,3262.0,Tablet,Referral,Completed
TXN004935,CUS0681,2026-04-23,Beauty,2,1499.0,0.0,6995.33,Mobile,Referral,Completed
TXN004936,CUS0681,2026-04-20,Fashion,3,999.0,0.0,6993.0,Mobile,Referral,Returned
TXN004937,CUS0681,2026-04-13,Beauty,3,499.0,0.0,3493.0,Mobile,Referral,Completed
TXN004938,CUS0681,2026-02-21,Electronics,1,399.0,0.0,931.0,Mobile,Referral,Cancelled
TXN004939,CUS0681,2026-02-15,Beauty,3,399.0,0.0,2793.0,Mobile,Referral,Completed
TXN004940,CUS0681,2026-02-13,Beauty,1,299.0,0.0,697.67,Mobile,Referral,Completed
TXN004941,CUS0681,2026-02-05,Beauty,2,499.0,0.0,2328.67,Mobile,Referral,Completed
TXN004942,CUS0681,2026-01-28,Home,1,299.0,0.0,697.67,Mobile,Referral,Completed
TXN004943,CUS0681,2026-01-17,Beauty,1,499.0,0.05,1106.12,Mobile,Referral,Completed
TXN004944,CUS0681,2026-01-15,Sports,3,299.0,0.0,2093.0,Mobile,Referral,Completed
TXN004945,CUS0681,2026-01-08,Home,1,999.0,0.05,2214.45,Mobile,Referral,Completed
TXN004946,CUS0681,2025-12-07,Beauty,3,299.0,0.0,2093.0,Mobile,Referral,Cancelled
TXN004947,CUS0681,2025-11-24,Fashion,1,999.0,0.0,2331.0,Mobile,Referral,Completed
TXN004948,CUS0681,2025-10-24,Fashion,3,999.0,0.0,6993.0,Tablet,Referral,Completed
TXN004949,CUS0682,2026-08-10,Beauty,3,699.0,0.0,1922.25,Desktop,Paid Ads,Completed
TXN004950,CUS0682,2026-06-30,Beauty,1,399.0,0.0,365.75,Desktop,Paid Ads,Completed
TXN004951,CUS0682,2026-06-27,Sports,3,1999.0,0.0,5497.25,Desktop,Paid Ads,Completed
TXN004952,CUS0683,2026-08-13,Electronics,3,999.0,0.0,2247.75,Tablet,Social Media,Completed
TXN004953,CUS0683,2026-06-25,Electronics,3,299.0,0.1,605.48,Desktop,Social Media,Completed
TXN004954,CUS0683,2026-02-25,Beauty,3,999.0,0.0,2247.75,Mobile,Social Media,Completed
TXN004955,CUS0684,2026-07-01,Electronics,2,999.0,0.0,2164.5,Mobile,Direct,Completed
TXN004956,CUS0684,2026-04-27,Electronics,3,399.0,0.0,1296.75,Mobile,Direct,Completed
TXN004957,CUS0684,2025-11-12,Sports,3,1499.0,0.0,4871.75,Mobile,Direct,Completed
TXN004958,CUS0684,2025-10-15,Electronics,2,1999.0,0.0,4331.17,Mobile,Direct,Completed
TXN004959,CUS0684,2025-09-10,Electronics,1,699.0,0.1,681.52,Mobile,Direct,Completed
TXN004960,CUS0685,2026-08-13,Home,1,1999.0,0.0,4664.33,Mobile,Referral,Completed
TXN004961,CUS0685,2026-06-10,Fashion,1,499.0,0.0,1164.33,Mobile,Referral,Completed
TXN004962,CUS0685,2026-05-15,Home,2,999.0,0.0,4662.0,Mobile,Referral,Completed
TXN004963,CUS0685,2026-04-29,Fashion,2,399.0,0.0,1862.0,Mobile,Referral,Completed
TXN004964,CUS0685,2026-04-25,Electronics,1,399.0,0.0,931.0,Mobile,Referral,Completed
TXN004965,CUS0685,2026-04-22,Home,1,399.0,0.0,931.0,Tablet,Referral,Completed
TXN004966,CUS0685,2026-03-02,Home,3,399.0,0.1,2513.7,Mobile,Referral,Completed
TXN004967,CUS0685,2026-02-15,Home,2,1999.0,0.0,9328.67,Mobile,Referral,Completed
TXN004968,CUS0685,2026-02-13,Home,3,299.0,0.0,2093.0,Mobile,Referral,Completed
TXN004969,CUS0685,2025-12-21,Beauty,1,999.0,0.0,2331.0,Mobile,Referral,Returned
TXN004970,CUS0685,2025-12-07,Home,1,299.0,0.0,697.67,Desktop,Referral,Completed
TXN004971,CUS0685,2025-12-03,Home,3,999.0,0.0,6993.0,Mobile,Referral,Completed
TXN004972,CUS0685,2025-12-01,Home,3,699.0,0.0,4893.0,Mobile,Referral,Completed
TXN004973,CUS0685,2025-11-30,Home,3,699.0,0.0,4893.0,Mobile,Referral,Completed
TXN004974,CUS0685,2025-11-21,Sports,1,299.0,0.0,697.67,Mobile,Referral,Completed
TXN004975,CUS0685,2025-11-21,Electronics,1,1499.0,0.0,3497.67,Mobile,Referral,Completed
TXN004976,CUS0685,2025-11-18,Home,1,1499.0,0.0,3497.67,Tablet,Referral,Completed
TXN004977,CUS0686,2026-08-09,Beauty,3,999.0,0.1,3596.4,Mobile,Direct,Completed
TXN004978,CUS0686,2026-08-02,Home,2,399.0,0.0,1064.0,Mobile,Direct,Completed
TXN004979,CUS0686,2026-07-14,Sports,2,999.0,0.1,2397.6,Mobile,Direct,Completed
TXN004980,CUS0686,2026-06-15,Electronics,2,1499.0,0.0,3997.33,Mobile,Direct,Completed
TXN004981,CUS0686,2026-05-18,Fashion,3,999.0,0.0,3996.0,Tablet,Direct,Completed
TXN004982,CUS0686,2026-04-18,Beauty,2,399.0,0.0,1064.0,Mobile,Direct,Completed
TXN004983,CUS0686,2026-02-10,Beauty,2,1499.0,0.0,3997.33,Mobile,Direct,Completed
TXN004984,CUS0686,2026-01-29,Beauty,2,399.0,0.0,1064.0,Mobile,Direct,Completed
TXN004985,CUS0686,2025-12-08,Beauty,1,499.0,0.0,665.33,Mobile,Direct,Completed
TXN004986,CUS0686,2025-11-13,Beauty,2,999.0,0.0,2664.0,Mobile,Direct,Cancelled
TXN004987,CUS0686,2025-10-31,Beauty,2,699.0,0.0,1864.0,Tablet,Direct,Completed
TXN004988,CUS0687,2025-12-04,Home,1,1999.0,0.0,1166.08,Mobile,Referral,Returned
TXN004989,CUS0687,2025-08-24,Home,2,499.0,0.0,582.17,Mobile,Referral,Completed
TXN004990,CUS0687,2025-07-09,Home,1,399.0,0.1,209.48,Mobile,Referral,Completed
TXN004991,CUS0688,2026-07-04,Fashion,2,299.0,0.0,548.17,Tablet,Social Media,Completed
TXN004992,CUS0688,2026-02-01,Sports,1,299.0,0.15,232.97,Tablet,Social Media,Completed
TXN004993,CUS0688,2026-01-09,Sports,2,999.0,0.2,1465.2,Tablet,Social Media,Completed
TXN004994,CUS0689,2026-08-03,Electronics,2,399.0,0.0,731.5,Mobile,Email,Completed
TXN004995,CUS0689,2026-06-24,Beauty,2,399.0,0.0,731.5,Mobile,Email,Completed
TXN004996,CUS0689,2026-06-19,Fashion,2,299.0,0.0,548.17,Mobile,Email,Completed
TXN004997,CUS0689,2026-01-31,Fashion,1,699.0,0.0,640.75,Mobile,Email,Returned
TXN004998,CUS0689,2025-10-08,Fashion,2,299.0,0.0,548.17,Mobile,Email,Completed
TXN004999,CUS0690,2026-07-01,Sports,1,499.0,0.1,261.98,Mobile,Organic Search,Completed
TXN005000,CUS0690,2026-03-08,Sports,2,1999.0,0.0,2332.17,Mobile,Organic Search,Completed
TXN005001,CUS0690,2026-02-25,Sports,3,699.0,0.05,1162.09,Mobile,Organic Search,Completed
TXN005002,CUS0690,2025-09-12,Sports,3,299.0,0.0,523.25,Mobile,Organic Search,Completed
TXN005003,CUS0691,2026-07-28,Beauty,3,999.0,0.15,1910.59,Desktop,Paid Ads,Completed
TXN005004,CUS0691,2026-05-14,Beauty,3,399.0,0.0,897.75,Tablet,Paid Ads,Completed
TXN005005,CUS0691,2026-04-27,Beauty,3,1499.0,0.15,2866.84,Desktop,Paid Ads,Completed
TXN005006,CUS0692,2026-08-01,Electronics,3,1499.0,0.1,9443.7,Tablet,Email,Completed
TXN005007,CUS0692,2026-07-20,Sports,3,499.0,0.1,3143.7,Tablet,Email,Completed
TXN005008,CUS0692,2026-06-29,Electronics,1,1999.0,0.0,4664.33,Tablet,Email,Cancelled
TXN005009,CUS0692,2026-06-02,Electronics,2,999.0,0.0,4662.0,Tablet,Email,Completed
TXN005010,CUS0692,2026-04-29,Electronics,1,1999.0,0.2,3731.47,Mobile,Email,Completed
TXN005011,CUS0692,2026-04-08,Electronics,1,1999.0,0.0,4664.33,Tablet,Email,Completed
TXN005012,CUS0692,2026-03-19,Fashion,3,699.0,0.0,4893.0,Tablet,Email,Completed
TXN005013,CUS0692,2026-03-01,Home,2,399.0,0.0,1862.0,Tablet,Email,Completed
TXN005014,CUS0692,2026-02-26,Electronics,2,299.0,0.0,1395.33,Tablet,Email,Returned
TXN005015,CUS0692,2026-02-18,Beauty,2,499.0,0.0,2328.67,Tablet,Email,Completed
TXN005016,CUS0692,2026-02-06,Home,2,399.0,0.0,1862.0,Tablet,Email,Returned
TXN005017,CUS0692,2026-01-11,Electronics,2,499.0,0.0,2328.67,Tablet,Email,Completed
TXN005018,CUS0692,2026-01-04,Electronics,2,299.0,0.0,1395.33,Tablet,Email,Completed
TXN005019,CUS0692,2025-12-22,Electronics,2,1999.0,0.0,9328.67,Tablet,Email,Completed
TXN005020,CUS0692,2025-12-01,Electronics,2,299.0,0.0,1395.33,Tablet,Email,Completed
TXN005021,CUS0693,2026-08-19,Electronics,1,1999.0,0.15,1274.36,Desktop,Paid Ads,Completed
TXN005022,CUS0693,2026-01-12,Fashion,3,499.0,0.0,1122.75,Desktop,Paid Ads,Completed
TXN005023,CUS0694,2026-08-15,Beauty,2,399.0,0.0,1064.0,Desktop,Paid Ads,Completed
TXN005024,CUS0694,2026-08-02,Home,1,1999.0,0.05,2532.07,Desktop,Paid Ads,Cancelled
TXN005025,CUS0694,2026-07-27,Home,1,999.0,0.0,1332.0,Desktop,Paid Ads,Completed
TXN005026,CUS0694,2026-06-16,Home,3,999.0,0.0,3996.0,Desktop,Paid Ads,Completed
TXN005027,CUS0694,2026-06-06,Home,1,399.0,0.0,532.0,Desktop,Paid Ads,Completed
TXN005028,CUS0694,2026-05-25,Home,3,399.0,0.0,1596.0,Desktop,Paid Ads,Returned
TXN005029,CUS0694,2026-03-30,Home,2,299.0,0.0,797.33,Desktop,Paid Ads,Completed
TXN005030,CUS0694,2026-03-16,Home,1,1999.0,0.0,2665.33,Desktop,Paid Ads,Completed
TXN005031,CUS0694,2026-02-27,Home,1,299.0,0.0,398.67,Tablet,Paid Ads,Completed
TXN005032,CUS0694,2026-02-12,Fashion,1,999.0,0.0,1332.0,Tablet,Paid Ads,Completed
TXN005033,CUS0694,2025-11-28,Home,3,399.0,0.15,1356.6,Desktop,Paid Ads,Completed
TXN005034,CUS0694,2025-10-30,Home,1,1499.0,0.0,1998.67,Desktop,Paid Ads,Completed
TXN005035,CUS0695,2026-08-17,Sports,3,999.0,0.0,6993.0,Desktop,Organic Search,Completed
TXN005036,CUS0695,2026-08-03,Beauty,2,299.0,0.0,1395.33,Mobile,Organic Search,Completed
TXN005037,CUS0695,2026-07-21,Beauty,1,999.0,0.05,2214.45,Mobile,Organic Search,Completed
TXN005038,CUS0695,2026-07-02,Sports,1,699.0,0.05,1549.45,Mobile,Organic Search,Completed
TXN005039,CUS0695,2026-06-09,Beauty,2,499.0,0.0,2328.67,Mobile,Organic Search,Completed
TXN005040,CUS0695,2026-05-28,Beauty,1,1499.0,0.15,2973.02,Mobile,Organic Search,Cancelled
TXN005041,CUS0695,2026-05-22,Beauty,1,1499.0,0.0,3497.67,Mobile,Organic Search,Completed
TXN005042,CUS0695,2026-05-17,Beauty,3,999.0,0.0,6993.0,Desktop,Organic Search,Completed
TXN005043,CUS0695,2026-04-24,Fashion,3,299.0,0.0,2093.0,Mobile,Organic Search,Returned
TXN005044,CUS0695,2026-04-19,Beauty,1,1499.0,0.0,3497.67,Mobile,Organic Search,Completed
TXN005045,CUS0695,2026-04-12,Fashion,2,1499.0,0.0,6995.33,Mobile,Organic Search,Completed
TXN005046,CUS0695,2026-04-08,Beauty,3,1499.0,0.0,10493.0,Mobile,Organic Search,Completed
TXN005047,CUS0695,2026-04-03,Home,2,699.0,0.0,3262.0,Mobile,Organic Search,Completed
TXN005048,CUS0695,2026-03-24,Sports,2,999.0,0.0,4662.0,Mobile,Organic Search,Completed
TXN005049,CUS0695,2026-02-27,Beauty,2,999.0,0.0,4662.0,Mobile,Organic Search,Completed
TXN005050,CUS0695,2026-02-19,Sports,3,399.0,0.1,2513.7,Mobile,Organic Search,Cancelled
TXN005051,CUS0695,2026-02-06,Beauty,2,1999.0,0.0,9328.67,Tablet,Organic Search,Completed
TXN005052,CUS0695,2026-01-19,Beauty,2,399.0,0.0,1862.0,Desktop,Organic Search,Completed
TXN005053,CUS0695,2026-01-15,Sports,2,999.0,0.0,4662.0,Mobile,Organic Search,Completed
TXN005054,CUS0695,2025-12-26,Home,1,699.0,0.0,1631.0,Mobile,Organic Search,Completed
TXN005055,CUS0695,2025-12-16,Electronics,2,499.0,0.0,2328.67,Mobile,Organic Search,Completed
TXN005056,CUS0695,2025-12-08,Home,1,499.0,0.2,931.47,Mobile,Organic Search,Completed
TXN005057,CUS0695,2025-12-06,Sports,2,699.0,0.15,2772.7,Mobile,Organic Search,Completed
TXN005058,CUS0695,2025-11-20,Beauty,3,999.0,0.05,6643.35,Desktop,Organic Search,Completed
TXN005059,CUS0695,2025-11-19,Beauty,2,299.0,0.0,1395.33,Mobile,Organic Search,Completed
TXN005060,CUS0695,2025-10-24,Beauty,3,1999.0,0.0,13993.0,Mobile,Organic Search,Completed
TXN005061,CUS0696,2026-07-24,Fashion,3,399.0,0.0,1097.25,Mobile,Social Media,Completed
TXN005062,CUS0696,2026-05-23,Sports,1,499.0,0.15,388.8,Mobile,Social Media,Completed
TXN005063,CUS0696,2026-02-26,Fashion,1,1999.0,0.0,1832.42,Mobile,Social Media,Completed
TXN005064,CUS0696,2026-01-19,Fashion,2,499.0,0.0,914.83,Mobile,Social Media,Completed
TXN005065,CUS0696,2026-01-11,Fashion,3,499.0,0.0,1372.25,Mobile,Social Media,Completed
TXN005066,CUS0696,2025-11-28,Fashion,1,399.0,0.2,292.6,Mobile,Social Media,Completed
TXN005067,CUS0697,2025-09-23,Sports,3,499.0,0.0,873.25,Mobile,Paid Ads,Completed
TXN005068,CUS0698,2026-08-11,Sports,1,399.0,0.0,365.75,Desktop,Email,Completed
TXN005069,CUS0698,2026-06-16,Sports,1,1999.0,0.0,1832.42,Desktop,Email,Completed
TXN005070,CUS0698,2026-05-19,Sports,2,299.0,0.0,548.17,Desktop,Email,Completed
TXN005071,CUS0698,2026-02-13,Sports,3,1499.0,0.0,4122.25,Desktop,Email,Completed
TXN005072,CUS0699,2026-04-01,Fashion,1,699.0,0.05,719.39,Desktop,Email,Completed
TXN005073,CUS0699,2026-02-17,Home,2,399.0,0.0,864.5,Desktop,Email,Completed
TXN005074,CUS0699,2025-12-20,Sports,2,399.0,0.0,864.5,Mobile,Email,Completed
TXN005075,CUS0699,2025-11-02,Fashion,3,1499.0,0.0,4871.75,Desktop,Email,Completed
TXN005076,CUS0699,2025-07-02,Beauty,1,1999.0,0.05,2057.3,Tablet,Email,Completed
TXN005077,CUS0700,2026-08-08,Sports,2,1499.0,0.0,2248.5,Mobile,Referral,Completed
TXN005078,CUS0700,2026-08-02,Fashion,2,1499.0,0.0,2248.5,Mobile,Referral,Completed
TXN005079,CUS0700,2026-01-05,Sports,3,499.0,0.2,898.2,Mobile,Referral,Completed
TXN005080,CUS0701,2026-07-23,Home,1,999.0,0.0,915.75,Tablet,Email,Completed
TXN005081,CUS0701,2026-07-23,Fashion,2,1499.0,0.0,2748.17,Desktop,Email,Completed
TXN005082,CUS0701,2026-07-03,Fashion,3,299.0,0.0,822.25,Tablet,Email,Completed
TXN005083,CUS0701,2026-04-09,Home,3,999.0,0.0,2747.25,Desktop,Email,Completed
TXN005084,CUS0702,2026-03-03,Sports,1,1999.0,0.0,2165.58,Desktop,Organic Search,Completed
TXN005085,CUS0702,2026-01-25,Sports,1,1499.0,0.0,1623.92,Desktop,Organic Search,Completed
TXN005086,CUS0702,2025-10-17,Electronics,1,499.0,0.2,432.47,Desktop,Organic Search,Completed
TXN005087,CUS0702,2025-10-12,Sports,1,399.0,0.0,432.25,Desktop,Organic Search,Completed
TXN005088,CUS0702,2025-05-22,Sports,2,699.0,0.0,1514.5,Desktop,Organic Search,Completed
TXN005089,CUS0703,2026-08-09,Sports,2,499.0,0.0,914.83,Desktop,Social Media,Completed
TXN005090,CUS0703,2026-01-18,Sports,1,1499.0,0.15,1167.97,Desktop,Social Media,Completed
TXN005091,CUS0703,2026-01-02,Home,3,999.0,0.0,2747.25,Desktop,Social Media,Cancelled
TXN005092,CUS0703,2025-10-16,Sports,3,299.0,0.2,657.8,Desktop,Social Media,Completed
TXN005093,CUS0704,2026-05-31,Beauty,3,699.0,0.0,1223.25,Mobile,Organic Search,Completed
TXN005094,CUS0705,2026-08-05,Sports,2,699.0,0.0,1281.5,Mobile,Email,Completed
TXN005095,CUS0705,2026-06-14,Sports,2,499.0,0.2,731.87,Mobile,Email,Returned
TXN005096,CUS0705,2026-05-19,Beauty,3,299.0,0.0,822.25,Mobile,Email,Completed
TXN005097,CUS0705,2026-01-12,Home,3,1999.0,0.0,5497.25,Mobile,Email,Completed
TXN005098,CUS0706,2026-07-22,Beauty,1,999.0,0.0,1332.0,Mobile,Email,Completed
TXN005099,CUS0706,2026-05-08,Beauty,1,1499.0,0.15,1698.87,Mobile,Email,Cancelled
TXN005100,CUS0706,2026-01-21,Beauty,1,1999.0,0.0,2665.33,Mobile,Email,Completed
TXN005101,CUS0706,2025-12-26,Beauty,2,699.0,0.0,1864.0,Desktop,Email,Completed
TXN005102,CUS0706,2025-12-23,Home,1,999.0,0.0,1332.0,Mobile,Email,Completed
TXN005103,CUS0706,2025-12-12,Sports,1,499.0,0.0,665.33,Mobile,Email,Completed
TXN005104,CUS0706,2025-10-17,Electronics,1,999.0,0.0,1332.0,Tablet,Email,Completed
TXN005105,CUS0706,2025-10-02,Sports,3,399.0,0.0,1596.0,Mobile,Email,Completed
TXN005106,CUS0707,2026-08-10,Beauty,1,299.0,0.0,274.08,Tablet,Referral,Completed
TXN005107,CUS0707,2026-07-06,Beauty,3,1999.0,0.15,4672.66,Tablet,Referral,Completed
TXN005108,CUS0707,2026-03-30,Fashion,2,1999.0,0.0,3664.83,Tablet,Referral,Completed
TXN005109,CUS0707,2026-03-16,Beauty,1,1499.0,0.2,1099.27,Tablet,Referral,Completed
TXN005110,CUS0707,2025-11-15,Home,1,399.0,0.0,365.75,Tablet,Referral,Completed
TXN005111,CUS0708,2026-08-13,Electronics,1,499.0,0.0,457.42,Desktop,Referral,Completed
TXN005112,CUS0708,2026-05-25,Electronics,3,1499.0,0.0,4122.25,Desktop,Referral,Completed
TXN005113,CUS0708,2026-05-17,Sports,2,699.0,0.0,1281.5,Desktop,Referral,Completed
TXN005114,CUS0708,2026-04-04,Electronics,1,399.0,0.0,365.75,Desktop,Referral,Completed
TXN005115,CUS0708,2025-11-03,Electronics,3,399.0,0.0,1097.25,Desktop,Referral,Completed
TXN005116,CUS0709,2026-07-13,Electronics,3,399.0,0.0,1596.0,Tablet,Referral,Completed
TXN005117,CUS0709,2026-07-10,Beauty,2,1499.0,0.0,3997.33,Desktop,Referral,Completed
TXN005118,CUS0709,2026-07-08,Electronics,1,399.0,0.15,452.2,Desktop,Referral,Cancelled
TXN005119,CUS0709,2026-07-04,Fashion,1,399.0,0.0,532.0,Desktop,Referral,Completed
TXN005120,CUS0709,2026-06-04,Electronics,2,299.0,0.0,797.33,Tablet,Referral,Completed
TXN005121,CUS0709,2026-05-23,Electronics,2,299.0,0.0,797.33,Desktop,Referral,Completed
TXN005122,CUS0709,2026-04-21,Electronics,3,699.0,0.05,2656.2,Desktop,Referral,Completed
TXN005123,CUS0709,2026-03-11,Sports,3,499.0,0.0,1996.0,Desktop,Referral,Completed
TXN005124,CUS0709,2026-02-14,Electronics,1,499.0,0.0,665.33,Desktop,Referral,Completed
TXN005125,CUS0709,2026-02-12,Electronics,2,1499.0,0.0,3997.33,Desktop,Referral,Completed
TXN005126,CUS0709,2025-11-24,Electronics,1,499.0,0.0,665.33,Desktop,Referral,Completed
TXN005127,CUS0709,2025-10-26,Fashion,3,1499.0,0.1,5396.4,Desktop,Referral,Completed
TXN005128,CUS0709,2025-09-27,Electronics,3,699.0,0.1,2516.4,Desktop,Referral,Completed
TXN005129,CUS0710,2026-02-07,Beauty,2,399.0,0.0,864.5,Desktop,Organic Search,Returned
TXN005130,CUS0710,2026-01-07,Electronics,3,499.0,0.0,1621.75,Desktop,Organic Search,Completed
TXN005131,CUS0710,2025-09-30,Home,2,999.0,0.15,1839.82,Desktop,Organic Search,Completed
TXN005132,CUS0710,2025-08-22,Fashion,2,1999.0,0.0,4331.17,Desktop,Organic Search,Completed
TXN005133,CUS0710,2025-08-16,Home,3,699.0,0.0,2271.75,Desktop,Organic Search,Completed
TXN005134,CUS0710,2025-08-02,Fashion,3,299.0,0.15,825.99,Desktop,Organic Search,Completed
TXN005135,CUS0710,2025-07-11,Fashion,3,399.0,0.0,1296.75,Desktop,Organic Search,Completed
TXN005136,CUS0710,2025-06-03,Fashion,2,1499.0,0.0,3247.83,Desktop,Organic Search,Completed
TXN005137,CUS0711,2025-12-14,Electronics,1,499.0,0.0,291.08,Desktop,Organic Search,Completed
TXN005138,CUS0711,2025-08-29,Sports,1,699.0,0.2,326.2,Desktop,Organic Search,Completed
TXN005139,CUS0712,2026-07-06,Electronics,1,399.0,0.0,532.0,Mobile,Email,Completed
TXN005140,CUS0712,2026-05-23,Home,1,499.0,0.0,665.33,Mobile,Email,Returned
TXN005141,CUS0712,2026-02-15,Electronics,1,999.0,0.15,1132.2,Desktop,Email,Cancelled
TXN005142,CUS0712,2026-01-04,Electronics,2,1999.0,0.0,5330.67,Desktop,Email,Completed
TXN005143,CUS0712,2025-12-17,Electronics,1,999.0,0.0,1332.0,Mobile,Email,Completed
TXN005144,CUS0712,2025-12-12,Home,1,999.0,0.0,1332.0,Mobile,Email,Completed
TXN005145,CUS0712,2025-12-12,Home,3,1499.0,0.0,5996.0,Mobile,Email,Completed
TXN005146,CUS0712,2025-11-22,Electronics,2,399.0,0.1,957.6,Desktop,Email,Completed
TXN005147,CUS0712,2025-11-03,Electronics,2,399.0,0.0,1064.0,Mobile,Email,Completed
TXN005148,CUS0712,2025-10-21,Fashion,1,1999.0,0.05,2532.07,Mobile,Email,Completed
TXN005149,CUS0712,2025-10-04,Sports,2,499.0,0.1,1197.6,Mobile,Email,Cancelled
TXN005150,CUS0712,2025-09-18,Electronics,3,299.0,0.0,1196.0,Mobile,Email,Completed
TXN005151,CUS0712,2025-09-17,Beauty,2,499.0,0.0,1330.67,Mobile,Email,Completed
TXN005152,CUS0713,2026-06-22,Sports,2,999.0,0.0,1831.5,Desktop,Referral,Completed
TXN005153,CUS0713,2026-06-10,Beauty,1,699.0,0.15,544.64,Desktop,Referral,Returned
TXN005154,CUS0713,2026-05-21,Beauty,3,999.0,0.0,2747.25,Desktop,Referral,Completed
TXN005155,CUS0713,2026-02-18,Sports,3,1499.0,0.05,3916.14,Desktop,Referral,Completed
TXN005156,CUS0713,2025-12-22,Beauty,2,1999.0,0.0,3664.83,Desktop,Referral,Completed
TXN005157,CUS0713,2025-11-14,Beauty,1,1999.0,0.0,1832.42,Desktop,Referral,Completed
TXN005158,CUS0714,2026-06-02,Fashion,2,499.0,0.0,1081.17,Desktop,Organic Search,Completed
TXN005159,CUS0714,2026-05-08,Home,1,1999.0,0.0,2165.58,Mobile,Organic Search,Returned
TXN005160,CUS0714,2026-04-12,Home,2,299.0,0.2,518.27,Mobile,Organic Search,Returned
TXN005161,CUS0714,2026-03-13,Home,3,699.0,0.0,2271.75,Mobile,Organic Search,Completed
TXN005162,CUS0714,2026-01-24,Home,2,999.0,0.1,1948.05,Mobile,Organic Search,Completed
TXN005163,CUS0714,2025-12-11,Home,3,699.0,0.0,2271.75,Mobile,Organic Search,Completed
TXN005164,CUS0714,2025-11-14,Home,1,299.0,0.0,323.92,Mobile,Organic Search,Completed
TXN005165,CUS0714,2025-10-24,Home,1,999.0,0.0,1082.25,Mobile,Organic Search,Completed
TXN005166,CUS0714,2025-08-21,Home,3,499.0,0.0,1621.75,Mobile,Organic Search,Completed
TXN005167,CUS0715,2026-08-16,Fashion,1,1499.0,0.15,955.61,Tablet,Direct,Completed
TXN005168,CUS0715,2026-07-05,Beauty,2,999.0,0.0,1498.5,Desktop,Direct,Returned
TXN005169,CUS0715,2026-04-30,Beauty,2,299.0,0.0,448.5,Desktop,Direct,Completed
TXN005170,CUS0716,2026-08-04,Sports,1,999.0,0.0,1332.0,Mobile,Email,Completed
TXN005171,CUS0716,2026-07-03,Sports,1,699.0,0.0,932.0,Mobile,Email,Completed
TXN005172,CUS0716,2026-06-20,Sports,3,1999.0,0.0,7996.0,Mobile,Email,Completed
TXN005173,CUS0716,2026-04-03,Sports,1,1499.0,0.0,1998.67,Mobile,Email,Completed
TXN005174,CUS0716,2026-01-08,Sports,1,1499.0,0.15,1698.87,Mobile,Email,Completed
TXN005175,CUS0716,2025-12-27,Sports,3,399.0,0.05,1516.2,Mobile,Email,Completed
TXN005176,CUS0716,2025-12-22,Sports,3,499.0,0.0,1996.0,Mobile,Email,Completed
TXN005177,CUS0716,2025-11-15,Sports,2,299.0,0.0,797.33,Mobile,Email,Completed
TXN005178,CUS0716,2025-11-14,Sports,2,699.0,0.2,1491.2,Mobile,Email,Completed
TXN005179,CUS0716,2025-11-03,Sports,3,399.0,0.0,1596.0,Mobile,Email,Completed
TXN005180,CUS0716,2025-10-20,Sports,3,1499.0,0.0,5996.0,Mobile,Email,Completed
TXN005181,CUS0717,2026-08-03,Home,2,699.0,0.0,1048.5,Tablet,Email,Completed
TXN005182,CUS0717,2026-06-03,Fashion,3,1999.0,0.0,4497.75,Mobile,Email,Cancelled
TXN005183,CUS0717,2026-03-10,Sports,2,1499.0,0.0,2248.5,Tablet,Email,Cancelled
TXN005184,CUS0718,2026-08-14,Fashion,3,399.0,0.2,877.8,Desktop,Organic Search,Completed
TXN005185,CUS0718,2026-08-14,Sports,2,699.0,0.05,1217.42,Desktop,Organic Search,Completed
TXN005186,CUS0718,2026-05-31,Sports,3,399.0,0.0,1097.25,Desktop,Organic Search,Returned
TXN005187,CUS0719,2026-06-24,Electronics,1,499.0,0.0,540.58,Mobile,Social Media,Completed
TXN005188,CUS0719,2026-03-06,Electronics,2,399.0,0.0,864.5,Mobile,Social Media,Completed
TXN005189,CUS0719,2026-01-15,Electronics,2,299.0,0.0,647.83,Tablet,Social Media,Completed
TXN005190,CUS0719,2025-12-08,Sports,3,1499.0,0.0,4871.75,Mobile,Social Media,Completed
TXN005191,CUS0719,2025-11-19,Fashion,3,499.0,0.15,1378.49,Tablet,Social Media,Completed
TXN005192,CUS0720,2026-07-07,Electronics,1,399.0,0.0,365.75,Desktop,Email,Completed
TXN005193,CUS0720,2026-06-30,Electronics,1,1999.0,0.1,1649.18,Desktop,Email,Completed
TXN005194,CUS0720,2026-05-15,Electronics,3,999.0,0.0,2747.25,Tablet,Email,Completed
TXN005195,CUS0720,2025-10-19,Electronics,3,699.0,0.0,1922.25,Desktop,Email,Completed
TXN005196,CUS0720,2025-09-25,Electronics,1,1499.0,0.0,1374.08,Desktop,Email,Completed
TXN005197,CUS0721,2026-08-15,Sports,2,699.0,0.0,3262.0,Desktop,Direct,Completed
TXN005198,CUS0721,2026-08-09,Home,2,1499.0,0.0,6995.33,Desktop,Direct,Completed
TXN005199,CUS0721,2026-07-27,Electronics,3,999.0,0.0,6993.0,Desktop,Direct,Completed
TXN005200,CUS0721,2026-07-20,Fashion,3,699.0,0.2,3914.4,Desktop,Direct,Completed
TXN005201,CUS0721,2026-07-14,Electronics,3,699.0,0.0,4893.0,Desktop,Direct,Completed
TXN005202,CUS0721,2026-07-12,Electronics,3,1999.0,0.1,12593.7,Desktop,Direct,Completed
TXN005203,CUS0721,2026-07-06,Electronics,3,399.0,0.0,2793.0,Desktop,Direct,Completed
TXN005204,CUS0721,2026-06-15,Fashion,3,399.0,0.0,2793.0,Desktop,Direct,Returned
TXN005205,CUS0721,2026-06-13,Electronics,2,399.0,0.0,1862.0,Desktop,Direct,Completed
TXN005206,CUS0721,2026-06-11,Fashion,1,999.0,0.0,2331.0,Desktop,Direct,Completed
TXN005207,CUS0721,2026-06-11,Electronics,3,399.0,0.0,2793.0,Desktop,Direct,Completed
TXN005208,CUS0721,2026-06-06,Home,1,699.0,0.0,1631.0,Desktop,Direct,Completed
TXN005209,CUS0721,2026-05-10,Electronics,3,299.0,0.1,1883.7,Desktop,Direct,Completed
TXN005210,CUS0721,2026-03-21,Electronics,2,1499.0,0.05,6645.57,Desktop,Direct,Completed
TXN005211,CUS0721,2026-01-30,Fashion,3,399.0,0.0,2793.0,Desktop,Direct,Completed
TXN005212,CUS0721,2026-01-09,Electronics,2,699.0,0.2,2609.6,Desktop,Direct,Cancelled
TXN005213,CUS0721,2025-11-25,Electronics,2,699.0,0.0,3262.0,Desktop,Direct,Completed
TXN005214,CUS0721,2025-10-24,Electronics,3,1999.0,0.0,13993.0,Desktop,Direct,Completed
TXN005215,CUS0722,2026-03-16,Electronics,1,499.0,0.0,291.08,Mobile,Social Media,Completed
TXN005216,CUS0722,2025-10-30,Electronics,3,699.0,0.0,1223.25,Mobile,Social Media,Returned
TXN005217,CUS0723,2026-02-13,Beauty,1,999.0,0.0,582.75,Desktop,Direct,Returned
TXN005218,CUS0723,2025-07-17,Beauty,1,1999.0,0.0,1166.08,Desktop,Direct,Completed
TXN005219,CUS0723,2025-05-22,Beauty,1,399.0,0.0,232.75,Desktop,Direct,Completed
TXN005220,CUS0723,2025-05-04,Beauty,2,1999.0,0.05,2215.56,Desktop,Direct,Completed
TXN005221,CUS0724,2026-08-09,Sports,3,1999.0,0.2,11194.4,Mobile,Email,Completed
TXN005222,CUS0724,2026-08-01,Sports,2,299.0,0.0,1395.33,Mobile,Email,Completed
TXN005223,CUS0724,2026-07-21,Electronics,2,299.0,0.0,1395.33,Desktop,Email,Returned
TXN005224,CUS0724,2026-06-14,Sports,2,399.0,0.0,1862.0,Mobile,Email,Completed
TXN005225,CUS0724,2026-06-06,Sports,3,699.0,0.0,4893.0,Tablet,Email,Completed
TXN005226,CUS0724,2026-05-19,Sports,1,499.0,0.0,1164.33,Desktop,Email,Completed
TXN005227,CUS0724,2026-05-11,Fashion,1,1999.0,0.0,4664.33,Mobile,Email,Completed
TXN005228,CUS0724,2026-04-10,Sports,2,299.0,0.0,1395.33,Mobile,Email,Completed
TXN005229,CUS0724,2026-03-22,Sports,2,1999.0,0.05,8862.23,Mobile,Email,Completed
TXN005230,CUS0724,2026-02-19,Sports,2,1499.0,0.0,6995.33,Mobile,Email,Completed
TXN005231,CUS0724,2026-01-28,Fashion,3,399.0,0.05,2653.35,Tablet,Email,Completed
TXN005232,CUS0724,2026-01-10,Sports,1,299.0,0.0,697.67,Mobile,Email,Completed
TXN005233,CUS0724,2026-01-06,Sports,2,999.0,0.0,4662.0,Mobile,Email,Completed
TXN005234,CUS0724,2025-12-26,Sports,3,699.0,0.05,4648.35,Desktop,Email,Completed
TXN005235,CUS0724,2025-12-07,Sports,3,1499.0,0.0,10493.0,Mobile,Email,Returned
TXN005236,CUS0724,2025-11-22,Sports,2,299.0,0.0,1395.33,Mobile,Email,Completed
TXN005237,CUS0724,2025-11-20,Sports,2,1499.0,0.0,6995.33,Mobile,Email,Completed
TXN005238,CUS0724,2025-11-11,Home,1,499.0,0.0,1164.33,Mobile,Email,Completed
TXN005239,CUS0725,2026-07-06,Sports,2,699.0,0.1,1677.6,Desktop,Direct,Completed
TXN005240,CUS0725,2026-06-13,Sports,1,1999.0,0.0,2665.33,Desktop,Direct,Completed
TXN005241,CUS0725,2026-05-08,Sports,3,699.0,0.0,2796.0,Desktop,Direct,Completed
TXN005242,CUS0725,2026-04-03,Electronics,2,1999.0,0.0,5330.67,Desktop,Direct,Completed
TXN005243,CUS0725,2026-01-24,Sports,2,999.0,0.15,2264.4,Desktop,Direct,Completed
TXN005244,CUS0725,2026-01-12,Sports,2,999.0,0.0,2664.0,Desktop,Direct,Completed
TXN005245,CUS0725,2025-12-09,Sports,2,499.0,0.0,1330.67,Desktop,Direct,Cancelled
TXN005246,CUS0725,2025-11-29,Sports,1,299.0,0.0,398.67,Desktop,Direct,Returned
TXN005247,CUS0725,2025-11-08,Home,3,699.0,0.2,2236.8,Desktop,Direct,Completed
TXN005248,CUS0725,2025-11-07,Sports,3,999.0,0.0,3996.0,Desktop,Direct,Completed
TXN005249,CUS0725,2025-10-24,Sports,1,399.0,0.0,532.0,Desktop,Direct,Completed
TXN005250,CUS0725,2025-10-22,Home,3,1999.0,0.0,7996.0,Desktop,Direct,Completed
TXN005251,CUS0725,2025-10-10,Home,3,699.0,0.1,2516.4,Desktop,Direct,Completed
TXN005252,CUS0726,2026-07-08,Home,1,399.0,0.0,532.0,Desktop,Paid Ads,Completed
TXN005253,CUS0726,2026-06-02,Electronics,3,1999.0,0.0,7996.0,Desktop,Paid Ads,Completed
TXN005254,CUS0726,2026-04-20,Fashion,3,699.0,0.15,2376.6,Desktop,Paid Ads,Completed
TXN005255,CUS0726,2026-04-02,Fashion,1,699.0,0.0,932.0,Desktop,Paid Ads,Completed
TXN005256,CUS0726,2026-03-10,Beauty,3,499.0,0.15,1696.6,Desktop,Paid Ads,Completed
TXN005257,CUS0726,2025-12-31,Fashion,1,299.0,0.0,398.67,Desktop,Paid Ads,Completed
TXN005258,CUS0726,2025-12-30,Fashion,1,499.0,0.2,532.27,Desktop,Paid Ads,Completed
TXN005259,CUS0726,2025-11-18,Beauty,2,999.0,0.1,2397.6,Desktop,Paid Ads,Completed
TXN005260,CUS0726,2025-10-24,Fashion,1,999.0,0.0,1332.0,Desktop,Paid Ads,Completed
TXN005261,CUS0726,2025-10-16,Beauty,1,299.0,0.0,398.67,Desktop,Paid Ads,Completed
TXN005262,CUS0726,2025-09-22,Home,1,999.0,0.0,1332.0,Desktop,Paid Ads,Completed
TXN005263,CUS0727,2026-07-16,Home,2,1499.0,0.0,1748.83,Desktop,Referral,Cancelled
TXN005264,CUS0728,2025-09-29,Electronics,1,1999.0,0.0,1166.08,Mobile,Organic Search,Completed
TXN005265,CUS0728,2024-12-19,Electronics,3,399.0,0.0,698.25,Tablet,Organic Search,Completed
TXN005266,CUS0729,2026-08-16,Electronics,1,1499.0,0.0,3497.67,Desktop,Organic Search,Completed
TXN005267,CUS0729,2026-08-14,Electronics,3,399.0,0.0,2793.0,Desktop,Organic Search,Completed
TXN005268,CUS0729,2026-07-30,Electronics,1,999.0,0.0,2331.0,Desktop,Organic Search,Completed
TXN005269,CUS0729,2026-04-08,Electronics,2,399.0,0.0,1862.0,Desktop,Organic Search,Completed
TXN005270,CUS0729,2026-02-28,Electronics,2,299.0,0.0,1395.33,Desktop,Organic Search,Completed
TXN005271,CUS0729,2026-02-13,Electronics,2,699.0,0.0,3262.0,Desktop,Organic Search,Completed
TXN005272,CUS0729,2026-02-07,Home,1,699.0,0.0,1631.0,Desktop,Organic Search,Completed
TXN005273,CUS0729,2026-01-27,Sports,3,499.0,0.0,3493.0,Desktop,Organic Search,Completed
TXN005274,CUS0729,2026-01-25,Electronics,3,1499.0,0.0,10493.0,Desktop,Organic Search,Completed
TXN005275,CUS0729,2026-01-17,Electronics,1,999.0,0.0,2331.0,Desktop,Organic Search,Cancelled
TXN005276,CUS0729,2026-01-17,Home,2,999.0,0.0,4662.0,Desktop,Organic Search,Completed
TXN005277,CUS0729,2026-01-11,Electronics,3,999.0,0.0,6993.0,Desktop,Organic Search,Completed
TXN005278,CUS0729,2025-12-26,Fashion,3,999.0,0.2,5594.4,Desktop,Organic Search,Completed
TXN005279,CUS0729,2025-12-12,Electronics,3,299.0,0.0,2093.0,Desktop,Organic Search,Completed
TXN005280,CUS0729,2025-12-10,Electronics,2,499.0,0.0,2328.67,Desktop,Organic Search,Completed
TXN005281,CUS0729,2025-12-07,Beauty,1,499.0,0.0,1164.33,Desktop,Organic Search,Completed
TXN005282,CUS0729,2025-12-04,Sports,3,299.0,0.0,2093.0,Desktop,Organic Search,Completed
TXN005283,CUS0729,2025-11-21,Electronics,1,999.0,0.0,2331.0,Tablet,Organic Search,Completed
TXN005284,CUS0730,2026-08-18,Home,2,1499.0,0.0,2248.5,Desktop,Paid Ads,Completed
TXN005285,CUS0731,2026-07-26,Electronics,2,499.0,0.1,1197.6,Mobile,Organic Search,Completed
TXN005286,CUS0731,2026-07-06,Electronics,3,1499.0,0.0,5996.0,Mobile,Organic Search,Completed
TXN005287,CUS0731,2026-05-24,Electronics,3,499.0,0.0,1996.0,Mobile,Organic Search,Completed
TXN005288,CUS0731,2026-05-23,Home,3,299.0,0.0,1196.0,Mobile,Organic Search,Completed
TXN005289,CUS0731,2026-05-13,Fashion,2,499.0,0.0,1330.67,Mobile,Organic Search,Completed
TXN005290,CUS0731,2026-05-11,Electronics,3,699.0,0.15,2376.6,Desktop,Organic Search,Completed
TXN005291,CUS0731,2026-03-18,Electronics,1,999.0,0.0,1332.0,Desktop,Organic Search,Completed
TXN005292,CUS0731,2026-02-21,Electronics,1,299.0,0.0,398.67,Mobile,Organic Search,Completed
TXN005293,CUS0731,2026-01-22,Electronics,2,699.0,0.0,1864.0,Mobile,Organic Search,Completed
TXN005294,CUS0731,2026-01-18,Sports,3,1999.0,0.1,7196.4,Mobile,Organic Search,Completed
TXN005295,CUS0731,2025-12-31,Electronics,3,299.0,0.0,1196.0,Mobile,Organic Search,Completed
TXN005296,CUS0731,2025-12-06,Fashion,3,1999.0,0.2,6396.8,Mobile,Organic Search,Completed
TXN005297,CUS0731,2025-10-28,Sports,1,699.0,0.0,932.0,Mobile,Organic Search,Completed
TXN005298,CUS0732,2026-07-10,Home,2,1999.0,0.2,2931.87,Mobile,Paid Ads,Completed
TXN005299,CUS0732,2025-12-17,Home,3,1999.0,0.0,5497.25,Mobile,Paid Ads,Completed
TXN005300,CUS0732,2025-11-13,Fashion,1,1499.0,0.0,1374.08,Desktop,Paid Ads,Completed
TXN005301,CUS0733,2026-01-11,Electronics,3,299.0,0.0,523.25,Mobile,Email,Returned
TXN005302,CUS0733,2025-11-09,Electronics,3,699.0,0.0,1223.25,Mobile,Email,Completed
TXN005303,CUS0733,2025-05-05,Electronics,1,299.0,0.15,148.25,Mobile,Email,Completed
TXN005304,CUS0734,2026-08-08,Sports,2,499.0,0.05,2212.23,Mobile,Organic Search,Completed
TXN005305,CUS0734,2026-08-06,Sports,1,699.0,0.0,1631.0,Mobile,Organic Search,Completed
TXN005306,CUS0734,2026-08-03,Beauty,2,1999.0,0.0,9328.67,Mobile,Organic Search,Completed
TXN005307,CUS0734,2026-05-07,Home,3,399.0,0.0,2793.0,Mobile,Organic Search,Completed
TXN005308,CUS0734,2026-05-05,Sports,1,699.0,0.2,1304.8,Mobile,Organic Search,Completed
TXN005309,CUS0734,2026-05-02,Electronics,1,699.0,0.05,1549.45,Tablet,Organic Search,Completed
TXN005310,CUS0734,2026-04-30,Sports,2,1499.0,0.1,6295.8,Mobile,Organic Search,Completed
TXN005311,CUS0734,2026-04-28,Sports,3,1999.0,0.0,13993.0,Tablet,Organic Search,Completed
TXN005312,CUS0734,2026-03-28,Sports,1,699.0,0.0,1631.0,Mobile,Organic Search,Completed
TXN005313,CUS0734,2026-02-22,Sports,3,399.0,0.15,2374.05,Mobile,Organic Search,Completed
TXN005314,CUS0734,2026-02-06,Beauty,2,699.0,0.0,3262.0,Desktop,Organic Search,Completed
TXN005315,CUS0734,2026-01-20,Sports,3,699.0,0.0,4893.0,Mobile,Organic Search,Completed
TXN005316,CUS0734,2026-01-16,Electronics,1,1999.0,0.0,4664.33,Mobile,Organic Search,Completed
TXN005317,CUS0734,2026-01-14,Sports,3,1999.0,0.05,13293.35,Mobile,Organic Search,Completed
TXN005318,CUS0734,2025-12-29,Sports,3,1999.0,0.0,13993.0,Mobile,Organic Search,Completed
TXN005319,CUS0734,2025-11-22,Sports,2,399.0,0.0,1862.0,Mobile,Organic Search,Completed
TXN005320,CUS0734,2025-10-21,Sports,3,1999.0,0.0,13993.0,Mobile,Organic Search,Completed
TXN005321,CUS0734,2025-10-14,Sports,3,299.0,0.0,2093.0,Mobile,Organic Search,Completed
TXN005322,CUS0735,2026-07-31,Beauty,1,1499.0,0.0,1998.67,Mobile,Paid Ads,Completed
TXN005323,CUS0735,2026-07-20,Sports,2,999.0,0.0,2664.0,Mobile,Paid Ads,Completed
TXN005324,CUS0735,2026-06-24,Sports,2,399.0,0.0,1064.0,Mobile,Paid Ads,Completed
TXN005325,CUS0735,2026-06-05,Sports,3,499.0,0.2,1596.8,Mobile,Paid Ads,Completed
TXN005326,CUS0735,2026-04-15,Sports,2,699.0,0.05,1770.8,Mobile,Paid Ads,Completed
TXN005327,CUS0735,2026-04-09,Sports,3,299.0,0.0,1196.0,Mobile,Paid Ads,Completed
TXN005328,CUS0735,2026-02-28,Beauty,3,699.0,0.0,2796.0,Mobile,Paid Ads,Completed
TXN005329,CUS0735,2026-02-12,Sports,3,699.0,0.1,2516.4,Mobile,Paid Ads,Completed
TXN005330,CUS0735,2025-12-23,Sports,2,399.0,0.2,851.2,Mobile,Paid Ads,Completed
TXN005331,CUS0735,2025-12-10,Sports,2,699.0,0.0,1864.0,Mobile,Paid Ads,Completed
TXN005332,CUS0735,2025-12-09,Sports,1,1499.0,0.0,1998.67,Mobile,Paid Ads,Completed
TXN005333,CUS0736,2026-06-28,Sports,1,499.0,0.0,457.42,Desktop,Paid Ads,Returned
TXN005334,CUS0736,2026-04-11,Fashion,3,399.0,0.0,1097.25,Tablet,Paid Ads,Completed
TXN005335,CUS0736,2025-12-28,Home,2,999.0,0.0,1831.5,Desktop,Paid Ads,Completed
TXN005336,CUS0736,2025-11-04,Fashion,1,999.0,0.0,915.75,Desktop,Paid Ads,Completed
TXN005337,CUS0736,2025-10-27,Fashion,3,399.0,0.0,1097.25,Desktop,Paid Ads,Completed
TXN005338,CUS0737,2026-08-15,Beauty,1,299.0,0.0,274.08,Tablet,Referral,Completed
TXN005339,CUS0737,2026-06-27,Fashion,2,499.0,0.1,823.35,Tablet,Referral,Completed
TXN005340,CUS0737,2026-03-28,Sports,1,999.0,0.0,915.75,Tablet,Referral,Completed
TXN005341,CUS0737,2026-03-08,Sports,2,1999.0,0.0,3664.83,Tablet,Referral,Completed
TXN005342,CUS0737,2025-10-26,Sports,2,1499.0,0.0,2748.17,Tablet,Referral,Completed
TXN005343,CUS0738,2026-07-14,Sports,3,1999.0,0.0,6496.75,Mobile,Email,Completed
TXN005344,CUS0738,2026-07-13,Sports,3,1999.0,0.0,6496.75,Desktop,Email,Completed
TXN005345,CUS0738,2026-05-11,Electronics,2,699.0,0.0,1514.5,Mobile,Email,Cancelled
TXN005346,CUS0738,2026-05-06,Sports,1,1499.0,0.0,1623.92,Mobile,Email,Completed
TXN005347,CUS0738,2026-02-14,Sports,1,999.0,0.0,1082.25,Tablet,Email,Completed
TXN005348,CUS0738,2026-01-12,Sports,3,1999.0,0.0,6496.75,Mobile,Email,Completed
TXN005349,CUS0739,2026-08-15,Electronics,2,499.0,0.2,598.8,Desktop,Email,Completed
TXN005350,CUS0739,2025-12-26,Sports,2,399.0,0.0,598.5,Desktop,Email,Completed
TXN005351,CUS0740,2026-08-05,Sports,2,399.0,0.0,1064.0,Desktop,Social Media,Completed
TXN005352,CUS0740,2026-05-29,Sports,3,1999.0,0.0,7996.0,Desktop,Social Media,Completed
TXN005353,CUS0740,2026-05-24,Sports,1,299.0,0.1,358.8,Desktop,Social Media,Completed
TXN005354,CUS0740,2026-05-11,Sports,2,399.0,0.0,1064.0,Desktop,Social Media,Completed
TXN005355,CUS0740,2026-04-12,Sports,3,499.0,0.0,1996.0,Desktop,Social Media,Completed
TXN005356,CUS0740,2026-01-18,Beauty,3,399.0,0.0,1596.0,Desktop,Social Media,Completed
TXN005357,CUS0740,2026-01-15,Sports,1,499.0,0.0,665.33,Mobile,Social Media,Completed
TXN005358,CUS0740,2026-01-06,Sports,2,999.0,0.0,2664.0,Desktop,Social Media,Completed
TXN005359,CUS0740,2026-01-03,Sports,2,1499.0,0.0,3997.33,Desktop,Social Media,Completed
TXN005360,CUS0740,2025-12-23,Sports,2,1999.0,0.0,5330.67,Desktop,Social Media,Completed
TXN005361,CUS0740,2025-12-23,Sports,3,299.0,0.0,1196.0,Desktop,Social Media,Cancelled
TXN005362,CUS0740,2025-12-05,Sports,1,499.0,0.0,665.33,Desktop,Social Media,Completed
TXN005363,CUS0740,2025-12-04,Electronics,1,499.0,0.05,632.07,Desktop,Social Media,Completed
TXN005364,CUS0740,2025-10-25,Sports,3,499.0,0.0,1996.0,Desktop,Social Media,Returned
TXN005365,CUS0741,2026-08-01,Electronics,1,299.0,0.2,179.4,Tablet,Email,Completed
TXN005366,CUS0741,2026-05-11,Electronics,3,1999.0,0.1,4047.98,Desktop,Email,Returned
TXN005367,CUS0742,2026-02-20,Beauty,3,1999.0,0.0,3498.25,Desktop,Direct,Completed
TXN005368,CUS0743,2026-05-19,Fashion,2,399.0,0.0,864.5,Mobile,Referral,Completed
TXN005369,CUS0743,2026-05-14,Fashion,3,999.0,0.0,3246.75,Mobile,Referral,Completed
TXN005370,CUS0743,2026-04-10,Electronics,1,1999.0,0.0,2165.58,Mobile,Referral,Completed
TXN005371,CUS0743,2026-01-15,Fashion,3,1499.0,0.0,4871.75,Mobile,Referral,Completed
TXN005372,CUS0743,2026-01-12,Fashion,2,1999.0,0.0,4331.17,Mobile,Referral,Completed
TXN005373,CUS0743,2025-11-08,Fashion,3,499.0,0.2,1297.4,Mobile,Referral,Completed
TXN005374,CUS0744,2026-08-04,Home,2,1999.0,0.2,7462.93,Desktop,Social Media,Completed
TXN005375,CUS0744,2026-08-02,Home,2,399.0,0.2,1489.6,Desktop,Social Media,Completed
TXN005376,CUS0744,2026-06-12,Home,3,699.0,0.0,4893.0,Desktop,Social Media,Completed
TXN005377,CUS0744,2026-06-09,Home,3,1499.0,0.0,10493.0,Desktop,Social Media,Completed
TXN005378,CUS0744,2026-06-03,Home,2,999.0,0.0,4662.0,Desktop,Social Media,Completed
TXN005379,CUS0744,2026-05-18,Home,1,699.0,0.05,1549.45,Desktop,Social Media,Completed
TXN005380,CUS0744,2026-05-10,Home,3,399.0,0.0,2793.0,Desktop,Social Media,Completed
TXN005381,CUS0744,2026-05-08,Electronics,3,999.0,0.0,6993.0,Desktop,Social Media,Completed
TXN005382,CUS0744,2026-04-23,Fashion,1,999.0,0.0,2331.0,Desktop,Social Media,Cancelled
TXN005383,CUS0744,2026-04-20,Home,3,399.0,0.2,2234.4,Desktop,Social Media,Completed
TXN005384,CUS0744,2026-04-20,Home,3,999.0,0.0,6993.0,Desktop,Social Media,Completed
TXN005385,CUS0744,2026-04-17,Home,2,499.0,0.0,2328.67,Desktop,Social Media,Completed
TXN005386,CUS0744,2026-03-25,Home,1,499.0,0.0,1164.33,Desktop,Social Media,Cancelled
TXN005387,CUS0744,2026-03-17,Home,1,1499.0,0.2,2798.13,Desktop,Social Media,Completed
TXN005388,CUS0744,2026-03-02,Home,3,1999.0,0.0,13993.0,Desktop,Social Media,Completed
TXN005389,CUS0744,2026-02-28,Home,2,399.0,0.0,1862.0,Desktop,Social Media,Completed
TXN005390,CUS0744,2026-02-09,Electronics,1,1499.0,0.0,3497.67,Desktop,Social Media,Completed
TXN005391,CUS0744,2026-02-04,Fashion,3,1999.0,0.0,13993.0,Desktop,Social Media,Completed
TXN005392,CUS0744,2026-01-14,Home,1,999.0,0.0,2331.0,Desktop,Social Media,Cancelled
TXN005393,CUS0744,2025-12-17,Beauty,1,299.0,0.0,697.67,Desktop,Social Media,Completed
TXN005394,CUS0744,2025-12-14,Home,2,499.0,0.0,2328.67,Desktop,Social Media,Completed
TXN005395,CUS0744,2025-11-11,Home,2,1499.0,0.0,6995.33,Desktop,Social Media,Completed
TXN005396,CUS0744,2025-10-27,Home,1,999.0,0.0,2331.0,Mobile,Social Media,Completed
TXN005397,CUS0744,2025-10-16,Home,3,1499.0,0.0,10493.0,Desktop,Social Media,Completed
TXN005398,CUS0744,2025-10-11,Home,1,1499.0,0.0,3497.67,Desktop,Social Media,Completed
TXN005399,CUS0745,2025-12-11,Sports,2,299.0,0.0,348.83,Mobile,Social Media,Completed
TXN005400,CUS0745,2025-08-26,Beauty,1,699.0,0.0,407.75,Mobile,Social Media,Completed
TXN005401,CUS0745,2025-02-16,Sports,1,699.0,0.0,407.75,Mobile,Social Media,Returned
TXN005402,CUS0746,2026-08-06,Home,1,299.0,0.0,224.25,Mobile,Email,Completed
TXN005403,CUS0746,2026-04-30,Electronics,2,499.0,0.0,748.5,Mobile,Email,Completed
TXN005404,CUS0746,2026-04-28,Electronics,3,1499.0,0.0,3372.75,Mobile,Email,Completed
TXN005405,CUS0747,2026-01-12,Beauty,3,1499.0,0.0,4871.75,Mobile,Email,Completed
TXN005406,CUS0747,2025-12-04,Electronics,1,299.0,0.0,323.92,Desktop,Email,Completed
TXN005407,CUS0747,2025-09-25,Fashion,1,999.0,0.15,919.91,Mobile,Email,Completed
TXN005408,CUS0747,2025-08-13,Beauty,2,699.0,0.1,1363.05,Mobile,Email,Completed
TXN005409,CUS0747,2025-07-23,Home,2,1999.0,0.1,3898.05,Tablet,Email,Completed
TXN005410,CUS0747,2025-07-04,Beauty,2,1999.0,0.0,4331.17,Mobile,Email,Returned
TXN005411,CUS0747,2025-06-24,Beauty,3,1999.0,0.0,6496.75,Mobile,Email,Completed
TXN005412,CUS0747,2025-05-25,Beauty,2,1499.0,0.0,3247.83,Mobile,Email,Completed
TXN005413,CUS0747,2025-05-24,Home,1,999.0,0.0,1082.25,Mobile,Email,Completed
TXN005414,CUS0747,2025-04-23,Fashion,3,499.0,0.2,1297.4,Mobile,Email,Completed
TXN005415,CUS0748,2026-08-12,Sports,1,999.0,0.0,2331.0,Desktop,Direct,Returned
TXN005416,CUS0748,2026-08-12,Home,3,1999.0,0.0,13993.0,Desktop,Direct,Completed
TXN005417,CUS0748,2026-07-30,Fashion,2,1499.0,0.15,5946.03,Desktop,Direct,Completed
TXN005418,CUS0748,2026-07-14,Sports,3,699.0,0.1,4403.7,Desktop,Direct,Completed
TXN005419,CUS0748,2026-07-04,Electronics,1,699.0,0.0,1631.0,Desktop,Direct,Completed
TXN005420,CUS0748,2026-06-20,Sports,2,299.0,0.0,1395.33,Desktop,Direct,Returned
TXN005421,CUS0748,2026-06-13,Sports,3,999.0,0.0,6993.0,Desktop,Direct,Completed
TXN005422,CUS0748,2026-05-31,Beauty,2,699.0,0.0,3262.0,Desktop,Direct,Completed
TXN005423,CUS0748,2026-05-23,Fashion,2,399.0,0.1,1675.8,Desktop,Direct,Completed
TXN005424,CUS0748,2026-05-21,Sports,2,499.0,0.0,2328.67,Desktop,Direct,Completed
TXN005425,CUS0748,2026-04-19,Sports,2,999.0,0.0,4662.0,Desktop,Direct,Completed
TXN005426,CUS0748,2026-04-08,Home,2,499.0,0.2,1862.93,Desktop,Direct,Completed
TXN005427,CUS0748,2026-01-20,Sports,2,699.0,0.0,3262.0,Tablet,Direct,Completed
TXN005428,CUS0748,2026-01-19,Home,2,1499.0,0.0,6995.33,Tablet,Direct,Completed
TXN005429,CUS0748,2026-01-14,Beauty,2,399.0,0.1,1675.8,Desktop,Direct,Completed
TXN005430,CUS0748,2026-01-13,Sports,1,1999.0,0.15,3964.68,Desktop,Direct,Completed
TXN005431,CUS0748,2026-01-07,Sports,1,499.0,0.0,1164.33,Desktop,Direct,Completed
TXN005432,CUS0748,2026-01-05,Home,3,299.0,0.0,2093.0,Desktop,Direct,Completed
TXN005433,CUS0748,2025-11-04,Home,1,1499.0,0.0,3497.67,Desktop,Direct,Completed
TXN005434,CUS0748,2025-11-01,Beauty,3,699.0,0.0,4893.0,Desktop,Direct,Completed
TXN005435,CUS0749,2025-11-26,Fashion,3,1499.0,0.0,2623.25,Mobile,Paid Ads,Completed
TXN005436,CUS0749,2025-09-13,Electronics,2,999.0,0.0,1165.5,Desktop,Paid Ads,Completed
TXN005437,CUS0749,2025-07-06,Home,3,1499.0,0.0,2623.25,Desktop,Paid Ads,Completed
TXN005438,CUS0749,2025-05-24,Home,2,699.0,0.0,815.5,Desktop,Paid Ads,Completed
TXN005439,CUS0750,2026-08-18,Fashion,1,399.0,0.0,532.0,Mobile,Referral,Completed
TXN005440,CUS0750,2026-07-23,Sports,3,699.0,0.15,2376.6,Mobile,Referral,Completed
TXN005441,CUS0750,2026-07-18,Sports,2,1999.0,0.0,5330.67,Desktop,Referral,Returned
TXN005442,CUS0750,2026-06-19,Fashion,1,1499.0,0.0,1998.67,Mobile,Referral,Completed
TXN005443,CUS0750,2026-05-13,Fashion,2,699.0,0.0,1864.0,Mobile,Referral,Completed
TXN005444,CUS0750,2026-05-03,Fashion,1,399.0,0.0,532.0,Tablet,Referral,Completed
TXN005445,CUS0750,2025-12-04,Fashion,1,1499.0,0.15,1698.87,Mobile,Referral,Completed
TXN005446,CUS0750,2025-11-24,Fashion,2,299.0,0.0,797.33,Desktop,Referral,Completed
TXN005447,CUS0750,2025-11-02,Fashion,1,499.0,0.0,665.33,Mobile,Referral,Completed
TXN005448,CUS0751,2026-06-24,Fashion,2,1499.0,0.0,2748.17,Desktop,Organic Search,Completed
TXN005449,CUS0751,2026-04-22,Fashion,2,1999.0,0.0,3664.83,Tablet,Organic Search,Completed
TXN005450,CUS0751,2026-03-21,Fashion,2,1999.0,0.0,3664.83,Tablet,Organic Search,Completed
TXN005451,CUS0751,2026-03-06,Home,1,499.0,0.0,457.42,Tablet,Organic Search,Completed
TXN005452,CUS0752,2026-02-23,Beauty,1,699.0,0.0,757.25,Desktop,Email,Completed
TXN005453,CUS0752,2026-01-22,Beauty,2,499.0,0.0,1081.17,Desktop,Email,Completed
TXN005454,CUS0752,2025-09-26,Beauty,3,999.0,0.0,3246.75,Desktop,Email,Completed
TXN005455,CUS0752,2025-06-03,Electronics,2,1499.0,0.0,3247.83,Desktop,Email,Completed
TXN005456,CUS0752,2025-05-09,Beauty,1,399.0,0.0,432.25,Desktop,Email,Completed
TXN005457,CUS0753,2026-07-29,Home,2,399.0,0.2,585.2,Desktop,Referral,Completed
TXN005458,CUS0753,2026-04-23,Fashion,1,399.0,0.0,365.75,Desktop,Referral,Completed
TXN005459,CUS0753,2026-02-27,Fashion,3,499.0,0.0,1372.25,Desktop,Referral,Completed
TXN005460,CUS0754,2026-07-26,Beauty,3,399.0,0.0,1596.0,Desktop,Organic Search,Completed
TXN005461,CUS0754,2026-06-24,Sports,3,999.0,0.0,3996.0,Mobile,Organic Search,Completed
TXN005462,CUS0754,2026-06-11,Sports,2,499.0,0.0,1330.67,Mobile,Organic Search,Completed
TXN005463,CUS0754,2025-12-29,Sports,1,699.0,0.2,745.6,Mobile,Organic Search,Completed
TXN005464,CUS0754,2025-12-19,Sports,3,1499.0,0.0,5996.0,Mobile,Organic Search,Completed
TXN005465,CUS0754,2025-12-16,Sports,1,399.0,0.05,505.4,Mobile,Organic Search,Completed
TXN005466,CUS0754,2025-10-31,Sports,2,399.0,0.2,851.2,Mobile,Organic Search,Completed
TXN005467,CUS0754,2025-10-07,Beauty,1,499.0,0.0,665.33,Mobile,Organic Search,Completed
TXN005468,CUS0755,2026-07-11,Sports,2,699.0,0.0,1864.0,Mobile,Referral,Completed
TXN005469,CUS0755,2026-07-04,Sports,2,399.0,0.15,904.4,Mobile,Referral,Cancelled
TXN005470,CUS0755,2026-06-05,Sports,3,699.0,0.0,2796.0,Mobile,Referral,Completed
TXN005471,CUS0755,2026-05-25,Fashion,2,699.0,0.2,1491.2,Tablet,Referral,Completed
TXN005472,CUS0755,2026-05-21,Home,3,999.0,0.0,3996.0,Tablet,Referral,Completed
TXN005473,CUS0755,2026-05-20,Sports,2,499.0,0.0,1330.67,Mobile,Referral,Completed
TXN005474,CUS0755,2026-04-22,Fashion,3,1499.0,0.0,5996.0,Mobile,Referral,Completed
TXN005475,CUS0755,2026-03-15,Sports,1,699.0,0.0,932.0,Mobile,Referral,Completed
TXN005476,CUS0755,2026-01-17,Sports,3,999.0,0.1,3596.4,Mobile,Referral,Completed
TXN005477,CUS0755,2026-01-15,Home,2,999.0,0.0,2664.0,Mobile,Referral,Completed
TXN005478,CUS0755,2025-11-16,Beauty,2,299.0,0.0,797.33,Mobile,Referral,Completed
TXN005479,CUS0755,2025-11-15,Fashion,1,1499.0,0.2,1598.93,Mobile,Referral,Completed
TXN005480,CUS0756,2026-07-17,Electronics,1,1499.0,0.0,1998.67,Mobile,Social Media,Completed
TXN005481,CUS0756,2026-06-30,Electronics,1,999.0,0.0,1332.0,Desktop,Social Media,Completed
TXN005482,CUS0756,2026-04-23,Electronics,2,399.0,0.2,851.2,Mobile,Social Media,Completed
TXN005483,CUS0756,2026-04-20,Electronics,1,699.0,0.0,932.0,Mobile,Social Media,Completed
TXN005484,CUS0756,2026-03-24,Home,3,999.0,0.1,3596.4,Mobile,Social Media,Completed
TXN005485,CUS0756,2026-03-16,Fashion,2,999.0,0.2,2131.2,Mobile,Social Media,Completed
TXN005486,CUS0756,2026-02-28,Electronics,3,299.0,0.0,1196.0,Mobile,Social Media,Completed
TXN005487,CUS0756,2026-02-04,Electronics,2,399.0,0.0,1064.0,Mobile,Social Media,Completed
TXN005488,CUS0756,2025-12-17,Electronics,1,699.0,0.15,792.2,Mobile,Social Media,Completed
TXN005489,CUS0756,2025-12-13,Electronics,3,499.0,0.0,1996.0,Mobile,Social Media,Completed
TXN005490,CUS0756,2025-11-27,Electronics,3,999.0,0.0,3996.0,Mobile,Social Media,Completed
TXN005491,CUS0756,2025-09-28,Electronics,3,1499.0,0.2,4796.8,Mobile,Social Media,Completed
TXN005492,CUS0757,2026-08-19,Beauty,3,499.0,0.0,3493.0,Desktop,Referral,Completed
TXN005493,CUS0757,2026-08-14,Beauty,1,1999.0,0.0,4664.33,Tablet,Referral,Completed
TXN005494,CUS0757,2026-07-31,Beauty,3,1499.0,0.0,10493.0,Desktop,Referral,Completed
TXN005495,CUS0757,2026-07-10,Fashion,2,399.0,0.05,1768.9,Desktop,Referral,Completed
TXN005496,CUS0757,2026-06-16,Beauty,2,499.0,0.0,2328.67,Desktop,Referral,Completed
TXN005497,CUS0757,2026-06-16,Beauty,2,499.0,0.05,2212.23,Desktop,Referral,Completed
TXN005498,CUS0757,2026-05-26,Beauty,3,999.0,0.0,6993.0,Desktop,Referral,Completed
TXN005499,CUS0757,2026-04-10,Beauty,1,299.0,0.15,593.02,Tablet,Referral,Completed
TXN005500,CUS0757,2026-04-10,Beauty,2,499.0,0.0,2328.67,Desktop,Referral,Completed
TXN005501,CUS0757,2026-03-27,Beauty,2,1999.0,0.0,9328.67,Desktop,Referral,Completed
TXN005502,CUS0757,2026-03-27,Beauty,2,399.0,0.0,1862.0,Desktop,Referral,Cancelled
TXN005503,CUS0757,2026-03-26,Beauty,2,499.0,0.05,2212.23,Desktop,Referral,Completed
TXN005504,CUS0757,2026-03-09,Sports,3,1999.0,0.0,13993.0,Desktop,Referral,Completed
TXN005505,CUS0757,2026-02-26,Fashion,1,499.0,0.0,1164.33,Desktop,Referral,Completed
TXN005506,CUS0757,2026-02-21,Beauty,3,1499.0,0.2,8394.4,Desktop,Referral,Completed
TXN005507,CUS0757,2026-02-18,Beauty,3,299.0,0.2,1674.4,Desktop,Referral,Completed
TXN005508,CUS0757,2026-02-16,Beauty,3,1499.0,0.0,10493.0,Desktop,Referral,Completed
TXN005509,CUS0757,2026-01-19,Beauty,2,299.0,0.0,1395.33,Mobile,Referral,Completed
TXN005510,CUS0757,2026-01-01,Sports,1,999.0,0.0,2331.0,Desktop,Referral,Cancelled
TXN005511,CUS0757,2025-12-18,Beauty,2,1999.0,0.0,9328.67,Desktop,Referral,Completed
TXN005512,CUS0757,2025-12-09,Beauty,2,399.0,0.05,1768.9,Desktop,Referral,Completed
TXN005513,CUS0757,2025-12-04,Beauty,3,499.0,0.0,3493.0,Mobile,Referral,Completed
TXN005514,CUS0757,2025-11-30,Beauty,2,1499.0,0.0,6995.33,Desktop,Referral,Completed
TXN005515,CUS0757,2025-11-18,Sports,2,999.0,0.0,4662.0,Desktop,Referral,Completed
TXN005516,CUS0758,2026-08-05,Home,2,1499.0,0.0,3997.33,Mobile,Organic Search,Completed
TXN005517,CUS0758,2026-07-28,Fashion,1,299.0,0.15,338.87,Mobile,Organic Search,Completed
TXN005518,CUS0758,2026-07-05,Electronics,2,1499.0,0.0,3997.33,Mobile,Organic Search,Cancelled
TXN005519,CUS0758,2026-06-07,Fashion,1,1499.0,0.0,1998.67,Mobile,Organic Search,Completed
TXN005520,CUS0758,2026-05-22,Fashion,3,999.0,0.0,3996.0,Mobile,Organic Search,Completed
TXN005521,CUS0758,2025-12-31,Fashion,3,499.0,0.0,1996.0,Mobile,Organic Search,Completed
TXN005522,CUS0758,2025-12-07,Fashion,1,399.0,0.0,532.0,Mobile,Organic Search,Completed
TXN005523,CUS0758,2025-12-07,Fashion,3,499.0,0.0,1996.0,Mobile,Organic Search,Completed
TXN005524,CUS0759,2026-07-08,Fashion,2,1999.0,0.2,4264.53,Desktop,Referral,Completed
TXN005525,CUS0759,2026-04-24,Home,3,1999.0,0.0,7996.0,Mobile,Referral,Completed
TXN005526,CUS0759,2026-04-24,Beauty,2,699.0,0.15,1584.4,Mobile,Referral,Completed
TXN005527,CUS0759,2026-04-12,Home,2,1499.0,0.0,3997.33,Mobile,Referral,Completed
TXN005528,CUS0759,2026-04-04,Home,2,399.0,0.0,1064.0,Mobile,Referral,Returned
TXN005529,CUS0759,2026-03-06,Electronics,1,299.0,0.0,398.67,Mobile,Referral,Completed
TXN005530,CUS0759,2026-01-23,Home,2,699.0,0.1,1677.6,Tablet,Referral,Completed
TXN005531,CUS0759,2025-12-21,Electronics,3,399.0,0.0,1596.0,Mobile,Referral,Completed
TXN005532,CUS0759,2025-12-11,Home,1,1999.0,0.1,2398.8,Desktop,Referral,Completed
TXN005533,CUS0759,2025-11-01,Home,2,1999.0,0.0,5330.67,Mobile,Referral,Completed
TXN005534,CUS0759,2025-10-18,Home,3,999.0,0.0,3996.0,Mobile,Referral,Completed
TXN005535,CUS0759,2025-09-19,Home,3,999.0,0.05,3796.2,Mobile,Referral,Completed
TXN005536,CUS0759,2025-09-15,Home,2,699.0,0.05,1770.8,Mobile,Referral,Completed
TXN005537,CUS0760,2026-08-11,Electronics,3,1499.0,0.0,4122.25,Mobile,Email,Completed
TXN005538,CUS0760,2026-07-31,Fashion,1,999.0,0.05,869.96,Mobile,Email,Completed
TXN005539,CUS0760,2026-05-28,Electronics,2,699.0,0.0,1281.5,Mobile,Email,Returned
TXN005540,CUS0760,2026-05-17,Beauty,3,499.0,0.1,1235.02,Desktop,Email,Completed
TXN005541,CUS0760,2026-03-10,Electronics,3,1999.0,0.0,5497.25,Mobile,Email,Completed
TXN005542,CUS0760,2026-01-22,Fashion,2,499.0,0.0,914.83,Mobile,Email,Completed
TXN005543,CUS0761,2026-08-13,Fashion,2,999.0,0.0,1498.5,Mobile,Direct,Completed
TXN005544,CUS0761,2026-04-27,Fashion,1,399.0,0.0,299.25,Mobile,Direct,Completed
TXN005545,CUS0762,2026-08-07,Home,1,999.0,0.0,915.75,Mobile,Organic Search,Completed
TXN005546,CUS0762,2026-05-11,Home,2,699.0,0.15,1089.27,Mobile,Organic Search,Completed
TXN005547,CUS0762,2026-01-07,Home,2,1999.0,0.0,3664.83,Desktop,Organic Search,Returned
TXN005548,CUS0762,2025-11-17,Beauty,1,299.0,0.0,274.08,Mobile,Organic Search,Completed
TXN005549,CUS0762,2025-11-13,Home,3,499.0,0.0,1372.25,Mobile,Organic Search,Completed
TXN005550,CUS0762,2025-11-03,Home,2,1499.0,0.2,2198.53,Mobile,Organic Search,Completed
TXN005551,CUS0763,2026-07-24,Fashion,1,499.0,0.0,665.33,Mobile,Social Media,Cancelled
TXN005552,CUS0763,2026-06-21,Fashion,2,1999.0,0.15,4531.07,Mobile,Social Media,Completed
TXN005553,CUS0763,2026-03-14,Fashion,3,1999.0,0.0,7996.0,Mobile,Social Media,Completed
TXN005554,CUS0763,2026-02-17,Fashion,1,499.0,0.0,665.33,Mobile,Social Media,Completed
TXN005555,CUS0763,2026-02-01,Fashion,3,399.0,0.0,1596.0,Mobile,Social Media,Cancelled
TXN005556,CUS0763,2026-01-22,Fashion,3,999.0,0.2,3196.8,Mobile,Social Media,Completed
TXN005557,CUS0763,2025-11-04,Electronics,2,999.0,0.0,2664.0,Mobile,Social Media,Completed
TXN005558,CUS0763,2025-10-15,Fashion,1,1999.0,0.2,2132.27,Mobile,Social Media,Completed
TXN005559,CUS0763,2025-09-30,Fashion,3,1999.0,0.15,6796.6,Mobile,Social Media,Completed
TXN005560,CUS0764,2026-08-19,Fashion,1,1499.0,0.05,3322.78,Mobile,Email,Completed
TXN005561,CUS0764,2026-08-15,Electronics,3,1499.0,0.0,10493.0,Desktop,Email,Completed
TXN005562,CUS0764,2026-08-02,Sports,1,999.0,0.0,2331.0,Desktop,Email,Completed
TXN005563,CUS0764,2026-07-28,Beauty,3,999.0,0.0,6993.0,Desktop,Email,Returned
TXN005564,CUS0764,2026-07-21,Fashion,1,499.0,0.0,1164.33,Mobile,Email,Completed
TXN005565,CUS0764,2026-07-14,Beauty,2,999.0,0.1,4195.8,Desktop,Email,Completed
TXN005566,CUS0764,2026-05-20,Fashion,2,399.0,0.0,1862.0,Desktop,Email,Completed
TXN005567,CUS0764,2026-05-10,Fashion,1,1499.0,0.0,3497.67,Desktop,Email,Completed
TXN005568,CUS0764,2026-05-08,Home,1,399.0,0.0,931.0,Desktop,Email,Completed
TXN005569,CUS0764,2026-05-05,Fashion,3,1499.0,0.0,10493.0,Desktop,Email,Completed
TXN005570,CUS0764,2026-04-20,Fashion,1,399.0,0.0,931.0,Desktop,Email,Completed
TXN005571,CUS0764,2026-04-09,Fashion,1,399.0,0.0,931.0,Tablet,Email,Completed
TXN005572,CUS0764,2026-04-04,Beauty,1,1999.0,0.0,4664.33,Tablet,Email,Completed
TXN005573,CUS0764,2026-03-30,Fashion,3,1499.0,0.0,10493.0,Desktop,Email,Completed
TXN005574,CUS0764,2026-03-23,Sports,2,1499.0,0.0,6995.33,Desktop,Email,Completed
TXN005575,CUS0764,2026-03-10,Fashion,3,499.0,0.1,3143.7,Desktop,Email,Completed
TXN005576,CUS0764,2026-02-14,Fashion,3,699.0,0.0,4893.0,Desktop,Email,Completed
TXN005577,CUS0764,2026-01-09,Fashion,3,1499.0,0.0,10493.0,Desktop,Email,Completed
TXN005578,CUS0764,2025-11-24,Fashion,2,1499.0,0.0,6995.33,Desktop,Email,Cancelled
TXN005579,CUS0764,2025-11-15,Beauty,3,299.0,0.1,1883.7,Desktop,Email,Completed
TXN005580,CUS0764,2025-10-28,Fashion,1,999.0,0.0,2331.0,Desktop,Email,Completed
TXN005581,CUS0765,2026-08-09,Beauty,2,1999.0,0.1,2698.65,Mobile,Paid Ads,Completed
TXN005582,CUS0766,2026-05-24,Electronics,1,999.0,0.0,1082.25,Tablet,Organic Search,Completed
TXN005583,CUS0766,2026-05-07,Electronics,2,299.0,0.0,647.83,Tablet,Organic Search,Completed
TXN005584,CUS0766,2026-05-06,Electronics,3,1999.0,0.0,6496.75,Tablet,Organic Search,Completed
TXN005585,CUS0766,2026-05-05,Electronics,2,1999.0,0.0,4331.17,Tablet,Organic Search,Completed
TXN005586,CUS0766,2026-02-22,Electronics,1,499.0,0.0,540.58,Tablet,Organic Search,Completed
TXN005587,CUS0766,2025-08-06,Home,3,499.0,0.2,1297.4,Tablet,Organic Search,Returned
TXN005588,CUS0767,2026-07-13,Fashion,3,299.0,0.1,1076.4,Desktop,Email,Completed
TXN005589,CUS0767,2026-05-29,Fashion,2,1499.0,0.0,3997.33,Desktop,Email,Returned
TXN005590,CUS0767,2026-05-08,Home,1,299.0,0.0,398.67,Desktop,Email,Completed
TXN005591,CUS0767,2026-04-16,Home,2,299.0,0.0,797.33,Desktop,Email,Completed
TXN005592,CUS0767,2026-03-11,Electronics,3,999.0,0.1,3596.4,Desktop,Email,Completed
TXN005593,CUS0767,2026-03-02,Fashion,2,999.0,0.0,2664.0,Desktop,Email,Completed
TXN005594,CUS0767,2025-12-12,Fashion,2,299.0,0.0,797.33,Desktop,Email,Completed
TXN005595,CUS0767,2025-11-06,Home,2,1999.0,0.15,4531.07,Desktop,Email,Completed
TXN005596,CUS0767,2025-10-19,Home,1,499.0,0.0,665.33,Desktop,Email,Completed
TXN005597,CUS0767,2025-10-17,Beauty,3,399.0,0.05,1516.2,Desktop,Email,Completed
TXN005598,CUS0767,2025-10-16,Fashion,2,1499.0,0.0,3997.33,Mobile,Email,Completed
TXN005599,CUS0767,2025-09-22,Beauty,1,699.0,0.05,885.4,Desktop,Email,Completed
TXN005600,CUS0768,2026-08-08,Beauty,2,699.0,0.0,1048.5,Mobile,Referral,Completed
TXN005601,CUS0768,2025-11-17,Beauty,2,399.0,0.1,538.65,Mobile,Referral,Completed
TXN005602,CUS0769,2026-03-28,Beauty,1,299.0,0.0,323.92,Desktop,Paid Ads,Completed
TXN005603,CUS0769,2026-03-24,Fashion,2,399.0,0.0,864.5,Desktop,Paid Ads,Completed
TXN005604,CUS0769,2026-02-14,Fashion,1,399.0,0.0,432.25,Desktop,Paid Ads,Completed
TXN005605,CUS0769,2025-10-02,Beauty,1,299.0,0.0,323.92,Desktop,Paid Ads,Completed
TXN005606,CUS0769,2025-07-01,Sports,1,499.0,0.0,540.58,Desktop,Paid Ads,Completed
TXN005607,CUS0770,2026-08-13,Home,3,699.0,0.15,1336.84,Desktop,Organic Search,Cancelled
TXN005608,CUS0770,2026-05-21,Home,3,1499.0,0.0,3372.75,Desktop,Organic Search,Completed
TXN005609,CUS0771,2026-01-29,Electronics,1,699.0,0.0,407.75,Mobile,Paid Ads,Cancelled
TXN005610,CUS0772,2026-04-14,Home,3,699.0,0.0,1223.25,Desktop,Email,Completed
TXN005611,CUS0773,2026-07-27,Fashion,2,399.0,0.0,598.5,Desktop,Social Media,Completed
TXN005612,CUS0773,2025-12-31,Electronics,1,1499.0,0.0,1124.25,Desktop,Social Media,Completed
TXN005613,CUS0774,2026-05-23,Electronics,2,699.0,0.0,1514.5,Mobile,Direct,Cancelled
TXN005614,CUS0774,2026-03-21,Beauty,3,299.0,0.0,971.75,Mobile,Direct,Completed
TXN005615,CUS0774,2026-02-27,Sports,1,399.0,0.0,432.25,Mobile,Direct,Completed
TXN005616,CUS0774,2026-02-18,Sports,3,999.0,0.0,3246.75,Mobile,Direct,Completed
TXN005617,CUS0774,2026-01-26,Electronics,1,1499.0,0.0,1623.92,Mobile,Direct,Completed
TXN005618,CUS0774,2025-12-10,Electronics,3,999.0,0.1,2922.08,Mobile,Direct,Completed
TXN005619,CUS0774,2025-08-12,Sports,1,1999.0,0.0,2165.58,Mobile,Direct,Returned
TXN005620,CUS0775,2026-08-17,Fashion,1,1999.0,0.0,2665.33,Tablet,Referral,Completed
TXN005621,CUS0775,2026-07-29,Fashion,1,1999.0,0.0,2665.33,Tablet,Referral,Completed
TXN005622,CUS0775,2026-07-12,Fashion,3,999.0,0.1,3596.4,Tablet,Referral,Completed
TXN005623,CUS0775,2026-06-16,Fashion,3,499.0,0.0,1996.0,Tablet,Referral,Completed
TXN005624,CUS0775,2026-01-24,Fashion,1,399.0,0.0,532.0,Tablet,Referral,Completed
TXN005625,CUS0775,2026-01-18,Fashion,1,699.0,0.0,932.0,Tablet,Referral,Completed
TXN005626,CUS0775,2026-01-01,Fashion,3,299.0,0.0,1196.0,Tablet,Referral,Completed
TXN005627,CUS0775,2025-12-17,Fashion,3,499.0,0.0,1996.0,Tablet,Referral,Completed
TXN005628,CUS0775,2025-12-16,Fashion,3,299.0,0.0,1196.0,Tablet,Referral,Completed
TXN005629,CUS0775,2025-12-09,Fashion,1,399.0,0.0,532.0,Tablet,Referral,Completed
TXN005630,CUS0775,2025-11-24,Fashion,2,299.0,0.0,797.33,Tablet,Referral,Completed
TXN005631,CUS0775,2025-11-19,Fashion,1,1499.0,0.0,1998.67,Mobile,Referral,Completed
TXN005632,CUS0775,2025-11-05,Beauty,2,499.0,0.0,1330.67,Tablet,Referral,Completed
TXN005633,CUS0775,2025-10-30,Fashion,3,999.0,0.0,3996.0,Tablet,Referral,Completed
TXN005634,CUS0776,2026-08-13,Home,2,999.0,0.2,2131.2,Mobile,Paid Ads,Completed
TXN005635,CUS0776,2026-07-02,Electronics,2,399.0,0.0,1064.0,Mobile,Paid Ads,Completed
TXN005636,CUS0776,2026-07-01,Sports,1,699.0,0.1,838.8,Mobile,Paid Ads,Completed
TXN005637,CUS0776,2026-06-15,Sports,2,299.0,0.0,797.33,Tablet,Paid Ads,Completed
TXN005638,CUS0776,2026-05-26,Sports,3,999.0,0.0,3996.0,Tablet,Paid Ads,Completed
TXN005639,CUS0776,2026-05-17,Fashion,2,399.0,0.0,1064.0,Desktop,Paid Ads,Completed
TXN005640,CUS0776,2026-02-20,Sports,2,299.0,0.0,797.33,Mobile,Paid Ads,Completed
TXN005641,CUS0776,2026-01-08,Sports,1,699.0,0.0,932.0,Mobile,Paid Ads,Completed
TXN005642,CUS0776,2025-12-26,Fashion,2,399.0,0.05,1010.8,Tablet,Paid Ads,Completed
TXN005643,CUS0776,2025-11-26,Sports,1,699.0,0.05,885.4,Mobile,Paid Ads,Completed
TXN005644,CUS0776,2025-10-29,Sports,3,699.0,0.0,2796.0,Mobile,Paid Ads,Completed
TXN005645,CUS0777,2026-07-31,Sports,3,299.0,0.05,639.11,Mobile,Direct,Completed
TXN005646,CUS0777,2026-07-20,Fashion,1,699.0,0.05,498.04,Mobile,Direct,Completed
TXN005647,CUS0778,2026-05-06,Electronics,1,499.0,0.05,513.55,Mobile,Email,Completed
TXN005648,CUS0778,2026-01-06,Beauty,1,999.0,0.0,1082.25,Mobile,Email,Completed
TXN005649,CUS0778,2025-09-20,Electronics,1,399.0,0.0,432.25,Mobile,Email,Completed
TXN005650,CUS0778,2025-09-06,Electronics,2,999.0,0.0,2164.5,Mobile,Email,Completed
TXN005651,CUS0778,2025-07-28,Electronics,3,1499.0,0.0,4871.75,Mobile,Email,Completed
TXN005652,CUS0779,2026-05-08,Fashion,2,399.0,0.0,465.5,Mobile,Referral,Completed
TXN005653,CUS0779,2026-01-23,Home,2,299.0,0.0,348.83,Mobile,Referral,Completed
TXN005654,CUS0779,2025-12-07,Fashion,2,1999.0,0.0,2332.17,Mobile,Referral,Completed
TXN005655,CUS0780,2026-08-16,Beauty,1,499.0,0.0,665.33,Mobile,Paid Ads,Cancelled
TXN005656,CUS0780,2026-07-11,Beauty,3,1999.0,0.0,7996.0,Mobile,Paid Ads,Completed
TXN005657,CUS0780,2026-07-01,Beauty,2,999.0,0.0,2664.0,Mobile,Paid Ads,Completed
TXN005658,CUS0780,2026-06-20,Sports,3,1999.0,0.0,7996.0,Mobile,Paid Ads,Completed
TXN005659,CUS0780,2026-05-06,Sports,1,1499.0,0.0,1998.67,Tablet,Paid Ads,Completed
TXN005660,CUS0780,2026-04-03,Beauty,3,1499.0,0.15,5096.6,Mobile,Paid Ads,Completed
TXN005661,CUS0780,2026-03-23,Fashion,1,399.0,0.0,532.0,Mobile,Paid Ads,Completed
TXN005662,CUS0780,2026-03-17,Home,3,499.0,0.15,1696.6,Mobile,Paid Ads,Completed
TXN005663,CUS0780,2026-03-11,Beauty,2,1999.0,0.2,4264.53,Mobile,Paid Ads,Completed
TXN005664,CUS0780,2026-03-01,Beauty,1,999.0,0.0,1332.0,Mobile,Paid Ads,Completed
TXN005665,CUS0780,2026-01-30,Beauty,1,1999.0,0.0,2665.33,Mobile,Paid Ads,Completed
TXN005666,CUS0780,2026-01-25,Fashion,1,699.0,0.0,932.0,Mobile,Paid Ads,Completed
TXN005667,CUS0780,2026-01-04,Electronics,2,299.0,0.0,797.33,Mobile,Paid Ads,Completed
TXN005668,CUS0780,2025-11-07,Beauty,3,399.0,0.0,1596.0,Mobile,Paid Ads,Completed
TXN005669,CUS0781,2026-06-28,Electronics,3,499.0,0.0,1621.75,Mobile,Organic Search,Completed
TXN005670,CUS0781,2026-04-30,Beauty,2,499.0,0.0,1081.17,Mobile,Organic Search,Completed
TXN005671,CUS0781,2026-04-21,Beauty,1,299.0,0.0,323.92,Mobile,Organic Search,Cancelled
TXN005672,CUS0781,2026-03-10,Beauty,2,1499.0,0.2,2598.27,Mobile,Organic Search,Completed
TXN005673,CUS0781,2026-02-22,Beauty,3,399.0,0.0,1296.75,Mobile,Organic Search,Completed
TXN005674,CUS0781,2026-01-26,Beauty,2,499.0,0.15,918.99,Mobile,Organic Search,Completed
TXN005675,CUS0781,2026-01-09,Electronics,3,1999.0,0.0,6496.75,Mobile,Organic Search,Cancelled
TXN005676,CUS0781,2025-09-19,Fashion,2,1499.0,0.0,3247.83,Tablet,Organic Search,Completed
TXN005677,CUS0782,2026-07-09,Beauty,2,399.0,0.0,731.5,Mobile,Paid Ads,Returned
TXN005678,CUS0782,2026-04-05,Beauty,3,399.0,0.0,1097.25,Mobile,Paid Ads,Returned
TXN005679,CUS0782,2026-03-20,Beauty,1,499.0,0.15,388.8,Mobile,Paid Ads,Completed
TXN005680,CUS0782,2026-03-04,Fashion,1,699.0,0.15,544.64,Mobile,Paid Ads,Completed
TXN005681,CUS0782,2025-11-07,Beauty,2,399.0,0.15,621.78,Mobile,Paid Ads,Completed
TXN005682,CUS0782,2025-10-24,Beauty,2,399.0,0.1,658.35,Mobile,Paid Ads,Completed
TXN005683,CUS0783,2026-08-04,Home,2,499.0,0.0,1330.67,Tablet,Organic Search,Cancelled
TXN005684,CUS0783,2026-07-17,Home,3,499.0,0.15,1696.6,Tablet,Organic Search,Completed
TXN005685,CUS0783,2026-07-16,Beauty,3,1499.0,0.0,5996.0,Tablet,Organic Search,Completed
TXN005686,CUS0783,2026-07-13,Beauty,1,1499.0,0.0,1998.67,Tablet,Organic Search,Completed
TXN005687,CUS0783,2026-06-14,Home,2,399.0,0.0,1064.0,Tablet,Organic Search,Completed
TXN005688,CUS0783,2026-06-09,Beauty,2,499.0,0.0,1330.67,Tablet,Organic Search,Completed
TXN005689,CUS0783,2026-05-13,Beauty,2,1999.0,0.0,5330.67,Tablet,Organic Search,Completed
TXN005690,CUS0783,2026-04-10,Beauty,1,299.0,0.0,398.67,Tablet,Organic Search,Completed
TXN005691,CUS0783,2026-03-17,Beauty,1,399.0,0.0,532.0,Desktop,Organic Search,Completed
TXN005692,CUS0783,2026-02-14,Beauty,3,999.0,0.0,3996.0,Tablet,Organic Search,Completed
TXN005693,CUS0783,2025-12-24,Beauty,2,399.0,0.0,1064.0,Tablet,Organic Search,Completed
TXN005694,CUS0783,2025-12-18,Beauty,1,1999.0,0.0,2665.33,Tablet,Organic Search,Completed
TXN005695,CUS0783,2025-12-10,Beauty,3,1499.0,0.0,5996.0,Mobile,Organic Search,Completed
TXN005696,CUS0784,2025-09-24,Sports,2,699.0,0.0,815.5,Tablet,Paid Ads,Completed
TXN005697,CUS0784,2025-06-24,Sports,2,1499.0,0.0,1748.83,Tablet,Paid Ads,Completed
TXN005698,CUS0785,2026-07-04,Electronics,2,999.0,0.1,1948.05,Mobile,Referral,Completed
TXN005699,CUS0785,2026-06-16,Electronics,2,1499.0,0.0,3247.83,Mobile,Referral,Completed
TXN005700,CUS0785,2026-05-29,Beauty,2,1499.0,0.0,3247.83,Mobile,Referral,Completed
TXN005701,CUS0785,2026-05-11,Home,1,999.0,0.05,1028.14,Desktop,Referral,Completed
TXN005702,CUS0785,2026-01-16,Electronics,2,699.0,0.0,1514.5,Tablet,Referral,Returned
TXN005703,CUS0785,2026-01-10,Beauty,1,999.0,0.0,1082.25,Mobile,Referral,Cancelled
TXN005704,CUS0786,2026-08-01,Fashion,1,499.0,0.0,665.33,Mobile,Organic Search,Completed
TXN005705,CUS0786,2026-07-21,Sports,2,299.0,0.0,797.33,Mobile,Organic Search,Completed
TXN005706,CUS0786,2026-07-17,Fashion,2,399.0,0.15,904.4,Mobile,Organic Search,Completed
TXN005707,CUS0786,2026-05-24,Fashion,1,699.0,0.0,932.0,Mobile,Organic Search,Returned
TXN005708,CUS0786,2026-05-14,Fashion,2,499.0,0.0,1330.67,Mobile,Organic Search,Completed
TXN005709,CUS0786,2026-04-19,Home,1,1999.0,0.0,2665.33,Mobile,Organic Search,Completed
TXN005710,CUS0786,2026-04-03,Beauty,1,699.0,0.0,932.0,Mobile,Organic Search,Completed
TXN005711,CUS0786,2026-03-20,Fashion,3,1499.0,0.0,5996.0,Mobile,Organic Search,Completed
TXN005712,CUS0786,2026-02-05,Fashion,1,399.0,0.0,532.0,Mobile,Organic Search,Completed
TXN005713,CUS0786,2026-01-21,Fashion,2,699.0,0.0,1864.0,Tablet,Organic Search,Returned
TXN005714,CUS0786,2025-12-24,Sports,1,699.0,0.0,932.0,Mobile,Organic Search,Completed
TXN005715,CUS0786,2025-12-05,Sports,1,299.0,0.0,398.67,Mobile,Organic Search,Completed
TXN005716,CUS0786,2025-11-06,Fashion,3,999.0,0.0,3996.0,Mobile,Organic Search,Completed
TXN005717,CUS0786,2025-10-11,Fashion,2,499.0,0.0,1330.67,Mobile,Organic Search,Completed
TXN005718,CUS0787,2026-03-05,Electronics,1,499.0,0.0,291.08,Desktop,Paid Ads,Completed
TXN005719,CUS0787,2025-06-04,Beauty,2,399.0,0.0,465.5,Desktop,Paid Ads,Completed
TXN005720,CUS0788,2026-08-15,Sports,1,699.0,0.0,1631.0,Mobile,Direct,Completed
TXN005721,CUS0788,2026-06-24,Electronics,2,1499.0,0.0,6995.33,Desktop,Direct,Completed
TXN005722,CUS0788,2026-05-18,Home,2,299.0,0.0,1395.33,Mobile,Direct,Completed
TXN005723,CUS0788,2026-04-27,Fashion,1,1999.0,0.0,4664.33,Mobile,Direct,Completed
TXN005724,CUS0788,2026-04-22,Home,2,999.0,0.1,4195.8,Mobile,Direct,Completed
TXN005725,CUS0788,2026-03-06,Home,3,999.0,0.0,6993.0,Mobile,Direct,Cancelled
TXN005726,CUS0788,2026-03-04,Sports,3,999.0,0.0,6993.0,Mobile,Direct,Cancelled
TXN005727,CUS0788,2025-12-31,Electronics,1,499.0,0.15,989.68,Mobile,Direct,Completed
TXN005728,CUS0788,2025-12-24,Home,3,699.0,0.0,4893.0,Tablet,Direct,Completed
TXN005729,CUS0788,2025-12-22,Home,3,499.0,0.0,3493.0,Mobile,Direct,Cancelled
TXN005730,CUS0788,2025-11-28,Fashion,3,999.0,0.0,6993.0,Mobile,Direct,Completed
TXN005731,CUS0788,2025-10-27,Home,1,499.0,0.0,1164.33,Desktop,Direct,Completed
TXN005732,CUS0788,2025-10-26,Electronics,2,299.0,0.0,1395.33,Mobile,Direct,Completed
TXN005733,CUS0788,2025-10-23,Home,2,499.0,0.0,2328.67,Mobile,Direct,Completed
TXN005734,CUS0789,2026-08-18,Sports,2,1999.0,0.05,8862.23,Mobile,Paid Ads,Completed
TXN005735,CUS0789,2026-07-08,Home,2,699.0,0.0,3262.0,Mobile,Paid Ads,Completed
TXN005736,CUS0789,2026-06-28,Sports,2,399.0,0.0,1862.0,Mobile,Paid Ads,Completed
TXN005737,CUS0789,2026-06-17,Sports,1,399.0,0.0,931.0,Mobile,Paid Ads,Completed
TXN005738,CUS0789,2026-05-29,Home,3,499.0,0.0,3493.0,Desktop,Paid Ads,Completed
TXN005739,CUS0789,2026-04-14,Sports,2,1499.0,0.0,6995.33,Desktop,Paid Ads,Completed
TXN005740,CUS0789,2026-03-02,Sports,3,999.0,0.0,6993.0,Mobile,Paid Ads,Completed
TXN005741,CUS0789,2026-02-08,Sports,2,299.0,0.0,1395.33,Mobile,Paid Ads,Completed
TXN005742,CUS0789,2026-02-07,Home,3,1499.0,0.15,8919.05,Mobile,Paid Ads,Completed
TXN005743,CUS0789,2026-02-01,Sports,3,299.0,0.0,2093.0,Mobile,Paid Ads,Completed
TXN005744,CUS0789,2026-01-25,Sports,3,1499.0,0.0,10493.0,Desktop,Paid Ads,Completed
TXN005745,CUS0789,2026-01-09,Sports,3,299.0,0.0,2093.0,Mobile,Paid Ads,Completed
TXN005746,CUS0789,2026-01-02,Electronics,1,1499.0,0.0,3497.67,Mobile,Paid Ads,Completed
TXN005747,CUS0789,2025-12-09,Sports,2,299.0,0.0,1395.33,Mobile,Paid Ads,Completed
TXN005748,CUS0789,2025-10-23,Fashion,1,399.0,0.0,931.0,Mobile,Paid Ads,Completed
TXN005749,CUS0790,2026-08-14,Fashion,1,999.0,0.1,674.32,Desktop,Organic Search,Completed
TXN005750,CUS0791,2026-02-25,Sports,1,1499.0,0.0,874.42,Mobile,Email,Completed
TXN005751,CUS0791,2026-02-07,Home,1,299.0,0.0,174.42,Mobile,Email,Completed
TXN005752,CUS0791,2025-09-22,Home,1,699.0,0.05,387.36,Mobile,Email,Completed
TXN005753,CUS0791,2025-05-16,Home,3,399.0,0.0,698.25,Mobile,Email,Completed
TXN005754,CUS0792,2026-08-01,Sports,1,499.0,0.15,989.68,Desktop,Paid Ads,Completed
TXN005755,CUS0792,2026-07-02,Sports,1,1499.0,0.05,3322.78,Desktop,Paid Ads,Completed
TXN005756,CUS0792,2026-06-13,Sports,2,1999.0,0.0,9328.67,Desktop,Paid Ads,Completed
TXN005757,CUS0792,2026-03-26,Sports,2,399.0,0.1,1675.8,Tablet,Paid Ads,Completed
TXN005758,CUS0792,2026-03-23,Sports,1,499.0,0.15,989.68,Desktop,Paid Ads,Completed
TXN005759,CUS0792,2026-03-19,Sports,3,999.0,0.0,6993.0,Desktop,Paid Ads,Cancelled
TXN005760,CUS0792,2026-03-11,Sports,1,699.0,0.0,1631.0,Mobile,Paid Ads,Completed
TXN005761,CUS0792,2026-03-01,Sports,2,999.0,0.1,4195.8,Desktop,Paid Ads,Completed
TXN005762,CUS0792,2026-02-11,Sports,3,499.0,0.2,2794.4,Desktop,Paid Ads,Completed
TXN005763,CUS0792,2026-02-06,Sports,3,399.0,0.0,2793.0,Desktop,Paid Ads,Completed
TXN005764,CUS0792,2025-12-26,Sports,3,1499.0,0.05,9968.35,Desktop,Paid Ads,Completed
TXN005765,CUS0792,2025-12-18,Electronics,1,299.0,0.0,697.67,Desktop,Paid Ads,Completed
TXN005766,CUS0792,2025-12-11,Home,2,299.0,0.1,1255.8,Desktop,Paid Ads,Completed
TXN005767,CUS0792,2025-12-09,Sports,1,1999.0,0.0,4664.33,Desktop,Paid Ads,Completed
TXN005768,CUS0792,2025-11-05,Sports,2,499.0,0.0,2328.67,Mobile,Paid Ads,Completed
TXN005769,CUS0792,2025-10-23,Electronics,3,999.0,0.2,5594.4,Desktop,Paid Ads,Completed
TXN005770,CUS0793,2025-10-29,Beauty,2,1999.0,0.0,2332.17,Desktop,Direct,Completed
TXN005771,CUS0793,2025-07-31,Fashion,1,299.0,0.0,174.42,Desktop,Direct,Completed
TXN005772,CUS0794,2026-05-25,Home,1,1999.0,0.0,2165.58,Mobile,Organic Search,Returned
TXN005773,CUS0794,2026-05-19,Home,1,399.0,0.0,432.25,Mobile,Organic Search,Completed
TXN005774,CUS0794,2026-04-13,Home,3,1999.0,0.0,6496.75,Mobile,Organic Search,Completed
TXN005775,CUS0794,2026-04-03,Home,3,1499.0,0.0,4871.75,Mobile,Organic Search,Returned
TXN005776,CUS0794,2026-02-27,Electronics,2,699.0,0.0,1514.5,Mobile,Organic Search,Returned
TXN005777,CUS0794,2025-10-12,Home,3,499.0,0.0,1621.75,Mobile,Organic Search,Completed
TXN005778,CUS0794,2025-09-19,Home,3,1999.0,0.2,5197.4,Mobile,Organic Search,Completed
TXN005779,CUS0795,2026-08-08,Fashion,1,299.0,0.0,697.67,Mobile,Organic Search,Completed
TXN005780,CUS0795,2026-07-14,Fashion,3,1999.0,0.15,11894.05,Mobile,Organic Search,Returned
TXN005781,CUS0795,2026-06-18,Beauty,3,299.0,0.0,2093.0,Mobile,Organic Search,Completed
TXN005782,CUS0795,2026-06-13,Fashion,1,1999.0,0.0,4664.33,Mobile,Organic Search,Completed
TXN005783,CUS0795,2026-06-06,Fashion,1,399.0,0.0,931.0,Mobile,Organic Search,Completed
TXN005784,CUS0795,2026-05-17,Fashion,3,399.0,0.15,2374.05,Mobile,Organic Search,Completed
TXN005785,CUS0795,2026-05-10,Fashion,2,1999.0,0.15,7929.37,Mobile,Organic Search,Completed
TXN005786,CUS0795,2026-04-24,Fashion,1,999.0,0.2,1864.8,Mobile,Organic Search,Completed
TXN005787,CUS0795,2026-04-03,Fashion,2,299.0,0.0,1395.33,Mobile,Organic Search,Completed
TXN005788,CUS0795,2026-03-31,Fashion,1,499.0,0.0,1164.33,Mobile,Organic Search,Completed
TXN005789,CUS0795,2026-03-28,Fashion,3,399.0,0.0,2793.0,Mobile,Organic Search,Completed
TXN005790,CUS0795,2026-03-20,Home,2,299.0,0.0,1395.33,Mobile,Organic Search,Completed
TXN005791,CUS0795,2026-02-11,Electronics,3,399.0,0.0,2793.0,Mobile,Organic Search,Completed
TXN005792,CUS0795,2026-01-28,Sports,3,399.0,0.0,2793.0,Mobile,Organic Search,Completed
TXN005793,CUS0795,2026-01-26,Fashion,3,399.0,0.0,2793.0,Tablet,Organic Search,Completed
TXN005794,CUS0795,2026-01-14,Fashion,1,999.0,0.15,1981.35,Mobile,Organic Search,Completed
TXN005795,CUS0795,2026-01-14,Fashion,3,399.0,0.0,2793.0,Mobile,Organic Search,Completed
TXN005796,CUS0795,2025-12-22,Fashion,3,999.0,0.0,6993.0,Mobile,Organic Search,Completed
TXN005797,CUS0795,2025-12-16,Fashion,1,399.0,0.0,931.0,Mobile,Organic Search,Completed
TXN005798,CUS0795,2025-11-29,Fashion,2,299.0,0.0,1395.33,Mobile,Organic Search,Completed
TXN005799,CUS0795,2025-11-28,Fashion,3,499.0,0.0,3493.0,Mobile,Organic Search,Completed
TXN005800,CUS0795,2025-11-25,Fashion,1,1999.0,0.0,4664.33,Mobile,Organic Search,Completed
TXN005801,CUS0795,2025-11-19,Fashion,1,499.0,0.0,1164.33,Mobile,Organic Search,Completed
TXN005802,CUS0795,2025-10-21,Fashion,3,1499.0,0.0,10493.0,Tablet,Organic Search,Completed
TXN005803,CUS0795,2025-10-16,Fashion,1,1999.0,0.0,4664.33,Mobile,Organic Search,Completed
TXN005804,CUS0796,2026-07-12,Electronics,2,699.0,0.0,1281.5,Mobile,Direct,Completed
TXN005805,CUS0796,2026-06-04,Electronics,1,399.0,0.0,365.75,Tablet,Direct,Completed
TXN005806,CUS0796,2026-05-16,Electronics,3,699.0,0.2,1537.8,Mobile,Direct,Completed
TXN005807,CUS0797,2026-07-29,Sports,3,399.0,0.0,1097.25,Tablet,Email,Completed
TXN005808,CUS0797,2026-07-18,Electronics,1,1499.0,0.0,1374.08,Desktop,Email,Completed
TXN005809,CUS0797,2026-06-20,Electronics,2,499.0,0.0,914.83,Mobile,Email,Completed
TXN005810,CUS0797,2026-04-11,Electronics,3,299.0,0.2,657.8,Mobile,Email,Completed
TXN005811,CUS0797,2026-03-01,Home,2,499.0,0.0,914.83,Mobile,Email,Completed
TXN005812,CUS0797,2026-02-04,Electronics,2,499.0,0.0,914.83,Tablet,Email,Cancelled
TXN005813,CUS0798,2026-07-01,Home,3,1499.0,0.0,4122.25,Tablet,Email,Completed
TXN005814,CUS0798,2026-05-20,Home,1,299.0,0.15,232.97,Desktop,Email,Completed
TXN005815,CUS0798,2026-05-12,Home,1,399.0,0.05,347.46,Desktop,Email,Completed
TXN005816,CUS0798,2026-04-26,Fashion,3,499.0,0.1,1235.02,Mobile,Email,Completed
TXN005817,CUS0798,2025-10-14,Sports,1,299.0,0.0,274.08,Desktop,Email,Completed
TXN005818,CUS0799,2026-08-12,Home,3,999.0,0.0,3246.75,Tablet,Email,Completed
TXN005819,CUS0799,2026-07-07,Electronics,2,299.0,0.0,647.83,Desktop,Email,Completed
TXN005820,CUS0799,2026-05-01,Home,3,399.0,0.0,1296.75,Desktop,Email,Completed
TXN005821,CUS0799,2026-02-02,Home,3,1999.0,0.0,6496.75,Desktop,Email,Completed
TXN005822,CUS0799,2025-10-23,Electronics,1,699.0,0.15,643.66,Desktop,Email,Completed
TXN005823,CUS0800,2026-05-05,Electronics,3,699.0,0.0,2271.75,Mobile,Social Media,Completed
TXN005824,CUS0800,2026-03-31,Electronics,3,499.0,0.0,1621.75,Tablet,Social Media,Completed
TXN005825,CUS0800,2026-03-17,Sports,1,1999.0,0.0,2165.58,Mobile,Social Media,Completed
TXN005826,CUS0800,2026-02-23,Electronics,3,499.0,0.15,1378.49,Mobile,Social Media,Completed
TXN005827,CUS0800,2025-12-05,Sports,3,1999.0,0.0,6496.75,Mobile,Social Media,Completed
TXN005828,CUS0800,2025-12-05,Electronics,3,699.0,0.0,2271.75,Mobile,Social Media,Returned
TXN005829,CUS0800,2025-10-24,Electronics,3,699.0,0.0,2271.75,Desktop,Social Media,Completed
TXN005830,CUS0800,2025-10-07,Electronics,3,1499.0,0.05,4628.16,Mobile,Social Media,Completed
TXN005831,CUS0800,2025-08-30,Electronics,2,299.0,0.0,647.83,Mobile,Social Media,Completed
TXN005832,CUS0800,2025-07-26,Sports,3,299.0,0.0,971.75,Mobile,Social Media,Completed
TXN005833,CUS0801,2026-01-30,Fashion,3,1999.0,0.0,3498.25,Desktop,Email,Completed
TXN005834,CUS0801,2025-09-08,Sports,1,299.0,0.0,174.42,Desktop,Email,Completed
TXN005835,CUS0801,2025-07-20,Sports,2,499.0,0.15,494.84,Desktop,Email,Completed
TXN005836,CUS0801,2025-05-29,Fashion,3,999.0,0.0,1748.25,Desktop,Email,Completed
TXN005837,CUS0802,2026-08-03,Fashion,3,699.0,0.15,2376.6,Desktop,Email,Returned
TXN005838,CUS0802,2026-06-17,Home,1,1499.0,0.0,1998.67,Desktop,Email,Completed
TXN005839,CUS0802,2026-05-01,Fashion,1,1499.0,0.0,1998.67,Desktop,Email,Completed
TXN005840,CUS0802,2026-04-08,Home,3,1499.0,0.1,5396.4,Desktop,Email,Returned
TXN005841,CUS0802,2026-04-03,Electronics,3,299.0,0.2,956.8,Desktop,Email,Completed
TXN005842,CUS0802,2026-04-02,Home,3,499.0,0.0,1996.0,Desktop,Email,Completed
TXN005843,CUS0802,2026-01-09,Home,3,999.0,0.0,3996.0,Desktop,Email,Completed
TXN005844,CUS0802,2025-11-13,Home,2,699.0,0.2,1491.2,Desktop,Email,Returned
TXN005845,CUS0802,2025-10-27,Home,2,399.0,0.0,1064.0,Desktop,Email,Completed
TXN005846,CUS0802,2025-10-26,Sports,2,1999.0,0.0,5330.67,Desktop,Email,Completed
TXN005847,CUS0802,2025-10-10,Home,1,399.0,0.0,532.0,Desktop,Email,Completed
TXN005848,CUS0803,2026-01-01,Fashion,1,299.0,0.0,174.42,Mobile,Organic Search,Completed
TXN005849,CUS0803,2025-11-02,Beauty,2,999.0,0.0,1165.5,Desktop,Organic Search,Completed
TXN005850,CUS0804,2026-08-06,Home,3,399.0,0.0,897.75,Mobile,Direct,Completed
TXN005851,CUS0804,2026-03-28,Sports,2,399.0,0.0,598.5,Mobile,Direct,Cancelled
TXN005852,CUS0805,2026-07-06,Sports,1,999.0,0.0,1082.25,Mobile,Email,Completed
TXN005853,CUS0805,2026-06-11,Sports,1,1999.0,0.1,1949.02,Mobile,Email,Completed
TXN005854,CUS0805,2026-03-09,Sports,3,399.0,0.0,1296.75,Mobile,Email,Completed
TXN005855,CUS0805,2026-03-06,Sports,3,699.0,0.0,2271.75,Mobile,Email,Completed
TXN005856,CUS0805,2026-02-11,Sports,3,299.0,0.0,971.75,Mobile,Email,Returned
TXN005857,CUS0805,2026-01-01,Fashion,1,1999.0,0.0,2165.58,Mobile,Email,Returned
TXN005858,CUS0805,2025-11-04,Sports,1,699.0,0.1,681.52,Tablet,Email,Completed
TXN005859,CUS0805,2025-09-27,Home,3,399.0,0.0,1296.75,Mobile,Email,Completed
TXN005860,CUS0805,2025-09-14,Home,1,499.0,0.0,540.58,Tablet,Email,Completed
TXN005861,CUS0806,2026-05-03,Beauty,1,499.0,0.0,291.08,Tablet,Email,Completed
TXN005862,CUS0807,2026-01-28,Beauty,1,1499.0,0.0,874.42,Mobile,Referral,Completed
TXN005863,CUS0807,2025-11-15,Beauty,3,499.0,0.0,873.25,Mobile,Referral,Completed
TXN005864,CUS0807,2025-07-10,Beauty,3,1999.0,0.0,3498.25,Mobile,Referral,Completed
TXN005865,CUS0808,2026-07-20,Sports,2,499.0,0.0,1330.67,Mobile,Email,Completed
TXN005866,CUS0808,2026-07-20,Home,1,299.0,0.1,358.8,Mobile,Email,Completed
TXN005867,CUS0808,2026-04-06,Home,2,299.0,0.0,797.33,Tablet,Email,Completed
TXN005868,CUS0808,2026-03-14,Fashion,3,1999.0,0.15,6796.6,Tablet,Email,Returned
TXN005869,CUS0808,2026-02-26,Fashion,2,499.0,0.15,1131.07,Mobile,Email,Completed
TXN005870,CUS0808,2026-02-08,Home,2,1999.0,0.0,5330.67,Mobile,Email,Completed
TXN005871,CUS0808,2026-01-20,Home,3,399.0,0.0,1596.0,Mobile,Email,Completed
TXN005872,CUS0808,2025-12-20,Home,1,299.0,0.0,398.67,Mobile,Email,Completed
TXN005873,CUS0809,2026-07-30,Beauty,1,1999.0,0.0,1832.42,Desktop,Referral,Completed
TXN005874,CUS0809,2026-07-05,Sports,1,399.0,0.0,365.75,Tablet,Referral,Completed
TXN005875,CUS0809,2026-04-03,Sports,2,499.0,0.05,869.09,Tablet,Referral,Completed
TXN005876,CUS0809,2026-02-04,Sports,2,1499.0,0.1,2473.35,Tablet,Referral,Completed
TXN005877,CUS0809,2026-01-20,Fashion,3,499.0,0.1,1235.02,Tablet,Referral,Completed
TXN005878,CUS0810,2026-06-04,Sports,2,1999.0,0.0,2332.17,Mobile,Paid Ads,Completed
TXN005879,CUS0810,2026-02-07,Sports,1,1499.0,0.0,874.42,Mobile,Paid Ads,Completed
TXN005880,CUS0810,2025-11-28,Sports,3,699.0,0.0,1223.25,Mobile,Paid Ads,Completed
TXN005881,CUS0810,2025-09-04,Beauty,2,999.0,0.0,1165.5,Mobile,Paid Ads,Completed
TXN005882,CUS0811,2026-01-28,Sports,1,499.0,0.0,291.08,Desktop,Organic Search,Completed
TXN005883,CUS0812,2026-07-31,Sports,1,699.0,0.0,524.25,Mobile,Email,Completed
TXN005884,CUS0812,2026-07-25,Electronics,2,699.0,0.2,838.8,Mobile,Email,Completed
TXN005885,CUS0812,2026-05-27,Beauty,2,499.0,0.0,748.5,Mobile,Email,Completed
TXN005886,CUS0813,2026-06-01,Fashion,1,1499.0,0.0,874.42,Mobile,Referral,Completed
TXN005887,CUS0813,2026-05-21,Home,2,699.0,0.0,815.5,Tablet,Referral,Completed
TXN005888,CUS0813,2026-05-03,Fashion,1,299.0,0.0,174.42,Tablet,Referral,Completed
TXN005889,CUS0813,2026-02-07,Fashion,2,499.0,0.0,582.17,Mobile,Referral,Completed
TXN005890,CUS0814,2026-08-14,Electronics,3,399.0,0.2,718.2,Mobile,Referral,Completed
TXN005891,CUS0814,2026-01-01,Electronics,1,399.0,0.0,299.25,Mobile,Referral,Completed
TXN005892,CUS0814,2025-12-25,Electronics,1,299.0,0.05,213.04,Mobile,Referral,Completed
TXN005893,CUS0815,2026-07-26,Sports,1,299.0,0.0,224.25,Desktop,Email,Cancelled
TXN005894,CUS0815,2026-04-19,Sports,3,1999.0,0.0,4497.75,Desktop,Email,Completed
TXN005895,CUS0816,2026-06-21,Sports,1,399.0,0.0,432.25,Desktop,Email,Completed
TXN005896,CUS0816,2026-06-12,Beauty,1,1999.0,0.0,2165.58,Desktop,Email,Completed
TXN005897,CUS0816,2026-05-18,Sports,3,1499.0,0.0,4871.75,Tablet,Email,Completed
TXN005898,CUS0816,2026-04-08,Sports,3,499.0,0.0,1621.75,Desktop,Email,Completed
TXN005899,CUS0816,2026-04-04,Fashion,1,299.0,0.0,323.92,Desktop,Email,Completed
TXN005900,CUS0816,2026-03-22,Sports,2,299.0,0.0,647.83,Desktop,Email,Completed
TXN005901,CUS0816,2026-01-29,Sports,1,699.0,0.0,757.25,Desktop,Email,Completed
TXN005902,CUS0816,2025-11-27,Sports,2,999.0,0.0,2164.5,Desktop,Email,Completed
TXN005903,CUS0816,2025-09-30,Fashion,3,699.0,0.0,2271.75,Mobile,Email,Completed
TXN005904,CUS0816,2025-08-26,Home,2,1999.0,0.0,4331.17,Desktop,Email,Completed
TXN005905,CUS0817,2026-07-05,Beauty,1,399.0,0.0,365.75,Mobile,Referral,Completed
TXN005906,CUS0817,2026-07-01,Home,2,999.0,0.0,1831.5,Mobile,Referral,Completed
TXN005907,CUS0817,2026-06-25,Electronics,3,499.0,0.0,1372.25,Mobile,Referral,Completed
TXN005908,CUS0817,2026-03-17,Sports,3,499.0,0.2,1097.8,Mobile,Referral,Completed
TXN005909,CUS0817,2026-02-08,Beauty,3,299.0,0.0,822.25,Mobile,Referral,Completed
TXN005910,CUS0818,2026-08-11,Sports,1,999.0,0.0,749.25,Mobile,Social Media,Completed
TXN005911,CUS0819,2026-08-19,Sports,3,299.0,0.1,605.48,Mobile,Referral,Completed
TXN005912,CUS0819,2026-07-07,Beauty,2,999.0,0.0,1498.5,Desktop,Referral,Completed
TXN005913,CUS0819,2026-05-26,Home,3,499.0,0.0,1122.75,Tablet,Referral,Completed
TXN005914,CUS0820,2026-08-06,Fashion,2,499.0,0.0,748.5,Mobile,Referral,Completed
TXN005915,CUS0821,2026-07-21,Beauty,3,1499.0,0.15,5096.6,Tablet,Direct,Completed
TXN005916,CUS0821,2026-07-21,Beauty,1,999.0,0.0,1332.0,Mobile,Direct,Completed
TXN005917,CUS0821,2026-06-18,Beauty,3,1999.0,0.0,7996.0,Mobile,Direct,Completed
TXN005918,CUS0821,2026-04-29,Home,1,299.0,0.05,378.73,Mobile,Direct,Returned
TXN005919,CUS0821,2026-03-17,Home,1,499.0,0.0,665.33,Mobile,Direct,Completed
TXN005920,CUS0821,2026-03-05,Electronics,1,499.0,0.0,665.33,Mobile,Direct,Completed
TXN005921,CUS0821,2026-02-26,Beauty,1,999.0,0.0,1332.0,Mobile,Direct,Completed
TXN005922,CUS0821,2026-01-25,Beauty,1,1499.0,0.0,1998.67,Desktop,Direct,Completed
TXN005923,CUS0821,2026-01-06,Sports,1,699.0,0.0,932.0,Mobile,Direct,Completed
TXN005924,CUS0821,2025-12-06,Electronics,1,999.0,0.0,1332.0,Desktop,Direct,Completed
TXN005925,CUS0821,2025-11-22,Sports,1,999.0,0.0,1332.0,Mobile,Direct,Completed
TXN005926,CUS0821,2025-10-24,Beauty,2,699.0,0.0,1864.0,Mobile,Direct,Completed
TXN005927,CUS0822,2026-08-07,Beauty,2,999.0,0.15,3962.7,Desktop,Organic Search,Completed
TXN005928,CUS0822,2026-07-18,Beauty,1,499.0,0.0,1164.33,Desktop,Organic Search,Completed
TXN005929,CUS0822,2026-07-17,Electronics,2,699.0,0.0,3262.0,Desktop,Organic Search,Completed
TXN005930,CUS0822,2026-07-09,Fashion,3,399.0,0.0,2793.0,Desktop,Organic Search,Completed
TXN005931,CUS0822,2026-06-21,Beauty,2,1499.0,0.0,6995.33,Desktop,Organic Search,Completed
TXN005932,CUS0822,2026-06-10,Fashion,3,1999.0,0.0,13993.0,Desktop,Organic Search,Completed
TXN005933,CUS0822,2026-05-28,Beauty,2,999.0,0.1,4195.8,Desktop,Organic Search,Completed
TXN005934,CUS0822,2026-05-26,Beauty,2,1999.0,0.0,9328.67,Desktop,Organic Search,Completed
TXN005935,CUS0822,2026-05-22,Sports,1,1999.0,0.0,4664.33,Desktop,Organic Search,Completed
TXN005936,CUS0822,2026-04-27,Home,2,499.0,0.2,1862.93,Desktop,Organic Search,Completed
TXN005937,CUS0822,2026-03-24,Beauty,3,399.0,0.0,2793.0,Desktop,Organic Search,Completed
TXN005938,CUS0822,2026-02-23,Sports,1,1999.0,0.0,4664.33,Desktop,Organic Search,Completed
TXN005939,CUS0822,2026-02-08,Electronics,1,399.0,0.0,931.0,Desktop,Organic Search,Completed
TXN005940,CUS0822,2026-01-16,Beauty,1,1499.0,0.0,3497.67,Desktop,Organic Search,Completed
TXN005941,CUS0822,2026-01-05,Beauty,1,699.0,0.0,1631.0,Desktop,Organic Search,Completed
TXN005942,CUS0822,2025-12-12,Home,1,299.0,0.0,697.67,Desktop,Organic Search,Completed
TXN005943,CUS0822,2025-12-01,Beauty,3,499.0,0.0,3493.0,Desktop,Organic Search,Completed
TXN005944,CUS0822,2025-11-13,Fashion,1,299.0,0.0,697.67,Desktop,Organic Search,Completed
TXN005945,CUS0822,2025-11-04,Fashion,1,999.0,0.0,2331.0,Desktop,Organic Search,Completed
TXN005946,CUS0823,2026-05-05,Fashion,3,699.0,0.0,2271.75,Mobile,Paid Ads,Completed
TXN005947,CUS0823,2026-03-17,Fashion,2,399.0,0.0,864.5,Mobile,Paid Ads,Completed
TXN005948,CUS0823,2026-02-10,Fashion,2,1499.0,0.0,3247.83,Mobile,Paid Ads,Completed
TXN005949,CUS0823,2025-11-23,Fashion,1,1999.0,0.0,2165.58,Mobile,Paid Ads,Completed
TXN005950,CUS0823,2025-08-05,Fashion,1,699.0,0.05,719.39,Mobile,Paid Ads,Completed
TXN005951,CUS0823,2025-07-18,Beauty,2,299.0,0.0,647.83,Desktop,Paid Ads,Completed
TXN005952,CUS0824,2026-06-30,Electronics,3,299.0,0.15,698.91,Mobile,Organic Search,Completed
TXN005953,CUS0824,2026-06-09,Electronics,2,999.0,0.0,1831.5,Mobile,Organic Search,Completed
TXN005954,CUS0824,2026-03-04,Electronics,2,399.0,0.0,731.5,Mobile,Organic Search,Completed
TXN005955,CUS0824,2026-01-15,Fashion,2,699.0,0.0,1281.5,Mobile,Organic Search,Completed
TXN005956,CUS0824,2025-10-11,Electronics,2,1999.0,0.0,3664.83,Mobile,Organic Search,Completed
TXN005957,CUS0825,2026-08-06,Home,1,1499.0,0.0,1623.92,Mobile,Social Media,Completed
TXN005958,CUS0825,2026-06-30,Home,2,299.0,0.0,647.83,Mobile,Social Media,Completed
TXN005959,CUS0825,2026-06-09,Home,1,699.0,0.0,757.25,Mobile,Social Media,Completed
TXN005960,CUS0825,2026-03-13,Home,3,399.0,0.0,1296.75,Mobile,Social Media,Completed
TXN005961,CUS0825,2026-03-09,Home,3,1499.0,0.0,4871.75,Mobile,Social Media,Completed
TXN005962,CUS0825,2026-03-07,Home,1,299.0,0.0,323.92,Mobile,Social Media,Completed
TXN005963,CUS0825,2025-12-07,Beauty,3,499.0,0.0,1621.75,Mobile,Social Media,Completed
TXN005964,CUS0825,2025-10-12,Home,3,999.0,0.0,3246.75,Mobile,Social Media,Completed
TXN005965,CUS0826,2026-02-01,Fashion,1,1499.0,0.0,874.42,Mobile,Direct,Completed
TXN005966,CUS0826,2025-10-20,Beauty,1,999.0,0.0,582.75,Mobile,Direct,Cancelled
TXN005967,CUS0826,2025-08-03,Home,1,699.0,0.0,407.75,Mobile,Direct,Completed
TXN005968,CUS0827,2026-07-24,Home,2,999.0,0.2,2131.2,Desktop,Referral,Completed
TXN005969,CUS0827,2026-07-10,Home,2,1999.0,0.0,5330.67,Desktop,Referral,Completed
TXN005970,CUS0827,2026-07-10,Home,3,1999.0,0.0,7996.0,Desktop,Referral,Completed
TXN005971,CUS0827,2026-06-19,Home,3,499.0,0.0,1996.0,Desktop,Referral,Completed
TXN005972,CUS0827,2026-06-03,Electronics,1,299.0,0.0,398.67,Desktop,Referral,Completed
TXN005973,CUS0827,2026-04-02,Home,2,299.0,0.0,797.33,Desktop,Referral,Completed
TXN005974,CUS0827,2026-03-26,Home,3,399.0,0.1,1436.4,Desktop,Referral,Completed
TXN005975,CUS0827,2026-02-20,Home,1,1999.0,0.1,2398.8,Desktop,Referral,Completed
TXN005976,CUS0827,2026-02-13,Beauty,3,1499.0,0.0,5996.0,Desktop,Referral,Completed
TXN005977,CUS0827,2026-01-26,Home,1,399.0,0.0,532.0,Desktop,Referral,Completed
TXN005978,CUS0827,2026-01-14,Home,2,1499.0,0.0,3997.33,Desktop,Referral,Completed
TXN005979,CUS0827,2026-01-11,Home,2,1499.0,0.0,3997.33,Desktop,Referral,Completed
TXN005980,CUS0827,2025-12-16,Home,2,1499.0,0.0,3997.33,Desktop,Referral,Completed
TXN005981,CUS0827,2025-11-05,Sports,3,699.0,0.0,2796.0,Desktop,Referral,Completed
TXN005982,CUS0828,2026-07-09,Home,1,499.0,0.0,665.33,Mobile,Referral,Completed
TXN005983,CUS0828,2026-04-14,Beauty,1,1499.0,0.0,1998.67,Tablet,Referral,Completed
TXN005984,CUS0828,2026-03-18,Home,2,1999.0,0.0,5330.67,Mobile,Referral,Completed
TXN005985,CUS0828,2026-03-15,Home,1,499.0,0.1,598.8,Mobile,Referral,Completed
TXN005986,CUS0828,2026-03-11,Electronics,1,999.0,0.0,1332.0,Mobile,Referral,Completed
TXN005987,CUS0828,2026-01-22,Fashion,3,699.0,0.1,2516.4,Mobile,Referral,Completed
TXN005988,CUS0828,2025-12-30,Home,1,499.0,0.0,665.33,Mobile,Referral,Completed
TXN005989,CUS0828,2025-12-17,Sports,2,399.0,0.0,1064.0,Mobile,Referral,Completed
TXN005990,CUS0828,2025-12-15,Home,1,399.0,0.0,532.0,Mobile,Referral,Completed
TXN005991,CUS0828,2025-12-03,Home,1,299.0,0.0,398.67,Mobile,Referral,Completed
TXN005992,CUS0828,2025-10-27,Home,2,1499.0,0.0,3997.33,Mobile,Referral,Completed
TXN005993,CUS0828,2025-10-26,Home,3,1999.0,0.1,7196.4,Mobile,Referral,Completed
TXN005994,CUS0829,2026-07-21,Beauty,1,399.0,0.0,532.0,Desktop,Organic Search,Completed
TXN005995,CUS0829,2026-07-10,Sports,3,299.0,0.0,1196.0,Desktop,Organic Search,Completed
TXN005996,CUS0829,2026-07-05,Beauty,3,1499.0,0.05,5696.2,Desktop,Organic Search,Completed
TXN005997,CUS0829,2026-05-09,Beauty,3,1999.0,0.15,6796.6,Mobile,Organic Search,Completed
TXN005998,CUS0829,2026-05-03,Beauty,3,999.0,0.0,3996.0,Desktop,Organic Search,Completed
TXN005999,CUS0829,2026-04-07,Beauty,1,299.0,0.0,398.67,Desktop,Organic Search,Completed
TXN006000,CUS0829,2026-02-18,Beauty,2,299.0,0.0,797.33,Desktop,Organic Search,Completed
TXN006001,CUS0829,2026-01-26,Fashion,2,1999.0,0.0,5330.67,Desktop,Organic Search,Completed
TXN006002,CUS0829,2026-01-13,Electronics,1,399.0,0.15,452.2,Desktop,Organic Search,Completed
TXN006003,CUS0829,2026-01-02,Beauty,2,999.0,0.0,2664.0,Desktop,Organic Search,Completed
TXN006004,CUS0829,2025-10-21,Beauty,1,299.0,0.2,318.93,Desktop,Organic Search,Completed
TXN006005,CUS0829,2025-10-07,Beauty,3,999.0,0.0,3996.0,Desktop,Organic Search,Completed
TXN006006,CUS0829,2025-09-30,Beauty,3,499.0,0.0,1996.0,Desktop,Organic Search,Completed
TXN006007,CUS0830,2026-08-05,Home,2,399.0,0.0,598.5,Tablet,Organic Search,Completed
TXN006008,CUS0830,2026-02-28,Fashion,3,999.0,0.0,2247.75,Tablet,Organic Search,Completed
TXN006009,CUS0831,2026-01-17,Fashion,3,1999.0,0.0,6496.75,Desktop,Email,Cancelled
TXN006010,CUS0831,2025-10-19,Fashion,2,299.0,0.0,647.83,Desktop,Email,Completed
TXN006011,CUS0831,2025-09-13,Fashion,2,699.0,0.15,1287.32,Tablet,Email,Completed
TXN006012,CUS0831,2025-04-25,Fashion,1,699.0,0.05,719.39,Desktop,Email,Completed
TXN006013,CUS0831,2025-04-18,Fashion,1,399.0,0.0,432.25,Desktop,Email,Completed
TXN006014,CUS0832,2026-08-17,Beauty,2,999.0,0.0,1498.5,Mobile,Organic Search,Completed
TXN006015,CUS0832,2026-07-16,Beauty,3,299.0,0.0,672.75,Mobile,Organic Search,Completed
TXN006016,CUS0832,2026-01-06,Home,2,299.0,0.15,381.22,Desktop,Organic Search,Completed
TXN006017,CUS0833,2026-07-31,Sports,2,1999.0,0.0,2998.5,Mobile,Direct,Completed
TXN006018,CUS0833,2025-12-01,Sports,2,499.0,0.0,748.5,Desktop,Direct,Completed
TXN006019,CUS0834,2026-05-30,Home,3,999.0,0.0,3246.75,Desktop,Organic Search,Completed
TXN006020,CUS0834,2026-04-26,Beauty,3,699.0,0.0,2271.75,Desktop,Organic Search,Completed
TXN006021,CUS0834,2026-04-12,Home,2,699.0,0.0,1514.5,Tablet,Organic Search,Completed
TXN006022,CUS0834,2026-02-06,Home,1,499.0,0.0,540.58,Desktop,Organic Search,Completed
TXN006023,CUS0834,2026-01-28,Sports,3,699.0,0.1,2044.57,Desktop,Organic Search,Completed
TXN006024,CUS0834,2025-11-09,Beauty,2,1499.0,0.1,2923.05,Mobile,Organic Search,Cancelled
TXN006025,CUS0834,2025-11-02,Electronics,2,1499.0,0.0,3247.83,Desktop,Organic Search,Completed
TXN006026,CUS0834,2025-08-31,Home,1,1999.0,0.0,2165.58,Desktop,Organic Search,Cancelled
TXN006027,CUS0835,2026-08-04,Home,2,499.0,0.0,1330.67,Tablet,Email,Completed
TXN006028,CUS0835,2026-06-15,Home,1,499.0,0.0,665.33,Tablet,Email,Completed
TXN006029,CUS0835,2026-05-15,Beauty,1,1999.0,0.15,2265.53,Tablet,Email,Completed
TXN006030,CUS0835,2026-03-23,Fashion,3,1999.0,0.0,7996.0,Tablet,Email,Completed
TXN006031,CUS0835,2026-03-13,Home,1,399.0,0.15,452.2,Tablet,Email,Completed
TXN006032,CUS0835,2026-03-12,Sports,3,299.0,0.0,1196.0,Tablet,Email,Completed
TXN006033,CUS0835,2026-03-09,Electronics,1,999.0,0.05,1265.4,Tablet,Email,Completed
TXN006034,CUS0835,2026-02-20,Home,2,999.0,0.1,2397.6,Desktop,Email,Returned
TXN006035,CUS0835,2026-01-12,Fashion,2,299.0,0.0,797.33,Tablet,Email,Completed
TXN006036,CUS0835,2026-01-02,Electronics,2,1499.0,0.0,3997.33,Tablet,Email,Completed
TXN006037,CUS0835,2026-01-01,Beauty,1,399.0,0.0,532.0,Tablet,Email,Completed
TXN006038,CUS0835,2025-12-31,Home,1,299.0,0.0,398.67,Tablet,Email,Completed
TXN006039,CUS0835,2025-12-11,Home,3,999.0,0.0,3996.0,Tablet,Email,Completed
TXN006040,CUS0836,2026-08-11,Fashion,1,1999.0,0.05,4431.12,Desktop,Email,Completed
TXN006041,CUS0836,2026-07-29,Electronics,1,1999.0,0.0,4664.33,Desktop,Email,Cancelled
TXN006042,CUS0836,2026-07-23,Electronics,1,1999.0,0.0,4664.33,Tablet,Email,Completed
TXN006043,CUS0836,2026-05-27,Electronics,1,999.0,0.0,2331.0,Mobile,Email,Completed
TXN006044,CUS0836,2026-04-28,Electronics,3,999.0,0.0,6993.0,Desktop,Email,Completed
TXN006045,CUS0836,2026-04-16,Electronics,3,1999.0,0.0,13993.0,Desktop,Email,Completed
TXN006046,CUS0836,2026-04-10,Beauty,1,999.0,0.0,2331.0,Tablet,Email,Completed
TXN006047,CUS0836,2026-04-08,Sports,3,999.0,0.0,6993.0,Desktop,Email,Completed
TXN006048,CUS0836,2026-03-13,Electronics,2,1499.0,0.0,6995.33,Desktop,Email,Completed
TXN006049,CUS0836,2026-03-10,Electronics,1,399.0,0.1,837.9,Mobile,Email,Completed
TXN006050,CUS0836,2026-02-13,Fashion,1,699.0,0.0,1631.0,Desktop,Email,Completed
TXN006051,CUS0836,2026-02-10,Electronics,2,1499.0,0.0,6995.33,Desktop,Email,Completed
TXN006052,CUS0836,2025-12-27,Electronics,3,1999.0,0.05,13293.35,Desktop,Email,Completed
TXN006053,CUS0836,2025-12-05,Electronics,2,299.0,0.0,1395.33,Desktop,Email,Completed
TXN006054,CUS0836,2025-12-02,Electronics,1,499.0,0.2,931.47,Desktop,Email,Completed
TXN006055,CUS0836,2025-11-21,Electronics,3,1999.0,0.05,13293.35,Desktop,Email,Completed
TXN006056,CUS0836,2025-11-19,Sports,3,1499.0,0.0,10493.0,Desktop,Email,Completed
TXN006057,CUS0836,2025-11-15,Electronics,2,299.0,0.0,1395.33,Desktop,Email,Completed
TXN006058,CUS0836,2025-11-14,Electronics,3,499.0,0.0,3493.0,Desktop,Email,Completed
TXN006059,CUS0836,2025-11-09,Electronics,3,1999.0,0.0,13993.0,Desktop,Email,Completed
TXN006060,CUS0836,2025-11-01,Electronics,2,399.0,0.0,1862.0,Desktop,Email,Completed
TXN006061,CUS0836,2025-10-25,Electronics,1,699.0,0.0,1631.0,Desktop,Email,Completed
TXN006062,CUS0837,2026-06-30,Electronics,2,399.0,0.0,864.5,Desktop,Social Media,Returned
TXN006063,CUS0837,2026-06-26,Electronics,2,299.0,0.0,647.83,Desktop,Social Media,Completed
TXN006064,CUS0837,2026-04-21,Electronics,2,699.0,0.0,1514.5,Desktop,Social Media,Completed
TXN006065,CUS0837,2026-04-07,Fashion,1,499.0,0.0,540.58,Desktop,Social Media,Returned
TXN006066,CUS0837,2026-01-17,Electronics,3,1499.0,0.0,4871.75,Desktop,Social Media,Completed
TXN006067,CUS0837,2025-11-18,Home,3,499.0,0.0,1621.75,Desktop,Social Media,Returned
TXN006068,CUS0837,2025-11-11,Electronics,1,299.0,0.05,307.72,Desktop,Social Media,Completed
TXN006069,CUS0837,2025-10-08,Electronics,1,1999.0,0.0,2165.58,Desktop,Social Media,Completed
TXN006070,CUS0838,2026-02-27,Sports,1,999.0,0.0,1082.25,Mobile,Organic Search,Completed
TXN006071,CUS0838,2026-01-06,Sports,2,399.0,0.0,864.5,Mobile,Organic Search,Completed
TXN006072,CUS0838,2025-12-22,Beauty,3,1999.0,0.0,6496.75,Mobile,Organic Search,Completed
TXN006073,CUS0838,2025-06-17,Sports,3,1499.0,0.1,4384.58,Mobile,Organic Search,Completed
TXN006074,CUS0838,2025-05-12,Sports,2,1999.0,0.0,4331.17,Mobile,Organic Search,Completed
TXN006075,CUS0839,2026-07-14,Home,2,499.0,0.2,1064.53,Mobile,Direct,Completed
TXN006076,CUS0839,2026-07-05,Home,3,399.0,0.0,1596.0,Desktop,Direct,Completed
TXN006077,CUS0839,2026-06-25,Beauty,2,1499.0,0.0,3997.33,Mobile,Direct,Completed
TXN006078,CUS0839,2026-06-08,Electronics,2,1999.0,0.1,4797.6,Mobile,Direct,Completed
TXN006079,CUS0839,2026-05-18,Electronics,1,999.0,0.15,1132.2,Mobile,Direct,Cancelled
TXN006080,CUS0839,2026-04-28,Home,2,699.0,0.0,1864.0,Mobile,Direct,Completed
TXN006081,CUS0839,2026-04-01,Fashion,2,399.0,0.0,1064.0,Mobile,Direct,Completed
TXN006082,CUS0839,2026-03-17,Beauty,3,1999.0,0.1,7196.4,Mobile,Direct,Completed
TXN006083,CUS0839,2025-12-27,Home,1,299.0,0.2,318.93,Mobile,Direct,Completed
TXN006084,CUS0839,2025-11-14,Home,2,1999.0,0.0,5330.67,Mobile,Direct,Completed
TXN006085,CUS0839,2025-11-08,Home,3,499.0,0.0,1996.0,Mobile,Direct,Completed
TXN006086,CUS0840,2026-07-07,Electronics,3,399.0,0.0,1296.75,Desktop,Email,Completed
TXN006087,CUS0840,2026-06-22,Electronics,3,299.0,0.0,971.75,Desktop,Email,Completed
TXN006088,CUS0840,2026-06-08,Home,3,1499.0,0.0,4871.75,Desktop,Email,Completed
TXN006089,CUS0840,2026-05-23,Electronics,3,1999.0,0.0,6496.75,Desktop,Email,Returned
TXN006090,CUS0840,2026-04-27,Electronics,2,699.0,0.0,1514.5,Tablet,Email,Completed
TXN006091,CUS0840,2026-04-07,Electronics,2,499.0,0.0,1081.17,Desktop,Email,Completed
TXN006092,CUS0840,2026-03-06,Electronics,2,1499.0,0.0,3247.83,Desktop,Email,Completed
TXN006093,CUS0840,2026-02-10,Electronics,1,1499.0,0.0,1623.92,Desktop,Email,Returned
TXN006094,CUS0840,2026-01-02,Electronics,3,299.0,0.0,971.75,Mobile,Email,Completed
TXN006095,CUS0840,2025-12-15,Electronics,3,299.0,0.0,971.75,Desktop,Email,Returned
TXN006096,CUS0841,2026-08-15,Beauty,2,399.0,0.0,1862.0,Desktop,Direct,Completed
TXN006097,CUS0841,2026-07-27,Electronics,3,299.0,0.0,2093.0,Desktop,Direct,Completed
TXN006098,CUS0841,2026-07-02,Sports,2,499.0,0.0,2328.67,Desktop,Direct,Completed
TXN006099,CUS0841,2026-06-23,Electronics,1,299.0,0.0,697.67,Desktop,Direct,Cancelled
TXN006100,CUS0841,2026-06-21,Electronics,1,1499.0,0.0,3497.67,Desktop,Direct,Completed
TXN006101,CUS0841,2026-06-10,Home,3,1999.0,0.0,13993.0,Mobile,Direct,Completed
TXN006102,CUS0841,2026-06-08,Fashion,3,1999.0,0.0,13993.0,Desktop,Direct,Completed
TXN006103,CUS0841,2026-04-30,Electronics,2,499.0,0.2,1862.93,Desktop,Direct,Completed
TXN006104,CUS0841,2026-04-29,Beauty,1,999.0,0.0,2331.0,Desktop,Direct,Completed
TXN006105,CUS0841,2026-03-27,Electronics,3,299.0,0.1,1883.7,Desktop,Direct,Completed
TXN006106,CUS0841,2026-03-24,Home,2,399.0,0.0,1862.0,Desktop,Direct,Completed
TXN006107,CUS0841,2026-03-12,Electronics,1,699.0,0.0,1631.0,Desktop,Direct,Completed
TXN006108,CUS0841,2026-02-14,Home,3,299.0,0.0,2093.0,Desktop,Direct,Completed
TXN006109,CUS0841,2026-02-06,Electronics,1,1499.0,0.0,3497.67,Desktop,Direct,Completed
TXN006110,CUS0841,2025-12-24,Beauty,3,1999.0,0.0,13993.0,Desktop,Direct,Completed
TXN006111,CUS0841,2025-12-20,Electronics,2,399.0,0.0,1862.0,Desktop,Direct,Completed
TXN006112,CUS0841,2025-11-25,Home,3,499.0,0.0,3493.0,Desktop,Direct,Completed
TXN006113,CUS0841,2025-11-10,Electronics,2,1999.0,0.0,9328.67,Desktop,Direct,Completed
TXN006114,CUS0841,2025-11-06,Fashion,2,999.0,0.15,3962.7,Desktop,Direct,Completed
TXN006115,CUS0842,2026-07-30,Fashion,2,399.0,0.15,508.72,Tablet,Email,Completed
TXN006116,CUS0843,2026-07-25,Beauty,1,699.0,0.0,640.75,Mobile,Email,Completed
TXN006117,CUS0843,2026-07-06,Electronics,2,999.0,0.0,1831.5,Mobile,Email,Completed
TXN006118,CUS0843,2026-06-27,Electronics,2,699.0,0.15,1089.27,Mobile,Email,Completed
TXN006119,CUS0843,2026-06-01,Home,2,999.0,0.1,1648.35,Desktop,Email,Completed
TXN006120,CUS0843,2026-05-05,Beauty,3,699.0,0.05,1826.14,Mobile,Email,Completed
TXN006121,CUS0844,2026-07-10,Home,2,999.0,0.05,2530.8,Mobile,Organic Search,Completed
TXN006122,CUS0844,2026-06-25,Electronics,1,399.0,0.0,532.0,Tablet,Organic Search,Completed
TXN006123,CUS0844,2026-05-22,Electronics,3,299.0,0.0,1196.0,Mobile,Organic Search,Completed
TXN006124,CUS0844,2026-05-19,Electronics,2,499.0,0.0,1330.67,Mobile,Organic Search,Completed
TXN006125,CUS0844,2026-05-03,Electronics,3,299.0,0.0,1196.0,Mobile,Organic Search,Completed
TXN006126,CUS0844,2026-04-21,Electronics,2,1999.0,0.0,5330.67,Mobile,Organic Search,Completed
TXN006127,CUS0844,2026-02-21,Electronics,1,1499.0,0.15,1698.87,Mobile,Organic Search,Completed
TXN006128,CUS0844,2025-12-24,Electronics,2,999.0,0.0,2664.0,Mobile,Organic Search,Completed
TXN006129,CUS0844,2025-12-16,Electronics,1,499.0,0.0,665.33,Mobile,Organic Search,Completed
TXN006130,CUS0844,2025-12-14,Electronics,1,399.0,0.0,532.0,Mobile,Organic Search,Completed
TXN006131,CUS0844,2025-10-13,Fashion,2,1999.0,0.0,5330.67,Tablet,Organic Search,Completed
TXN006132,CUS0845,2026-08-01,Beauty,2,1999.0,0.0,2998.5,Mobile,Social Media,Completed
TXN006133,CUS0845,2026-07-27,Beauty,2,1999.0,0.15,2548.72,Desktop,Social Media,Completed
TXN006134,CUS0845,2026-05-04,Beauty,2,999.0,0.1,1348.65,Desktop,Social Media,Completed
TXN006135,CUS0846,2026-02-11,Fashion,1,999.0,0.05,1028.14,Mobile,Referral,Completed
TXN006136,CUS0846,2025-12-24,Fashion,3,299.0,0.0,971.75,Mobile,Referral,Cancelled
TXN006137,CUS0846,2025-10-27,Fashion,3,1499.0,0.0,4871.75,Mobile,Referral,Completed
TXN006138,CUS0846,2025-09-21,Fashion,3,399.0,0.0,1296.75,Mobile,Referral,Completed
TXN006139,CUS0846,2025-09-07,Fashion,2,1999.0,0.0,4331.17,Mobile,Referral,Returned
TXN006140,CUS0846,2025-08-08,Fashion,2,499.0,0.0,1081.17,Mobile,Referral,Completed
TXN006141,CUS0846,2025-05-05,Beauty,2,1499.0,0.0,3247.83,Mobile,Referral,Completed
TXN006142,CUS0847,2026-08-07,Beauty,1,399.0,0.0,365.75,Desktop,Paid Ads,Completed
TXN006143,CUS0847,2026-06-28,Sports,1,499.0,0.0,457.42,Tablet,Paid Ads,Completed
TXN006144,CUS0847,2026-05-10,Sports,1,1499.0,0.1,1236.68,Tablet,Paid Ads,Completed
TXN006145,CUS0847,2026-03-10,Sports,2,399.0,0.1,658.35,Mobile,Paid Ads,Completed
TXN006146,CUS0847,2025-12-14,Electronics,2,1499.0,0.0,2748.17,Tablet,Paid Ads,Completed
TXN006147,CUS0847,2025-11-19,Electronics,1,999.0,0.05,869.96,Tablet,Paid Ads,Cancelled
TXN006148,CUS0848,2026-07-16,Electronics,2,499.0,0.0,1330.67,Desktop,Paid Ads,Completed
TXN006149,CUS0848,2026-05-19,Beauty,1,1499.0,0.0,1998.67,Desktop,Paid Ads,Completed
TXN006150,CUS0848,2026-05-03,Electronics,3,1999.0,0.0,7996.0,Desktop,Paid Ads,Completed
TXN006151,CUS0848,2026-03-27,Fashion,2,699.0,0.0,1864.0,Tablet,Paid Ads,Completed
TXN006152,CUS0848,2026-02-22,Electronics,2,1499.0,0.2,3197.87,Desktop,Paid Ads,Completed
TXN006153,CUS0848,2026-02-12,Fashion,1,399.0,0.1,478.8,Mobile,Paid Ads,Completed
TXN006154,CUS0848,2026-02-06,Fashion,2,999.0,0.0,2664.0,Desktop,Paid Ads,Completed
TXN006155,CUS0848,2025-12-29,Electronics,2,699.0,0.0,1864.0,Desktop,Paid Ads,Completed
TXN006156,CUS0848,2025-10-26,Electronics,1,1999.0,0.0,2665.33,Desktop,Paid Ads,Completed
TXN006157,CUS0849,2026-02-15,Fashion,3,1999.0,0.0,6496.75,Tablet,Referral,Returned
TXN006158,CUS0849,2026-01-08,Fashion,1,299.0,0.0,323.92,Tablet,Referral,Completed
TXN006159,CUS0849,2025-12-25,Fashion,2,699.0,0.0,1514.5,Tablet,Referral,Completed
TXN006160,CUS0849,2025-10-05,Electronics,3,1499.0,0.0,4871.75,Tablet,Referral,Completed
TXN006161,CUS0849,2025-09-18,Fashion,1,499.0,0.0,540.58,Tablet,Referral,Completed
TXN006162,CUS0849,2025-08-26,Fashion,3,999.0,0.1,2922.08,Tablet,Referral,Completed
TXN006163,CUS0849,2025-07-21,Fashion,1,1499.0,0.0,1623.92,Tablet,Referral,Completed
TXN006164,CUS0849,2025-07-08,Home,3,299.0,0.0,971.75,Mobile,Referral,Completed
TXN006165,CUS0849,2025-05-05,Sports,1,1499.0,0.05,1542.72,Tablet,Referral,Completed
TXN006166,CUS0849,2025-04-26,Fashion,2,999.0,0.0,2164.5,Desktop,Referral,Completed
TXN006167,CUS0850,2026-08-16,Sports,3,999.0,0.2,5594.4,Desktop,Email,Completed
TXN006168,CUS0850,2026-08-16,Home,3,399.0,0.0,2793.0,Desktop,Email,Completed
TXN006169,CUS0850,2026-08-10,Fashion,2,999.0,0.0,4662.0,Mobile,Email,Completed
TXN006170,CUS0850,2026-07-04,Electronics,1,1999.0,0.0,4664.33,Desktop,Email,Completed
TXN006171,CUS0850,2026-06-16,Sports,2,999.0,0.0,4662.0,Desktop,Email,Completed
TXN006172,CUS0850,2026-06-08,Fashion,3,499.0,0.2,2794.4,Desktop,Email,Completed
TXN006173,CUS0850,2026-06-02,Electronics,3,999.0,0.0,6993.0,Desktop,Email,Completed
TXN006174,CUS0850,2026-05-29,Sports,3,499.0,0.0,3493.0,Desktop,Email,Completed
TXN006175,CUS0850,2026-05-22,Electronics,1,499.0,0.0,1164.33,Desktop,Email,Completed
TXN006176,CUS0850,2026-04-24,Sports,2,1499.0,0.0,6995.33,Mobile,Email,Completed
TXN006177,CUS0850,2026-04-14,Sports,1,1999.0,0.0,4664.33,Desktop,Email,Completed
TXN006178,CUS0850,2026-03-27,Sports,2,1499.0,0.0,6995.33,Desktop,Email,Completed
TXN006179,CUS0850,2026-02-28,Sports,2,1999.0,0.05,8862.23,Desktop,Email,Completed
TXN006180,CUS0850,2026-02-27,Sports,3,699.0,0.0,4893.0,Desktop,Email,Completed
TXN006181,CUS0850,2026-02-20,Electronics,3,699.0,0.15,4159.05,Desktop,Email,Completed
TXN006182,CUS0850,2026-02-08,Sports,2,1999.0,0.0,9328.67,Desktop,Email,Completed
TXN006183,CUS0850,2026-01-12,Sports,2,1999.0,0.0,9328.67,Desktop,Email,Completed
TXN006184,CUS0850,2026-01-05,Sports,2,1499.0,0.0,6995.33,Desktop,Email,Completed
TXN006185,CUS0850,2026-01-01,Electronics,1,1499.0,0.0,3497.67,Tablet,Email,Completed
TXN006186,CUS0850,2025-11-22,Sports,3,999.0,0.05,6643.35,Desktop,Email,Returned
TXN006187,CUS0850,2025-11-09,Sports,2,1499.0,0.0,6995.33,Desktop,Email,Completed
TXN006188,CUS0850,2025-11-06,Sports,2,1499.0,0.0,6995.33,Desktop,Email,Completed
TXN006189,CUS0851,2026-01-13,Beauty,2,299.0,0.0,348.83,Desktop,Email,Completed
TXN006190,CUS0852,2026-07-14,Fashion,2,299.0,0.0,797.33,Tablet,Social Media,Completed
TXN006191,CUS0852,2026-06-04,Home,3,399.0,0.0,1596.0,Tablet,Social Media,Completed
TXN006192,CUS0852,2026-05-07,Fashion,3,399.0,0.0,1596.0,Mobile,Social Media,Completed
TXN006193,CUS0852,2026-03-18,Fashion,1,999.0,0.0,1332.0,Mobile,Social Media,Completed
TXN006194,CUS0852,2026-03-13,Home,2,1499.0,0.0,3997.33,Tablet,Social Media,Completed
TXN006195,CUS0852,2026-01-12,Fashion,2,499.0,0.0,1330.67,Tablet,Social Media,Completed
TXN006196,CUS0852,2025-11-23,Electronics,2,1999.0,0.0,5330.67,Tablet,Social Media,Completed
TXN006197,CUS0852,2025-10-22,Fashion,3,999.0,0.15,3396.6,Mobile,Social Media,Completed
TXN006198,CUS0852,2025-10-20,Fashion,1,1999.0,0.0,2665.33,Tablet,Social Media,Completed
TXN006199,CUS0852,2025-10-13,Home,3,1499.0,0.0,5996.0,Tablet,Social Media,Completed
TXN006200,CUS0852,2025-10-09,Home,1,1499.0,0.05,1898.73,Tablet,Social Media,Completed
TXN006201,CUS0852,2025-09-29,Fashion,1,399.0,0.0,532.0,Tablet,Social Media,Completed
TXN006202,CUS0852,2025-09-22,Fashion,3,399.0,0.0,1596.0,Tablet,Social Media,Completed
TXN006203,CUS0853,2026-08-18,Electronics,1,499.0,0.0,665.33,Mobile,Paid Ads,Completed
TXN006204,CUS0853,2026-07-11,Electronics,1,299.0,0.0,398.67,Mobile,Paid Ads,Completed
TXN006205,CUS0853,2026-07-07,Beauty,1,1499.0,0.2,1598.93,Desktop,Paid Ads,Completed
TXN006206,CUS0853,2026-06-29,Beauty,2,299.0,0.1,717.6,Mobile,Paid Ads,Completed
TXN006207,CUS0853,2026-06-28,Electronics,3,299.0,0.0,1196.0,Mobile,Paid Ads,Completed
TXN006208,CUS0853,2026-06-15,Sports,3,299.0,0.1,1076.4,Tablet,Paid Ads,Completed
TXN006209,CUS0853,2026-06-12,Electronics,1,399.0,0.0,532.0,Mobile,Paid Ads,Completed
TXN006210,CUS0853,2026-05-12,Electronics,2,1999.0,0.05,5064.13,Mobile,Paid Ads,Completed
TXN006211,CUS0853,2026-03-31,Electronics,2,399.0,0.0,1064.0,Mobile,Paid Ads,Completed
TXN006212,CUS0853,2026-02-05,Beauty,1,1999.0,0.2,2132.27,Mobile,Paid Ads,Completed
TXN006213,CUS0853,2025-12-29,Electronics,1,1499.0,0.0,1998.67,Mobile,Paid Ads,Completed
TXN006214,CUS0853,2025-12-17,Electronics,2,1999.0,0.0,5330.67,Mobile,Paid Ads,Completed
TXN006215,CUS0854,2026-08-17,Sports,1,999.0,0.05,1265.4,Desktop,Social Media,Completed
TXN006216,CUS0854,2026-07-30,Fashion,1,1499.0,0.0,1998.67,Desktop,Social Media,Completed
TXN006217,CUS0854,2026-07-11,Home,3,399.0,0.15,1356.6,Desktop,Social Media,Completed
TXN006218,CUS0854,2026-07-09,Home,2,1999.0,0.0,5330.67,Desktop,Social Media,Completed
TXN006219,CUS0854,2026-06-21,Home,3,499.0,0.0,1996.0,Desktop,Social Media,Completed
TXN006220,CUS0854,2026-06-07,Electronics,3,399.0,0.0,1596.0,Desktop,Social Media,Completed
TXN006221,CUS0854,2026-04-21,Home,1,299.0,0.0,398.67,Desktop,Social Media,Completed
TXN006222,CUS0854,2026-04-05,Fashion,2,999.0,0.0,2664.0,Desktop,Social Media,Completed
TXN006223,CUS0854,2026-02-26,Beauty,3,1999.0,0.0,7996.0,Desktop,Social Media,Completed
TXN006224,CUS0854,2026-01-22,Beauty,1,1499.0,0.0,1998.67,Desktop,Social Media,Completed
TXN006225,CUS0854,2025-12-25,Home,2,499.0,0.2,1064.53,Desktop,Social Media,Completed
TXN006226,CUS0855,2025-12-03,Fashion,3,299.0,0.0,523.25,Mobile,Referral,Completed
TXN006227,CUS0855,2025-12-03,Sports,3,1999.0,0.0,3498.25,Mobile,Referral,Completed
TXN006228,CUS0855,2025-09-05,Fashion,2,999.0,0.0,1165.5,Mobile,Referral,Completed
TXN006229,CUS0855,2025-07-04,Beauty,3,699.0,0.0,1223.25,Mobile,Referral,Completed
TXN006230,CUS0856,2026-08-15,Home,2,499.0,0.05,1264.13,Desktop,Social Media,Completed
TXN006231,CUS0856,2026-07-13,Home,3,1499.0,0.0,5996.0,Mobile,Social Media,Completed
TXN006232,CUS0856,2026-06-20,Home,3,1999.0,0.0,7996.0,Desktop,Social Media,Completed
TXN006233,CUS0856,2026-05-13,Beauty,2,499.0,0.0,1330.67,Desktop,Social Media,Completed
TXN006234,CUS0856,2026-05-10,Home,3,1999.0,0.0,7996.0,Desktop,Social Media,Completed
TXN006235,CUS0856,2026-04-24,Home,3,299.0,0.0,1196.0,Desktop,Social Media,Completed
TXN006236,CUS0856,2026-04-17,Home,1,1999.0,0.0,2665.33,Desktop,Social Media,Completed
TXN006237,CUS0856,2026-03-21,Home,3,299.0,0.0,1196.0,Desktop,Social Media,Completed
TXN006238,CUS0856,2026-03-20,Home,2,999.0,0.0,2664.0,Desktop,Social Media,Completed
TXN006239,CUS0856,2026-03-11,Home,3,699.0,0.0,2796.0,Desktop,Social Media,Completed
TXN006240,CUS0856,2025-12-21,Sports,2,499.0,0.2,1064.53,Desktop,Social Media,Completed
TXN006241,CUS0856,2025-11-16,Fashion,2,299.0,0.0,797.33,Desktop,Social Media,Completed
TXN006242,CUS0856,2025-11-10,Home,1,999.0,0.0,1332.0,Desktop,Social Media,Completed
TXN006243,CUS0857,2026-06-02,Beauty,1,699.0,0.0,757.25,Mobile,Email,Completed
TXN006244,CUS0857,2026-04-13,Beauty,2,1499.0,0.0,3247.83,Mobile,Email,Completed
TXN006245,CUS0857,2026-03-27,Electronics,3,499.0,0.05,1540.66,Mobile,Email,Completed
TXN006246,CUS0857,2026-03-10,Beauty,1,499.0,0.0,540.58,Mobile,Email,Completed
TXN006247,CUS0857,2026-02-12,Beauty,1,999.0,0.0,1082.25,Mobile,Email,Completed
TXN006248,CUS0857,2026-01-23,Beauty,3,999.0,0.0,3246.75,Mobile,Email,Completed
TXN006249,CUS0857,2025-11-13,Beauty,1,699.0,0.0,757.25,Mobile,Email,Completed
TXN006250,CUS0857,2025-10-08,Sports,2,999.0,0.2,1731.6,Mobile,Email,Completed
TXN006251,CUS0858,2025-11-17,Sports,2,1499.0,0.0,1748.83,Desktop,Organic Search,Completed
TXN006252,CUS0858,2025-05-19,Home,2,1499.0,0.0,1748.83,Desktop,Organic Search,Cancelled
TXN006253,CUS0859,2026-07-17,Fashion,1,1499.0,0.0,874.42,Mobile,Referral,Completed
TXN006254,CUS0860,2026-08-04,Home,2,999.0,0.05,4428.9,Desktop,Social Media,Completed
TXN006255,CUS0860,2026-07-07,Home,1,699.0,0.0,1631.0,Desktop,Social Media,Completed
TXN006256,CUS0860,2026-06-27,Home,1,499.0,0.0,1164.33,Desktop,Social Media,Completed
TXN006257,CUS0860,2026-06-25,Home,1,299.0,0.0,697.67,Desktop,Social Media,Completed
TXN006258,CUS0860,2026-06-23,Fashion,1,399.0,0.0,931.0,Desktop,Social Media,Completed
TXN006259,CUS0860,2026-06-16,Home,1,299.0,0.0,697.67,Desktop,Social Media,Completed
TXN006260,CUS0860,2026-06-15,Home,3,999.0,0.0,6993.0,Desktop,Social Media,Completed
TXN006261,CUS0860,2026-05-19,Home,1,999.0,0.0,2331.0,Desktop,Social Media,Cancelled
TXN006262,CUS0860,2026-05-10,Home,2,399.0,0.0,1862.0,Desktop,Social Media,Returned
TXN006263,CUS0860,2026-05-07,Sports,2,399.0,0.0,1862.0,Desktop,Social Media,Completed
TXN006264,CUS0860,2026-05-07,Beauty,2,1999.0,0.0,9328.67,Desktop,Social Media,Completed
TXN006265,CUS0860,2026-05-01,Home,3,399.0,0.0,2793.0,Desktop,Social Media,Completed
TXN006266,CUS0860,2026-04-09,Home,2,1499.0,0.0,6995.33,Desktop,Social Media,Completed
TXN006267,CUS0860,2026-02-16,Home,1,299.0,0.0,697.67,Desktop,Social Media,Completed
TXN006268,CUS0860,2026-02-15,Home,1,399.0,0.15,791.35,Desktop,Social Media,Completed
TXN006269,CUS0860,2026-01-27,Beauty,2,499.0,0.0,2328.67,Desktop,Social Media,Completed
TXN006270,CUS0860,2026-01-25,Home,3,499.0,0.0,3493.0,Desktop,Social Media,Completed
TXN006271,CUS0860,2025-12-22,Home,3,1999.0,0.0,13993.0,Desktop,Social Media,Completed
TXN006272,CUS0860,2025-12-02,Beauty,2,399.0,0.0,1862.0,Desktop,Social Media,Completed
TXN006273,CUS0860,2025-10-29,Sports,3,1499.0,0.0,10493.0,Desktop,Social Media,Completed
TXN006274,CUS0861,2026-07-02,Beauty,2,299.0,0.0,548.17,Desktop,Direct,Completed
TXN006275,CUS0861,2026-06-17,Beauty,1,1999.0,0.05,1740.8,Desktop,Direct,Completed
TXN006276,CUS0861,2026-01-31,Beauty,3,499.0,0.0,1372.25,Desktop,Direct,Completed
TXN006277,CUS0861,2025-12-19,Electronics,2,1499.0,0.0,2748.17,Desktop,Direct,Completed
TXN006278,CUS0861,2025-12-06,Fashion,3,299.0,0.1,740.02,Desktop,Direct,Completed
TXN006279,CUS0861,2025-10-12,Fashion,1,399.0,0.15,310.89,Desktop,Direct,Completed
TXN006280,CUS0862,2026-04-04,Fashion,2,699.0,0.05,1438.78,Tablet,Paid Ads,Completed
TXN006281,CUS0862,2026-03-19,Electronics,2,1499.0,0.0,3247.83,Tablet,Paid Ads,Completed
TXN006282,CUS0862,2026-03-14,Fashion,3,399.0,0.05,1231.91,Tablet,Paid Ads,Completed
TXN006283,CUS0862,2026-02-27,Fashion,2,299.0,0.0,647.83,Tablet,Paid Ads,Completed
TXN006284,CUS0862,2026-02-14,Electronics,3,699.0,0.0,2271.75,Tablet,Paid Ads,Completed
TXN006285,CUS0862,2025-12-04,Electronics,1,999.0,0.0,1082.25,Tablet,Paid Ads,Completed
TXN006286,CUS0862,2025-09-10,Electronics,2,299.0,0.0,647.83,Tablet,Paid Ads,Completed
TXN006287,CUS0863,2026-03-03,Home,3,399.0,0.0,1296.75,Desktop,Email,Completed
TXN006288,CUS0863,2026-01-13,Home,2,1999.0,0.0,4331.17,Desktop,Email,Completed
TXN006289,CUS0863,2026-01-02,Home,1,1999.0,0.0,2165.58,Desktop,Email,Completed
TXN006290,CUS0863,2025-10-24,Home,1,699.0,0.0,757.25,Desktop,Email,Completed
TXN006291,CUS0863,2025-09-24,Beauty,1,999.0,0.0,1082.25,Desktop,Email,Completed
TXN006292,CUS0863,2025-08-10,Home,1,1499.0,0.0,1623.92,Desktop,Email,Completed
TXN006293,CUS0863,2025-07-04,Home,1,1499.0,0.0,1623.92,Desktop,Email,Completed
TXN006294,CUS0863,2025-06-29,Electronics,3,1499.0,0.0,4871.75,Tablet,Email,Completed
TXN006295,CUS0864,2026-08-09,Electronics,2,499.0,0.0,748.5,Mobile,Social Media,Completed
TXN006296,CUS0864,2026-08-08,Sports,1,1499.0,0.0,1124.25,Mobile,Social Media,Completed
TXN006297,CUS0865,2026-08-17,Fashion,2,1999.0,0.0,2998.5,Desktop,Paid Ads,Completed
TXN006298,CUS0865,2026-04-25,Beauty,3,1499.0,0.1,3035.48,Desktop,Paid Ads,Completed
TXN006299,CUS0866,2026-08-05,Home,3,499.0,0.1,3143.7,Mobile,Organic Search,Completed
TXN006300,CUS0866,2026-08-03,Home,2,399.0,0.0,1862.0,Mobile,Organic Search,Completed
TXN006301,CUS0866,2026-07-04,Home,3,1499.0,0.1,9443.7,Mobile,Organic Search,Completed
TXN006302,CUS0866,2026-05-26,Fashion,1,299.0,0.0,697.67,Mobile,Organic Search,Completed
TXN006303,CUS0866,2026-05-21,Home,2,1499.0,0.0,6995.33,Mobile,Organic Search,Completed
TXN006304,CUS0866,2026-05-14,Home,1,699.0,0.0,1631.0,Tablet,Organic Search,Completed
TXN006305,CUS0866,2026-05-10,Electronics,1,399.0,0.15,791.35,Mobile,Organic Search,Completed
TXN006306,CUS0866,2026-05-09,Home,1,299.0,0.0,697.67,Mobile,Organic Search,Completed
TXN006307,CUS0866,2026-05-01,Fashion,2,399.0,0.1,1675.8,Tablet,Organic Search,Completed
TXN006308,CUS0866,2026-04-15,Electronics,1,299.0,0.0,697.67,Mobile,Organic Search,Completed
TXN006309,CUS0866,2026-04-03,Fashion,1,699.0,0.0,1631.0,Mobile,Organic Search,Completed
TXN006310,CUS0866,2026-03-17,Home,1,699.0,0.0,1631.0,Mobile,Organic Search,Completed
TXN006311,CUS0866,2026-03-10,Home,1,499.0,0.0,1164.33,Mobile,Organic Search,Completed
TXN006312,CUS0866,2026-02-19,Home,2,699.0,0.0,3262.0,Mobile,Organic Search,Completed
TXN006313,CUS0866,2026-02-15,Home,3,1499.0,0.0,10493.0,Mobile,Organic Search,Completed
TXN006314,CUS0866,2026-02-14,Home,1,299.0,0.0,697.67,Mobile,Organic Search,Completed
TXN006315,CUS0866,2025-12-13,Home,1,1999.0,0.0,4664.33,Mobile,Organic Search,Completed
TXN006316,CUS0866,2025-12-05,Home,1,1499.0,0.0,3497.67,Mobile,Organic Search,Completed
TXN006317,CUS0866,2025-11-19,Home,3,999.0,0.0,6993.0,Mobile,Organic Search,Completed
TXN006318,CUS0866,2025-11-16,Home,3,499.0,0.0,3493.0,Mobile,Organic Search,Completed
TXN006319,CUS0866,2025-11-08,Fashion,3,1499.0,0.0,10493.0,Mobile,Organic Search,Completed
TXN006320,CUS0866,2025-10-27,Home,3,999.0,0.0,6993.0,Mobile,Organic Search,Completed
TXN006321,CUS0866,2025-10-25,Electronics,2,299.0,0.0,1395.33,Mobile,Organic Search,Completed
TXN006322,CUS0866,2025-10-25,Electronics,1,399.0,0.0,931.0,Mobile,Organic Search,Completed
TXN006323,CUS0867,2026-08-08,Electronics,1,999.0,0.0,2331.0,Mobile,Direct,Completed
TXN006324,CUS0867,2026-08-06,Electronics,2,499.0,0.0,2328.67,Mobile,Direct,Completed
TXN006325,CUS0867,2026-07-28,Fashion,3,299.0,0.15,1779.05,Mobile,Direct,Completed
TXN006326,CUS0867,2026-07-21,Sports,2,1499.0,0.0,6995.33,Mobile,Direct,Completed
TXN006327,CUS0867,2026-07-07,Fashion,2,299.0,0.0,1395.33,Mobile,Direct,Completed
TXN006328,CUS0867,2026-07-07,Electronics,1,1999.0,0.15,3964.68,Mobile,Direct,Completed
TXN006329,CUS0867,2026-06-02,Sports,1,299.0,0.0,697.67,Mobile,Direct,Completed
TXN006330,CUS0867,2026-05-02,Electronics,3,1999.0,0.0,13993.0,Desktop,Direct,Completed
TXN006331,CUS0867,2026-04-17,Electronics,2,1999.0,0.0,9328.67,Mobile,Direct,Completed
TXN006332,CUS0867,2026-03-23,Beauty,3,399.0,0.15,2374.05,Mobile,Direct,Completed
TXN006333,CUS0867,2026-02-22,Electronics,1,999.0,0.05,2214.45,Mobile,Direct,Completed
TXN006334,CUS0867,2026-02-11,Electronics,1,1499.0,0.0,3497.67,Mobile,Direct,Completed
TXN006335,CUS0867,2026-01-27,Electronics,1,1499.0,0.0,3497.67,Mobile,Direct,Completed
TXN006336,CUS0867,2026-01-18,Electronics,2,699.0,0.0,3262.0,Mobile,Direct,Completed
TXN006337,CUS0867,2026-01-04,Electronics,3,999.0,0.0,6993.0,Mobile,Direct,Completed
TXN006338,CUS0867,2025-12-27,Electronics,1,1999.0,0.0,4664.33,Mobile,Direct,Completed
TXN006339,CUS0867,2025-11-16,Electronics,3,699.0,0.0,4893.0,Mobile,Direct,Completed
TXN006340,CUS0867,2025-11-09,Electronics,3,1999.0,0.0,13993.0,Mobile,Direct,Completed
TXN006341,CUS0867,2025-11-04,Electronics,2,399.0,0.0,1862.0,Mobile,Direct,Completed
TXN006342,CUS0867,2025-10-26,Home,1,499.0,0.0,1164.33,Mobile,Direct,Completed
TXN006343,CUS0867,2025-10-25,Beauty,2,399.0,0.0,1862.0,Desktop,Direct,Completed
TXN006344,CUS0867,2025-10-15,Electronics,2,399.0,0.0,1862.0,Mobile,Direct,Completed
TXN006345,CUS0867,2025-10-13,Electronics,3,299.0,0.0,2093.0,Mobile,Direct,Returned
TXN006346,CUS0868,2026-07-02,Sports,3,699.0,0.0,1922.25,Desktop,Social Media,Completed
TXN006347,CUS0868,2026-06-03,Sports,3,999.0,0.0,2747.25,Desktop,Social Media,Completed
TXN006348,CUS0868,2026-02-20,Sports,1,1499.0,0.0,1374.08,Desktop,Social Media,Completed
TXN006349,CUS0868,2026-02-18,Sports,3,299.0,0.0,822.25,Desktop,Social Media,Completed
TXN006350,CUS0868,2025-11-18,Sports,1,699.0,0.0,640.75,Desktop,Social Media,Completed
TXN006351,CUS0868,2025-10-31,Beauty,1,699.0,0.0,640.75,Desktop,Social Media,Completed
TXN006352,CUS0869,2026-08-07,Electronics,3,999.0,0.0,6993.0,Desktop,Organic Search,Completed
TXN006353,CUS0869,2026-06-21,Electronics,1,699.0,0.15,1386.35,Tablet,Organic Search,Completed
TXN006354,CUS0869,2026-06-17,Electronics,1,499.0,0.0,1164.33,Desktop,Organic Search,Completed
TXN006355,CUS0869,2026-05-31,Electronics,1,299.0,0.1,627.9,Tablet,Organic Search,Completed
TXN006356,CUS0869,2026-05-07,Electronics,2,1999.0,0.0,9328.67,Tablet,Organic Search,Completed
TXN006357,CUS0869,2026-05-02,Electronics,3,499.0,0.0,3493.0,Tablet,Organic Search,Completed
TXN006358,CUS0869,2026-03-28,Electronics,1,699.0,0.0,1631.0,Tablet,Organic Search,Completed
TXN006359,CUS0869,2026-03-15,Home,3,699.0,0.0,4893.0,Tablet,Organic Search,Completed
TXN006360,CUS0869,2026-02-25,Fashion,1,1999.0,0.0,4664.33,Tablet,Organic Search,Completed
TXN006361,CUS0869,2026-02-18,Electronics,3,999.0,0.15,5944.05,Tablet,Organic Search,Completed
TXN006362,CUS0869,2026-02-05,Sports,3,499.0,0.0,3493.0,Tablet,Organic Search,Completed
TXN006363,CUS0869,2026-01-29,Fashion,3,499.0,0.0,3493.0,Tablet,Organic Search,Completed
TXN006364,CUS0869,2026-01-22,Home,2,1499.0,0.1,6295.8,Tablet,Organic Search,Completed
TXN006365,CUS0869,2026-01-19,Home,3,499.0,0.2,2794.4,Tablet,Organic Search,Completed
TXN006366,CUS0869,2026-01-10,Electronics,1,999.0,0.0,2331.0,Tablet,Organic Search,Completed
TXN006367,CUS0869,2025-12-29,Electronics,1,999.0,0.0,2331.0,Desktop,Organic Search,Completed
TXN006368,CUS0869,2025-12-04,Home,3,499.0,0.15,2969.05,Tablet,Organic Search,Completed
TXN006369,CUS0869,2025-11-21,Electronics,2,1499.0,0.0,6995.33,Tablet,Organic Search,Completed
TXN006370,CUS0869,2025-11-15,Sports,1,699.0,0.0,1631.0,Tablet,Organic Search,Completed
TXN006371,CUS0869,2025-10-15,Beauty,3,399.0,0.0,2793.0,Tablet,Organic Search,Completed
TXN006372,CUS0870,2026-07-22,Sports,1,1499.0,0.2,1598.93,Desktop,Direct,Completed
TXN006373,CUS0870,2026-07-13,Sports,2,699.0,0.1,1677.6,Desktop,Direct,Completed
TXN006374,CUS0870,2026-06-17,Fashion,3,399.0,0.0,1596.0,Desktop,Direct,Completed
TXN006375,CUS0870,2026-05-09,Sports,3,299.0,0.0,1196.0,Desktop,Direct,Returned
TXN006376,CUS0870,2026-04-10,Sports,1,399.0,0.0,532.0,Desktop,Direct,Completed
TXN006377,CUS0870,2026-03-25,Beauty,2,1499.0,0.0,3997.33,Desktop,Direct,Returned
TXN006378,CUS0870,2026-03-21,Sports,3,999.0,0.15,3396.6,Desktop,Direct,Completed
TXN006379,CUS0870,2026-02-25,Electronics,3,999.0,0.0,3996.0,Mobile,Direct,Completed
TXN006380,CUS0870,2026-01-19,Sports,2,499.0,0.1,1197.6,Desktop,Direct,Completed
TXN006381,CUS0870,2025-10-30,Fashion,1,499.0,0.0,665.33,Desktop,Direct,Completed
TXN006382,CUS0870,2025-09-30,Beauty,2,699.0,0.2,1491.2,Tablet,Direct,Completed
TXN006383,CUS0870,2025-09-29,Electronics,2,1499.0,0.0,3997.33,Mobile,Direct,Completed
TXN006384,CUS0871,2026-08-13,Electronics,3,299.0,0.0,672.75,Mobile,Direct,Returned
TXN006385,CUS0872,2026-08-01,Beauty,1,1499.0,0.0,3497.67,Desktop,Referral,Completed
TXN006386,CUS0872,2026-07-25,Beauty,1,1999.0,0.0,4664.33,Desktop,Referral,Completed
TXN006387,CUS0872,2026-07-21,Electronics,2,1999.0,0.0,9328.67,Desktop,Referral,Completed
TXN006388,CUS0872,2026-06-11,Sports,3,499.0,0.0,3493.0,Desktop,Referral,Completed
TXN006389,CUS0872,2026-05-28,Home,2,399.0,0.1,1675.8,Mobile,Referral,Cancelled
TXN006390,CUS0872,2026-05-26,Beauty,2,299.0,0.0,1395.33,Desktop,Referral,Completed
TXN006391,CUS0872,2026-05-21,Beauty,1,1999.0,0.0,4664.33,Desktop,Referral,Completed
TXN006392,CUS0872,2026-03-18,Sports,3,699.0,0.0,4893.0,Mobile,Referral,Completed
TXN006393,CUS0872,2026-02-23,Beauty,2,399.0,0.0,1862.0,Desktop,Referral,Completed
TXN006394,CUS0872,2026-02-20,Beauty,3,299.0,0.0,2093.0,Tablet,Referral,Completed
TXN006395,CUS0872,2026-02-12,Beauty,1,1499.0,0.0,3497.67,Desktop,Referral,Completed
TXN006396,CUS0872,2025-11-11,Beauty,2,1999.0,0.0,9328.67,Mobile,Referral,Returned
TXN006397,CUS0872,2025-11-09,Beauty,2,499.0,0.0,2328.67,Desktop,Referral,Completed
TXN006398,CUS0872,2025-11-07,Beauty,1,399.0,0.2,744.8,Desktop,Referral,Completed
TXN006399,CUS0872,2025-11-02,Electronics,3,1999.0,0.0,13993.0,Desktop,Referral,Returned
TXN006400,CUS0872,2025-11-01,Home,1,1999.0,0.0,4664.33,Desktop,Referral,Completed
TXN006401,CUS0873,2026-08-16,Beauty,3,299.0,0.0,2093.0,Desktop,Referral,Completed
TXN006402,CUS0873,2026-08-07,Beauty,3,999.0,0.0,6993.0,Desktop,Referral,Completed
TXN006403,CUS0873,2026-07-25,Fashion,3,699.0,0.0,4893.0,Desktop,Referral,Completed
TXN006404,CUS0873,2026-07-13,Beauty,1,1499.0,0.0,3497.67,Desktop,Referral,Completed
TXN006405,CUS0873,2026-07-06,Electronics,1,999.0,0.0,2331.0,Desktop,Referral,Completed
TXN006406,CUS0873,2026-07-03,Sports,3,499.0,0.0,3493.0,Desktop,Referral,Completed
TXN006407,CUS0873,2026-06-06,Home,3,399.0,0.0,2793.0,Desktop,Referral,Completed
TXN006408,CUS0873,2026-06-05,Fashion,3,399.0,0.0,2793.0,Desktop,Referral,Completed
TXN006409,CUS0873,2026-06-02,Beauty,3,1999.0,0.0,13993.0,Desktop,Referral,Completed
TXN006410,CUS0873,2026-06-02,Electronics,2,699.0,0.0,3262.0,Desktop,Referral,Completed
TXN006411,CUS0873,2026-04-03,Beauty,2,1999.0,0.0,9328.67,Desktop,Referral,Completed
TXN006412,CUS0873,2026-02-13,Electronics,3,299.0,0.0,2093.0,Desktop,Referral,Completed
TXN006413,CUS0873,2026-02-10,Beauty,2,499.0,0.0,2328.67,Desktop,Referral,Completed
TXN006414,CUS0873,2026-02-02,Beauty,3,699.0,0.0,4893.0,Desktop,Referral,Completed
TXN006415,CUS0873,2026-01-31,Beauty,3,299.0,0.1,1883.7,Desktop,Referral,Completed
TXN006416,CUS0873,2026-01-06,Beauty,1,399.0,0.0,931.0,Desktop,Referral,Completed
TXN006417,CUS0873,2025-12-23,Beauty,1,399.0,0.0,931.0,Desktop,Referral,Completed
TXN006418,CUS0873,2025-12-18,Home,1,1999.0,0.0,4664.33,Desktop,Referral,Completed
TXN006419,CUS0873,2025-12-18,Beauty,1,999.0,0.0,2331.0,Tablet,Referral,Completed
TXN006420,CUS0873,2025-11-27,Beauty,1,699.0,0.0,1631.0,Desktop,Referral,Completed
TXN006421,CUS0873,2025-11-13,Beauty,1,1999.0,0.0,4664.33,Desktop,Referral,Completed
TXN006422,CUS0873,2025-11-02,Beauty,2,1999.0,0.0,9328.67,Desktop,Referral,Completed
TXN006423,CUS0873,2025-10-25,Beauty,1,999.0,0.0,2331.0,Desktop,Referral,Completed
TXN006424,CUS0874,2026-02-13,Beauty,3,1499.0,0.0,2623.25,Desktop,Paid Ads,Completed
TXN006425,CUS0875,2026-08-14,Sports,2,699.0,0.2,838.8,Mobile,Organic Search,Completed
TXN006426,CUS0876,2026-07-12,Beauty,2,699.0,0.0,1864.0,Desktop,Referral,Completed
TXN006427,CUS0876,2026-05-28,Beauty,1,1499.0,0.0,1998.67,Desktop,Referral,Returned
TXN006428,CUS0876,2026-03-27,Beauty,2,499.0,0.0,1330.67,Desktop,Referral,Completed
TXN006429,CUS0876,2026-01-20,Beauty,3,299.0,0.0,1196.0,Desktop,Referral,Completed
TXN006430,CUS0876,2026-01-15,Sports,2,699.0,0.0,1864.0,Desktop,Referral,Completed
TXN006431,CUS0876,2025-11-24,Beauty,3,399.0,0.2,1276.8,Desktop,Referral,Completed
TXN006432,CUS0876,2025-10-08,Beauty,1,299.0,0.15,338.87,Desktop,Referral,Returned
TXN006433,CUS0876,2025-10-08,Beauty,2,299.0,0.0,797.33,Desktop,Referral,Completed
TXN006434,CUS0877,2026-01-27,Electronics,3,499.0,0.2,1297.4,Mobile,Referral,Completed
TXN006435,CUS0877,2026-01-20,Fashion,1,1999.0,0.0,2165.58,Mobile,Referral,Returned
TXN006436,CUS0877,2025-11-28,Electronics,2,299.0,0.0,647.83,Mobile,Referral,Completed
TXN006437,CUS0877,2025-09-29,Electronics,2,999.0,0.0,2164.5,Mobile,Referral,Completed
TXN006438,CUS0877,2025-08-08,Home,1,999.0,0.0,1082.25,Mobile,Referral,Completed
TXN006439,CUS0877,2025-05-13,Electronics,1,1499.0,0.0,1623.92,Mobile,Referral,Completed
TXN006440,CUS0877,2025-04-29,Electronics,1,1999.0,0.0,2165.58,Mobile,Referral,Completed
TXN006441,CUS0878,2026-08-15,Home,2,299.0,0.05,1325.57,Tablet,Email,Completed
TXN006442,CUS0878,2026-07-17,Home,3,999.0,0.0,6993.0,Tablet,Email,Completed
TXN006443,CUS0878,2026-07-12,Home,3,399.0,0.0,2793.0,Tablet,Email,Completed
TXN006444,CUS0878,2026-05-10,Home,2,999.0,0.0,4662.0,Tablet,Email,Completed
TXN006445,CUS0878,2026-03-10,Sports,1,699.0,0.0,1631.0,Mobile,Email,Completed
TXN006446,CUS0878,2026-02-25,Beauty,1,699.0,0.0,1631.0,Tablet,Email,Completed
TXN006447,CUS0878,2026-02-18,Beauty,2,399.0,0.0,1862.0,Tablet,Email,Completed
TXN006448,CUS0878,2026-02-04,Home,1,699.0,0.15,1386.35,Tablet,Email,Completed
TXN006449,CUS0878,2026-02-04,Electronics,3,999.0,0.0,6993.0,Tablet,Email,Completed
TXN006450,CUS0878,2026-01-27,Home,1,1499.0,0.0,3497.67,Mobile,Email,Completed
TXN006451,CUS0878,2025-12-11,Home,3,499.0,0.15,2969.05,Tablet,Email,Completed
TXN006452,CUS0878,2025-12-08,Fashion,2,699.0,0.0,3262.0,Tablet,Email,Completed
TXN006453,CUS0878,2025-10-30,Home,1,999.0,0.2,1864.8,Desktop,Email,Completed
TXN006454,CUS0878,2025-10-27,Home,3,499.0,0.0,3493.0,Tablet,Email,Completed
TXN006455,CUS0879,2026-08-07,Beauty,2,999.0,0.0,2664.0,Desktop,Email,Completed
TXN006456,CUS0879,2026-08-03,Fashion,2,399.0,0.0,1064.0,Desktop,Email,Completed
TXN006457,CUS0879,2026-07-22,Beauty,1,299.0,0.0,398.67,Desktop,Email,Completed
TXN006458,CUS0879,2026-06-21,Home,3,399.0,0.0,1596.0,Desktop,Email,Completed
TXN006459,CUS0879,2026-06-16,Fashion,3,1499.0,0.0,5996.0,Desktop,Email,Completed
TXN006460,CUS0879,2026-06-13,Home,1,999.0,0.0,1332.0,Desktop,Email,Completed
TXN006461,CUS0879,2026-05-06,Beauty,2,999.0,0.0,2664.0,Desktop,Email,Completed
TXN006462,CUS0879,2026-04-13,Beauty,1,699.0,0.0,932.0,Desktop,Email,Completed
TXN006463,CUS0879,2026-02-21,Beauty,1,1499.0,0.0,1998.67,Desktop,Email,Completed
TXN006464,CUS0879,2026-02-01,Beauty,2,999.0,0.0,2664.0,Desktop,Email,Cancelled
TXN006465,CUS0879,2025-12-18,Beauty,1,1499.0,0.0,1998.67,Desktop,Email,Completed
TXN006466,CUS0879,2025-11-21,Sports,3,699.0,0.0,2796.0,Desktop,Email,Completed
TXN006467,CUS0879,2025-10-26,Home,1,1499.0,0.0,1998.67,Mobile,Email,Completed
TXN006468,CUS0880,2025-10-19,Electronics,3,399.0,0.1,628.43,Desktop,Organic Search,Returned
TXN006469,CUS0880,2025-08-18,Electronics,3,699.0,0.15,1039.76,Desktop,Organic Search,Completed
TXN006470,CUS0880,2025-08-11,Electronics,1,1499.0,0.0,874.42,Tablet,Organic Search,Completed
TXN006471,CUS0881,2026-06-20,Sports,1,499.0,0.2,232.87,Desktop,Email,Completed
TXN006472,CUS0881,2025-12-22,Sports,2,499.0,0.0,582.17,Desktop,Email,Returned
TXN006473,CUS0882,2026-07-23,Electronics,3,699.0,0.15,1930.99,Tablet,Organic Search,Completed
TXN006474,CUS0882,2026-07-23,Electronics,2,499.0,0.0,1081.17,Tablet,Organic Search,Returned
TXN006475,CUS0882,2026-06-21,Home,2,1499.0,0.0,3247.83,Tablet,Organic Search,Completed
TXN006476,CUS0882,2026-04-25,Electronics,2,1999.0,0.0,4331.17,Tablet,Organic Search,Completed
TXN006477,CUS0882,2026-03-22,Electronics,1,299.0,0.0,323.92,Tablet,Organic Search,Completed
TXN006478,CUS0882,2026-03-18,Electronics,3,699.0,0.0,2271.75,Tablet,Organic Search,Completed
TXN006479,CUS0883,2026-08-11,Sports,3,1999.0,0.0,13993.0,Tablet,Direct,Completed
TXN006480,CUS0883,2026-08-08,Home,2,1999.0,0.1,8395.8,Tablet,Direct,Completed
TXN006481,CUS0883,2026-07-30,Electronics,3,499.0,0.0,3493.0,Tablet,Direct,Completed
TXN006482,CUS0883,2026-07-21,Home,1,499.0,0.0,1164.33,Tablet,Direct,Completed
TXN006483,CUS0883,2026-07-05,Home,3,1499.0,0.0,10493.0,Tablet,Direct,Completed
TXN006484,CUS0883,2026-06-04,Electronics,3,999.0,0.0,6993.0,Mobile,Direct,Completed
TXN006485,CUS0883,2026-05-30,Electronics,2,699.0,0.0,3262.0,Mobile,Direct,Cancelled
TXN006486,CUS0883,2026-05-28,Electronics,1,399.0,0.0,931.0,Mobile,Direct,Completed
TXN006487,CUS0883,2026-05-25,Electronics,2,399.0,0.0,1862.0,Mobile,Direct,Completed
TXN006488,CUS0883,2026-05-19,Fashion,3,499.0,0.2,2794.4,Tablet,Direct,Completed
TXN006489,CUS0883,2026-04-25,Electronics,1,399.0,0.0,931.0,Tablet,Direct,Completed
TXN006490,CUS0883,2026-03-07,Electronics,1,399.0,0.0,931.0,Tablet,Direct,Completed
TXN006491,CUS0883,2026-02-17,Electronics,2,1999.0,0.0,9328.67,Tablet,Direct,Completed
TXN006492,CUS0883,2026-02-04,Electronics,2,699.0,0.0,3262.0,Mobile,Direct,Completed
TXN006493,CUS0883,2026-02-03,Electronics,1,1999.0,0.0,4664.33,Tablet,Direct,Returned
TXN006494,CUS0883,2026-01-13,Electronics,3,1999.0,0.0,13993.0,Mobile,Direct,Completed
TXN006495,CUS0883,2026-01-01,Sports,3,1499.0,0.0,10493.0,Mobile,Direct,Completed
TXN006496,CUS0883,2025-11-05,Electronics,1,699.0,0.0,1631.0,Tablet,Direct,Completed
TXN006497,CUS0883,2025-10-31,Electronics,3,1999.0,0.15,11894.05,Desktop,Direct,Completed
TXN006498,CUS0884,2026-08-03,Beauty,3,499.0,0.0,1122.75,Mobile,Referral,Completed
TXN006499,CUS0884,2025-12-28,Home,1,999.0,0.05,711.79,Desktop,Referral,Completed
TXN006500,CUS0885,2026-08-05,Beauty,1,1999.0,0.0,4664.33,Mobile,Organic Search,Cancelled
TXN006501,CUS0885,2026-06-24,Beauty,3,1499.0,0.0,10493.0,Mobile,Organic Search,Completed
TXN006502,CUS0885,2026-06-02,Sports,3,499.0,0.0,3493.0,Mobile,Organic Search,Completed
TXN006503,CUS0885,2026-04-26,Electronics,3,999.0,0.0,6993.0,Mobile,Organic Search,Completed
TXN006504,CUS0885,2026-04-19,Electronics,2,1499.0,0.0,6995.33,Mobile,Organic Search,Completed
TXN006505,CUS0885,2026-03-29,Beauty,1,1999.0,0.0,4664.33,Mobile,Organic Search,Completed
TXN006506,CUS0885,2026-03-25,Beauty,3,299.0,0.0,2093.0,Mobile,Organic Search,Completed
TXN006507,CUS0885,2026-03-22,Electronics,3,1999.0,0.0,13993.0,Mobile,Organic Search,Completed
TXN006508,CUS0885,2026-03-14,Home,1,499.0,0.0,1164.33,Mobile,Organic Search,Completed
TXN006509,CUS0885,2026-02-24,Beauty,1,299.0,0.0,697.67,Mobile,Organic Search,Completed
TXN006510,CUS0885,2026-02-24,Beauty,1,399.0,0.0,931.0,Mobile,Organic Search,Completed
TXN006511,CUS0885,2026-02-01,Beauty,3,499.0,0.0,3493.0,Mobile,Organic Search,Completed
TXN006512,CUS0885,2026-02-01,Beauty,1,499.0,0.0,1164.33,Tablet,Organic Search,Completed
TXN006513,CUS0885,2025-12-29,Beauty,3,999.0,0.2,5594.4,Mobile,Organic Search,Completed
TXN006514,CUS0885,2025-12-20,Beauty,1,399.0,0.15,791.35,Mobile,Organic Search,Completed
TXN006515,CUS0885,2025-12-18,Beauty,1,399.0,0.0,931.0,Mobile,Organic Search,Completed
TXN006516,CUS0885,2025-12-18,Beauty,3,499.0,0.0,3493.0,Desktop,Organic Search,Completed
TXN006517,CUS0885,2025-11-02,Electronics,2,999.0,0.0,4662.0,Mobile,Organic Search,Completed
TXN006518,CUS0885,2025-10-30,Home,2,699.0,0.0,3262.0,Mobile,Organic Search,Completed
TXN006519,CUS0885,2025-10-20,Sports,3,299.0,0.0,2093.0,Tablet,Organic Search,Returned
TXN006520,CUS0886,2026-08-12,Beauty,2,699.0,0.05,1770.8,Desktop,Paid Ads,Completed
TXN006521,CUS0886,2026-06-10,Sports,2,299.0,0.0,797.33,Desktop,Paid Ads,Completed
TXN006522,CUS0886,2026-01-20,Beauty,2,299.0,0.0,797.33,Desktop,Paid Ads,Completed
TXN006523,CUS0886,2026-01-04,Beauty,1,299.0,0.0,398.67,Desktop,Paid Ads,Completed
TXN006524,CUS0886,2025-12-31,Beauty,3,1499.0,0.0,5996.0,Desktop,Paid Ads,Completed
TXN006525,CUS0886,2025-11-19,Beauty,2,399.0,0.0,1064.0,Tablet,Paid Ads,Completed
TXN006526,CUS0886,2025-11-08,Beauty,2,999.0,0.0,2664.0,Desktop,Paid Ads,Completed
TXN006527,CUS0886,2025-10-22,Beauty,3,1999.0,0.0,7996.0,Desktop,Paid Ads,Completed
TXN006528,CUS0887,2026-08-18,Sports,2,1999.0,0.0,9328.67,Tablet,Referral,Completed
TXN006529,CUS0887,2026-08-04,Fashion,3,299.0,0.0,2093.0,Tablet,Referral,Returned
TXN006530,CUS0887,2026-08-04,Sports,1,299.0,0.0,697.67,Tablet,Referral,Completed
TXN006531,CUS0887,2026-07-12,Sports,1,299.0,0.0,697.67,Desktop,Referral,Completed
TXN006532,CUS0887,2026-06-24,Sports,1,299.0,0.1,627.9,Tablet,Referral,Completed
TXN006533,CUS0887,2026-06-24,Beauty,3,1499.0,0.2,8394.4,Tablet,Referral,Completed
TXN006534,CUS0887,2026-06-11,Sports,2,999.0,0.0,4662.0,Tablet,Referral,Completed
TXN006535,CUS0887,2026-06-07,Sports,2,499.0,0.0,2328.67,Tablet,Referral,Completed
TXN006536,CUS0887,2026-05-28,Sports,3,999.0,0.0,6993.0,Tablet,Referral,Completed
TXN006537,CUS0887,2026-05-18,Fashion,3,699.0,0.0,4893.0,Tablet,Referral,Completed
TXN006538,CUS0887,2026-05-07,Electronics,3,1999.0,0.1,12593.7,Tablet,Referral,Completed
TXN006539,CUS0887,2026-04-19,Sports,1,1999.0,0.0,4664.33,Tablet,Referral,Completed
TXN006540,CUS0887,2026-03-17,Beauty,3,499.0,0.0,3493.0,Tablet,Referral,Completed
TXN006541,CUS0887,2026-03-01,Fashion,1,299.0,0.1,627.9,Tablet,Referral,Completed
TXN006542,CUS0887,2026-01-29,Sports,1,699.0,0.0,1631.0,Tablet,Referral,Completed
TXN006543,CUS0887,2026-01-24,Electronics,3,1499.0,0.0,10493.0,Tablet,Referral,Completed
TXN006544,CUS0887,2025-11-06,Sports,1,1499.0,0.2,2798.13,Tablet,Referral,Completed
TXN006545,CUS0887,2025-11-05,Sports,3,699.0,0.0,4893.0,Tablet,Referral,Completed
TXN006546,CUS0888,2026-07-26,Sports,3,999.0,0.0,3996.0,Desktop,Organic Search,Completed
TXN006547,CUS0888,2026-06-26,Sports,2,499.0,0.0,1330.67,Desktop,Organic Search,Returned
TXN006548,CUS0888,2026-04-24,Fashion,3,1499.0,0.05,5696.2,Desktop,Organic Search,Completed
TXN006549,CUS0888,2026-04-23,Home,1,999.0,0.0,1332.0,Desktop,Organic Search,Completed
TXN006550,CUS0888,2026-04-04,Sports,1,699.0,0.05,885.4,Desktop,Organic Search,Completed
TXN006551,CUS0888,2026-03-19,Sports,1,399.0,0.0,532.0,Desktop,Organic Search,Completed
TXN006552,CUS0888,2026-03-10,Sports,2,1999.0,0.0,5330.67,Desktop,Organic Search,Completed
TXN006553,CUS0888,2026-01-12,Electronics,2,699.0,0.0,1864.0,Desktop,Organic Search,Completed
TXN006554,CUS0888,2025-12-06,Sports,1,1499.0,0.0,1998.67,Desktop,Organic Search,Cancelled
TXN006555,CUS0888,2025-11-12,Sports,3,299.0,0.0,1196.0,Desktop,Organic Search,Completed
TXN006556,CUS0888,2025-11-09,Electronics,1,1499.0,0.0,1998.67,Desktop,Organic Search,Completed
TXN006557,CUS0888,2025-11-04,Sports,3,699.0,0.1,2516.4,Desktop,Organic Search,Completed
TXN006558,CUS0888,2025-10-17,Electronics,1,499.0,0.0,665.33,Desktop,Organic Search,Completed
TXN006559,CUS0888,2025-10-04,Fashion,2,1499.0,0.0,3997.33,Desktop,Organic Search,Completed
TXN006560,CUS0889,2026-06-19,Sports,1,999.0,0.0,1082.25,Mobile,Direct,Completed
TXN006561,CUS0889,2026-06-12,Sports,3,299.0,0.0,971.75,Mobile,Direct,Completed
TXN006562,CUS0889,2026-05-28,Sports,1,999.0,0.0,1082.25,Mobile,Direct,Completed
TXN006563,CUS0889,2026-03-01,Sports,2,1499.0,0.0,3247.83,Mobile,Direct,Completed
TXN006564,CUS0889,2026-02-02,Sports,3,499.0,0.0,1621.75,Mobile,Direct,Completed
TXN006565,CUS0889,2026-01-13,Beauty,3,499.0,0.0,1621.75,Mobile,Direct,Completed
TXN006566,CUS0889,2025-12-10,Fashion,1,399.0,0.0,432.25,Mobile,Direct,Completed
TXN006567,CUS0889,2025-09-30,Sports,3,999.0,0.2,2597.4,Mobile,Direct,Completed
TXN006568,CUS0890,2026-08-15,Home,2,699.0,0.0,3262.0,Mobile,Email,Completed
TXN006569,CUS0890,2026-08-11,Electronics,1,499.0,0.0,1164.33,Mobile,Email,Completed
TXN006570,CUS0890,2026-08-01,Home,3,699.0,0.15,4159.05,Mobile,Email,Completed
TXN006571,CUS0890,2026-07-23,Electronics,1,299.0,0.0,697.67,Mobile,Email,Completed
TXN006572,CUS0890,2026-07-21,Electronics,1,1999.0,0.0,4664.33,Mobile,Email,Completed
TXN006573,CUS0890,2026-06-14,Sports,2,1499.0,0.0,6995.33,Mobile,Email,Completed
TXN006574,CUS0890,2026-05-24,Home,1,499.0,0.0,1164.33,Mobile,Email,Completed
TXN006575,CUS0890,2026-04-19,Home,3,399.0,0.0,2793.0,Mobile,Email,Completed
TXN006576,CUS0890,2026-03-05,Home,1,1499.0,0.0,3497.67,Mobile,Email,Completed
TXN006577,CUS0890,2026-01-17,Home,1,999.0,0.0,2331.0,Mobile,Email,Completed
TXN006578,CUS0890,2026-01-17,Fashion,3,1999.0,0.0,13993.0,Mobile,Email,Completed
TXN006579,CUS0890,2026-01-16,Home,2,1999.0,0.0,9328.67,Desktop,Email,Completed
TXN006580,CUS0890,2026-01-02,Home,1,299.0,0.1,627.9,Mobile,Email,Completed
TXN006581,CUS0890,2026-01-01,Fashion,3,1999.0,0.0,13993.0,Mobile,Email,Completed
TXN006582,CUS0890,2025-12-21,Home,1,1999.0,0.0,4664.33,Mobile,Email,Completed
TXN006583,CUS0890,2025-12-18,Home,3,399.0,0.0,2793.0,Mobile,Email,Returned
TXN006584,CUS0890,2025-11-17,Home,3,699.0,0.1,4403.7,Tablet,Email,Completed
TXN006585,CUS0891,2026-08-01,Home,2,999.0,0.0,2664.0,Mobile,Email,Completed
TXN006586,CUS0891,2026-07-30,Fashion,1,999.0,0.15,1132.2,Mobile,Email,Completed
TXN006587,CUS0891,2026-07-14,Home,3,999.0,0.0,3996.0,Mobile,Email,Completed
TXN006588,CUS0891,2026-07-10,Sports,2,1999.0,0.0,5330.67,Mobile,Email,Completed
TXN006589,CUS0891,2026-06-04,Sports,1,999.0,0.0,1332.0,Mobile,Email,Completed
TXN006590,CUS0891,2026-05-27,Fashion,1,699.0,0.0,932.0,Tablet,Email,Completed
TXN006591,CUS0891,2026-05-12,Fashion,2,1999.0,0.0,5330.67,Mobile,Email,Completed
TXN006592,CUS0891,2026-05-03,Fashion,2,699.0,0.0,1864.0,Mobile,Email,Completed
TXN006593,CUS0891,2026-03-11,Sports,2,299.0,0.0,797.33,Mobile,Email,Completed
TXN006594,CUS0891,2026-02-20,Sports,1,299.0,0.0,398.67,Mobile,Email,Completed
TXN006595,CUS0891,2026-02-11,Fashion,3,399.0,0.15,1356.6,Mobile,Email,Completed
TXN006596,CUS0891,2026-01-04,Fashion,2,399.0,0.0,1064.0,Mobile,Email,Completed
TXN006597,CUS0891,2025-11-17,Sports,2,1999.0,0.05,5064.13,Tablet,Email,Completed
TXN006598,CUS0891,2025-10-08,Sports,1,699.0,0.0,932.0,Mobile,Email,Completed
TXN006599,CUS0892,2026-03-01,Home,2,399.0,0.0,465.5,Desktop,Direct,Completed
TXN006600,CUS0893,2026-08-18,Beauty,1,1999.0,0.0,1499.25,Desktop,Paid Ads,Completed
TXN006601,CUS0894,2026-08-01,Home,2,1999.0,0.0,2998.5,Mobile,Referral,Completed
TXN006602,CUS0894,2026-02-14,Home,2,999.0,0.15,1273.72,Mobile,Referral,Completed
TXN006603,CUS0895,2026-08-18,Home,1,299.0,0.0,697.67,Mobile,Social Media,Completed
TXN006604,CUS0895,2026-07-31,Home,3,1999.0,0.0,13993.0,Mobile,Social Media,Completed
TXN006605,CUS0895,2026-07-29,Home,2,299.0,0.0,1395.33,Mobile,Social Media,Completed
TXN006606,CUS0895,2026-07-14,Sports,2,999.0,0.0,4662.0,Mobile,Social Media,Returned
TXN006607,CUS0895,2026-06-06,Home,3,1499.0,0.0,10493.0,Desktop,Social Media,Completed
TXN006608,CUS0895,2026-06-03,Home,2,1499.0,0.0,6995.33,Mobile,Social Media,Completed
TXN006609,CUS0895,2026-05-13,Home,2,299.0,0.0,1395.33,Mobile,Social Media,Completed
TXN006610,CUS0895,2026-04-17,Electronics,2,1499.0,0.05,6645.57,Desktop,Social Media,Completed
TXN006611,CUS0895,2026-03-24,Home,1,699.0,0.0,1631.0,Mobile,Social Media,Completed
TXN006612,CUS0895,2026-03-04,Electronics,3,1999.0,0.0,13993.0,Mobile,Social Media,Completed
TXN006613,CUS0895,2026-03-02,Home,1,999.0,0.0,2331.0,Mobile,Social Media,Completed
TXN006614,CUS0895,2026-01-25,Home,1,499.0,0.0,1164.33,Mobile,Social Media,Completed
TXN006615,CUS0895,2026-01-11,Home,2,399.0,0.1,1675.8,Tablet,Social Media,Completed
TXN006616,CUS0895,2026-01-10,Home,2,999.0,0.0,4662.0,Mobile,Social Media,Completed
TXN006617,CUS0895,2026-01-09,Home,2,499.0,0.0,2328.67,Desktop,Social Media,Completed
TXN006618,CUS0895,2025-11-23,Sports,1,1499.0,0.0,3497.67,Mobile,Social Media,Completed
TXN006619,CUS0895,2025-11-20,Home,1,299.0,0.0,697.67,Mobile,Social Media,Completed
TXN006620,CUS0895,2025-11-02,Electronics,2,499.0,0.0,2328.67,Mobile,Social Media,Completed
TXN006621,CUS0896,2026-07-16,Electronics,3,999.0,0.0,3246.75,Mobile,Email,Completed
TXN006622,CUS0896,2026-07-16,Electronics,3,999.0,0.0,3246.75,Mobile,Email,Completed
TXN006623,CUS0896,2026-07-08,Electronics,1,699.0,0.0,757.25,Mobile,Email,Returned
TXN006624,CUS0896,2026-06-29,Electronics,2,1999.0,0.0,4331.17,Mobile,Email,Completed
TXN006625,CUS0896,2026-05-22,Electronics,3,499.0,0.0,1621.75,Desktop,Email,Cancelled
TXN006626,CUS0896,2026-04-28,Electronics,2,399.0,0.0,864.5,Mobile,Email,Completed
TXN006627,CUS0896,2026-03-17,Electronics,2,399.0,0.0,864.5,Mobile,Email,Completed
TXN006628,CUS0896,2026-01-17,Electronics,3,1999.0,0.0,6496.75,Mobile,Email,Completed
TXN006629,CUS0896,2025-11-28,Electronics,2,499.0,0.0,1081.17,Mobile,Email,Completed
TXN006630,CUS0896,2025-11-09,Electronics,2,499.0,0.0,1081.17,Mobile,Email,Completed
TXN006631,CUS0897,2026-07-16,Sports,3,1999.0,0.0,6496.75,Mobile,Direct,Completed
TXN006632,CUS0897,2026-03-27,Fashion,3,399.0,0.05,1231.91,Desktop,Direct,Returned
TXN006633,CUS0897,2026-03-05,Sports,3,699.0,0.2,1817.4,Mobile,Direct,Completed
TXN006634,CUS0897,2026-03-02,Home,3,1499.0,0.0,4871.75,Mobile,Direct,Completed
TXN006635,CUS0897,2026-02-03,Sports,1,399.0,0.1,389.02,Mobile,Direct,Completed
TXN006636,CUS0897,2026-01-14,Sports,3,499.0,0.0,1621.75,Tablet,Direct,Completed
TXN006637,CUS0897,2025-11-12,Fashion,1,499.0,0.0,540.58,Mobile,Direct,Completed
TXN006638,CUS0897,2025-10-24,Home,2,1999.0,0.0,4331.17,Mobile,Direct,Completed
TXN006639,CUS0898,2026-07-19,Beauty,3,999.0,0.0,2747.25,Mobile,Paid Ads,Completed
TXN006640,CUS0898,2026-06-07,Fashion,2,699.0,0.0,1281.5,Desktop,Paid Ads,Completed
TXN006641,CUS0898,2026-03-29,Fashion,2,999.0,0.0,1831.5,Mobile,Paid Ads,Completed
TXN006642,CUS0898,2025-11-22,Fashion,3,1999.0,0.0,5497.25,Mobile,Paid Ads,Completed
TXN006643,CUS0898,2025-11-15,Fashion,3,399.0,0.05,1042.39,Mobile,Paid Ads,Completed
TXN006644,CUS0898,2025-10-14,Fashion,2,1999.0,0.0,3664.83,Mobile,Paid Ads,Completed
TXN006645,CUS0899,2026-05-05,Electronics,2,699.0,0.0,1514.5,Mobile,Organic Search,Completed
TXN006646,CUS0899,2026-01-17,Beauty,2,499.0,0.0,1081.17,Tablet,Organic Search,Completed
TXN006647,CUS0899,2026-01-15,Home,3,699.0,0.0,2271.75,Mobile,Organic Search,Returned
TXN006648,CUS0899,2025-12-30,Home,2,1499.0,0.15,2760.66,Mobile,Organic Search,Completed
TXN006649,CUS0899,2025-12-23,Sports,3,399.0,0.0,1296.75,Mobile,Organic Search,Completed
TXN006650,CUS0899,2025-10-06,Electronics,3,499.0,0.0,1621.75,Mobile,Organic Search,Completed
TXN006651,CUS0899,2025-10-05,Sports,1,1999.0,0.0,2165.58,Mobile,Organic Search,Completed
TXN006652,CUS0899,2025-09-07,Beauty,1,999.0,0.0,1082.25,Mobile,Organic Search,Completed
TXN006653,CUS0899,2025-08-13,Home,2,1499.0,0.0,3247.83,Mobile,Organic Search,Completed
TXN006654,CUS0899,2025-07-26,Fashion,3,699.0,0.0,2271.75,Mobile,Organic Search,Completed
TXN006655,CUS0900,2026-08-16,Home,3,499.0,0.0,3493.0,Mobile,Paid Ads,Completed
TXN006656,CUS0900,2026-08-08,Beauty,2,699.0,0.0,3262.0,Mobile,Paid Ads,Completed
TXN006657,CUS0900,2026-07-28,Home,1,1999.0,0.0,4664.33,Mobile,Paid Ads,Completed
TXN006658,CUS0900,2026-07-13,Beauty,1,299.0,0.0,697.67,Desktop,Paid Ads,Completed
TXN006659,CUS0900,2026-06-11,Home,2,1499.0,0.0,6995.33,Mobile,Paid Ads,Completed
TXN006660,CUS0900,2026-05-02,Sports,3,1499.0,0.0,10493.0,Desktop,Paid Ads,Returned
TXN006661,CUS0900,2026-04-19,Home,1,299.0,0.0,697.67,Mobile,Paid Ads,Completed
TXN006662,CUS0900,2026-04-05,Home,2,999.0,0.0,4662.0,Mobile,Paid Ads,Completed
TXN006663,CUS0900,2026-03-15,Home,3,499.0,0.0,3493.0,Mobile,Paid Ads,Completed
TXN006664,CUS0900,2026-03-13,Home,3,699.0,0.0,4893.0,Mobile,Paid Ads,Completed
TXN006665,CUS0900,2026-01-31,Home,3,299.0,0.05,1988.35,Mobile,Paid Ads,Completed
TXN006666,CUS0900,2026-01-07,Sports,2,399.0,0.0,1862.0,Mobile,Paid Ads,Completed
TXN006667,CUS0900,2025-12-27,Home,1,399.0,0.15,791.35,Mobile,Paid Ads,Completed
TXN006668,CUS0900,2025-12-13,Home,1,399.0,0.0,931.0,Desktop,Paid Ads,Completed
TXN006669,CUS0900,2025-11-27,Home,2,999.0,0.0,4662.0,Mobile,Paid Ads,Completed
TXN006670,CUS0900,2025-11-03,Sports,2,999.0,0.15,3962.7,Mobile,Paid Ads,Returned
TXN006671,CUS0901,2026-07-17,Beauty,2,1499.0,0.0,3997.33,Desktop,Email,Completed
TXN006672,CUS0901,2026-06-22,Sports,3,699.0,0.0,2796.0,Desktop,Email,Completed
TXN006673,CUS0901,2026-06-08,Electronics,1,499.0,0.2,532.27,Desktop,Email,Cancelled
TXN006674,CUS0901,2026-04-29,Sports,3,399.0,0.0,1596.0,Desktop,Email,Completed
TXN006675,CUS0901,2026-03-24,Beauty,1,1999.0,0.05,2532.07,Desktop,Email,Completed
TXN006676,CUS0901,2026-02-10,Beauty,1,499.0,0.0,665.33,Desktop,Email,Completed
TXN006677,CUS0901,2025-10-19,Beauty,3,1499.0,0.0,5996.0,Desktop,Email,Cancelled
TXN006678,CUS0901,2025-10-14,Beauty,3,1499.0,0.0,5996.0,Desktop,Email,Completed
TXN006679,CUS0902,2026-06-26,Beauty,1,1999.0,0.0,1832.42,Mobile,Paid Ads,Completed
TXN006680,CUS0902,2026-06-15,Fashion,3,1499.0,0.0,4122.25,Mobile,Paid Ads,Completed
TXN006681,CUS0902,2026-02-28,Fashion,3,1999.0,0.0,5497.25,Mobile,Paid Ads,Completed
TXN006682,CUS0902,2025-10-10,Fashion,3,299.0,0.0,822.25,Mobile,Paid Ads,Completed
TXN006683,CUS0903,2026-01-25,Fashion,3,399.0,0.0,698.25,Desktop,Direct,Completed
TXN006684,CUS0903,2025-09-08,Fashion,3,399.0,0.0,698.25,Tablet,Direct,Completed
TXN006685,CUS0903,2025-05-09,Fashion,1,999.0,0.0,582.75,Mobile,Direct,Completed
TXN006686,CUS0903,2025-04-09,Fashion,2,499.0,0.0,582.17,Desktop,Direct,Cancelled
TXN006687,CUS0904,2026-05-25,Home,3,299.0,0.0,523.25,Mobile,Email,Completed
TXN006688,CUS0905,2026-02-20,Home,1,1499.0,0.0,1623.92,Mobile,Direct,Completed
TXN006689,CUS0905,2026-02-20,Home,3,1999.0,0.0,6496.75,Mobile,Direct,Completed
TXN006690,CUS0905,2026-02-10,Home,1,999.0,0.0,1082.25,Mobile,Direct,Completed
TXN006691,CUS0905,2025-11-24,Sports,1,499.0,0.2,432.47,Tablet,Direct,Completed
TXN006692,CUS0905,2025-10-15,Sports,2,1499.0,0.0,3247.83,Tablet,Direct,Completed
TXN006693,CUS0905,2025-08-28,Electronics,3,299.0,0.0,971.75,Tablet,Direct,Completed
TXN006694,CUS0905,2025-08-22,Home,3,999.0,0.0,3246.75,Mobile,Direct,Completed
TXN006695,CUS0905,2025-07-16,Home,1,699.0,0.0,757.25,Tablet,Direct,Completed
TXN006696,CUS0905,2025-06-03,Home,2,1999.0,0.0,4331.17,Mobile,Direct,Completed
TXN006697,CUS0905,2025-06-01,Fashion,1,1999.0,0.0,2165.58,Mobile,Direct,Completed
TXN006698,CUS0906,2026-08-01,Fashion,1,999.0,0.0,915.75,Desktop,Referral,Completed
TXN006699,CUS0906,2026-01-30,Electronics,1,999.0,0.0,915.75,Desktop,Referral,Completed
TXN006700,CUS0906,2025-12-05,Fashion,1,699.0,0.0,640.75,Desktop,Referral,Completed
TXN006701,CUS0907,2026-07-31,Beauty,1,999.0,0.0,2331.0,Mobile,Paid Ads,Completed
TXN006702,CUS0907,2026-07-27,Sports,2,399.0,0.0,1862.0,Mobile,Paid Ads,Completed
TXN006703,CUS0907,2026-07-20,Sports,3,1499.0,0.1,9443.7,Mobile,Paid Ads,Completed
TXN006704,CUS0907,2026-06-11,Beauty,2,999.0,0.2,3729.6,Desktop,Paid Ads,Completed
TXN006705,CUS0907,2026-06-04,Beauty,1,999.0,0.0,2331.0,Mobile,Paid Ads,Completed
TXN006706,CUS0907,2026-05-02,Beauty,2,299.0,0.0,1395.33,Mobile,Paid Ads,Completed
TXN006707,CUS0907,2026-04-29,Home,3,499.0,0.0,3493.0,Mobile,Paid Ads,Cancelled
TXN006708,CUS0907,2026-04-19,Sports,3,499.0,0.0,3493.0,Mobile,Paid Ads,Completed
TXN006709,CUS0907,2026-04-16,Sports,1,999.0,0.0,2331.0,Mobile,Paid Ads,Completed
TXN006710,CUS0907,2026-04-11,Beauty,2,1999.0,0.0,9328.67,Desktop,Paid Ads,Completed
TXN006711,CUS0907,2026-03-25,Beauty,1,699.0,0.0,1631.0,Mobile,Paid Ads,Completed
TXN006712,CUS0907,2026-03-18,Beauty,2,999.0,0.0,4662.0,Mobile,Paid Ads,Completed
TXN006713,CUS0907,2026-03-06,Beauty,1,299.0,0.0,697.67,Mobile,Paid Ads,Completed
TXN006714,CUS0907,2026-02-22,Beauty,2,299.0,0.0,1395.33,Desktop,Paid Ads,Completed
TXN006715,CUS0907,2026-02-08,Fashion,2,399.0,0.0,1862.0,Mobile,Paid Ads,Completed
TXN006716,CUS0907,2025-12-26,Beauty,3,299.0,0.0,2093.0,Mobile,Paid Ads,Completed
TXN006717,CUS0907,2025-11-24,Beauty,2,1999.0,0.15,7929.37,Mobile,Paid Ads,Completed
TXN006718,CUS0907,2025-11-23,Beauty,1,299.0,0.2,558.13,Mobile,Paid Ads,Completed
TXN006719,CUS0908,2025-10-10,Fashion,2,999.0,0.0,1165.5,Desktop,Organic Search,Completed
TXN006720,CUS0908,2025-09-06,Fashion,3,999.0,0.0,1748.25,Tablet,Organic Search,Completed
TXN006721,CUS0908,2025-04-26,Beauty,3,999.0,0.0,1748.25,Tablet,Organic Search,Completed
TXN006722,CUS0909,2026-07-31,Beauty,3,399.0,0.0,2793.0,Tablet,Social Media,Completed
TXN006723,CUS0909,2026-07-31,Electronics,1,1999.0,0.0,4664.33,Tablet,Social Media,Returned
TXN006724,CUS0909,2026-07-13,Fashion,2,299.0,0.05,1325.57,Tablet,Social Media,Completed
TXN006725,CUS0909,2026-07-11,Beauty,3,1499.0,0.0,10493.0,Tablet,Social Media,Completed
TXN006726,CUS0909,2026-06-29,Sports,3,499.0,0.0,3493.0,Tablet,Social Media,Completed
TXN006727,CUS0909,2026-06-09,Beauty,2,699.0,0.15,2772.7,Tablet,Social Media,Completed
TXN006728,CUS0909,2026-06-06,Beauty,2,399.0,0.1,1675.8,Tablet,Social Media,Completed
TXN006729,CUS0909,2026-06-02,Beauty,3,299.0,0.05,1988.35,Tablet,Social Media,Completed
TXN006730,CUS0909,2026-06-02,Beauty,3,999.0,0.0,6993.0,Tablet,Social Media,Completed
TXN006731,CUS0909,2026-06-01,Beauty,3,1999.0,0.0,13993.0,Tablet,Social Media,Completed
TXN006732,CUS0909,2026-05-22,Electronics,3,499.0,0.0,3493.0,Tablet,Social Media,Completed
TXN006733,CUS0909,2026-05-10,Home,1,399.0,0.0,931.0,Tablet,Social Media,Completed
TXN006734,CUS0909,2026-05-06,Beauty,2,999.0,0.0,4662.0,Tablet,Social Media,Completed
TXN006735,CUS0909,2026-02-23,Fashion,2,1999.0,0.2,7462.93,Tablet,Social Media,Completed
TXN006736,CUS0909,2026-02-09,Sports,2,299.0,0.0,1395.33,Tablet,Social Media,Completed
TXN006737,CUS0909,2026-01-22,Home,3,1499.0,0.0,10493.0,Tablet,Social Media,Completed
TXN006738,CUS0909,2026-01-22,Electronics,3,699.0,0.0,4893.0,Tablet,Social Media,Completed
TXN006739,CUS0909,2025-11-15,Beauty,1,499.0,0.1,1047.9,Tablet,Social Media,Completed
TXN006740,CUS0909,2025-11-12,Home,2,499.0,0.0,2328.67,Tablet,Social Media,Completed
TXN006741,CUS0909,2025-11-01,Fashion,3,1999.0,0.0,13993.0,Tablet,Social Media,Completed
TXN006742,CUS0909,2025-10-19,Beauty,1,1499.0,0.0,3497.67,Tablet,Social Media,Completed
TXN006743,CUS0909,2025-10-15,Beauty,1,1999.0,0.0,4664.33,Desktop,Social Media,Completed
TXN006744,CUS0910,2026-07-12,Fashion,3,999.0,0.0,3996.0,Tablet,Social Media,Completed
TXN006745,CUS0910,2026-05-02,Fashion,2,299.0,0.0,797.33,Tablet,Social Media,Returned
TXN006746,CUS0910,2026-03-10,Fashion,1,1999.0,0.0,2665.33,Mobile,Social Media,Completed
TXN006747,CUS0910,2026-02-25,Fashion,2,1499.0,0.0,3997.33,Tablet,Social Media,Completed
TXN006748,CUS0910,2026-02-01,Fashion,3,299.0,0.0,1196.0,Tablet,Social Media,Completed
TXN006749,CUS0910,2025-12-10,Electronics,1,1999.0,0.0,2665.33,Tablet,Social Media,Completed
TXN006750,CUS0910,2025-12-03,Fashion,3,999.0,0.2,3196.8,Tablet,Social Media,Completed
TXN006751,CUS0910,2025-11-21,Fashion,3,399.0,0.0,1596.0,Tablet,Social Media,Completed
TXN006752,CUS0910,2025-11-16,Fashion,2,299.0,0.1,717.6,Tablet,Social Media,Completed
TXN006753,CUS0910,2025-10-24,Fashion,1,499.0,0.2,532.27,Mobile,Social Media,Completed
TXN006754,CUS0910,2025-10-20,Fashion,2,499.0,0.0,1330.67,Tablet,Social Media,Cancelled
TXN006755,CUS0910,2025-09-30,Fashion,2,699.0,0.0,1864.0,Tablet,Social Media,Completed
TXN006756,CUS0911,2026-05-18,Electronics,1,1999.0,0.1,1949.02,Tablet,Organic Search,Completed
TXN006757,CUS0911,2026-04-30,Fashion,1,1499.0,0.0,1623.92,Mobile,Organic Search,Completed
TXN006758,CUS0911,2026-04-13,Electronics,1,999.0,0.0,1082.25,Mobile,Organic Search,Completed
TXN006759,CUS0911,2026-02-03,Electronics,1,299.0,0.1,291.52,Mobile,Organic Search,Completed
TXN006760,CUS0911,2025-08-28,Sports,1,699.0,0.0,757.25,Mobile,Organic Search,Completed
TXN006761,CUS0911,2025-08-24,Electronics,3,699.0,0.0,2271.75,Mobile,Organic Search,Completed
TXN006762,CUS0911,2025-07-23,Home,1,299.0,0.0,323.92,Mobile,Organic Search,Completed
TXN006763,CUS0912,2026-01-13,Electronics,2,1499.0,0.0,1748.83,Desktop,Social Media,Completed
TXN006764,CUS0913,2026-07-19,Beauty,3,699.0,0.0,2271.75,Desktop,Referral,Completed
TXN006765,CUS0913,2026-07-01,Home,1,1999.0,0.0,2165.58,Desktop,Referral,Completed
TXN006766,CUS0913,2026-03-18,Home,2,1499.0,0.0,3247.83,Desktop,Referral,Completed
TXN006767,CUS0913,2026-01-30,Home,2,499.0,0.0,1081.17,Desktop,Referral,Completed
TXN006768,CUS0913,2026-01-09,Home,2,299.0,0.0,647.83,Mobile,Referral,Completed
TXN006769,CUS0913,2025-12-31,Electronics,2,999.0,0.0,2164.5,Tablet,Referral,Completed
TXN006770,CUS0913,2025-12-13,Home,2,1499.0,0.0,3247.83,Desktop,Referral,Completed
TXN006771,CUS0913,2025-11-25,Home,2,999.0,0.0,2164.5,Desktop,Referral,Completed
TXN006772,CUS0913,2025-11-20,Home,3,299.0,0.0,971.75,Desktop,Referral,Completed
TXN006773,CUS0913,2025-10-13,Home,3,999.0,0.0,3246.75,Desktop,Referral,Completed
TXN006774,CUS0914,2026-07-09,Sports,3,699.0,0.05,1826.14,Desktop,Organic Search,Completed
TXN006775,CUS0914,2026-04-27,Electronics,3,999.0,0.0,2747.25,Desktop,Organic Search,Completed
TXN006776,CUS0914,2026-02-11,Electronics,3,699.0,0.1,1730.02,Desktop,Organic Search,Completed
TXN006777,CUS0914,2025-12-21,Sports,3,499.0,0.0,1372.25,Desktop,Organic Search,Completed
TXN006778,CUS0914,2025-11-21,Sports,3,1999.0,0.0,5497.25,Desktop,Organic Search,Completed
TXN006779,CUS0915,2026-07-11,Sports,3,1999.0,0.1,7196.4,Mobile,Referral,Cancelled
TXN006780,CUS0915,2026-06-27,Beauty,3,1499.0,0.0,5996.0,Mobile,Referral,Completed
TXN006781,CUS0915,2026-06-04,Beauty,2,1499.0,0.0,3997.33,Mobile,Referral,Completed
TXN006782,CUS0915,2026-06-01,Beauty,2,399.0,0.05,1010.8,Mobile,Referral,Completed
TXN006783,CUS0915,2026-05-27,Fashion,2,299.0,0.0,797.33,Mobile,Referral,Returned
TXN006784,CUS0915,2026-05-24,Beauty,1,499.0,0.15,565.53,Tablet,Referral,Completed
TXN006785,CUS0915,2026-05-19,Beauty,1,699.0,0.0,932.0,Tablet,Referral,Completed
TXN006786,CUS0915,2026-05-01,Beauty,2,999.0,0.15,2264.4,Mobile,Referral,Returned
TXN006787,CUS0915,2026-04-28,Home,3,1999.0,0.0,7996.0,Desktop,Referral,Completed
TXN006788,CUS0915,2026-04-28,Beauty,1,399.0,0.0,532.0,Mobile,Referral,Completed
TXN006789,CUS0915,2026-03-28,Home,3,999.0,0.2,3196.8,Mobile,Referral,Completed
TXN006790,CUS0915,2026-02-10,Beauty,3,399.0,0.0,1596.0,Mobile,Referral,Completed
TXN006791,CUS0915,2025-12-28,Beauty,1,999.0,0.2,1065.6,Mobile,Referral,Completed
TXN006792,CUS0915,2025-11-07,Home,1,499.0,0.0,665.33,Mobile,Referral,Completed
TXN006793,CUS0916,2026-08-14,Beauty,1,399.0,0.0,931.0,Mobile,Email,Cancelled
TXN006794,CUS0916,2026-08-09,Fashion,1,699.0,0.0,1631.0,Mobile,Email,Completed
TXN006795,CUS0916,2026-08-05,Electronics,1,499.0,0.05,1106.12,Desktop,Email,Completed
TXN006796,CUS0916,2026-07-22,Beauty,1,399.0,0.0,931.0,Mobile,Email,Completed
TXN006797,CUS0916,2026-07-17,Beauty,1,299.0,0.0,697.67,Mobile,Email,Completed
TXN006798,CUS0916,2026-07-05,Beauty,2,499.0,0.0,2328.67,Mobile,Email,Completed
TXN006799,CUS0916,2026-06-26,Fashion,2,299.0,0.0,1395.33,Mobile,Email,Completed
TXN006800,CUS0916,2026-06-24,Beauty,3,299.0,0.1,1883.7,Desktop,Email,Completed
TXN006801,CUS0916,2026-06-12,Beauty,2,699.0,0.0,3262.0,Mobile,Email,Completed
TXN006802,CUS0916,2026-05-20,Beauty,3,699.0,0.0,4893.0,Mobile,Email,Completed
TXN006803,CUS0916,2026-04-14,Beauty,3,1499.0,0.0,10493.0,Mobile,Email,Completed
TXN006804,CUS0916,2026-03-29,Beauty,2,1499.0,0.0,6995.33,Mobile,Email,Completed
TXN006805,CUS0916,2026-03-02,Sports,3,299.0,0.0,2093.0,Mobile,Email,Completed
TXN006806,CUS0916,2026-02-23,Beauty,3,1999.0,0.0,13993.0,Mobile,Email,Completed
TXN006807,CUS0916,2026-01-30,Beauty,1,1499.0,0.0,3497.67,Desktop,Email,Completed
TXN006808,CUS0916,2026-01-26,Beauty,1,499.0,0.0,1164.33,Mobile,Email,Completed
TXN006809,CUS0916,2026-01-25,Home,2,1999.0,0.0,9328.67,Mobile,Email,Completed
TXN006810,CUS0916,2026-01-14,Fashion,1,1499.0,0.0,3497.67,Mobile,Email,Completed
TXN006811,CUS0916,2025-12-25,Beauty,2,699.0,0.0,3262.0,Mobile,Email,Completed
TXN006812,CUS0916,2025-12-21,Electronics,1,1499.0,0.0,3497.67,Mobile,Email,Completed
TXN006813,CUS0916,2025-12-14,Sports,3,999.0,0.0,6993.0,Mobile,Email,Completed
TXN006814,CUS0916,2025-11-25,Beauty,1,499.0,0.05,1106.12,Mobile,Email,Completed
TXN006815,CUS0916,2025-11-25,Beauty,2,999.0,0.0,4662.0,Mobile,Email,Completed
TXN006816,CUS0916,2025-11-11,Fashion,2,699.0,0.2,2609.6,Mobile,Email,Completed
TXN006817,CUS0916,2025-11-05,Beauty,1,999.0,0.0,2331.0,Mobile,Email,Completed
TXN006818,CUS0916,2025-10-26,Beauty,1,699.0,0.2,1304.8,Mobile,Email,Completed
TXN006819,CUS0917,2026-06-12,Beauty,3,299.0,0.0,523.25,Desktop,Referral,Cancelled
TXN006820,CUS0917,2026-03-07,Beauty,1,1999.0,0.0,1166.08,Desktop,Referral,Completed
TXN006821,CUS0918,2025-12-07,Electronics,2,699.0,0.0,815.5,Mobile,Referral,Completed
TXN006822,CUS0918,2025-05-31,Electronics,1,399.0,0.1,209.48,Mobile,Referral,Completed
TXN006823,CUS0919,2026-08-06,Beauty,3,499.0,0.0,1996.0,Mobile,Email,Completed
TXN006824,CUS0919,2026-06-25,Home,1,699.0,0.0,932.0,Mobile,Email,Completed
TXN006825,CUS0919,2026-06-13,Sports,2,399.0,0.0,1064.0,Mobile,Email,Completed
TXN006826,CUS0919,2026-06-03,Home,2,1999.0,0.0,5330.67,Mobile,Email,Completed
TXN006827,CUS0919,2026-05-29,Sports,2,1499.0,0.0,3997.33,Mobile,Email,Completed
TXN006828,CUS0919,2026-05-01,Sports,3,999.0,0.2,3196.8,Mobile,Email,Completed
TXN006829,CUS0919,2026-04-13,Sports,1,1499.0,0.0,1998.67,Mobile,Email,Completed
TXN006830,CUS0919,2026-03-03,Sports,1,699.0,0.0,932.0,Mobile,Email,Completed
TXN006831,CUS0919,2026-02-28,Sports,1,1999.0,0.0,2665.33,Mobile,Email,Completed
TXN006832,CUS0919,2026-01-31,Beauty,3,499.0,0.15,1696.6,Mobile,Email,Completed
TXN006833,CUS0919,2025-12-04,Sports,3,399.0,0.0,1596.0,Mobile,Email,Completed
TXN006834,CUS0919,2025-10-14,Sports,3,299.0,0.0,1196.0,Mobile,Email,Completed
TXN006835,CUS0920,2026-08-10,Home,3,399.0,0.0,698.25,Mobile,Paid Ads,Completed
TXN006836,CUS0920,2026-04-08,Home,1,999.0,0.0,582.75,Mobile,Paid Ads,Completed
TXN006837,CUS0920,2025-12-10,Beauty,3,699.0,0.0,1223.25,Mobile,Paid Ads,Completed
TXN006838,CUS0920,2025-12-05,Home,3,499.0,0.0,873.25,Desktop,Paid Ads,Completed
TXN006839,CUS0921,2026-07-29,Sports,3,1999.0,0.05,4272.86,Desktop,Direct,Completed
TXN006840,CUS0922,2026-08-10,Fashion,1,399.0,0.0,299.25,Mobile,Direct,Completed
TXN006841,CUS0923,2026-07-13,Fashion,1,299.0,0.0,274.08,Desktop,Email,Completed
TXN006842,CUS0923,2026-05-31,Sports,3,499.0,0.15,1166.41,Desktop,Email,Completed
TXN006843,CUS0923,2025-12-31,Home,2,1499.0,0.0,2748.17,Desktop,Email,Cancelled
TXN006844,CUS0924,2026-08-07,Fashion,3,399.0,0.0,2793.0,Desktop,Referral,Completed
TXN006845,CUS0924,2026-07-30,Beauty,2,499.0,0.0,2328.67,Desktop,Referral,Completed
TXN006846,CUS0924,2026-07-17,Fashion,3,299.0,0.1,1883.7,Desktop,Referral,Completed
TXN006847,CUS0924,2026-07-11,Fashion,2,499.0,0.0,2328.67,Mobile,Referral,Completed
TXN006848,CUS0924,2026-06-30,Sports,3,399.0,0.0,2793.0,Desktop,Referral,Completed
TXN006849,CUS0924,2026-04-03,Fashion,2,499.0,0.0,2328.67,Desktop,Referral,Completed
TXN006850,CUS0924,2026-03-29,Beauty,3,699.0,0.1,4403.7,Desktop,Referral,Completed
TXN006851,CUS0924,2026-03-27,Home,2,399.0,0.0,1862.0,Desktop,Referral,Completed
TXN006852,CUS0924,2026-03-05,Fashion,2,1999.0,0.0,9328.67,Desktop,Referral,Completed
TXN006853,CUS0924,2026-01-31,Fashion,1,1499.0,0.0,3497.67,Desktop,Referral,Completed
TXN006854,CUS0924,2026-01-08,Fashion,1,299.0,0.0,697.67,Desktop,Referral,Completed
TXN006855,CUS0924,2026-01-05,Fashion,1,299.0,0.2,558.13,Desktop,Referral,Completed
TXN006856,CUS0924,2025-12-06,Sports,1,399.0,0.0,931.0,Desktop,Referral,Completed
TXN006857,CUS0924,2025-11-07,Fashion,1,999.0,0.0,2331.0,Tablet,Referral,Completed
TXN006858,CUS0924,2025-11-05,Fashion,3,699.0,0.0,4893.0,Desktop,Referral,Completed
TXN006859,CUS0924,2025-10-19,Home,3,499.0,0.0,3493.0,Desktop,Referral,Completed
TXN006860,CUS0924,2025-10-15,Sports,1,499.0,0.0,1164.33,Desktop,Referral,Completed
TXN006861,CUS0924,2025-10-14,Beauty,2,399.0,0.0,1862.0,Desktop,Referral,Completed
TXN006862,CUS0925,2026-08-02,Electronics,1,399.0,0.2,239.4,Mobile,Referral,Completed
TXN006863,CUS0926,2026-07-23,Electronics,3,1999.0,0.0,7996.0,Tablet,Paid Ads,Completed
TXN006864,CUS0926,2026-06-12,Beauty,2,999.0,0.0,2664.0,Tablet,Paid Ads,Completed
TXN006865,CUS0926,2026-05-11,Fashion,2,1499.0,0.0,3997.33,Tablet,Paid Ads,Completed
TXN006866,CUS0926,2026-04-18,Electronics,1,499.0,0.05,632.07,Desktop,Paid Ads,Completed
TXN006867,CUS0926,2026-03-19,Electronics,3,399.0,0.0,1596.0,Tablet,Paid Ads,Completed
TXN006868,CUS0926,2026-03-12,Electronics,2,999.0,0.0,2664.0,Tablet,Paid Ads,Completed
TXN006869,CUS0926,2026-02-26,Electronics,2,499.0,0.05,1264.13,Mobile,Paid Ads,Completed
TXN006870,CUS0926,2026-02-08,Fashion,2,999.0,0.0,2664.0,Tablet,Paid Ads,Completed
TXN006871,CUS0926,2025-11-25,Fashion,3,1999.0,0.15,6796.6,Tablet,Paid Ads,Completed
TXN006872,CUS0926,2025-11-13,Electronics,3,699.0,0.0,2796.0,Tablet,Paid Ads,Completed
TXN006873,CUS0926,2025-11-08,Electronics,1,999.0,0.0,1332.0,Tablet,Paid Ads,Completed
TXN006874,CUS0926,2025-10-04,Beauty,1,399.0,0.0,532.0,Desktop,Paid Ads,Completed
TXN006875,CUS0926,2025-10-01,Electronics,3,1999.0,0.0,7996.0,Tablet,Paid Ads,Completed
TXN006876,CUS0927,2026-01-20,Sports,3,1499.0,0.0,4871.75,Desktop,Organic Search,Completed
TXN006877,CUS0927,2025-08-17,Beauty,1,1499.0,0.0,1623.92,Desktop,Organic Search,Completed
TXN006878,CUS0927,2025-05-31,Beauty,1,499.0,0.15,459.5,Desktop,Organic Search,Completed
TXN006879,CUS0927,2025-05-02,Beauty,1,499.0,0.0,540.58,Desktop,Organic Search,Completed
TXN006880,CUS0927,2025-05-01,Beauty,1,399.0,0.0,432.25,Desktop,Organic Search,Completed
TXN006881,CUS0928,2026-07-19,Fashion,2,999.0,0.2,1465.2,Tablet,Referral,Completed
TXN006882,CUS0928,2026-05-27,Fashion,2,299.0,0.0,548.17,Tablet,Referral,Completed
TXN006883,CUS0928,2025-11-23,Fashion,1,699.0,0.0,640.75,Tablet,Referral,Completed
TXN006884,CUS0928,2025-10-11,Sports,2,1499.0,0.1,2473.35,Tablet,Referral,Completed
TXN006885,CUS0929,2026-02-01,Sports,1,999.0,0.15,495.34,Desktop,Organic Search,Completed
TXN006886,CUS0929,2026-01-06,Home,2,999.0,0.0,1165.5,Desktop,Organic Search,Completed
TXN006887,CUS0929,2025-08-31,Beauty,1,1499.0,0.2,699.53,Desktop,Organic Search,Completed
TXN006888,CUS0930,2026-03-16,Electronics,1,1999.0,0.0,1166.08,Mobile,Direct,Completed
TXN006889,CUS0930,2025-09-01,Sports,2,499.0,0.1,523.95,Mobile,Direct,Completed
TXN006890,CUS0930,2025-06-29,Electronics,1,1499.0,0.0,874.42,Mobile,Direct,Completed
TXN006891,CUS0931,2026-08-19,Home,3,399.0,0.0,897.75,Mobile,Direct,Completed
TXN006892,CUS0931,2026-08-18,Fashion,3,1499.0,0.0,3372.75,Mobile,Direct,Completed
TXN006893,CUS0932,2026-08-05,Home,1,999.0,0.0,1332.0,Mobile,Email,Completed
TXN006894,CUS0932,2026-06-09,Beauty,2,499.0,0.0,1330.67,Tablet,Email,Returned
TXN006895,CUS0932,2026-05-22,Beauty,3,399.0,0.0,1596.0,Tablet,Email,Completed
TXN006896,CUS0932,2026-05-17,Beauty,2,499.0,0.0,1330.67,Tablet,Email,Completed
TXN006897,CUS0932,2026-04-24,Beauty,3,1499.0,0.0,5996.0,Tablet,Email,Completed
TXN006898,CUS0932,2026-03-26,Beauty,3,1499.0,0.0,5996.0,Tablet,Email,Completed
TXN006899,CUS0932,2026-02-25,Beauty,1,1499.0,0.0,1998.67,Tablet,Email,Completed
TXN006900,CUS0932,2025-12-24,Electronics,1,699.0,0.0,932.0,Tablet,Email,Completed
TXN006901,CUS0932,2025-12-08,Beauty,2,1499.0,0.0,3997.33,Tablet,Email,Completed
TXN006902,CUS0932,2025-11-05,Beauty,2,1999.0,0.0,5330.67,Tablet,Email,Completed
TXN006903,CUS0932,2025-10-29,Sports,1,399.0,0.0,532.0,Tablet,Email,Completed
TXN006904,CUS0933,2026-07-08,Electronics,1,999.0,0.0,582.75,Mobile,Social Media,Returned
TXN006905,CUS0933,2026-01-11,Beauty,1,399.0,0.0,232.75,Mobile,Social Media,Completed
TXN006906,CUS0933,2025-11-13,Electronics,1,1999.0,0.0,1166.08,Desktop,Social Media,Completed
TXN006907,CUS0934,2026-08-17,Electronics,1,999.0,0.0,915.75,Mobile,Paid Ads,Completed
TXN006908,CUS0934,2026-07-10,Fashion,3,399.0,0.15,932.66,Mobile,Paid Ads,Completed
TXN006909,CUS0934,2026-06-14,Electronics,1,499.0,0.0,457.42,Mobile,Paid Ads,Completed
TXN006910,CUS0934,2026-05-06,Electronics,1,299.0,0.2,219.27,Mobile,Paid Ads,Completed
TXN006911,CUS0935,2026-08-14,Home,2,399.0,0.0,1862.0,Desktop,Email,Completed
TXN006912,CUS0935,2026-08-09,Home,2,999.0,0.0,4662.0,Desktop,Email,Completed
TXN006913,CUS0935,2026-07-29,Home,2,999.0,0.0,4662.0,Desktop,Email,Returned
TXN006914,CUS0935,2026-06-27,Home,2,299.0,0.0,1395.33,Desktop,Email,Completed
TXN006915,CUS0935,2026-06-20,Home,2,999.0,0.1,4195.8,Desktop,Email,Completed
TXN006916,CUS0935,2026-06-07,Electronics,1,399.0,0.0,931.0,Desktop,Email,Completed
TXN006917,CUS0935,2026-06-01,Electronics,1,299.0,0.0,697.67,Desktop,Email,Completed
TXN006918,CUS0935,2026-05-31,Home,1,699.0,0.0,1631.0,Desktop,Email,Completed
TXN006919,CUS0935,2026-05-27,Home,3,999.0,0.0,6993.0,Desktop,Email,Completed
TXN006920,CUS0935,2026-05-06,Home,3,999.0,0.0,6993.0,Desktop,Email,Completed
TXN006921,CUS0935,2026-04-12,Home,1,1999.0,0.0,4664.33,Tablet,Email,Completed
TXN006922,CUS0935,2026-04-10,Fashion,2,499.0,0.0,2328.67,Mobile,Email,Completed
TXN006923,CUS0935,2026-03-19,Sports,3,499.0,0.0,3493.0,Desktop,Email,Completed
TXN006924,CUS0935,2026-03-05,Home,3,499.0,0.0,3493.0,Desktop,Email,Completed
TXN006925,CUS0935,2026-02-18,Fashion,1,999.0,0.0,2331.0,Desktop,Email,Completed
TXN006926,CUS0935,2026-02-12,Home,3,1499.0,0.2,8394.4,Desktop,Email,Completed
TXN006927,CUS0935,2026-01-29,Home,2,1999.0,0.0,9328.67,Desktop,Email,Completed
TXN006928,CUS0935,2026-01-20,Home,1,999.0,0.0,2331.0,Desktop,Email,Completed
TXN006929,CUS0935,2025-11-24,Home,2,699.0,0.0,3262.0,Desktop,Email,Completed
TXN006930,CUS0935,2025-10-21,Home,3,1499.0,0.0,10493.0,Desktop,Email,Completed
TXN006931,CUS0936,2026-08-10,Electronics,3,499.0,0.0,3493.0,Desktop,Paid Ads,Completed
TXN006932,CUS0936,2026-07-24,Fashion,2,299.0,0.0,1395.33,Desktop,Paid Ads,Completed
TXN006933,CUS0936,2026-07-14,Electronics,3,1999.0,0.15,11894.05,Desktop,Paid Ads,Completed
TXN006934,CUS0936,2026-06-21,Electronics,3,499.0,0.0,3493.0,Desktop,Paid Ads,Cancelled
TXN006935,CUS0936,2026-06-13,Sports,1,499.0,0.0,1164.33,Desktop,Paid Ads,Completed
TXN006936,CUS0936,2026-06-07,Electronics,2,299.0,0.0,1395.33,Desktop,Paid Ads,Cancelled
TXN006937,CUS0936,2026-06-06,Electronics,2,1499.0,0.0,6995.33,Desktop,Paid Ads,Completed
TXN006938,CUS0936,2026-04-12,Electronics,1,499.0,0.0,1164.33,Desktop,Paid Ads,Completed
TXN006939,CUS0936,2026-04-02,Electronics,2,999.0,0.0,4662.0,Desktop,Paid Ads,Completed
TXN006940,CUS0936,2026-03-26,Sports,3,1999.0,0.0,13993.0,Tablet,Paid Ads,Cancelled
TXN006941,CUS0936,2026-03-24,Electronics,1,1999.0,0.0,4664.33,Desktop,Paid Ads,Cancelled
TXN006942,CUS0936,2026-02-25,Electronics,3,699.0,0.0,4893.0,Desktop,Paid Ads,Completed
TXN006943,CUS0936,2026-01-31,Fashion,1,299.0,0.0,697.67,Mobile,Paid Ads,Completed
TXN006944,CUS0936,2026-01-28,Electronics,1,399.0,0.0,931.0,Desktop,Paid Ads,Completed
TXN006945,CUS0936,2026-01-13,Electronics,1,699.0,0.0,1631.0,Desktop,Paid Ads,Completed
TXN006946,CUS0936,2026-01-11,Electronics,2,1499.0,0.0,6995.33,Desktop,Paid Ads,Completed
TXN006947,CUS0936,2025-12-23,Electronics,1,699.0,0.0,1631.0,Desktop,Paid Ads,Completed
TXN006948,CUS0936,2025-12-23,Electronics,1,499.0,0.0,1164.33,Desktop,Paid Ads,Completed
TXN006949,CUS0936,2025-11-10,Fashion,1,499.0,0.1,1047.9,Desktop,Paid Ads,Completed
TXN006950,CUS0936,2025-11-09,Electronics,2,1999.0,0.0,9328.67,Tablet,Paid Ads,Cancelled
TXN006951,CUS0936,2025-10-30,Electronics,3,1499.0,0.0,10493.0,Desktop,Paid Ads,Completed
TXN006952,CUS0937,2025-12-16,Fashion,3,1499.0,0.0,2623.25,Desktop,Referral,Completed
TXN006953,CUS0937,2025-07-16,Sports,2,299.0,0.0,348.83,Desktop,Referral,Returned
TXN006954,CUS0937,2025-05-18,Electronics,3,399.0,0.0,698.25,Desktop,Referral,Completed
TXN006955,CUS0938,2026-07-28,Electronics,3,499.0,0.0,1372.25,Desktop,Organic Search,Completed
TXN006956,CUS0938,2026-03-05,Sports,3,999.0,0.0,2747.25,Desktop,Organic Search,Completed
TXN006957,CUS0938,2026-01-22,Sports,2,699.0,0.0,1281.5,Desktop,Organic Search,Completed
TXN006958,CUS0939,2026-08-17,Home,2,699.0,0.0,3262.0,Mobile,Social Media,Completed
TXN006959,CUS0939,2026-08-16,Home,3,1999.0,0.0,13993.0,Mobile,Social Media,Completed
TXN006960,CUS0939,2026-08-12,Sports,3,1999.0,0.0,13993.0,Mobile,Social Media,Completed
TXN006961,CUS0939,2026-07-13,Home,2,399.0,0.0,1862.0,Mobile,Social Media,Completed
TXN006962,CUS0939,2026-07-12,Home,3,299.0,0.0,2093.0,Mobile,Social Media,Completed
TXN006963,CUS0939,2026-07-11,Home,3,399.0,0.0,2793.0,Mobile,Social Media,Returned
TXN006964,CUS0939,2026-06-17,Sports,3,699.0,0.0,4893.0,Tablet,Social Media,Completed
TXN006965,CUS0939,2026-06-14,Home,3,299.0,0.2,1674.4,Mobile,Social Media,Completed
TXN006966,CUS0939,2026-06-06,Home,3,1999.0,0.0,13993.0,Mobile,Social Media,Completed
TXN006967,CUS0939,2026-05-08,Home,2,1499.0,0.0,6995.33,Mobile,Social Media,Completed
TXN006968,CUS0939,2026-04-25,Home,1,1999.0,0.0,4664.33,Mobile,Social Media,Completed
TXN006969,CUS0939,2026-04-15,Sports,3,399.0,0.0,2793.0,Tablet,Social Media,Completed
TXN006970,CUS0939,2026-03-30,Sports,1,699.0,0.0,1631.0,Tablet,Social Media,Completed
TXN006971,CUS0939,2026-03-06,Electronics,3,999.0,0.0,6993.0,Mobile,Social Media,Completed
TXN006972,CUS0939,2026-03-06,Home,3,499.0,0.0,3493.0,Mobile,Social Media,Completed
TXN006973,CUS0939,2026-01-23,Home,3,1999.0,0.0,13993.0,Mobile,Social Media,Completed
TXN006974,CUS0939,2026-01-06,Home,1,1499.0,0.0,3497.67,Desktop,Social Media,Cancelled
TXN006975,CUS0939,2025-12-18,Home,2,999.0,0.1,4195.8,Mobile,Social Media,Completed
TXN006976,CUS0939,2025-11-11,Home,2,499.0,0.0,2328.67,Desktop,Social Media,Completed
TXN006977,CUS0940,2026-07-14,Home,1,299.0,0.1,246.68,Desktop,Referral,Returned
TXN006978,CUS0940,2026-07-05,Electronics,1,299.0,0.0,274.08,Desktop,Referral,Completed
TXN006979,CUS0940,2026-06-20,Fashion,1,299.0,0.2,219.27,Desktop,Referral,Completed
TXN006980,CUS0940,2025-10-26,Home,1,299.0,0.05,260.38,Desktop,Referral,Completed
TXN006981,CUS0941,2026-07-31,Home,1,499.0,0.0,457.42,Mobile,Email,Completed
TXN006982,CUS0941,2026-07-05,Electronics,2,299.0,0.2,438.53,Mobile,Email,Completed
TXN006983,CUS0941,2026-03-28,Sports,3,699.0,0.0,1922.25,Mobile,Email,Completed
TXN006984,CUS0941,2026-03-07,Electronics,1,299.0,0.0,274.08,Mobile,Email,Completed
TXN006985,CUS0941,2025-11-29,Home,3,499.0,0.0,1372.25,Mobile,Email,Completed
TXN006986,CUS0942,2026-08-16,Electronics,3,399.0,0.0,897.75,Mobile,Direct,Completed
TXN006987,CUS0942,2026-06-07,Electronics,2,499.0,0.0,748.5,Mobile,Direct,Completed
TXN006988,CUS0942,2025-12-24,Sports,1,499.0,0.05,355.54,Desktop,Direct,Completed
TXN006989,CUS0943,2026-06-18,Beauty,1,699.0,0.0,407.75,Desktop,Organic Search,Completed
TXN006990,CUS0943,2026-04-19,Beauty,1,699.0,0.0,407.75,Tablet,Organic Search,Completed
TXN006991,CUS0943,2025-10-09,Electronics,2,699.0,0.0,815.5,Tablet,Organic Search,Completed
TXN006992,CUS0944,2026-01-20,Sports,2,499.0,0.0,582.17,Desktop,Organic Search,Returned
TXN006993,CUS0945,2026-08-07,Electronics,1,1999.0,0.0,2665.33,Desktop,Social Media,Completed
TXN006994,CUS0945,2026-06-22,Fashion,2,999.0,0.0,2664.0,Desktop,Social Media,Completed
TXN006995,CUS0945,2026-06-17,Fashion,2,699.0,0.0,1864.0,Mobile,Social Media,Completed
TXN006996,CUS0945,2026-06-13,Sports,2,699.0,0.0,1864.0,Desktop,Social Media,Completed
TXN006997,CUS0945,2026-06-05,Fashion,3,299.0,0.0,1196.0,Desktop,Social Media,Completed
TXN006998,CUS0945,2026-06-04,Fashion,3,299.0,0.0,1196.0,Desktop,Social Media,Completed
TXN006999,CUS0945,2026-05-13,Fashion,3,1999.0,0.0,7996.0,Desktop,Social Media,Completed
TXN007000,CUS0945,2026-05-13,Home,3,399.0,0.0,1596.0,Desktop,Social Media,Completed
TXN007001,CUS0945,2026-05-05,Fashion,3,399.0,0.0,1596.0,Desktop,Social Media,Completed
TXN007002,CUS0945,2026-02-07,Fashion,3,399.0,0.0,1596.0,Desktop,Social Media,Completed
TXN007003,CUS0945,2026-01-26,Fashion,3,399.0,0.0,1596.0,Desktop,Social Media,Completed
TXN007004,CUS0945,2026-01-24,Fashion,1,399.0,0.0,532.0,Desktop,Social Media,Completed
TXN007005,CUS0945,2025-12-04,Electronics,2,999.0,0.0,2664.0,Desktop,Social Media,Completed
TXN007006,CUS0945,2025-11-06,Fashion,2,399.0,0.0,1064.0,Desktop,Social Media,Completed
TXN007007,CUS0946,2026-08-17,Fashion,2,999.0,0.0,2664.0,Mobile,Email,Completed
TXN007008,CUS0946,2026-07-30,Fashion,1,699.0,0.0,932.0,Mobile,Email,Completed
TXN007009,CUS0946,2026-07-30,Fashion,2,499.0,0.15,1131.07,Mobile,Email,Completed
TXN007010,CUS0946,2026-05-12,Fashion,2,999.0,0.0,2664.0,Tablet,Email,Completed
TXN007011,CUS0946,2026-02-02,Fashion,2,699.0,0.05,1770.8,Mobile,Email,Completed
TXN007012,CUS0946,2026-01-19,Sports,2,999.0,0.0,2664.0,Mobile,Email,Completed
TXN007013,CUS0946,2025-12-29,Sports,3,699.0,0.0,2796.0,Mobile,Email,Completed
TXN007014,CUS0946,2025-12-18,Fashion,3,699.0,0.0,2796.0,Mobile,Email,Completed
TXN007015,CUS0946,2025-11-12,Fashion,1,399.0,0.0,532.0,Mobile,Email,Completed
TXN007016,CUS0946,2025-11-07,Beauty,3,499.0,0.0,1996.0,Mobile,Email,Completed
TXN007017,CUS0946,2025-11-06,Beauty,3,1499.0,0.15,5096.6,Mobile,Email,Completed
TXN007018,CUS0947,2026-07-28,Sports,1,1999.0,0.05,1424.29,Mobile,Direct,Completed
TXN007019,CUS0948,2025-10-17,Fashion,2,699.0,0.0,815.5,Tablet,Paid Ads,Completed
TXN007020,CUS0949,2026-07-02,Beauty,1,499.0,0.05,513.55,Tablet,Email,Returned
TXN007021,CUS0949,2026-06-15,Home,3,699.0,0.0,2271.75,Tablet,Email,Completed
TXN007022,CUS0949,2026-03-10,Home,3,699.0,0.0,2271.75,Tablet,Email,Completed
TXN007023,CUS0949,2026-02-05,Beauty,3,699.0,0.0,2271.75,Tablet,Email,Completed
TXN007024,CUS0949,2026-01-17,Beauty,1,999.0,0.0,1082.25,Mobile,Email,Cancelled
TXN007025,CUS0949,2026-01-11,Fashion,3,499.0,0.0,1621.75,Desktop,Email,Completed
TXN007026,CUS0949,2025-09-29,Sports,2,999.0,0.0,2164.5,Mobile,Email,Completed
TXN007027,CUS0949,2025-09-08,Electronics,2,299.0,0.2,518.27,Tablet,Email,Returned
TXN007028,CUS0950,2026-04-18,Fashion,3,999.0,0.0,3246.75,Mobile,Direct,Completed
TXN007029,CUS0950,2026-04-10,Sports,3,299.0,0.0,971.75,Mobile,Direct,Completed
TXN007030,CUS0950,2026-03-11,Sports,3,1999.0,0.05,6171.91,Mobile,Direct,Completed
TXN007031,CUS0950,2026-02-20,Electronics,3,699.0,0.0,2271.75,Mobile,Direct,Completed
TXN007032,CUS0950,2026-02-05,Fashion,3,299.0,0.0,971.75,Mobile,Direct,Completed
TXN007033,CUS0950,2025-12-30,Fashion,3,1499.0,0.0,4871.75,Mobile,Direct,Completed
TXN007034,CUS0950,2025-12-26,Fashion,2,299.0,0.0,647.83,Mobile,Direct,Completed
TXN007035,CUS0950,2025-10-26,Sports,2,1499.0,0.0,3247.83,Mobile,Direct,Completed
TXN007036,CUS0950,2025-09-07,Electronics,3,499.0,0.05,1540.66,Mobile,Direct,Completed
TXN007037,CUS0950,2025-08-05,Fashion,1,999.0,0.0,1082.25,Mobile,Direct,Completed
TXN007038,CUS0951,2026-07-02,Electronics,1,299.0,0.0,274.08,Tablet,Social Media,Completed
TXN007039,CUS0951,2026-05-06,Electronics,2,1499.0,0.0,2748.17,Desktop,Social Media,Completed
TXN007040,CUS0951,2025-10-05,Electronics,2,299.0,0.1,493.35,Desktop,Social Media,Completed
TXN007041,CUS0951,2025-09-21,Electronics,3,399.0,0.0,1097.25,Desktop,Social Media,Completed
TXN007042,CUS0951,2025-09-21,Beauty,2,999.0,0.1,1648.35,Desktop,Social Media,Completed
TXN007043,CUS0952,2026-08-06,Electronics,1,399.0,0.0,532.0,Mobile,Email,Completed
TXN007044,CUS0952,2026-07-16,Electronics,3,299.0,0.2,956.8,Mobile,Email,Completed
TXN007045,CUS0952,2026-07-06,Electronics,3,299.0,0.15,1016.6,Mobile,Email,Completed
TXN007046,CUS0952,2026-06-25,Electronics,2,1999.0,0.0,5330.67,Mobile,Email,Returned
TXN007047,CUS0952,2026-06-21,Electronics,2,1499.0,0.0,3997.33,Desktop,Email,Completed
TXN007048,CUS0952,2026-06-03,Electronics,1,999.0,0.0,1332.0,Mobile,Email,Completed
TXN007049,CUS0952,2026-02-22,Electronics,2,699.0,0.0,1864.0,Mobile,Email,Completed
TXN007050,CUS0952,2026-02-21,Electronics,2,399.0,0.0,1064.0,Mobile,Email,Completed
TXN007051,CUS0952,2026-01-25,Electronics,3,999.0,0.0,3996.0,Mobile,Email,Completed
TXN007052,CUS0952,2026-01-02,Beauty,3,1999.0,0.0,7996.0,Mobile,Email,Completed
TXN007053,CUS0952,2025-12-14,Electronics,2,999.0,0.0,2664.0,Mobile,Email,Returned
TXN007054,CUS0952,2025-11-18,Electronics,1,1499.0,0.0,1998.67,Mobile,Email,Cancelled
TXN007055,CUS0952,2025-11-17,Electronics,3,299.0,0.0,1196.0,Mobile,Email,Completed
TXN007056,CUS0953,2025-11-26,Sports,2,999.0,0.05,1107.22,Tablet,Referral,Cancelled
TXN007057,CUS0954,2026-08-10,Electronics,3,1999.0,0.0,13993.0,Mobile,Referral,Completed
TXN007058,CUS0954,2026-07-31,Electronics,1,399.0,0.0,931.0,Desktop,Referral,Completed
TXN007059,CUS0954,2026-07-30,Electronics,3,499.0,0.0,3493.0,Desktop,Referral,Completed
TXN007060,CUS0954,2026-07-14,Electronics,1,299.0,0.0,697.67,Desktop,Referral,Completed
TXN007061,CUS0954,2026-06-24,Sports,3,699.0,0.0,4893.0,Desktop,Referral,Completed
TXN007062,CUS0954,2026-06-18,Beauty,1,1499.0,0.0,3497.67,Desktop,Referral,Completed
TXN007063,CUS0954,2026-05-25,Electronics,2,299.0,0.0,1395.33,Mobile,Referral,Completed
TXN007064,CUS0954,2026-05-24,Sports,3,499.0,0.15,2969.05,Desktop,Referral,Completed
TXN007065,CUS0954,2026-05-20,Electronics,1,1499.0,0.05,3322.78,Desktop,Referral,Completed
TXN007066,CUS0954,2026-05-08,Electronics,2,399.0,0.0,1862.0,Tablet,Referral,Completed
TXN007067,CUS0954,2026-05-04,Electronics,1,699.0,0.15,1386.35,Desktop,Referral,Completed
TXN007068,CUS0954,2026-05-04,Electronics,2,999.0,0.0,4662.0,Desktop,Referral,Completed
TXN007069,CUS0954,2026-03-06,Electronics,1,299.0,0.0,697.67,Desktop,Referral,Completed
TXN007070,CUS0954,2026-02-19,Electronics,3,1999.0,0.0,13993.0,Desktop,Referral,Completed
TXN007071,CUS0954,2026-02-19,Electronics,2,299.0,0.0,1395.33,Desktop,Referral,Completed
TXN007072,CUS0954,2026-02-17,Sports,2,1499.0,0.0,6995.33,Desktop,Referral,Cancelled
TXN007073,CUS0954,2026-02-08,Home,2,999.0,0.0,4662.0,Desktop,Referral,Completed
TXN007074,CUS0954,2026-02-04,Home,3,299.0,0.0,2093.0,Desktop,Referral,Completed
TXN007075,CUS0954,2026-01-31,Electronics,2,499.0,0.0,2328.67,Desktop,Referral,Completed
TXN007076,CUS0954,2026-01-21,Electronics,2,999.0,0.0,4662.0,Desktop,Referral,Completed
TXN007077,CUS0954,2026-01-16,Electronics,1,999.0,0.0,2331.0,Desktop,Referral,Completed
TXN007078,CUS0954,2025-11-21,Electronics,1,699.0,0.0,1631.0,Tablet,Referral,Completed
TXN007079,CUS0954,2025-11-12,Home,1,299.0,0.0,697.67,Desktop,Referral,Completed
TXN007080,CUS0954,2025-10-19,Electronics,2,699.0,0.0,3262.0,Tablet,Referral,Completed
TXN007081,CUS0955,2026-01-27,Beauty,2,1499.0,0.2,2598.27,Mobile,Referral,Completed
TXN007082,CUS0955,2025-11-20,Beauty,2,999.0,0.0,2164.5,Tablet,Referral,Returned
TXN007083,CUS0955,2025-10-02,Beauty,3,299.0,0.0,971.75,Mobile,Referral,Completed
TXN007084,CUS0955,2025-09-21,Beauty,1,699.0,0.0,757.25,Mobile,Referral,Completed
TXN007085,CUS0955,2025-08-19,Beauty,2,1499.0,0.0,3247.83,Mobile,Referral,Completed
TXN007086,CUS0955,2025-07-25,Beauty,2,699.0,0.0,1514.5,Mobile,Referral,Completed
TXN007087,CUS0955,2025-06-16,Beauty,3,299.0,0.0,971.75,Mobile,Referral,Completed
TXN007088,CUS0955,2025-04-10,Beauty,2,999.0,0.0,2164.5,Desktop,Referral,Completed
TXN007089,CUS0956,2026-08-06,Home,1,1999.0,0.0,2665.33,Desktop,Direct,Completed
TXN007090,CUS0956,2026-06-06,Home,1,499.0,0.1,598.8,Desktop,Direct,Completed
TXN007091,CUS0956,2026-04-14,Home,2,399.0,0.0,1064.0,Desktop,Direct,Completed
TXN007092,CUS0956,2026-03-31,Home,1,699.0,0.0,932.0,Mobile,Direct,Completed
TXN007093,CUS0956,2026-02-27,Home,3,999.0,0.0,3996.0,Desktop,Direct,Completed
TXN007094,CUS0956,2025-12-02,Home,2,499.0,0.0,1330.67,Desktop,Direct,Completed
TXN007095,CUS0956,2025-11-15,Home,2,699.0,0.0,1864.0,Desktop,Direct,Completed
TXN007096,CUS0956,2025-11-10,Home,3,499.0,0.0,1996.0,Desktop,Direct,Completed
TXN007097,CUS0956,2025-10-19,Home,1,299.0,0.0,398.67,Desktop,Direct,Completed
TXN007098,CUS0957,2026-08-05,Sports,1,699.0,0.15,544.64,Tablet,Email,Completed
TXN007099,CUS0957,2026-06-01,Beauty,2,1999.0,0.0,3664.83,Tablet,Email,Completed
TXN007100,CUS0957,2026-04-17,Fashion,3,999.0,0.05,2609.89,Tablet,Email,Completed
TXN007101,CUS0957,2026-04-05,Sports,3,1999.0,0.2,4397.8,Tablet,Email,Completed
TXN007102,CUS0957,2026-02-16,Sports,2,699.0,0.0,1281.5,Tablet,Email,Completed
TXN007103,CUS0957,2026-01-29,Sports,3,1999.0,0.0,5497.25,Tablet,Email,Completed
TXN007104,CUS0958,2025-10-04,Electronics,2,1499.0,0.0,1748.83,Mobile,Organic Search,Completed
TXN007105,CUS0958,2025-10-03,Beauty,3,299.0,0.0,523.25,Mobile,Organic Search,Completed
TXN007106,CUS0958,2025-09-16,Electronics,2,299.0,0.0,348.83,Mobile,Organic Search,Completed
TXN007107,CUS0958,2025-08-09,Electronics,2,1999.0,0.0,2332.17,Mobile,Organic Search,Completed
TXN007108,CUS0959,2026-07-14,Fashion,2,399.0,0.0,731.5,Mobile,Social Media,Completed
TXN007109,CUS0959,2026-06-17,Home,1,1999.0,0.05,1740.8,Desktop,Social Media,Completed
TXN007110,CUS0959,2026-02-23,Fashion,1,499.0,0.0,457.42,Desktop,Social Media,Completed
TXN007111,CUS0960,2026-08-06,Home,1,699.0,0.0,1631.0,Mobile,Social Media,Completed
TXN007112,CUS0960,2026-07-27,Electronics,3,299.0,0.05,1988.35,Mobile,Social Media,Completed
TXN007113,CUS0960,2026-07-08,Home,2,299.0,0.2,1116.27,Mobile,Social Media,Completed
TXN007114,CUS0960,2026-06-30,Home,3,699.0,0.15,4159.05,Mobile,Social Media,Completed
TXN007115,CUS0960,2026-06-22,Sports,2,1499.0,0.0,6995.33,Mobile,Social Media,Completed
TXN007116,CUS0960,2026-05-30,Home,3,999.0,0.0,6993.0,Tablet,Social Media,Completed
TXN007117,CUS0960,2026-05-25,Home,1,399.0,0.05,884.45,Mobile,Social Media,Completed
TXN007118,CUS0960,2026-03-22,Home,2,399.0,0.0,1862.0,Mobile,Social Media,Completed
TXN007119,CUS0960,2026-03-15,Sports,1,499.0,0.1,1047.9,Mobile,Social Media,Completed
TXN007120,CUS0960,2026-02-04,Fashion,1,499.0,0.0,1164.33,Mobile,Social Media,Completed
TXN007121,CUS0960,2026-01-28,Home,2,699.0,0.0,3262.0,Mobile,Social Media,Cancelled
TXN007122,CUS0960,2026-01-04,Home,1,499.0,0.0,1164.33,Mobile,Social Media,Completed
TXN007123,CUS0960,2025-11-13,Home,3,1499.0,0.0,10493.0,Mobile,Social Media,Completed
TXN007124,CUS0960,2025-10-19,Fashion,2,499.0,0.0,2328.67,Mobile,Social Media,Completed
TXN007125,CUS0961,2026-08-04,Fashion,3,399.0,0.15,763.09,Mobile,Direct,Completed
TXN007126,CUS0962,2026-03-15,Home,3,699.0,0.0,2271.75,Mobile,Email,Completed
TXN007127,CUS0962,2026-02-20,Home,1,999.0,0.0,1082.25,Mobile,Email,Completed
TXN007128,CUS0962,2026-01-21,Sports,3,399.0,0.05,1231.91,Mobile,Email,Completed
TXN007129,CUS0962,2025-09-05,Home,3,399.0,0.0,1296.75,Mobile,Email,Completed
TXN007130,CUS0962,2025-07-09,Fashion,1,699.0,0.0,757.25,Mobile,Email,Completed
TXN007131,CUS0963,2026-08-01,Sports,2,699.0,0.0,3262.0,Mobile,Paid Ads,Completed
TXN007132,CUS0963,2026-07-29,Electronics,3,499.0,0.0,3493.0,Mobile,Paid Ads,Completed
TXN007133,CUS0963,2026-07-29,Fashion,1,1999.0,0.0,4664.33,Mobile,Paid Ads,Completed
TXN007134,CUS0963,2026-07-18,Home,3,999.0,0.1,6293.7,Mobile,Paid Ads,Completed
TXN007135,CUS0963,2026-07-08,Home,1,999.0,0.15,1981.35,Mobile,Paid Ads,Completed
TXN007136,CUS0963,2026-06-18,Home,2,499.0,0.0,2328.67,Mobile,Paid Ads,Completed
TXN007137,CUS0963,2026-05-19,Home,1,499.0,0.2,931.47,Tablet,Paid Ads,Completed
TXN007138,CUS0963,2026-05-08,Home,3,999.0,0.0,6993.0,Mobile,Paid Ads,Completed
TXN007139,CUS0963,2026-05-06,Home,2,999.0,0.0,4662.0,Mobile,Paid Ads,Completed
TXN007140,CUS0963,2026-05-03,Home,3,499.0,0.15,2969.05,Mobile,Paid Ads,Completed
TXN007141,CUS0963,2026-04-20,Electronics,1,1499.0,0.15,2973.02,Mobile,Paid Ads,Completed
TXN007142,CUS0963,2026-03-18,Sports,1,1499.0,0.2,2798.13,Desktop,Paid Ads,Completed
TXN007143,CUS0963,2026-02-09,Home,2,299.0,0.1,1255.8,Tablet,Paid Ads,Completed
TXN007144,CUS0963,2026-02-03,Home,2,1999.0,0.0,9328.67,Mobile,Paid Ads,Completed
TXN007145,CUS0963,2026-01-12,Home,3,699.0,0.0,4893.0,Desktop,Paid Ads,Completed
TXN007146,CUS0963,2025-12-13,Beauty,3,499.0,0.0,3493.0,Mobile,Paid Ads,Completed
TXN007147,CUS0963,2025-11-08,Home,2,1499.0,0.1,6295.8,Mobile,Paid Ads,Completed
TXN007148,CUS0963,2025-11-03,Electronics,3,299.0,0.0,2093.0,Mobile,Paid Ads,Completed
TXN007149,CUS0963,2025-10-13,Electronics,1,699.0,0.1,1467.9,Mobile,Paid Ads,Completed
TXN007150,CUS0964,2026-07-09,Home,2,499.0,0.0,1330.67,Desktop,Referral,Completed
TXN007151,CUS0964,2026-06-04,Electronics,1,699.0,0.0,932.0,Desktop,Referral,Completed
TXN007152,CUS0964,2026-05-06,Electronics,2,1999.0,0.0,5330.67,Desktop,Referral,Completed
TXN007153,CUS0964,2026-02-18,Electronics,2,1999.0,0.2,4264.53,Desktop,Referral,Completed
TXN007154,CUS0964,2026-01-25,Electronics,3,1999.0,0.0,7996.0,Desktop,Referral,Completed
TXN007155,CUS0964,2025-12-27,Electronics,3,1499.0,0.1,5396.4,Desktop,Referral,Completed
TXN007156,CUS0964,2025-11-25,Electronics,3,299.0,0.05,1136.2,Desktop,Referral,Completed
TXN007157,CUS0964,2025-11-06,Electronics,1,699.0,0.0,932.0,Mobile,Referral,Completed
TXN007158,CUS0964,2025-10-09,Home,3,1499.0,0.15,5096.6,Desktop,Referral,Completed
TXN007159,CUS0965,2026-08-06,Home,3,699.0,0.1,4403.7,Desktop,Organic Search,Completed
TXN007160,CUS0965,2026-08-04,Home,3,299.0,0.0,2093.0,Desktop,Organic Search,Returned
TXN007161,CUS0965,2026-07-10,Home,3,499.0,0.0,3493.0,Desktop,Organic Search,Completed
TXN007162,CUS0965,2026-07-07,Home,3,499.0,0.0,3493.0,Tablet,Organic Search,Completed
TXN007163,CUS0965,2026-07-04,Home,1,1499.0,0.0,3497.67,Desktop,Organic Search,Completed
TXN007164,CUS0965,2026-06-15,Home,2,999.0,0.0,4662.0,Desktop,Organic Search,Completed
TXN007165,CUS0965,2026-05-09,Home,2,499.0,0.0,2328.67,Desktop,Organic Search,Completed
TXN007166,CUS0965,2026-03-12,Home,1,699.0,0.0,1631.0,Desktop,Organic Search,Completed
TXN007167,CUS0965,2026-03-05,Home,2,399.0,0.1,1675.8,Tablet,Organic Search,Completed
TXN007168,CUS0965,2026-02-27,Home,1,1999.0,0.15,3964.68,Mobile,Organic Search,Completed
TXN007169,CUS0965,2026-02-22,Electronics,3,1999.0,0.0,13993.0,Desktop,Organic Search,Completed
TXN007170,CUS0965,2026-02-08,Home,3,499.0,0.05,3318.35,Desktop,Organic Search,Completed
TXN007171,CUS0965,2026-02-01,Home,3,699.0,0.0,4893.0,Desktop,Organic Search,Completed
TXN007172,CUS0965,2026-01-14,Fashion,2,299.0,0.0,1395.33,Desktop,Organic Search,Completed
TXN007173,CUS0965,2025-12-05,Electronics,1,499.0,0.0,1164.33,Desktop,Organic Search,Completed
TXN007174,CUS0965,2025-10-22,Home,1,1499.0,0.0,3497.67,Desktop,Organic Search,Completed
TXN007175,CUS0966,2026-06-28,Electronics,1,999.0,0.0,915.75,Tablet,Social Media,Completed
TXN007176,CUS0966,2026-03-25,Fashion,1,399.0,0.0,365.75,Mobile,Social Media,Completed
TXN007177,CUS0966,2025-09-13,Fashion,1,399.0,0.0,365.75,Mobile,Social Media,Completed
TXN007178,CUS0966,2025-09-09,Beauty,3,499.0,0.0,1372.25,Mobile,Social Media,Completed
TXN007179,CUS0967,2026-07-27,Home,2,999.0,0.0,1498.5,Mobile,Email,Completed
TXN007180,CUS0967,2026-05-04,Home,1,1999.0,0.0,1499.25,Mobile,Email,Completed
TXN007181,CUS0968,2026-07-23,Electronics,2,1499.0,0.0,2748.17,Tablet,Paid Ads,Completed
TXN007182,CUS0968,2026-06-23,Electronics,3,1999.0,0.0,5497.25,Tablet,Paid Ads,Returned
TXN007183,CUS0968,2026-02-02,Electronics,2,1499.0,0.0,2748.17,Tablet,Paid Ads,Completed
TXN007184,CUS0968,2025-12-18,Electronics,3,499.0,0.0,1372.25,Tablet,Paid Ads,Completed
TXN007185,CUS0969,2026-08-15,Electronics,2,1999.0,0.0,5330.67,Desktop,Organic Search,Completed
TXN007186,CUS0969,2026-08-05,Sports,1,299.0,0.0,398.67,Desktop,Organic Search,Completed
TXN007187,CUS0969,2026-07-28,Beauty,2,399.0,0.0,1064.0,Desktop,Organic Search,Completed
TXN007188,CUS0969,2026-06-18,Electronics,2,1999.0,0.0,5330.67,Desktop,Organic Search,Completed
TXN007189,CUS0969,2026-04-21,Sports,2,299.0,0.0,797.33,Desktop,Organic Search,Completed
TXN007190,CUS0969,2026-04-13,Home,1,299.0,0.05,378.73,Desktop,Organic Search,Returned
TXN007191,CUS0969,2026-02-20,Beauty,3,399.0,0.0,1596.0,Desktop,Organic Search,Completed
TXN007192,CUS0969,2026-02-19,Sports,2,1999.0,0.05,5064.13,Mobile,Organic Search,Completed
TXN007193,CUS0969,2025-11-22,Beauty,3,399.0,0.15,1356.6,Desktop,Organic Search,Completed
TXN007194,CUS0969,2025-11-08,Fashion,1,1499.0,0.0,1998.67,Desktop,Organic Search,Completed
TXN007195,CUS0970,2026-05-20,Sports,2,999.0,0.0,2164.5,Desktop,Paid Ads,Completed
TXN007196,CUS0970,2026-04-29,Fashion,2,299.0,0.0,647.83,Desktop,Paid Ads,Completed
TXN007197,CUS0970,2026-03-27,Electronics,3,399.0,0.0,1296.75,Desktop,Paid Ads,Returned
TXN007198,CUS0970,2026-02-10,Fashion,2,999.0,0.0,2164.5,Desktop,Paid Ads,Completed
TXN007199,CUS0970,2025-12-01,Fashion,2,1499.0,0.0,3247.83,Desktop,Paid Ads,Completed
TXN007200,CUS0971,2026-07-06,Fashion,2,1499.0,0.0,3997.33,Mobile,Paid Ads,Completed
TXN007201,CUS0971,2026-06-01,Fashion,2,1999.0,0.2,4264.53,Mobile,Paid Ads,Completed
TXN007202,CUS0971,2026-05-23,Fashion,1,399.0,0.0,532.0,Mobile,Paid Ads,Completed
TXN007203,CUS0971,2026-05-12,Home,2,1499.0,0.0,3997.33,Mobile,Paid Ads,Completed
TXN007204,CUS0971,2026-04-15,Fashion,3,1499.0,0.0,5996.0,Mobile,Paid Ads,Returned
TXN007205,CUS0971,2026-02-26,Home,3,299.0,0.0,1196.0,Mobile,Paid Ads,Completed
TXN007206,CUS0971,2026-02-18,Fashion,3,1499.0,0.0,5996.0,Mobile,Paid Ads,Completed
TXN007207,CUS0971,2026-02-03,Home,1,699.0,0.2,745.6,Mobile,Paid Ads,Completed
TXN007208,CUS0971,2026-01-24,Fashion,2,1499.0,0.0,3997.33,Mobile,Paid Ads,Completed
TXN007209,CUS0971,2025-11-28,Home,1,499.0,0.0,665.33,Mobile,Paid Ads,Completed
TXN007210,CUS0971,2025-11-21,Fashion,3,299.0,0.0,1196.0,Mobile,Paid Ads,Completed
TXN007211,CUS0971,2025-11-09,Fashion,2,999.0,0.0,2664.0,Mobile,Paid Ads,Completed
TXN007212,CUS0972,2026-05-29,Home,3,499.0,0.0,873.25,Desktop,Paid Ads,Completed
TXN007213,CUS0972,2025-12-02,Beauty,3,999.0,0.05,1660.84,Desktop,Paid Ads,Completed
TXN007214,CUS0972,2025-10-26,Home,1,1999.0,0.0,1166.08,Desktop,Paid Ads,Completed
TXN007215,CUS0973,2025-12-12,Sports,1,999.0,0.0,582.75,Desktop,Paid Ads,Completed
TXN007216,CUS0973,2025-08-14,Sports,3,699.0,0.0,1223.25,Desktop,Paid Ads,Completed
TXN007217,CUS0973,2025-04-10,Electronics,1,699.0,0.0,407.75,Desktop,Paid Ads,Completed
TXN007218,CUS0974,2026-07-02,Electronics,3,299.0,0.0,822.25,Desktop,Organic Search,Completed
TXN007219,CUS0974,2026-03-10,Electronics,3,699.0,0.0,1922.25,Desktop,Organic Search,Completed
TXN007220,CUS0974,2026-02-11,Home,2,1999.0,0.0,3664.83,Desktop,Organic Search,Completed
TXN007221,CUS0974,2026-01-18,Electronics,3,299.0,0.2,657.8,Desktop,Organic Search,Completed
TXN007222,CUS0974,2025-11-18,Home,2,999.0,0.2,1465.2,Desktop,Organic Search,Completed
TXN007223,CUS0974,2025-09-20,Electronics,3,399.0,0.0,1097.25,Desktop,Organic Search,Completed
TXN007224,CUS0975,2026-07-02,Beauty,3,499.0,0.0,1372.25,Mobile,Social Media,Completed
TXN007225,CUS0975,2026-06-12,Beauty,3,699.0,0.0,1922.25,Mobile,Social Media,Completed
TXN007226,CUS0975,2025-11-20,Beauty,2,399.0,0.0,731.5,Mobile,Social Media,Completed
TXN007227,CUS0975,2025-10-17,Beauty,1,1499.0,0.0,1374.08,Mobile,Social Media,Completed
TXN007228,CUS0976,2026-01-04,Sports,3,1999.0,0.0,3498.25,Desktop,Social Media,Completed
TXN007229,CUS0976,2025-09-22,Sports,3,399.0,0.0,698.25,Mobile,Social Media,Completed
TXN007230,CUS0976,2025-06-19,Beauty,3,1999.0,0.0,3498.25,Desktop,Social Media,Completed
TXN007231,CUS0977,2026-07-28,Sports,2,499.0,0.0,1330.67,Mobile,Social Media,Completed
TXN007232,CUS0977,2026-06-13,Electronics,3,1999.0,0.0,7996.0,Mobile,Social Media,Completed
TXN007233,CUS0977,2026-06-05,Home,2,499.0,0.0,1330.67,Mobile,Social Media,Completed
TXN007234,CUS0977,2026-05-14,Home,2,699.0,0.1,1677.6,Mobile,Social Media,Completed
TXN007235,CUS0977,2026-03-20,Home,3,1999.0,0.0,7996.0,Mobile,Social Media,Completed
TXN007236,CUS0977,2026-02-18,Home,2,399.0,0.0,1064.0,Mobile,Social Media,Returned
TXN007237,CUS0977,2026-02-15,Home,3,999.0,0.0,3996.0,Mobile,Social Media,Completed
TXN007238,CUS0977,2026-02-04,Home,2,1499.0,0.0,3997.33,Mobile,Social Media,Completed
TXN007239,CUS0977,2026-01-20,Electronics,1,1999.0,0.1,2398.8,Mobile,Social Media,Cancelled
TXN007240,CUS0977,2026-01-17,Home,2,999.0,0.05,2530.8,Mobile,Social Media,Completed
TXN007241,CUS0977,2025-12-01,Home,3,499.0,0.2,1596.8,Mobile,Social Media,Completed
TXN007242,CUS0977,2025-11-15,Home,3,399.0,0.1,1436.4,Mobile,Social Media,Completed
TXN007243,CUS0977,2025-10-20,Fashion,1,499.0,0.0,665.33,Desktop,Social Media,Completed
TXN007244,CUS0977,2025-10-09,Sports,2,399.0,0.0,1064.0,Desktop,Social Media,Completed
TXN007245,CUS0978,2026-01-12,Sports,1,999.0,0.0,582.75,Mobile,Paid Ads,Completed
TXN007246,CUS0978,2025-08-03,Sports,1,999.0,0.0,582.75,Mobile,Paid Ads,Completed
TXN007247,CUS0978,2025-07-27,Sports,1,1499.0,0.0,874.42,Mobile,Paid Ads,Completed
TXN007248,CUS0978,2025-05-05,Sports,1,999.0,0.15,495.34,Desktop,Paid Ads,Completed
TXN007249,CUS0979,2026-08-13,Electronics,2,399.0,0.1,957.6,Desktop,Direct,Completed
TXN007250,CUS0979,2026-06-03,Electronics,1,1999.0,0.0,2665.33,Desktop,Direct,Completed
TXN007251,CUS0979,2026-05-21,Electronics,3,1499.0,0.05,5696.2,Desktop,Direct,Completed
TXN007252,CUS0979,2026-05-19,Electronics,2,299.0,0.0,797.33,Desktop,Direct,Completed
TXN007253,CUS0979,2026-04-29,Beauty,3,499.0,0.0,1996.0,Desktop,Direct,Completed
TXN007254,CUS0979,2026-03-30,Electronics,1,399.0,0.0,532.0,Desktop,Direct,Completed
TXN007255,CUS0979,2026-03-23,Beauty,1,399.0,0.0,532.0,Desktop,Direct,Completed
TXN007256,CUS0979,2026-01-16,Fashion,1,299.0,0.0,398.67,Desktop,Direct,Completed
TXN007257,CUS0979,2025-11-28,Electronics,3,399.0,0.0,1596.0,Desktop,Direct,Completed
TXN007258,CUS0979,2025-10-26,Electronics,3,1499.0,0.2,4796.8,Desktop,Direct,Completed
TXN007259,CUS0980,2026-04-13,Sports,2,1499.0,0.0,3247.83,Desktop,Email,Completed
TXN007260,CUS0980,2026-03-21,Sports,1,1999.0,0.0,2165.58,Desktop,Email,Completed
TXN007261,CUS0980,2026-01-01,Sports,3,299.0,0.15,825.99,Desktop,Email,Completed
TXN007262,CUS0980,2025-11-08,Sports,1,999.0,0.1,974.02,Desktop,Email,Completed
TXN007263,CUS0980,2025-10-06,Sports,3,699.0,0.0,2271.75,Desktop,Email,Completed
TXN007264,CUS0980,2025-09-06,Sports,3,299.0,0.1,874.58,Desktop,Email,Completed
TXN007265,CUS0980,2025-08-01,Sports,3,1499.0,0.0,4871.75,Desktop,Email,Completed
TXN007266,CUS0980,2025-07-18,Home,3,1499.0,0.0,4871.75,Desktop,Email,Completed
TXN007267,CUS0981,2026-08-04,Sports,2,699.0,0.0,1048.5,Mobile,Email,Completed
TXN007268,CUS0981,2026-04-20,Electronics,3,1499.0,0.2,2698.2,Mobile,Email,Completed
TXN007269,CUS0982,2026-02-04,Fashion,3,299.0,0.0,971.75,Mobile,Referral,Completed
TXN007270,CUS0982,2025-12-26,Fashion,2,399.0,0.0,864.5,Mobile,Referral,Completed
TXN007271,CUS0982,2025-11-19,Fashion,2,699.0,0.0,1514.5,Mobile,Referral,Returned
TXN007272,CUS0982,2025-08-06,Fashion,3,1499.0,0.0,4871.75,Mobile,Referral,Completed
TXN007273,CUS0982,2025-07-29,Fashion,1,999.0,0.0,1082.25,Mobile,Referral,Returned
TXN007274,CUS0982,2025-07-14,Fashion,3,1499.0,0.0,4871.75,Mobile,Referral,Completed
TXN007275,CUS0983,2026-01-14,Beauty,3,399.0,0.0,698.25,Mobile,Direct,Completed
TXN007276,CUS0983,2025-12-22,Home,2,399.0,0.0,465.5,Mobile,Direct,Completed
TXN007277,CUS0983,2025-07-17,Sports,2,499.0,0.0,582.17,Desktop,Direct,Completed
TXN007278,CUS0984,2026-08-04,Sports,2,499.0,0.05,2212.23,Desktop,Referral,Completed
TXN007279,CUS0984,2026-08-03,Sports,2,699.0,0.15,2772.7,Desktop,Referral,Completed
TXN007280,CUS0984,2026-07-09,Sports,1,1499.0,0.05,3322.78,Desktop,Referral,Completed
TXN007281,CUS0984,2026-06-15,Sports,1,999.0,0.0,2331.0,Desktop,Referral,Completed
TXN007282,CUS0984,2026-05-22,Home,3,1999.0,0.0,13993.0,Desktop,Referral,Completed
TXN007283,CUS0984,2026-04-30,Electronics,2,1999.0,0.0,9328.67,Desktop,Referral,Completed
TXN007284,CUS0984,2026-04-30,Sports,1,1499.0,0.0,3497.67,Desktop,Referral,Completed
TXN007285,CUS0984,2026-04-26,Sports,2,299.0,0.0,1395.33,Tablet,Referral,Completed
TXN007286,CUS0984,2026-04-17,Sports,2,499.0,0.0,2328.67,Desktop,Referral,Completed
TXN007287,CUS0984,2026-04-14,Fashion,3,499.0,0.0,3493.0,Desktop,Referral,Completed
TXN007288,CUS0984,2026-04-03,Beauty,1,999.0,0.2,1864.8,Desktop,Referral,Completed
TXN007289,CUS0984,2026-03-15,Sports,1,1999.0,0.0,4664.33,Desktop,Referral,Completed
TXN007290,CUS0984,2026-03-10,Sports,1,499.0,0.15,989.68,Mobile,Referral,Completed
TXN007291,CUS0984,2026-03-08,Sports,1,1499.0,0.0,3497.67,Desktop,Referral,Completed
TXN007292,CUS0984,2026-03-06,Sports,1,999.0,0.0,2331.0,Desktop,Referral,Completed
TXN007293,CUS0984,2026-02-01,Sports,1,1999.0,0.0,4664.33,Desktop,Referral,Completed
TXN007294,CUS0984,2026-01-09,Sports,3,1499.0,0.0,10493.0,Desktop,Referral,Completed
TXN007295,CUS0984,2026-01-03,Sports,1,299.0,0.0,697.67,Desktop,Referral,Completed
TXN007296,CUS0984,2025-12-02,Sports,2,299.0,0.0,1395.33,Desktop,Referral,Completed
TXN007297,CUS0984,2025-12-01,Sports,2,499.0,0.0,2328.67,Desktop,Referral,Completed
TXN007298,CUS0984,2025-11-08,Sports,3,699.0,0.0,4893.0,Mobile,Referral,Completed
TXN007299,CUS0984,2025-10-21,Sports,1,399.0,0.0,931.0,Desktop,Referral,Cancelled
TXN007300,CUS0985,2026-05-23,Sports,2,499.0,0.0,582.17,Desktop,Organic Search,Completed
TXN007301,CUS0986,2026-08-12,Sports,1,1999.0,0.2,1465.93,Mobile,Organic Search,Completed
TXN007302,CUS0986,2026-04-08,Sports,1,299.0,0.0,274.08,Mobile,Organic Search,Completed
TXN007303,CUS0986,2026-04-08,Home,3,1499.0,0.2,3297.8,Desktop,Organic Search,Completed
TXN007304,CUS0986,2026-02-22,Home,3,1999.0,0.05,5222.39,Mobile,Organic Search,Completed
TXN007305,CUS0986,2025-12-13,Home,2,399.0,0.0,731.5,Mobile,Organic Search,Completed
TXN007306,CUS0986,2025-11-04,Sports,1,399.0,0.0,365.75,Mobile,Organic Search,Returned
TXN007307,CUS0987,2026-08-08,Sports,1,1499.0,0.0,1124.25,Mobile,Direct,Completed
TXN007308,CUS0988,2026-08-01,Electronics,1,499.0,0.0,374.25,Mobile,Email,Completed
TXN007309,CUS0988,2025-12-01,Electronics,3,999.0,0.15,1910.59,Mobile,Email,Completed
TXN007310,CUS0989,2026-08-11,Home,2,1999.0,0.0,9328.67,Mobile,Referral,Completed
TXN007311,CUS0989,2026-07-13,Home,1,1999.0,0.0,4664.33,Mobile,Referral,Completed
TXN007312,CUS0989,2026-05-21,Home,2,1999.0,0.0,9328.67,Mobile,Referral,Completed
TXN007313,CUS0989,2026-05-17,Home,1,999.0,0.0,2331.0,Mobile,Referral,Completed
TXN007314,CUS0989,2026-04-26,Beauty,2,1999.0,0.0,9328.67,Mobile,Referral,Completed
TXN007315,CUS0989,2026-03-15,Home,2,399.0,0.2,1489.6,Mobile,Referral,Completed
TXN007316,CUS0989,2026-03-12,Home,2,399.0,0.0,1862.0,Mobile,Referral,Completed
TXN007317,CUS0989,2026-03-11,Home,1,499.0,0.15,989.68,Mobile,Referral,Completed
TXN007318,CUS0989,2026-02-20,Home,2,999.0,0.0,4662.0,Mobile,Referral,Completed
TXN007319,CUS0989,2026-02-13,Home,2,1499.0,0.0,6995.33,Mobile,Referral,Cancelled
TXN007320,CUS0989,2026-02-12,Home,2,499.0,0.0,2328.67,Mobile,Referral,Completed
TXN007321,CUS0989,2026-01-23,Sports,2,299.0,0.0,1395.33,Mobile,Referral,Completed
TXN007322,CUS0989,2025-11-08,Sports,1,1999.0,0.0,4664.33,Mobile,Referral,Completed
TXN007323,CUS0989,2025-11-02,Home,1,1499.0,0.0,3497.67,Mobile,Referral,Completed
TXN007324,CUS0989,2025-10-25,Sports,2,299.0,0.2,1116.27,Mobile,Referral,Completed
TXN007325,CUS0989,2025-10-24,Beauty,2,499.0,0.2,1862.93,Mobile,Referral,Completed
TXN007326,CUS0989,2025-10-22,Electronics,3,999.0,0.05,6643.35,Mobile,Referral,Completed
TXN007327,CUS0990,2026-07-26,Home,2,399.0,0.15,904.4,Mobile,Direct,Completed
TXN007328,CUS0990,2026-06-26,Home,3,399.0,0.0,1596.0,Mobile,Direct,Completed
TXN007329,CUS0990,2026-06-17,Home,2,499.0,0.2,1064.53,Mobile,Direct,Completed
TXN007330,CUS0990,2026-05-30,Home,1,399.0,0.1,478.8,Mobile,Direct,Completed
TXN007331,CUS0990,2026-05-28,Electronics,3,1999.0,0.0,7996.0,Mobile,Direct,Completed
TXN007332,CUS0990,2026-05-08,Beauty,2,299.0,0.0,797.33,Mobile,Direct,Returned
TXN007333,CUS0990,2026-05-03,Home,1,999.0,0.0,1332.0,Mobile,Direct,Completed
TXN007334,CUS0990,2026-02-18,Home,3,999.0,0.0,3996.0,Mobile,Direct,Completed
TXN007335,CUS0991,2026-07-20,Fashion,3,399.0,0.0,1296.75,Mobile,Referral,Completed
TXN007336,CUS0991,2026-07-16,Sports,1,299.0,0.0,323.92,Mobile,Referral,Completed
TXN007337,CUS0991,2026-04-22,Electronics,1,499.0,0.0,540.58,Mobile,Referral,Returned
TXN007338,CUS0991,2026-04-17,Electronics,1,299.0,0.05,307.72,Mobile,Referral,Completed
TXN007339,CUS0991,2026-01-23,Electronics,2,1999.0,0.0,4331.17,Tablet,Referral,Completed
TXN007340,CUS0991,2025-12-17,Electronics,2,399.0,0.1,778.05,Mobile,Referral,Completed
TXN007341,CUS0991,2025-12-04,Electronics,2,499.0,0.0,1081.17,Mobile,Referral,Completed
TXN007342,CUS0991,2025-11-11,Beauty,2,399.0,0.0,864.5,Mobile,Referral,Completed
TXN007343,CUS0992,2026-08-10,Fashion,2,299.0,0.0,1395.33,Mobile,Organic Search,Completed
TXN007344,CUS0992,2026-06-22,Sports,3,699.0,0.15,4159.05,Mobile,Organic Search,Completed
TXN007345,CUS0992,2026-06-21,Home,2,1999.0,0.0,9328.67,Mobile,Organic Search,Completed
TXN007346,CUS0992,2026-06-18,Sports,2,1999.0,0.0,9328.67,Mobile,Organic Search,Completed
TXN007347,CUS0992,2026-06-01,Sports,1,399.0,0.2,744.8,Mobile,Organic Search,Completed
TXN007348,CUS0992,2026-05-28,Sports,2,1999.0,0.0,9328.67,Mobile,Organic Search,Completed
TXN007349,CUS0992,2026-05-22,Sports,2,1999.0,0.0,9328.67,Mobile,Organic Search,Completed
TXN007350,CUS0992,2026-05-19,Sports,2,1999.0,0.15,7929.37,Mobile,Organic Search,Completed
TXN007351,CUS0992,2026-04-18,Fashion,3,1499.0,0.0,10493.0,Mobile,Organic Search,Cancelled
TXN007352,CUS0992,2026-04-10,Home,3,1999.0,0.0,13993.0,Mobile,Organic Search,Completed
TXN007353,CUS0992,2026-04-06,Beauty,2,1499.0,0.0,6995.33,Mobile,Organic Search,Completed
TXN007354,CUS0992,2026-04-04,Fashion,2,499.0,0.0,2328.67,Mobile,Organic Search,Completed
TXN007355,CUS0992,2026-03-09,Sports,3,499.0,0.0,3493.0,Mobile,Organic Search,Completed
TXN007356,CUS0992,2026-02-22,Beauty,1,399.0,0.0,931.0,Tablet,Organic Search,Cancelled
TXN007357,CUS0992,2026-02-19,Home,2,1499.0,0.0,6995.33,Tablet,Organic Search,Completed
TXN007358,CUS0992,2026-02-02,Sports,3,499.0,0.0,3493.0,Mobile,Organic Search,Cancelled
TXN007359,CUS0992,2026-01-30,Home,1,999.0,0.0,2331.0,Mobile,Organic Search,Completed
TXN007360,CUS0992,2026-01-22,Sports,3,1499.0,0.0,10493.0,Mobile,Organic Search,Completed
TXN007361,CUS0992,2026-01-21,Fashion,3,1999.0,0.2,11194.4,Tablet,Organic Search,Completed
TXN007362,CUS0992,2026-01-12,Sports,3,399.0,0.15,2374.05,Mobile,Organic Search,Completed
TXN007363,CUS0992,2026-01-07,Sports,1,299.0,0.0,697.67,Mobile,Organic Search,Returned
TXN007364,CUS0992,2026-01-07,Sports,3,399.0,0.0,2793.0,Mobile,Organic Search,Completed
TXN007365,CUS0992,2025-10-26,Sports,1,699.0,0.0,1631.0,Mobile,Organic Search,Completed
TXN007366,CUS0993,2026-02-06,Home,2,399.0,0.0,864.5,Mobile,Organic Search,Completed
TXN007367,CUS0993,2025-12-30,Home,3,699.0,0.0,2271.75,Tablet,Organic Search,Completed
TXN007368,CUS0993,2025-12-03,Home,2,999.0,0.1,1948.05,Tablet,Organic Search,Returned
TXN007369,CUS0993,2025-11-23,Home,3,399.0,0.15,1102.24,Tablet,Organic Search,Completed
TXN007370,CUS0993,2025-11-16,Home,1,1499.0,0.0,1623.92,Tablet,Organic Search,Completed
TXN007371,CUS0993,2025-09-19,Home,3,299.0,0.0,971.75,Tablet,Organic Search,Completed
TXN007372,CUS0993,2025-07-09,Home,2,999.0,0.0,2164.5,Tablet,Organic Search,Returned
TXN007373,CUS0993,2025-07-05,Home,1,1999.0,0.15,1840.75,Tablet,Organic Search,Completed
TXN007374,CUS0993,2025-05-30,Home,2,699.0,0.0,1514.5,Tablet,Organic Search,Completed
TXN007375,CUS0993,2025-04-22,Home,3,1499.0,0.0,4871.75,Tablet,Organic Search,Completed
TXN007376,CUS0994,2025-11-09,Electronics,1,499.0,0.0,291.08,Mobile,Email,Completed
TXN007377,CUS0994,2025-08-13,Home,1,299.0,0.0,174.42,Mobile,Email,Completed
TXN007378,CUS0994,2025-08-11,Beauty,3,399.0,0.0,698.25,Mobile,Email,Completed
TXN007379,CUS0995,2026-05-05,Fashion,3,399.0,0.0,698.25,Desktop,Email,Completed
TXN007380,CUS0995,2026-03-09,Fashion,1,699.0,0.0,407.75,Mobile,Email,Returned
TXN007381,CUS0995,2025-09-07,Home,1,699.0,0.0,407.75,Desktop,Email,Completed
TXN007382,CUS0996,2026-01-06,Beauty,2,399.0,0.0,465.5,Desktop,Paid Ads,Completed
TXN007383,CUS0997,2026-07-02,Beauty,2,999.0,0.0,1165.5,Mobile,Referral,Completed
TXN007384,CUS0997,2026-05-26,Beauty,1,499.0,0.0,291.08,Mobile,Referral,Completed
TXN007385,CUS0997,2026-02-20,Electronics,1,499.0,0.2,232.87,Mobile,Referral,Completed
TXN007386,CUS0997,2026-02-03,Fashion,1,999.0,0.0,582.75,Mobile,Referral,Completed
TXN007387,CUS0998,2026-08-02,Sports,2,499.0,0.0,1330.67,Mobile,Social Media,Completed
TXN007388,CUS0998,2026-07-25,Home,2,299.0,0.2,637.87,Mobile,Social Media,Completed
TXN007389,CUS0998,2026-07-15,Home,1,399.0,0.05,505.4,Mobile,Social Media,Completed
TXN007390,CUS0998,2026-06-04,Electronics,3,999.0,0.0,3996.0,Mobile,Social Media,Completed
TXN007391,CUS0998,2026-02-04,Home,1,499.0,0.0,665.33,Mobile,Social Media,Completed
TXN007392,CUS0998,2026-01-10,Electronics,2,399.0,0.0,1064.0,Mobile,Social Media,Cancelled
TXN007393,CUS0998,2026-01-09,Home,2,1999.0,0.0,5330.67,Desktop,Social Media,Completed
TXN007394,CUS0998,2026-01-07,Home,3,1999.0,0.0,7996.0,Mobile,Social Media,Completed
TXN007395,CUS0998,2025-12-28,Home,1,1499.0,0.0,1998.67,Tablet,Social Media,Completed
TXN007396,CUS0998,2025-12-09,Home,1,1999.0,0.1,2398.8,Mobile,Social Media,Completed
TXN007397,CUS0998,2025-12-02,Electronics,1,999.0,0.0,1332.0,Tablet,Social Media,Completed
TXN007398,CUS0998,2025-11-20,Home,3,1499.0,0.0,5996.0,Mobile,Social Media,Completed
TXN007399,CUS0998,2025-10-19,Beauty,1,299.0,0.0,398.67,Desktop,Social Media,Completed
TXN007400,CUS0998,2025-10-12,Home,2,1499.0,0.2,3197.87,Mobile,Social Media,Completed
TXN007401,CUS0999,2025-09-18,Sports,2,499.0,0.0,582.17,Desktop,Social Media,Completed
TXN007402,CUS1000,2026-08-15,Home,1,299.0,0.0,398.67,Tablet,Paid Ads,Completed
TXN007403,CUS1000,2026-07-06,Electronics,1,499.0,0.0,665.33,Mobile,Paid Ads,Completed
TXN007404,CUS1000,2026-06-14,Home,2,399.0,0.05,1010.8,Mobile,Paid Ads,Completed
TXN007405,CUS1000,2026-06-05,Home,3,999.0,0.0,3996.0,Mobile,Paid Ads,Completed
TXN007406,CUS1000,2026-05-26,Home,3,1999.0,0.0,7996.0,Mobile,Paid Ads,Returned
TXN007407,CUS1000,2026-05-05,Home,2,299.0,0.0,797.33,Mobile,Paid Ads,Completed
TXN007408,CUS1000,2026-04-09,Home,1,399.0,0.0,532.0,Mobile,Paid Ads,Completed
TXN007409,CUS1000,2026-03-31,Fashion,2,699.0,0.0,1864.0,Mobile,Paid Ads,Completed
TXN007410,CUS1000,2026-02-09,Home,3,499.0,0.0,1996.0,Tablet,Paid Ads,Completed
TXN007411,CUS1000,2026-01-24,Sports,1,399.0,0.0,532.0,Tablet,Paid Ads,Completed
TXN007412,CUS1000,2026-01-07,Electronics,1,1499.0,0.0,1998.67,Desktop,Paid Ads,Completed
TXN007413,CUS1000,2025-12-11,Home,2,499.0,0.15,1131.07,Mobile,Paid Ads,Completed
TXN007414,CUS1000,2025-10-20,Sports,3,1499.0,0.0,5996.0,Mobile,Paid Ads,Completed
