order_id,customer_id,order_date,product_id,product_name,category,quantity,unit_price,discount,shipping_cost,payment_method,region,traffic_source,device_type,order_status
ORD000001,CUST00147,2026-03-27,P0002,Smart Watch,Electronics,1,1499,0.05,0,UPI,Central,Social Media,Mobile,Completed
ORD000002,CUST00077,2025-10-10,P0002,Smart Watch,Electronics,1,2499,0.0,49,Debit Card,West,Social Media,Desktop,Returned
ORD000003,CUST00286,2026-07-16,P0003,Phone Case,Electronics,3,1499,0.0,99,UPI,North,Direct,Desktop,Completed
ORD000004,CUST00760,2025-08-22,P0011,Cushion Cover,Home,2,399,0.2,49,Wallet,West,Paid Ads,Desktop,Completed
ORD000005,CUST00485,2026-02-07,P0016,Lip Balm,Beauty,4,2499,0.2,0,UPI,West,Referral,Desktop,Completed
ORD000006,CUST00314,2026-06-28,P0018,Sunscreen,Beauty,4,299,0.15,79,Wallet,South,Organic Search,Desktop,Cancelled
ORD000007,CUST00030,2026-05-11,P0000,Wireless Earbuds,Electronics,4,299,0.0,49,UPI,East,Paid Ads,Mobile,Returned
ORD000008,CUST00473,2026-07-01,P0007,Denim Jacket,Fashion,2,1499,0.15,0,Debit Card,East,Direct,Mobile,Completed
ORD000009,CUST00076,2026-02-17,P0003,Phone Case,Electronics,4,2499,0.1,99,Cash on Delivery,East,Organic Search,Desktop,Returned
ORD000010,CUST00432,2025-09-23,P0003,Phone Case,Electronics,2,999,0.2,99,Cash on Delivery,Central,Social Media,Desktop,Completed
ORD000011,CUST00588,2025-08-22,P0018,Sunscreen,Beauty,1,399,0.05,49,Debit Card,South,Social Media,Mobile,Completed
ORD000012,CUST00345,2025-10-14,P0016,Lip Balm,Beauty,4,299,0.05,79,UPI,South,Referral,Mobile,Cancelled
ORD000013,CUST00244,2025-09-10,P0005,T-Shirt,Fashion,3,2499,0.1,0,Wallet,Central,Organic Search,Mobile,Completed
ORD000014,CUST00038,2026-01-30,P0007,Denim Jacket,Fashion,1,499,0.0,79,Debit Card,South,Social Media,Desktop,Returned
ORD000015,CUST00020,2025-09-07,P0023,Resistance Band,Sports,4,1499,0.15,99,Wallet,East,Social Media,Mobile,Completed
ORD000016,CUST00348,2025-10-26,P0014,Wall Clock,Home,1,499,0.05,0,Cash on Delivery,Central,Direct,Desktop,Completed
ORD000017,CUST00701,2026-01-20,P0005,T-Shirt,Fashion,3,399,0.0,99,Debit Card,East,Email,Desktop,Completed
ORD000018,CUST00198,2026-05-15,P0023,Resistance Band,Sports,2,1499,0.15,0,Credit Card,Central,Organic Search,Tablet,Completed
ORD000019,CUST00455,2026-04-23,P0004,Power Bank,Electronics,1,1499,0.0,49,Cash on Delivery,West,Referral,Mobile,Cancelled
ORD000020,CUST00540,2025-09-10,P0007,Denim Jacket,Fashion,4,699,0.2,0,Cash on Delivery,East,Organic Search,Desktop,Returned
ORD000021,CUST00048,2026-07-15,P0017,Hair Oil,Beauty,3,999,0.0,49,Cash on Delivery,North,Direct,Desktop,Completed
ORD000022,CUST00123,2026-03-08,P0012,Coffee Mug,Home,4,699,0.05,79,Wallet,East,Paid Ads,Mobile,Completed
ORD000023,CUST00273,2025-12-25,P0001,Bluetooth Speaker,Electronics,3,999,0.05,99,Credit Card,South,Organic Search,Mobile,Completed
ORD000024,CUST00530,2026-01-06,P0020,Yoga Mat,Sports,4,1999,0.15,0,Cash on Delivery,North,Paid Ads,Mobile,Completed
ORD000025,CUST00355,2026-06-25,P0005,T-Shirt,Fashion,4,1499,0.0,99,Credit Card,East,Referral,Mobile,Completed
ORD000026,CUST00578,2026-02-05,P0017,Hair Oil,Beauty,4,499,0.0,99,Credit Card,South,Referral,Mobile,Completed
ORD000027,CUST00687,2025-11-17,P0008,Backpack,Fashion,3,399,0.0,0,Wallet,South,Email,Mobile,Completed
ORD000028,CUST00593,2026-01-22,P0018,Sunscreen,Beauty,1,1499,0.0,99,Debit Card,North,Direct,Desktop,Returned
ORD000029,CUST00792,2025-09-13,P0022,Water Bottle,Sports,2,1499,0.05,99,Cash on Delivery,North,Referral,Mobile,Completed
ORD000030,CUST00590,2025-10-14,P0019,Face Wash,Beauty,3,499,0.1,0,Cash on Delivery,West,Social Media,Mobile,Returned
ORD000031,CUST00675,2025-12-12,P0023,Resistance Band,Sports,1,1999,0.2,0,Cash on Delivery,South,Direct,Desktop,Completed
ORD000032,CUST00659,2025-11-08,P0013,Storage Box,Home,1,699,0.0,79,Cash on Delivery,North,Email,Desktop,Completed
ORD000033,CUST00575,2025-12-25,P0001,Bluetooth Speaker,Electronics,2,499,0.0,49,UPI,Central,Paid Ads,Tablet,Completed
ORD000034,CUST00628,2025-09-12,P0013,Storage Box,Home,4,999,0.0,0,Cash on Delivery,Central,Email,Desktop,Cancelled
ORD000035,CUST00744,2026-03-30,P0011,Cushion Cover,Home,2,399,0.0,49,Cash on Delivery,North,Organic Search,Desktop,Completed
ORD000036,CUST00378,2025-10-01,P0017,Hair Oil,Beauty,4,1499,0.15,0,Debit Card,East,Email,Mobile,Completed
ORD000037,CUST00504,2025-11-07,P0006,Sneakers,Fashion,4,2499,0.1,99,UPI,West,Paid Ads,Mobile,Completed
ORD000038,CUST00410,2026-08-11,P0017,Hair Oil,Beauty,2,2499,0.05,0,Wallet,South,Organic Search,Mobile,Completed
ORD000039,CUST00675,2025-08-22,P0011,Cushion Cover,Home,1,699,0.05,0,Cash on Delivery,South,Direct,Tablet,Completed
ORD000040,CUST00349,2025-11-30,P0016,Lip Balm,Beauty,4,499,0.05,99,Debit Card,North,Social Media,Mobile,Cancelled
ORD000041,CUST00647,2026-02-18,P0010,LED Lamp,Home,4,699,0.15,99,Debit Card,South,Social Media,Desktop,Cancelled
ORD000042,CUST00626,2025-12-10,P0009,Sunglasses,Fashion,3,299,0.0,99,Debit Card,Central,Organic Search,Mobile,Completed
ORD000043,CUST00767,2025-12-14,P0005,T-Shirt,Fashion,4,1499,0.05,99,Wallet,South,Organic Search,Desktop,Returned
ORD000044,CUST00202,2025-10-05,P0020,Yoga Mat,Sports,1,699,0.0,0,UPI,South,Referral,Mobile,Completed
ORD000045,CUST00558,2026-01-21,P0001,Bluetooth Speaker,Electronics,2,299,0.0,79,Debit Card,Central,Email,Desktop,Returned
ORD000046,CUST00592,2026-05-22,P0005,T-Shirt,Fashion,3,999,0.1,0,Wallet,North,Social Media,Tablet,Completed
ORD000047,CUST00746,2026-03-22,P0010,LED Lamp,Home,1,1499,0.1,49,Wallet,North,Email,Mobile,Returned
ORD000048,CUST00723,2026-07-23,P0003,Phone Case,Electronics,4,399,0.15,49,UPI,West,Direct,Desktop,Completed
ORD000049,CUST00455,2026-05-02,P0022,Water Bottle,Sports,3,699,0.0,99,Wallet,West,Organic Search,Mobile,Completed
ORD000050,CUST00460,2026-06-04,P0008,Backpack,Fashion,2,2499,0.0,49,Debit Card,Central,Referral,Mobile,Completed
ORD000051,CUST00133,2026-01-24,P0006,Sneakers,Fashion,1,1499,0.1,0,Credit Card,Central,Email,Mobile,Completed
ORD000052,CUST00780,2026-03-31,P0006,Sneakers,Fashion,1,1999,0.15,0,Cash on Delivery,South,Paid Ads,Desktop,Returned
ORD000053,CUST00207,2026-03-19,P0004,Power Bank,Electronics,3,699,0.2,49,Wallet,Central,Paid Ads,Mobile,Completed
ORD000054,CUST00569,2026-06-12,P0016,Lip Balm,Beauty,4,699,0.15,99,Cash on Delivery,East,Organic Search,Desktop,Completed
ORD000055,CUST00623,2026-02-18,P0012,Coffee Mug,Home,1,699,0.2,79,Cash on Delivery,East,Paid Ads,Desktop,Completed
ORD000056,CUST00357,2026-01-14,P0005,T-Shirt,Fashion,2,699,0.15,99,Debit Card,South,Social Media,Mobile,Cancelled
ORD000057,CUST00174,2025-09-14,P0021,Dumbbell Set,Sports,3,399,0.0,0,UPI,Central,Paid Ads,Mobile,Completed
ORD000058,CUST00152,2026-06-29,P0016,Lip Balm,Beauty,2,299,0.1,49,Cash on Delivery,West,Direct,Mobile,Completed
ORD000059,CUST00679,2026-01-25,P0010,LED Lamp,Home,3,1999,0.1,79,Credit Card,North,Paid Ads,Mobile,Returned
ORD000060,CUST00407,2026-06-07,P0012,Coffee Mug,Home,3,999,0.0,99,Cash on Delivery,South,Social Media,Tablet,Returned
ORD000061,CUST00075,2026-04-24,P0016,Lip Balm,Beauty,4,999,0.2,0,Credit Card,Central,Email,Mobile,Completed
ORD000062,CUST00562,2025-08-20,P0003,Phone Case,Electronics,3,999,0.15,79,Debit Card,Central,Organic Search,Desktop,Completed
ORD000063,CUST00203,2026-04-14,P0020,Yoga Mat,Sports,3,699,0.05,0,UPI,East,Paid Ads,Tablet,Cancelled
ORD000064,CUST00696,2026-02-14,P0006,Sneakers,Fashion,2,2499,0.05,49,Wallet,Central,Organic Search,Mobile,Returned
ORD000065,CUST00257,2025-11-15,P0000,Wireless Earbuds,Electronics,1,699,0.15,79,Debit Card,East,Direct,Desktop,Completed
ORD000066,CUST00166,2025-11-24,P0013,Storage Box,Home,1,999,0.0,99,Cash on Delivery,West,Direct,Desktop,Completed
ORD000067,CUST00070,2026-04-09,P0021,Dumbbell Set,Sports,1,999,0.0,49,Wallet,North,Organic Search,Desktop,Completed
ORD000068,CUST00407,2025-09-20,P0018,Sunscreen,Beauty,4,399,0.0,49,Wallet,South,Direct,Mobile,Completed
ORD000069,CUST00362,2026-03-29,P0007,Denim Jacket,Fashion,1,399,0.0,99,Wallet,West,Direct,Desktop,Completed
ORD000070,CUST00588,2026-06-24,P0009,Sunglasses,Fashion,2,399,0.05,49,Credit Card,South,Organic Search,Tablet,Completed
ORD000071,CUST00370,2025-09-20,P0014,Wall Clock,Home,3,499,0.05,0,Cash on Delivery,South,Organic Search,Desktop,Completed
ORD000072,CUST00283,2025-08-22,P0005,T-Shirt,Fashion,3,399,0.05,0,Wallet,South,Direct,Desktop,Completed
ORD000073,CUST00213,2025-09-11,P0020,Yoga Mat,Sports,1,399,0.05,79,Credit Card,Central,Paid Ads,Desktop,Completed
ORD000074,CUST00224,2026-05-13,P0007,Denim Jacket,Fashion,4,2499,0.2,79,Wallet,Central,Social Media,Desktop,Completed
ORD000075,CUST00737,2026-06-25,P0005,T-Shirt,Fashion,2,499,0.0,49,Credit Card,Central,Email,Mobile,Completed
ORD000076,CUST00132,2026-08-15,P0002,Smart Watch,Electronics,1,1999,0.0,0,Wallet,South,Organic Search,Tablet,Cancelled
ORD000077,CUST00788,2025-08-30,P0017,Hair Oil,Beauty,1,699,0.15,0,UPI,East,Social Media,Mobile,Completed
ORD000078,CUST00270,2026-02-11,P0000,Wireless Earbuds,Electronics,4,1999,0.0,0,Credit Card,North,Social Media,Desktop,Completed
ORD000079,CUST00072,2025-09-06,P0020,Yoga Mat,Sports,4,1999,0.1,0,Debit Card,South,Direct,Mobile,Returned
ORD000080,CUST00201,2026-01-02,P0024,Running Shoes,Sports,4,1999,0.2,49,Credit Card,East,Direct,Desktop,Cancelled
ORD000081,CUST00047,2025-12-10,P0002,Smart Watch,Electronics,2,499,0.0,49,Cash on Delivery,South,Paid Ads,Desktop,Returned
ORD000082,CUST00619,2026-03-29,P0002,Smart Watch,Electronics,4,299,0.0,0,Cash on Delivery,East,Email,Desktop,Cancelled
ORD000083,CUST00408,2026-07-17,P0023,Resistance Band,Sports,2,499,0.0,99,Cash on Delivery,West,Social Media,Mobile,Completed
ORD000084,CUST00276,2026-06-09,P0003,Phone Case,Electronics,1,1499,0.0,0,UPI,South,Social Media,Desktop,Completed
ORD000085,CUST00524,2025-09-12,P0010,LED Lamp,Home,4,1499,0.0,99,Debit Card,East,Direct,Mobile,Completed
ORD000086,CUST00497,2025-11-15,P0021,Dumbbell Set,Sports,2,1499,0.15,0,Cash on Delivery,North,Paid Ads,Mobile,Cancelled
ORD000087,CUST00751,2025-11-28,P0003,Phone Case,Electronics,3,2499,0.0,79,Debit Card,East,Email,Mobile,Returned
ORD000088,CUST00767,2025-11-19,P0016,Lip Balm,Beauty,3,399,0.2,99,UPI,South,Social Media,Tablet,Completed
ORD000089,CUST00537,2025-12-26,P0009,Sunglasses,Fashion,1,699,0.2,99,Credit Card,South,Email,Tablet,Cancelled
ORD000090,CUST00645,2026-03-29,P0010,LED Lamp,Home,4,699,0.1,49,Cash on Delivery,East,Social Media,Desktop,Returned
ORD000091,CUST00621,2026-05-16,P0023,Resistance Band,Sports,1,399,0.2,0,Credit Card,South,Referral,Desktop,Completed
ORD000092,CUST00390,2026-07-29,P0016,Lip Balm,Beauty,4,1499,0.0,0,Credit Card,Central,Social Media,Mobile,Cancelled
ORD000093,CUST00554,2026-05-03,P0007,Denim Jacket,Fashion,2,299,0.2,49,Cash on Delivery,West,Organic Search,Mobile,Completed
ORD000094,CUST00062,2025-12-06,P0023,Resistance Band,Sports,2,2499,0.05,99,Cash on Delivery,South,Social Media,Desktop,Returned
ORD000095,CUST00593,2025-10-26,P0014,Wall Clock,Home,2,299,0.0,0,Cash on Delivery,North,Paid Ads,Desktop,Returned
ORD000096,CUST00767,2026-01-04,P0002,Smart Watch,Electronics,3,299,0.15,99,Cash on Delivery,South,Social Media,Desktop,Completed
ORD000097,CUST00070,2026-06-07,P0009,Sunglasses,Fashion,1,399,0.2,99,Credit Card,North,Referral,Mobile,Returned
ORD000098,CUST00661,2026-08-17,P0006,Sneakers,Fashion,1,2499,0.2,0,Debit Card,Central,Organic Search,Mobile,Cancelled
ORD000099,CUST00742,2026-01-10,P0016,Lip Balm,Beauty,3,1999,0.0,99,Wallet,South,Organic Search,Mobile,Completed
ORD000100,CUST00186,2025-10-23,P0021,Dumbbell Set,Sports,3,2499,0.0,49,Debit Card,North,Paid Ads,Desktop,Returned
ORD000101,CUST00416,2025-08-21,P0000,Wireless Earbuds,Electronics,4,1999,0.1,79,Wallet,North,Social Media,Mobile,Completed
ORD000102,CUST00737,2025-09-17,P0019,Face Wash,Beauty,4,2499,0.2,0,Cash on Delivery,Central,Organic Search,Mobile,Completed
ORD000103,CUST00767,2026-04-09,P0022,Water Bottle,Sports,4,699,0.15,0,Cash on Delivery,South,Direct,Desktop,Completed
ORD000104,CUST00102,2026-03-23,P0024,Running Shoes,Sports,4,299,0.1,49,Wallet,South,Email,Mobile,Completed
ORD000105,CUST00286,2026-04-11,P0016,Lip Balm,Beauty,4,699,0.15,0,Wallet,North,Direct,Mobile,Completed
ORD000106,CUST00550,2025-08-28,P0007,Denim Jacket,Fashion,2,399,0.0,79,UPI,West,Social Media,Desktop,Returned
ORD000107,CUST00182,2026-01-26,P0003,Phone Case,Electronics,4,399,0.1,79,Credit Card,East,Referral,Mobile,Completed
ORD000108,CUST00269,2025-10-24,P0023,Resistance Band,Sports,4,1499,0.0,0,UPI,West,Direct,Desktop,Completed
ORD000109,CUST00018,2025-12-20,P0010,LED Lamp,Home,3,399,0.15,0,Cash on Delivery,East,Referral,Tablet,Completed
ORD000110,CUST00123,2026-04-04,P0008,Backpack,Fashion,1,499,0.0,49,Cash on Delivery,East,Organic Search,Mobile,Completed
ORD000111,CUST00448,2025-11-28,P0018,Sunscreen,Beauty,1,699,0.1,79,Debit Card,Central,Direct,Mobile,Completed
ORD000112,CUST00517,2026-04-17,P0017,Hair Oil,Beauty,2,299,0.2,0,Wallet,East,Social Media,Desktop,Cancelled
ORD000113,CUST00513,2025-12-03,P0020,Yoga Mat,Sports,3,1499,0.0,99,Debit Card,South,Paid Ads,Desktop,Completed
ORD000114,CUST00611,2026-02-22,P0022,Water Bottle,Sports,3,1999,0.0,49,UPI,South,Paid Ads,Tablet,Cancelled
ORD000115,CUST00339,2026-02-03,P0021,Dumbbell Set,Sports,4,999,0.0,49,Wallet,North,Paid Ads,Mobile,Completed
ORD000116,CUST00221,2026-01-07,P0004,Power Bank,Electronics,3,299,0.15,0,UPI,South,Organic Search,Desktop,Completed
ORD000117,CUST00012,2025-10-05,P0004,Power Bank,Electronics,3,1999,0.2,79,Wallet,East,Social Media,Mobile,Returned
ORD000118,CUST00169,2026-03-18,P0005,T-Shirt,Fashion,4,699,0.0,99,Credit Card,South,Direct,Mobile,Completed
ORD000119,CUST00258,2026-08-16,P0015,Face Serum,Beauty,4,499,0.05,0,Debit Card,East,Social Media,Mobile,Cancelled
ORD000120,CUST00143,2026-04-11,P0014,Wall Clock,Home,3,2499,0.15,49,Cash on Delivery,South,Organic Search,Mobile,Completed
ORD000121,CUST00015,2026-05-19,P0021,Dumbbell Set,Sports,3,1999,0.0,0,Wallet,West,Direct,Mobile,Returned
ORD000122,CUST00127,2026-06-09,P0021,Dumbbell Set,Sports,1,699,0.05,0,Cash on Delivery,North,Paid Ads,Mobile,Completed
ORD000123,CUST00526,2025-09-02,P0020,Yoga Mat,Sports,3,699,0.0,0,Cash on Delivery,East,Referral,Mobile,Completed
ORD000124,CUST00496,2026-06-05,P0001,Bluetooth Speaker,Electronics,1,2499,0.2,79,Debit Card,North,Social Media,Desktop,Completed
ORD000125,CUST00745,2025-11-16,P0017,Hair Oil,Beauty,2,399,0.05,99,Debit Card,East,Organic Search,Mobile,Completed
ORD000126,CUST00625,2026-04-19,P0021,Dumbbell Set,Sports,3,699,0.05,0,Debit Card,East,Paid Ads,Mobile,Cancelled
ORD000127,CUST00452,2026-08-14,P0024,Running Shoes,Sports,1,999,0.2,79,UPI,South,Direct,Mobile,Completed
ORD000128,CUST00109,2026-07-12,P0008,Backpack,Fashion,3,499,0.15,49,Debit Card,Central,Referral,Desktop,Returned
ORD000129,CUST00449,2026-01-18,P0019,Face Wash,Beauty,2,499,0.0,79,Debit Card,West,Social Media,Tablet,Cancelled
ORD000130,CUST00049,2026-06-21,P0010,LED Lamp,Home,3,299,0.1,49,Credit Card,East,Referral,Mobile,Returned
ORD000131,CUST00349,2026-04-02,P0004,Power Bank,Electronics,2,499,0.0,99,Debit Card,North,Paid Ads,Tablet,Returned
ORD000132,CUST00322,2025-10-07,P0008,Backpack,Fashion,2,499,0.05,0,Cash on Delivery,Central,Social Media,Desktop,Returned
ORD000133,CUST00347,2025-11-15,P0006,Sneakers,Fashion,2,1999,0.15,0,UPI,North,Social Media,Tablet,Completed
ORD000134,CUST00226,2026-08-04,P0022,Water Bottle,Sports,1,499,0.2,0,Wallet,North,Paid Ads,Mobile,Returned
ORD000135,CUST00540,2026-07-20,P0004,Power Bank,Electronics,1,399,0.2,79,UPI,East,Social Media,Mobile,Completed
ORD000136,CUST00665,2026-07-11,P0003,Phone Case,Electronics,4,1999,0.05,0,UPI,East,Social Media,Desktop,Completed
ORD000137,CUST00602,2026-01-07,P0014,Wall Clock,Home,1,499,0.2,0,Wallet,Central,Direct,Desktop,Completed
ORD000138,CUST00494,2025-12-15,P0014,Wall Clock,Home,2,2499,0.2,79,Credit Card,North,Social Media,Desktop,Completed
ORD000139,CUST00428,2026-06-10,P0014,Wall Clock,Home,1,299,0.05,49,Debit Card,West,Organic Search,Desktop,Completed
ORD000140,CUST00025,2025-08-27,P0003,Phone Case,Electronics,3,299,0.0,79,Credit Card,South,Social Media,Mobile,Completed
ORD000141,CUST00567,2026-07-13,P0012,Coffee Mug,Home,3,2499,0.0,0,Credit Card,North,Referral,Desktop,Completed
ORD000142,CUST00434,2026-03-28,P0023,Resistance Band,Sports,2,299,0.1,0,Wallet,East,Organic Search,Mobile,Cancelled
ORD000143,CUST00219,2026-04-07,P0002,Smart Watch,Electronics,4,299,0.15,49,Credit Card,West,Referral,Desktop,Cancelled
ORD000144,CUST00271,2026-01-27,P0019,Face Wash,Beauty,2,1499,0.2,0,Debit Card,North,Organic Search,Desktop,Returned
ORD000145,CUST00745,2026-08-12,P0003,Phone Case,Electronics,3,499,0.0,49,UPI,East,Organic Search,Desktop,Completed
ORD000146,CUST00492,2026-05-20,P0005,T-Shirt,Fashion,2,699,0.2,99,Debit Card,East,Organic Search,Mobile,Completed
ORD000147,CUST00379,2025-09-08,P0022,Water Bottle,Sports,3,699,0.15,0,Credit Card,East,Paid Ads,Tablet,Returned
ORD000148,CUST00489,2026-02-27,P0007,Denim Jacket,Fashion,1,499,0.05,0,Cash on Delivery,South,Social Media,Mobile,Completed
ORD000149,CUST00337,2026-06-29,P0013,Storage Box,Home,2,699,0.0,99,Cash on Delivery,West,Direct,Mobile,Completed
ORD000150,CUST00373,2025-09-16,P0009,Sunglasses,Fashion,3,499,0.05,0,UPI,Central,Email,Mobile,Completed
ORD000151,CUST00235,2026-05-15,P0015,Face Serum,Beauty,4,399,0.1,0,UPI,East,Email,Mobile,Completed
ORD000152,CUST00355,2025-11-17,P0010,LED Lamp,Home,2,399,0.15,79,Cash on Delivery,East,Referral,Mobile,Completed
ORD000153,CUST00540,2026-02-20,P0011,Cushion Cover,Home,2,299,0.0,0,Cash on Delivery,East,Organic Search,Mobile,Completed
ORD000154,CUST00031,2026-07-08,P0020,Yoga Mat,Sports,2,999,0.0,0,Credit Card,North,Paid Ads,Mobile,Returned
ORD000155,CUST00622,2026-02-15,P0013,Storage Box,Home,2,999,0.0,99,Credit Card,North,Referral,Mobile,Completed
ORD000156,CUST00229,2025-09-02,P0014,Wall Clock,Home,4,299,0.2,99,Debit Card,North,Direct,Mobile,Completed
ORD000157,CUST00539,2025-08-27,P0020,Yoga Mat,Sports,3,699,0.0,99,Debit Card,North,Organic Search,Tablet,Returned
ORD000158,CUST00509,2026-05-15,P0010,LED Lamp,Home,2,1499,0.0,0,Cash on Delivery,Central,Paid Ads,Mobile,Completed
ORD000159,CUST00517,2026-07-25,P0020,Yoga Mat,Sports,2,299,0.0,49,UPI,East,Social Media,Mobile,Completed
ORD000160,CUST00479,2025-12-04,P0017,Hair Oil,Beauty,3,499,0.0,99,Cash on Delivery,East,Organic Search,Desktop,Returned
ORD000161,CUST00765,2026-07-27,P0022,Water Bottle,Sports,3,2499,0.05,99,Wallet,South,Email,Desktop,Completed
ORD000162,CUST00403,2026-02-01,P0011,Cushion Cover,Home,2,699,0.15,0,Wallet,North,Email,Mobile,Completed
ORD000163,CUST00576,2025-09-10,P0013,Storage Box,Home,4,299,0.0,49,Cash on Delivery,North,Social Media,Mobile,Completed
ORD000164,CUST00555,2026-03-01,P0003,Phone Case,Electronics,2,999,0.0,0,UPI,West,Paid Ads,Desktop,Completed
ORD000165,CUST00194,2026-08-10,P0002,Smart Watch,Electronics,2,699,0.1,0,Wallet,South,Social Media,Mobile,Completed
ORD000166,CUST00229,2025-11-19,P0002,Smart Watch,Electronics,1,399,0.0,0,Debit Card,North,Referral,Mobile,Cancelled
ORD000167,CUST00345,2026-08-05,P0015,Face Serum,Beauty,2,299,0.15,0,Debit Card,South,Direct,Tablet,Completed
ORD000168,CUST00223,2026-04-14,P0008,Backpack,Fashion,4,2499,0.0,99,UPI,Central,Referral,Mobile,Completed
ORD000169,CUST00301,2026-01-11,P0007,Denim Jacket,Fashion,4,1999,0.05,0,Cash on Delivery,West,Email,Mobile,Cancelled
ORD000170,CUST00322,2026-04-30,P0015,Face Serum,Beauty,2,1499,0.2,49,Credit Card,Central,Organic Search,Mobile,Completed
ORD000171,CUST00476,2026-01-13,P0009,Sunglasses,Fashion,1,299,0.15,49,UPI,Central,Organic Search,Desktop,Completed
ORD000172,CUST00181,2025-09-20,P0003,Phone Case,Electronics,3,1999,0.1,0,Debit Card,South,Paid Ads,Mobile,Completed
ORD000173,CUST00631,2026-07-03,P0013,Storage Box,Home,3,699,0.0,49,Cash on Delivery,South,Email,Mobile,Completed
ORD000174,CUST00354,2026-01-03,P0013,Storage Box,Home,4,699,0.2,99,UPI,East,Paid Ads,Mobile,Completed
ORD000175,CUST00556,2026-03-14,P0003,Phone Case,Electronics,3,2499,0.05,0,Credit Card,East,Paid Ads,Mobile,Completed
ORD000176,CUST00067,2026-05-18,P0006,Sneakers,Fashion,1,699,0.0,0,Credit Card,Central,Referral,Mobile,Completed
ORD000177,CUST00373,2025-09-19,P0005,T-Shirt,Fashion,4,399,0.1,0,Wallet,Central,Organic Search,Mobile,Completed
ORD000178,CUST00023,2026-05-10,P0017,Hair Oil,Beauty,3,399,0.0,0,Debit Card,North,Organic Search,Mobile,Returned
ORD000179,CUST00534,2025-12-31,P0006,Sneakers,Fashion,4,2499,0.2,99,Credit Card,Central,Social Media,Mobile,Cancelled
ORD000180,CUST00283,2026-03-06,P0000,Wireless Earbuds,Electronics,1,999,0.0,0,Credit Card,South,Direct,Tablet,Completed
ORD000181,CUST00757,2026-02-02,P0006,Sneakers,Fashion,2,999,0.0,0,Credit Card,East,Direct,Desktop,Completed
ORD000182,CUST00269,2026-05-30,P0011,Cushion Cover,Home,2,999,0.05,99,Debit Card,West,Paid Ads,Mobile,Returned
ORD000183,CUST00449,2025-10-27,P0019,Face Wash,Beauty,2,399,0.2,99,Wallet,West,Paid Ads,Mobile,Completed
ORD000184,CUST00209,2025-09-28,P0001,Bluetooth Speaker,Electronics,4,699,0.0,0,Cash on Delivery,East,Email,Desktop,Completed
ORD000185,CUST00488,2026-01-16,P0022,Water Bottle,Sports,1,2499,0.15,0,UPI,North,Referral,Desktop,Completed
ORD000186,CUST00371,2025-10-02,P0008,Backpack,Fashion,1,399,0.0,0,Cash on Delivery,West,Paid Ads,Mobile,Returned
ORD000187,CUST00304,2025-11-16,P0008,Backpack,Fashion,1,2499,0.05,0,Wallet,East,Referral,Mobile,Completed
ORD000188,CUST00168,2026-04-16,P0000,Wireless Earbuds,Electronics,4,499,0.05,99,Credit Card,West,Direct,Mobile,Returned
ORD000189,CUST00088,2026-06-14,P0006,Sneakers,Fashion,1,499,0.0,0,Wallet,Central,Paid Ads,Mobile,Cancelled
ORD000190,CUST00096,2026-04-30,P0011,Cushion Cover,Home,3,299,0.15,79,Debit Card,South,Direct,Mobile,Completed
ORD000191,CUST00799,2025-12-13,P0015,Face Serum,Beauty,1,1499,0.0,0,Cash on Delivery,West,Email,Mobile,Returned
ORD000192,CUST00336,2026-06-13,P0019,Face Wash,Beauty,2,499,0.05,0,Cash on Delivery,East,Organic Search,Desktop,Completed
ORD000193,CUST00002,2026-01-15,P0013,Storage Box,Home,3,699,0.05,0,Credit Card,North,Social Media,Mobile,Completed
ORD000194,CUST00761,2025-10-25,P0002,Smart Watch,Electronics,1,999,0.05,49,Credit Card,South,Paid Ads,Mobile,Cancelled
ORD000195,CUST00015,2026-05-23,P0009,Sunglasses,Fashion,1,1499,0.0,99,UPI,West,Organic Search,Mobile,Cancelled
ORD000196,CUST00342,2026-02-24,P0018,Sunscreen,Beauty,3,2499,0.05,0,Wallet,Central,Social Media,Desktop,Completed
ORD000197,CUST00562,2026-01-02,P0015,Face Serum,Beauty,1,999,0.1,79,UPI,Central,Direct,Mobile,Returned
ORD000198,CUST00730,2026-04-18,P0014,Wall Clock,Home,2,399,0.05,49,Credit Card,South,Email,Desktop,Returned
ORD000199,CUST00560,2026-05-11,P0012,Coffee Mug,Home,3,1499,0.15,79,Wallet,North,Organic Search,Desktop,Completed
ORD000200,CUST00370,2025-11-09,P0012,Coffee Mug,Home,1,299,0.15,0,Wallet,South,Direct,Mobile,Completed
ORD000201,CUST00779,2025-10-01,P0024,Running Shoes,Sports,1,1999,0.0,49,Cash on Delivery,North,Organic Search,Mobile,Cancelled
ORD000202,CUST00031,2026-02-24,P0014,Wall Clock,Home,2,499,0.15,79,Debit Card,North,Social Media,Tablet,Returned
ORD000203,CUST00787,2025-09-07,P0014,Wall Clock,Home,3,1499,0.2,49,Credit Card,Central,Email,Desktop,Completed
ORD000204,CUST00673,2026-04-10,P0008,Backpack,Fashion,1,399,0.15,79,Wallet,East,Referral,Mobile,Completed
ORD000205,CUST00738,2026-01-27,P0012,Coffee Mug,Home,2,699,0.15,0,Wallet,South,Direct,Desktop,Completed
ORD000206,CUST00207,2025-11-06,P0017,Hair Oil,Beauty,4,1499,0.0,0,UPI,Central,Paid Ads,Mobile,Completed
ORD000207,CUST00112,2026-03-26,P0021,Dumbbell Set,Sports,2,999,0.1,0,Wallet,East,Social Media,Mobile,Completed
ORD000208,CUST00525,2026-01-04,P0019,Face Wash,Beauty,2,299,0.05,0,Credit Card,East,Referral,Mobile,Completed
ORD000209,CUST00410,2026-01-08,P0016,Lip Balm,Beauty,3,299,0.2,0,Credit Card,South,Paid Ads,Desktop,Returned
ORD000210,CUST00416,2025-11-06,P0019,Face Wash,Beauty,2,2499,0.15,0,UPI,North,Referral,Tablet,Completed
ORD000211,CUST00736,2026-04-23,P0000,Wireless Earbuds,Electronics,2,999,0.0,0,Cash on Delivery,South,Email,Desktop,Completed
ORD000212,CUST00488,2026-07-15,P0006,Sneakers,Fashion,4,1999,0.2,79,UPI,North,Email,Desktop,Completed
ORD000213,CUST00258,2026-04-02,P0006,Sneakers,Fashion,1,299,0.1,49,Wallet,East,Email,Mobile,Completed
ORD000214,CUST00328,2025-11-14,P0016,Lip Balm,Beauty,3,699,0.05,79,Cash on Delivery,West,Referral,Tablet,Completed
ORD000215,CUST00106,2026-06-20,P0018,Sunscreen,Beauty,2,999,0.05,99,Debit Card,East,Direct,Mobile,Completed
ORD000216,CUST00157,2025-10-03,P0003,Phone Case,Electronics,4,2499,0.05,79,UPI,South,Social Media,Tablet,Returned
ORD000217,CUST00113,2025-12-03,P0004,Power Bank,Electronics,3,1499,0.15,49,Wallet,North,Email,Mobile,Completed
ORD000218,CUST00638,2025-09-01,P0012,Coffee Mug,Home,4,1499,0.15,99,Credit Card,East,Direct,Mobile,Completed
ORD000219,CUST00554,2026-06-25,P0024,Running Shoes,Sports,1,499,0.05,0,UPI,West,Email,Desktop,Completed
ORD000220,CUST00420,2025-09-05,P0000,Wireless Earbuds,Electronics,1,2499,0.2,99,UPI,West,Organic Search,Mobile,Completed
ORD000221,CUST00307,2026-03-07,P0021,Dumbbell Set,Sports,4,499,0.0,0,Debit Card,East,Referral,Mobile,Completed
ORD000222,CUST00528,2025-10-28,P0004,Power Bank,Electronics,2,499,0.0,99,Debit Card,Central,Paid Ads,Desktop,Returned
ORD000223,CUST00641,2025-11-05,P0006,Sneakers,Fashion,4,1499,0.1,0,UPI,East,Email,Desktop,Returned
ORD000224,CUST00700,2026-03-29,P0015,Face Serum,Beauty,3,2499,0.0,79,Cash on Delivery,East,Email,Mobile,Returned
ORD000225,CUST00435,2026-06-09,P0018,Sunscreen,Beauty,2,1999,0.05,0,UPI,Central,Organic Search,Mobile,Completed
ORD000226,CUST00647,2025-08-26,P0021,Dumbbell Set,Sports,1,399,0.15,0,Cash on Delivery,South,Referral,Desktop,Cancelled
ORD000227,CUST00407,2025-10-16,P0000,Wireless Earbuds,Electronics,1,1999,0.1,0,Wallet,South,Organic Search,Mobile,Completed
ORD000228,CUST00378,2025-12-02,P0001,Bluetooth Speaker,Electronics,3,499,0.1,79,Credit Card,East,Referral,Mobile,Completed
ORD000229,CUST00685,2026-07-30,P0011,Cushion Cover,Home,1,399,0.0,0,Cash on Delivery,West,Referral,Desktop,Returned
ORD000230,CUST00319,2025-09-10,P0013,Storage Box,Home,1,2499,0.0,0,UPI,Central,Email,Desktop,Returned
ORD000231,CUST00325,2025-10-24,P0006,Sneakers,Fashion,1,2499,0.05,99,UPI,North,Referral,Mobile,Completed
ORD000232,CUST00252,2026-01-14,P0015,Face Serum,Beauty,4,499,0.0,0,Wallet,North,Referral,Desktop,Completed
ORD000233,CUST00413,2025-12-16,P0006,Sneakers,Fashion,3,299,0.0,79,Credit Card,South,Referral,Mobile,Returned
ORD000234,CUST00434,2025-09-06,P0023,Resistance Band,Sports,3,399,0.05,0,Debit Card,East,Direct,Desktop,Completed
ORD000235,CUST00523,2026-03-05,P0004,Power Bank,Electronics,3,999,0.15,0,Wallet,West,Referral,Desktop,Cancelled
ORD000236,CUST00348,2026-03-29,P0016,Lip Balm,Beauty,3,299,0.15,0,Wallet,Central,Direct,Mobile,Returned
ORD000237,CUST00178,2025-10-23,P0013,Storage Box,Home,2,399,0.0,0,Debit Card,Central,Referral,Mobile,Completed
ORD000238,CUST00686,2026-04-28,P0002,Smart Watch,Electronics,2,399,0.15,79,UPI,Central,Organic Search,Desktop,Completed
ORD000239,CUST00284,2025-09-09,P0015,Face Serum,Beauty,3,2499,0.0,99,Wallet,East,Social Media,Desktop,Completed
ORD000240,CUST00734,2026-05-13,P0003,Phone Case,Electronics,4,499,0.0,0,UPI,South,Social Media,Desktop,Completed
ORD000241,CUST00171,2025-11-22,P0013,Storage Box,Home,4,699,0.05,0,UPI,South,Referral,Mobile,Cancelled
ORD000242,CUST00447,2025-11-09,P0015,Face Serum,Beauty,3,699,0.0,0,UPI,East,Social Media,Mobile,Completed
ORD000243,CUST00426,2025-10-30,P0001,Bluetooth Speaker,Electronics,4,299,0.1,79,Debit Card,West,Social Media,Mobile,Completed
ORD000244,CUST00656,2026-07-03,P0005,T-Shirt,Fashion,4,999,0.15,99,UPI,South,Direct,Mobile,Completed
ORD000245,CUST00109,2026-02-19,P0007,Denim Jacket,Fashion,3,2499,0.15,0,Wallet,Central,Email,Mobile,Returned
ORD000246,CUST00728,2026-04-28,P0023,Resistance Band,Sports,4,1999,0.0,49,Wallet,South,Email,Mobile,Completed
ORD000247,CUST00420,2025-11-02,P0005,T-Shirt,Fashion,1,499,0.0,0,Wallet,West,Referral,Desktop,Returned
ORD000248,CUST00465,2025-09-09,P0023,Resistance Band,Sports,1,299,0.05,0,UPI,Central,Direct,Mobile,Cancelled
ORD000249,CUST00406,2025-09-02,P0013,Storage Box,Home,2,1999,0.2,99,Wallet,West,Direct,Desktop,Returned
ORD000250,CUST00029,2026-01-27,P0023,Resistance Band,Sports,1,1999,0.05,0,Wallet,Central,Referral,Mobile,Returned
ORD000251,CUST00395,2025-12-17,P0020,Yoga Mat,Sports,2,2499,0.1,0,Debit Card,South,Organic Search,Mobile,Completed
ORD000252,CUST00214,2026-05-27,P0007,Denim Jacket,Fashion,1,999,0.0,0,UPI,North,Email,Mobile,Returned
ORD000253,CUST00281,2026-06-03,P0013,Storage Box,Home,4,699,0.0,99,Wallet,South,Organic Search,Desktop,Cancelled
ORD000254,CUST00513,2025-12-11,P0017,Hair Oil,Beauty,3,1999,0.15,99,Wallet,South,Direct,Desktop,Completed
ORD000255,CUST00396,2026-01-25,P0001,Bluetooth Speaker,Electronics,1,1499,0.15,99,UPI,West,Organic Search,Mobile,Completed
ORD000256,CUST00076,2026-01-06,P0016,Lip Balm,Beauty,3,1999,0.0,0,Debit Card,East,Email,Tablet,Cancelled
ORD000257,CUST00058,2026-04-23,P0011,Cushion Cover,Home,3,499,0.05,0,Cash on Delivery,East,Direct,Mobile,Completed
ORD000258,CUST00147,2026-04-06,P0000,Wireless Earbuds,Electronics,2,2499,0.15,99,UPI,Central,Email,Mobile,Returned
ORD000259,CUST00154,2026-04-14,P0021,Dumbbell Set,Sports,4,299,0.0,79,UPI,South,Organic Search,Desktop,Completed
ORD000260,CUST00479,2025-09-09,P0006,Sneakers,Fashion,4,299,0.1,0,UPI,East,Social Media,Mobile,Completed
ORD000261,CUST00143,2025-12-21,P0021,Dumbbell Set,Sports,4,1499,0.05,0,Wallet,South,Direct,Desktop,Returned
ORD000262,CUST00700,2026-08-07,P0005,T-Shirt,Fashion,1,999,0.05,79,Debit Card,East,Referral,Tablet,Completed
ORD000263,CUST00172,2025-12-22,P0013,Storage Box,Home,2,999,0.1,99,Cash on Delivery,East,Referral,Desktop,Returned
ORD000264,CUST00075,2025-10-22,P0009,Sunglasses,Fashion,4,2499,0.2,0,Credit Card,Central,Direct,Mobile,Completed
ORD000265,CUST00696,2025-10-31,P0022,Water Bottle,Sports,2,1999,0.0,49,Credit Card,Central,Paid Ads,Mobile,Completed
ORD000266,CUST00238,2025-08-29,P0023,Resistance Band,Sports,2,1499,0.0,49,UPI,East,Direct,Desktop,Completed
ORD000267,CUST00346,2026-05-31,P0019,Face Wash,Beauty,2,399,0.0,49,Cash on Delivery,Central,Paid Ads,Mobile,Returned
ORD000268,CUST00765,2025-08-21,P0021,Dumbbell Set,Sports,2,299,0.15,0,Credit Card,South,Paid Ads,Mobile,Completed
ORD000269,CUST00754,2026-03-25,P0019,Face Wash,Beauty,3,399,0.1,0,Wallet,South,Paid Ads,Tablet,Cancelled
ORD000270,CUST00560,2026-01-12,P0007,Denim Jacket,Fashion,1,999,0.0,0,Debit Card,North,Social Media,Desktop,Cancelled
ORD000271,CUST00054,2025-09-23,P0023,Resistance Band,Sports,4,1499,0.0,99,Credit Card,Central,Referral,Mobile,Returned
ORD000272,CUST00470,2026-07-08,P0013,Storage Box,Home,3,1999,0.2,99,Debit Card,East,Referral,Desktop,Completed
ORD000273,CUST00789,2026-05-17,P0008,Backpack,Fashion,1,299,0.0,0,Wallet,South,Referral,Mobile,Completed
ORD000274,CUST00755,2026-06-15,P0004,Power Bank,Electronics,4,499,0.0,79,Wallet,Central,Referral,Tablet,Completed
ORD000275,CUST00085,2026-07-27,P0017,Hair Oil,Beauty,3,499,0.0,49,Cash on Delivery,Central,Organic Search,Desktop,Completed
ORD000276,CUST00325,2026-07-18,P0006,Sneakers,Fashion,2,1499,0.05,0,Cash on Delivery,North,Referral,Mobile,Completed
ORD000277,CUST00261,2026-05-02,P0016,Lip Balm,Beauty,2,299,0.0,0,Credit Card,East,Referral,Mobile,Completed
ORD000278,CUST00103,2026-03-02,P0001,Bluetooth Speaker,Electronics,3,1999,0.0,79,Cash on Delivery,North,Direct,Mobile,Completed
ORD000279,CUST00547,2026-05-01,P0015,Face Serum,Beauty,1,299,0.0,0,Credit Card,East,Organic Search,Mobile,Completed
ORD000280,CUST00221,2026-01-30,P0016,Lip Balm,Beauty,3,999,0.0,0,Cash on Delivery,South,Direct,Desktop,Completed
ORD000281,CUST00284,2025-10-25,P0013,Storage Box,Home,3,2499,0.2,99,Wallet,East,Direct,Mobile,Completed
ORD000282,CUST00075,2026-01-07,P0016,Lip Balm,Beauty,2,399,0.0,99,Cash on Delivery,Central,Organic Search,Desktop,Returned
ORD000283,CUST00396,2026-02-06,P0024,Running Shoes,Sports,2,1499,0.1,49,Credit Card,West,Paid Ads,Mobile,Cancelled
ORD000284,CUST00128,2025-09-05,P0020,Yoga Mat,Sports,3,999,0.0,49,Credit Card,East,Direct,Mobile,Completed
ORD000285,CUST00350,2026-06-25,P0010,LED Lamp,Home,3,1999,0.1,49,Cash on Delivery,North,Paid Ads,Desktop,Completed
ORD000286,CUST00113,2026-07-17,P0021,Dumbbell Set,Sports,2,999,0.0,0,Debit Card,North,Social Media,Desktop,Cancelled
ORD000287,CUST00761,2026-01-20,P0023,Resistance Band,Sports,4,1999,0.0,0,Debit Card,South,Email,Mobile,Returned
ORD000288,CUST00114,2026-02-17,P0004,Power Bank,Electronics,4,699,0.0,0,Debit Card,South,Referral,Mobile,Completed
ORD000289,CUST00415,2026-06-22,P0008,Backpack,Fashion,2,399,0.1,0,Credit Card,Central,Paid Ads,Mobile,Completed
ORD000290,CUST00161,2026-02-02,P0018,Sunscreen,Beauty,3,1499,0.15,0,Credit Card,North,Organic Search,Desktop,Completed
ORD000291,CUST00061,2026-04-28,P0012,Coffee Mug,Home,4,2499,0.0,0,Credit Card,East,Referral,Tablet,Completed
ORD000292,CUST00167,2026-02-24,P0003,Phone Case,Electronics,1,699,0.05,99,Cash on Delivery,South,Referral,Desktop,Returned
ORD000293,CUST00043,2025-11-26,P0011,Cushion Cover,Home,3,1999,0.0,99,Credit Card,South,Referral,Desktop,Completed
ORD000294,CUST00109,2026-06-05,P0009,Sunglasses,Fashion,4,2499,0.0,0,Cash on Delivery,Central,Social Media,Desktop,Completed
ORD000295,CUST00392,2025-10-29,P0018,Sunscreen,Beauty,1,1499,0.0,79,Debit Card,East,Direct,Desktop,Completed
ORD000296,CUST00517,2025-11-09,P0012,Coffee Mug,Home,2,1999,0.2,0,Wallet,East,Organic Search,Desktop,Completed
ORD000297,CUST00071,2026-04-29,P0003,Phone Case,Electronics,4,999,0.1,99,Debit Card,West,Email,Mobile,Completed
ORD000298,CUST00357,2026-05-06,P0001,Bluetooth Speaker,Electronics,4,1999,0.1,99,Cash on Delivery,South,Email,Mobile,Cancelled
ORD000299,CUST00461,2026-08-03,P0007,Denim Jacket,Fashion,4,499,0.0,0,Credit Card,East,Email,Desktop,Completed
ORD000300,CUST00192,2026-05-06,P0003,Phone Case,Electronics,3,999,0.0,0,Wallet,Central,Direct,Desktop,Completed
ORD000301,CUST00305,2025-08-29,P0021,Dumbbell Set,Sports,1,299,0.15,0,Cash on Delivery,Central,Referral,Desktop,Returned
ORD000302,CUST00057,2026-06-26,P0006,Sneakers,Fashion,1,399,0.05,0,UPI,East,Direct,Mobile,Returned
ORD000303,CUST00181,2026-01-18,P0015,Face Serum,Beauty,4,999,0.0,0,UPI,South,Organic Search,Desktop,Completed
ORD000304,CUST00371,2025-08-23,P0003,Phone Case,Electronics,3,1499,0.05,79,Credit Card,West,Direct,Mobile,Returned
ORD000305,CUST00790,2026-03-19,P0011,Cushion Cover,Home,1,299,0.05,79,Cash on Delivery,South,Direct,Mobile,Cancelled
ORD000306,CUST00796,2025-10-21,P0023,Resistance Band,Sports,1,299,0.05,0,Cash on Delivery,North,Email,Mobile,Completed
ORD000307,CUST00783,2026-01-18,P0016,Lip Balm,Beauty,1,299,0.05,0,UPI,West,Email,Desktop,Completed
ORD000308,CUST00345,2026-02-07,P0007,Denim Jacket,Fashion,4,999,0.2,99,Wallet,South,Organic Search,Mobile,Completed
ORD000309,CUST00066,2025-09-16,P0018,Sunscreen,Beauty,4,499,0.0,99,Wallet,West,Paid Ads,Desktop,Cancelled
ORD000310,CUST00269,2026-06-26,P0012,Coffee Mug,Home,4,299,0.1,49,Debit Card,West,Referral,Desktop,Completed
ORD000311,CUST00195,2026-02-22,P0005,T-Shirt,Fashion,1,1999,0.2,79,Credit Card,North,Organic Search,Mobile,Cancelled
ORD000312,CUST00010,2026-08-07,P0024,Running Shoes,Sports,3,999,0.2,0,Credit Card,North,Referral,Mobile,Completed
ORD000313,CUST00077,2026-02-05,P0023,Resistance Band,Sports,4,299,0.2,99,Cash on Delivery,West,Paid Ads,Desktop,Completed
ORD000314,CUST00363,2026-03-25,P0014,Wall Clock,Home,3,1499,0.15,49,Wallet,North,Direct,Tablet,Completed
ORD000315,CUST00278,2026-06-12,P0000,Wireless Earbuds,Electronics,4,2499,0.0,79,Credit Card,West,Paid Ads,Desktop,Cancelled
ORD000316,CUST00144,2025-11-05,P0010,LED Lamp,Home,3,699,0.2,0,Cash on Delivery,South,Organic Search,Mobile,Completed
ORD000317,CUST00561,2026-07-17,P0012,Coffee Mug,Home,1,2499,0.0,0,Cash on Delivery,South,Email,Desktop,Completed
ORD000318,CUST00294,2025-10-26,P0023,Resistance Band,Sports,2,699,0.05,49,UPI,East,Direct,Desktop,Returned
ORD000319,CUST00675,2026-08-18,P0018,Sunscreen,Beauty,2,299,0.05,49,UPI,South,Organic Search,Mobile,Completed
ORD000320,CUST00196,2026-04-10,P0005,T-Shirt,Fashion,1,299,0.1,49,Cash on Delivery,Central,Paid Ads,Desktop,Returned
ORD000321,CUST00428,2026-02-25,P0012,Coffee Mug,Home,3,299,0.15,99,Cash on Delivery,West,Paid Ads,Mobile,Completed
ORD000322,CUST00147,2025-11-04,P0004,Power Bank,Electronics,4,499,0.15,79,Debit Card,Central,Referral,Desktop,Completed
ORD000323,CUST00394,2026-03-15,P0011,Cushion Cover,Home,1,699,0.0,0,UPI,East,Paid Ads,Mobile,Completed
ORD000324,CUST00122,2026-03-09,P0013,Storage Box,Home,2,699,0.15,49,Cash on Delivery,East,Organic Search,Mobile,Completed
ORD000325,CUST00129,2026-08-14,P0012,Coffee Mug,Home,3,699,0.15,0,Cash on Delivery,Central,Referral,Mobile,Completed
ORD000326,CUST00482,2026-06-20,P0010,LED Lamp,Home,2,1999,0.0,79,Wallet,East,Organic Search,Mobile,Returned
ORD000327,CUST00214,2026-02-12,P0010,LED Lamp,Home,1,299,0.1,0,Wallet,North,Social Media,Mobile,Completed
ORD000328,CUST00138,2026-01-09,P0019,Face Wash,Beauty,1,2499,0.0,0,Wallet,North,Paid Ads,Mobile,Completed
ORD000329,CUST00739,2026-01-08,P0012,Coffee Mug,Home,1,399,0.05,49,Debit Card,East,Paid Ads,Mobile,Completed
ORD000330,CUST00033,2026-01-05,P0001,Bluetooth Speaker,Electronics,4,2499,0.0,99,Cash on Delivery,North,Direct,Mobile,Completed
ORD000331,CUST00450,2025-08-24,P0018,Sunscreen,Beauty,2,399,0.0,0,Debit Card,West,Organic Search,Mobile,Completed
ORD000332,CUST00436,2025-09-02,P0015,Face Serum,Beauty,4,299,0.0,0,Cash on Delivery,East,Email,Mobile,Completed
ORD000333,CUST00203,2026-05-21,P0017,Hair Oil,Beauty,3,299,0.2,0,Cash on Delivery,East,Email,Tablet,Cancelled
ORD000334,CUST00363,2025-11-20,P0017,Hair Oil,Beauty,2,499,0.2,99,Debit Card,North,Direct,Mobile,Completed
ORD000335,CUST00072,2026-01-17,P0004,Power Bank,Electronics,4,2499,0.15,79,Cash on Delivery,South,Organic Search,Desktop,Completed
ORD000336,CUST00567,2026-05-01,P0024,Running Shoes,Sports,2,699,0.15,49,Cash on Delivery,North,Social Media,Mobile,Completed
ORD000337,CUST00182,2026-03-29,P0024,Running Shoes,Sports,1,399,0.0,99,UPI,East,Organic Search,Mobile,Completed
ORD000338,CUST00157,2025-12-29,P0003,Phone Case,Electronics,4,1499,0.0,0,UPI,South,Referral,Desktop,Completed
ORD000339,CUST00261,2026-05-21,P0005,T-Shirt,Fashion,3,999,0.05,79,UPI,East,Referral,Desktop,Cancelled
ORD000340,CUST00719,2025-10-16,P0006,Sneakers,Fashion,2,1499,0.0,0,Credit Card,West,Social Media,Desktop,Completed
ORD000341,CUST00624,2026-02-08,P0024,Running Shoes,Sports,3,1499,0.0,0,UPI,Central,Email,Mobile,Completed
ORD000342,CUST00755,2025-09-27,P0023,Resistance Band,Sports,4,1999,0.0,99,Wallet,Central,Organic Search,Mobile,Cancelled
ORD000343,CUST00517,2026-03-02,P0006,Sneakers,Fashion,2,399,0.0,99,UPI,East,Referral,Mobile,Cancelled
ORD000344,CUST00524,2025-09-23,P0015,Face Serum,Beauty,4,699,0.15,99,UPI,East,Direct,Mobile,Completed
ORD000345,CUST00382,2026-07-29,P0006,Sneakers,Fashion,4,1499,0.0,0,UPI,East,Organic Search,Tablet,Cancelled
ORD000346,CUST00722,2026-04-17,P0000,Wireless Earbuds,Electronics,4,999,0.2,79,UPI,North,Email,Mobile,Cancelled
ORD000347,CUST00407,2025-11-17,P0005,T-Shirt,Fashion,1,2499,0.1,0,Cash on Delivery,South,Paid Ads,Mobile,Completed
ORD000348,CUST00291,2026-03-31,P0001,Bluetooth Speaker,Electronics,1,2499,0.0,0,UPI,East,Email,Mobile,Completed
ORD000349,CUST00506,2025-12-25,P0021,Dumbbell Set,Sports,1,1999,0.0,0,Debit Card,South,Email,Mobile,Cancelled
ORD000350,CUST00434,2026-02-25,P0019,Face Wash,Beauty,3,399,0.0,49,Credit Card,East,Social Media,Mobile,Completed
ORD000351,CUST00099,2025-10-20,P0004,Power Bank,Electronics,2,999,0.0,99,Cash on Delivery,North,Social Media,Mobile,Completed
ORD000352,CUST00323,2026-02-18,P0014,Wall Clock,Home,4,1999,0.2,0,Credit Card,North,Direct,Tablet,Returned
ORD000353,CUST00259,2025-09-27,P0005,T-Shirt,Fashion,1,499,0.2,49,UPI,East,Organic Search,Desktop,Completed
ORD000354,CUST00670,2025-10-14,P0014,Wall Clock,Home,2,1499,0.1,79,Wallet,South,Organic Search,Mobile,Completed
ORD000355,CUST00312,2026-03-21,P0022,Water Bottle,Sports,2,399,0.0,79,Credit Card,East,Social Media,Mobile,Completed
ORD000356,CUST00648,2026-02-18,P0021,Dumbbell Set,Sports,4,399,0.2,0,Debit Card,South,Social Media,Desktop,Completed
ORD000357,CUST00358,2025-12-05,P0020,Yoga Mat,Sports,1,399,0.1,0,Wallet,North,Paid Ads,Mobile,Completed
ORD000358,CUST00589,2025-09-10,P0006,Sneakers,Fashion,2,2499,0.0,99,Wallet,West,Social Media,Desktop,Completed
ORD000359,CUST00107,2026-01-21,P0004,Power Bank,Electronics,4,2499,0.2,49,Debit Card,East,Organic Search,Desktop,Cancelled
ORD000360,CUST00736,2026-07-23,P0004,Power Bank,Electronics,4,1999,0.0,79,UPI,South,Direct,Mobile,Completed
ORD000361,CUST00382,2026-05-05,P0003,Phone Case,Electronics,4,499,0.05,49,Wallet,East,Direct,Desktop,Cancelled
ORD000362,CUST00211,2025-09-10,P0015,Face Serum,Beauty,3,1999,0.1,0,Debit Card,North,Paid Ads,Mobile,Completed
ORD000363,CUST00196,2026-07-28,P0016,Lip Balm,Beauty,1,399,0.2,0,UPI,Central,Email,Mobile,Returned
ORD000364,CUST00215,2026-01-21,P0022,Water Bottle,Sports,1,399,0.0,79,Debit Card,South,Paid Ads,Desktop,Returned
ORD000365,CUST00301,2026-03-18,P0002,Smart Watch,Electronics,2,499,0.0,99,Cash on Delivery,West,Social Media,Mobile,Cancelled
ORD000366,CUST00562,2025-08-20,P0006,Sneakers,Fashion,2,399,0.15,0,Debit Card,Central,Paid Ads,Mobile,Returned
ORD000367,CUST00758,2025-12-11,P0018,Sunscreen,Beauty,3,1499,0.05,0,Cash on Delivery,Central,Referral,Tablet,Completed
ORD000368,CUST00529,2026-06-02,P0017,Hair Oil,Beauty,1,1499,0.15,0,Cash on Delivery,North,Social Media,Desktop,Completed
ORD000369,CUST00435,2025-12-18,P0010,LED Lamp,Home,3,299,0.15,49,Credit Card,Central,Email,Mobile,Completed
ORD000370,CUST00361,2025-10-19,P0003,Phone Case,Electronics,2,299,0.0,0,Cash on Delivery,West,Paid Ads,Desktop,Completed
ORD000371,CUST00656,2025-09-22,P0012,Coffee Mug,Home,1,699,0.0,99,Credit Card,South,Referral,Mobile,Completed
ORD000372,CUST00673,2026-07-23,P0004,Power Bank,Electronics,4,299,0.05,0,Debit Card,East,Direct,Desktop,Completed
ORD000373,CUST00237,2026-06-12,P0013,Storage Box,Home,2,1999,0.0,49,Credit Card,East,Organic Search,Mobile,Completed
ORD000374,CUST00761,2025-09-05,P0022,Water Bottle,Sports,1,699,0.15,0,Credit Card,South,Paid Ads,Mobile,Completed
ORD000375,CUST00325,2026-07-23,P0004,Power Bank,Electronics,2,699,0.0,49,UPI,North,Email,Desktop,Returned
ORD000376,CUST00627,2026-06-15,P0002,Smart Watch,Electronics,4,299,0.2,79,Wallet,West,Social Media,Mobile,Completed
ORD000377,CUST00771,2025-12-29,P0018,Sunscreen,Beauty,4,1499,0.15,79,UPI,North,Direct,Tablet,Completed
ORD000378,CUST00553,2026-04-16,P0000,Wireless Earbuds,Electronics,1,1499,0.0,79,UPI,East,Email,Mobile,Completed
ORD000379,CUST00129,2025-11-22,P0024,Running Shoes,Sports,3,1999,0.0,49,Wallet,Central,Email,Tablet,Completed
ORD000380,CUST00465,2025-11-19,P0019,Face Wash,Beauty,3,999,0.15,49,UPI,Central,Social Media,Mobile,Completed
ORD000381,CUST00096,2026-05-07,P0010,LED Lamp,Home,4,499,0.05,0,UPI,South,Referral,Mobile,Completed
ORD000382,CUST00619,2025-11-01,P0009,Sunglasses,Fashion,4,299,0.0,99,UPI,East,Direct,Mobile,Completed
ORD000383,CUST00227,2025-12-27,P0009,Sunglasses,Fashion,3,499,0.05,79,Debit Card,West,Direct,Mobile,Cancelled
ORD000384,CUST00548,2025-12-28,P0009,Sunglasses,Fashion,3,999,0.2,99,Wallet,Central,Email,Desktop,Completed
ORD000385,CUST00728,2025-10-13,P0020,Yoga Mat,Sports,2,299,0.1,79,Cash on Delivery,South,Email,Desktop,Returned
ORD000386,CUST00145,2026-06-18,P0019,Face Wash,Beauty,4,299,0.1,0,Debit Card,East,Direct,Desktop,Completed
ORD000387,CUST00323,2026-04-22,P0005,T-Shirt,Fashion,4,399,0.05,0,UPI,North,Paid Ads,Mobile,Cancelled
ORD000388,CUST00513,2026-06-30,P0004,Power Bank,Electronics,4,299,0.0,49,Cash on Delivery,South,Email,Mobile,Completed
ORD000389,CUST00343,2026-02-27,P0013,Storage Box,Home,4,299,0.2,0,Debit Card,West,Organic Search,Mobile,Cancelled
ORD000390,CUST00140,2025-10-22,P0016,Lip Balm,Beauty,3,699,0.15,99,UPI,South,Social Media,Desktop,Returned
ORD000391,CUST00023,2025-11-30,P0018,Sunscreen,Beauty,4,1499,0.05,49,Debit Card,North,Paid Ads,Tablet,Cancelled
ORD000392,CUST00331,2025-12-27,P0007,Denim Jacket,Fashion,4,699,0.15,0,Debit Card,Central,Paid Ads,Mobile,Cancelled
ORD000393,CUST00513,2026-07-29,P0012,Coffee Mug,Home,1,299,0.0,49,UPI,South,Email,Mobile,Completed
ORD000394,CUST00455,2025-11-14,P0002,Smart Watch,Electronics,1,499,0.15,0,Cash on Delivery,West,Social Media,Mobile,Completed
ORD000395,CUST00125,2026-04-29,P0011,Cushion Cover,Home,4,299,0.2,0,Credit Card,Central,Social Media,Mobile,Completed
ORD000396,CUST00362,2025-10-03,P0017,Hair Oil,Beauty,2,999,0.0,99,Debit Card,West,Referral,Desktop,Completed
ORD000397,CUST00303,2026-08-03,P0007,Denim Jacket,Fashion,4,399,0.0,99,Cash on Delivery,North,Social Media,Mobile,Completed
ORD000398,CUST00221,2026-04-12,P0007,Denim Jacket,Fashion,2,699,0.15,79,Credit Card,South,Organic Search,Desktop,Completed
ORD000399,CUST00574,2026-01-24,P0011,Cushion Cover,Home,2,2499,0.15,0,UPI,West,Direct,Mobile,Completed
ORD000400,CUST00257,2025-12-24,P0021,Dumbbell Set,Sports,4,999,0.15,99,Credit Card,East,Paid Ads,Mobile,Cancelled
ORD000401,CUST00430,2025-12-27,P0015,Face Serum,Beauty,3,1999,0.2,0,UPI,South,Referral,Mobile,Completed
ORD000402,CUST00734,2025-11-10,P0022,Water Bottle,Sports,3,499,0.0,99,Wallet,South,Email,Mobile,Completed
ORD000403,CUST00430,2026-03-26,P0001,Bluetooth Speaker,Electronics,2,2499,0.2,99,Wallet,South,Paid Ads,Desktop,Completed
ORD000404,CUST00486,2026-07-02,P0021,Dumbbell Set,Sports,3,1499,0.0,0,UPI,North,Email,Tablet,Completed
ORD000405,CUST00058,2025-11-16,P0001,Bluetooth Speaker,Electronics,2,999,0.1,0,Wallet,East,Referral,Mobile,Completed
ORD000406,CUST00143,2026-05-20,P0008,Backpack,Fashion,4,999,0.2,79,UPI,South,Referral,Mobile,Completed
ORD000407,CUST00081,2026-03-14,P0010,LED Lamp,Home,2,999,0.2,0,Wallet,East,Social Media,Desktop,Cancelled
ORD000408,CUST00595,2026-05-29,P0005,T-Shirt,Fashion,1,399,0.1,99,Credit Card,West,Organic Search,Desktop,Completed
ORD000409,CUST00661,2026-05-27,P0024,Running Shoes,Sports,3,499,0.05,79,Credit Card,Central,Organic Search,Desktop,Cancelled
ORD000410,CUST00148,2025-09-03,P0022,Water Bottle,Sports,4,1499,0.05,0,Credit Card,East,Referral,Mobile,Returned
ORD000411,CUST00181,2025-08-27,P0014,Wall Clock,Home,4,699,0.2,79,UPI,South,Email,Desktop,Completed
ORD000412,CUST00268,2026-07-20,P0011,Cushion Cover,Home,1,1999,0.2,0,Debit Card,West,Direct,Mobile,Completed
ORD000413,CUST00468,2025-10-15,P0019,Face Wash,Beauty,4,999,0.0,0,Debit Card,North,Direct,Mobile,Completed
ORD000414,CUST00490,2026-03-17,P0017,Hair Oil,Beauty,2,299,0.0,0,UPI,Central,Direct,Tablet,Completed
ORD000415,CUST00541,2026-05-21,P0012,Coffee Mug,Home,4,1499,0.15,0,Cash on Delivery,South,Email,Mobile,Returned
ORD000416,CUST00722,2026-02-19,P0020,Yoga Mat,Sports,3,999,0.15,79,Debit Card,North,Social Media,Mobile,Returned
ORD000417,CUST00238,2025-08-22,P0004,Power Bank,Electronics,4,499,0.0,0,UPI,East,Paid Ads,Mobile,Returned
ORD000418,CUST00521,2025-08-23,P0006,Sneakers,Fashion,2,1999,0.05,79,UPI,North,Paid Ads,Mobile,Completed
ORD000419,CUST00447,2026-04-21,P0000,Wireless Earbuds,Electronics,3,499,0.05,0,Wallet,East,Direct,Tablet,Completed
ORD000420,CUST00252,2026-07-13,P0002,Smart Watch,Electronics,3,299,0.0,99,Wallet,North,Organic Search,Mobile,Returned
ORD000421,CUST00724,2025-12-23,P0004,Power Bank,Electronics,1,299,0.1,99,Cash on Delivery,West,Organic Search,Mobile,Cancelled
ORD000422,CUST00077,2026-03-06,P0015,Face Serum,Beauty,4,2499,0.2,0,Wallet,West,Direct,Desktop,Returned
ORD000423,CUST00559,2026-07-26,P0021,Dumbbell Set,Sports,1,699,0.0,49,Cash on Delivery,Central,Email,Mobile,Returned
ORD000424,CUST00572,2026-06-17,P0014,Wall Clock,Home,4,699,0.15,79,Wallet,South,Organic Search,Mobile,Cancelled
ORD000425,CUST00731,2026-03-05,P0011,Cushion Cover,Home,1,499,0.0,49,UPI,East,Organic Search,Mobile,Completed
ORD000426,CUST00412,2026-04-16,P0006,Sneakers,Fashion,1,1499,0.0,0,UPI,East,Paid Ads,Mobile,Cancelled
ORD000427,CUST00267,2026-08-05,P0002,Smart Watch,Electronics,2,999,0.05,99,UPI,North,Organic Search,Mobile,Completed
ORD000428,CUST00655,2026-06-06,P0014,Wall Clock,Home,1,2499,0.2,99,Debit Card,South,Paid Ads,Desktop,Returned
ORD000429,CUST00605,2026-01-18,P0003,Phone Case,Electronics,1,2499,0.2,49,Debit Card,Central,Direct,Mobile,Returned
ORD000430,CUST00398,2026-04-29,P0019,Face Wash,Beauty,1,2499,0.2,49,Wallet,Central,Referral,Desktop,Completed
ORD000431,CUST00601,2025-12-18,P0010,LED Lamp,Home,2,499,0.2,0,Wallet,South,Paid Ads,Tablet,Returned
ORD000432,CUST00215,2026-07-22,P0008,Backpack,Fashion,2,999,0.15,79,Credit Card,South,Paid Ads,Mobile,Cancelled
ORD000433,CUST00467,2025-09-23,P0000,Wireless Earbuds,Electronics,1,499,0.0,49,Cash on Delivery,Central,Direct,Mobile,Cancelled
ORD000434,CUST00685,2025-11-10,P0006,Sneakers,Fashion,1,1499,0.0,0,Wallet,West,Social Media,Mobile,Completed
ORD000435,CUST00264,2025-12-24,P0000,Wireless Earbuds,Electronics,3,1499,0.15,0,UPI,South,Paid Ads,Mobile,Completed
ORD000436,CUST00385,2025-11-01,P0018,Sunscreen,Beauty,2,499,0.0,0,UPI,Central,Direct,Mobile,Returned
ORD000437,CUST00759,2026-03-25,P0012,Coffee Mug,Home,4,1999,0.05,79,UPI,South,Social Media,Mobile,Completed
ORD000438,CUST00625,2026-05-07,P0019,Face Wash,Beauty,4,499,0.15,0,UPI,East,Referral,Mobile,Completed
ORD000439,CUST00704,2026-07-11,P0014,Wall Clock,Home,1,2499,0.0,49,UPI,North,Referral,Mobile,Returned
ORD000440,CUST00318,2026-02-19,P0023,Resistance Band,Sports,4,1999,0.2,99,Cash on Delivery,North,Direct,Mobile,Cancelled
ORD000441,CUST00797,2026-04-03,P0019,Face Wash,Beauty,3,299,0.0,0,Credit Card,Central,Referral,Desktop,Completed
ORD000442,CUST00122,2026-03-26,P0003,Phone Case,Electronics,4,699,0.0,0,Debit Card,East,Email,Mobile,Completed
ORD000443,CUST00413,2025-08-21,P0002,Smart Watch,Electronics,2,699,0.0,79,Debit Card,South,Email,Desktop,Completed
ORD000444,CUST00381,2026-05-05,P0022,Water Bottle,Sports,1,1999,0.05,99,Credit Card,South,Organic Search,Desktop,Completed
ORD000445,CUST00625,2025-08-28,P0006,Sneakers,Fashion,4,1499,0.05,0,Credit Card,East,Paid Ads,Mobile,Returned
ORD000446,CUST00725,2026-03-07,P0019,Face Wash,Beauty,3,299,0.0,0,Cash on Delivery,South,Organic Search,Desktop,Returned
ORD000447,CUST00575,2026-08-19,P0015,Face Serum,Beauty,1,1999,0.0,79,Wallet,Central,Referral,Mobile,Returned
ORD000448,CUST00493,2026-06-03,P0017,Hair Oil,Beauty,1,399,0.05,49,Debit Card,East,Paid Ads,Desktop,Completed
ORD000449,CUST00347,2026-02-20,P0006,Sneakers,Fashion,1,499,0.0,49,Debit Card,North,Email,Mobile,Completed
ORD000450,CUST00406,2025-12-14,P0007,Denim Jacket,Fashion,2,399,0.1,0,UPI,West,Social Media,Mobile,Completed
ORD000451,CUST00404,2026-06-21,P0013,Storage Box,Home,2,399,0.2,49,Wallet,West,Direct,Mobile,Completed
ORD000452,CUST00015,2026-06-29,P0000,Wireless Earbuds,Electronics,2,999,0.0,0,Debit Card,West,Social Media,Desktop,Cancelled
ORD000453,CUST00401,2026-01-01,P0007,Denim Jacket,Fashion,4,299,0.0,99,Credit Card,East,Referral,Desktop,Returned
ORD000454,CUST00679,2025-09-28,P0012,Coffee Mug,Home,4,299,0.1,49,UPI,North,Email,Mobile,Completed
ORD000455,CUST00558,2026-03-20,P0005,T-Shirt,Fashion,3,1999,0.0,0,UPI,Central,Paid Ads,Mobile,Completed
ORD000456,CUST00623,2026-04-08,P0007,Denim Jacket,Fashion,3,499,0.1,0,UPI,East,Social Media,Mobile,Completed
ORD000457,CUST00322,2026-07-26,P0024,Running Shoes,Sports,4,1499,0.05,0,Credit Card,Central,Social Media,Mobile,Cancelled
ORD000458,CUST00419,2026-07-10,P0007,Denim Jacket,Fashion,2,2499,0.05,49,Cash on Delivery,East,Direct,Mobile,Completed
ORD000459,CUST00027,2025-11-11,P0022,Water Bottle,Sports,3,299,0.1,0,Wallet,Central,Paid Ads,Desktop,Cancelled
ORD000460,CUST00315,2025-11-20,P0023,Resistance Band,Sports,3,1999,0.2,79,Wallet,West,Organic Search,Desktop,Returned
ORD000461,CUST00378,2026-08-18,P0016,Lip Balm,Beauty,2,299,0.0,0,Cash on Delivery,East,Direct,Desktop,Completed
ORD000462,CUST00208,2025-12-17,P0003,Phone Case,Electronics,4,1999,0.0,0,UPI,Central,Referral,Mobile,Completed
ORD000463,CUST00025,2026-02-03,P0005,T-Shirt,Fashion,1,499,0.1,99,UPI,South,Paid Ads,Desktop,Returned
ORD000464,CUST00544,2025-12-09,P0023,Resistance Band,Sports,1,399,0.0,49,Wallet,West,Referral,Desktop,Completed
ORD000465,CUST00351,2026-01-10,P0000,Wireless Earbuds,Electronics,2,399,0.05,99,Wallet,North,Organic Search,Mobile,Completed
ORD000466,CUST00340,2026-03-13,P0012,Coffee Mug,Home,4,499,0.05,79,Cash on Delivery,North,Social Media,Desktop,Returned
ORD000467,CUST00203,2025-12-04,P0014,Wall Clock,Home,2,1499,0.0,79,Wallet,East,Organic Search,Mobile,Returned
ORD000468,CUST00428,2026-01-17,P0020,Yoga Mat,Sports,1,1499,0.05,0,Credit Card,West,Social Media,Mobile,Returned
ORD000469,CUST00354,2025-12-26,P0022,Water Bottle,Sports,4,1499,0.0,49,Debit Card,East,Email,Tablet,Completed
ORD000470,CUST00377,2025-09-28,P0007,Denim Jacket,Fashion,1,299,0.0,0,UPI,West,Referral,Mobile,Cancelled
ORD000471,CUST00461,2026-06-03,P0012,Coffee Mug,Home,1,2499,0.0,0,UPI,East,Referral,Tablet,Completed
ORD000472,CUST00005,2026-07-11,P0015,Face Serum,Beauty,4,699,0.2,0,Credit Card,North,Referral,Desktop,Completed
ORD000473,CUST00725,2026-02-15,P0024,Running Shoes,Sports,2,299,0.15,0,Debit Card,South,Email,Desktop,Completed
ORD000474,CUST00056,2025-11-02,P0013,Storage Box,Home,1,2499,0.0,0,Debit Card,Central,Social Media,Desktop,Returned
ORD000475,CUST00362,2026-04-11,P0003,Phone Case,Electronics,2,1999,0.0,49,Credit Card,West,Referral,Desktop,Cancelled
ORD000476,CUST00171,2026-03-02,P0023,Resistance Band,Sports,3,299,0.0,0,Wallet,South,Organic Search,Mobile,Returned
ORD000477,CUST00416,2026-03-09,P0012,Coffee Mug,Home,4,699,0.2,99,Debit Card,North,Direct,Mobile,Completed
ORD000478,CUST00226,2026-03-25,P0004,Power Bank,Electronics,1,2499,0.15,49,Wallet,North,Referral,Desktop,Returned
ORD000479,CUST00682,2026-05-09,P0004,Power Bank,Electronics,2,1499,0.1,99,Cash on Delivery,West,Organic Search,Mobile,Completed
ORD000480,CUST00325,2025-09-03,P0005,T-Shirt,Fashion,3,399,0.2,0,Cash on Delivery,North,Email,Mobile,Completed
ORD000481,CUST00505,2025-09-25,P0018,Sunscreen,Beauty,3,1499,0.0,0,Cash on Delivery,West,Referral,Tablet,Completed
ORD000482,CUST00201,2025-09-23,P0023,Resistance Band,Sports,3,399,0.05,99,UPI,East,Direct,Mobile,Cancelled
ORD000483,CUST00014,2025-10-15,P0011,Cushion Cover,Home,2,499,0.15,0,Debit Card,South,Referral,Desktop,Cancelled
ORD000484,CUST00329,2026-08-09,P0002,Smart Watch,Electronics,4,399,0.0,79,Credit Card,South,Paid Ads,Mobile,Cancelled
ORD000485,CUST00426,2026-05-13,P0022,Water Bottle,Sports,1,1499,0.05,0,Wallet,West,Email,Mobile,Completed
ORD000486,CUST00367,2026-04-19,P0015,Face Serum,Beauty,4,2499,0.0,0,Credit Card,South,Direct,Desktop,Cancelled
ORD000487,CUST00767,2026-05-02,P0014,Wall Clock,Home,4,299,0.0,49,Debit Card,South,Organic Search,Mobile,Completed
ORD000488,CUST00556,2025-09-01,P0001,Bluetooth Speaker,Electronics,3,999,0.0,49,Debit Card,East,Email,Desktop,Cancelled
ORD000489,CUST00795,2025-11-05,P0024,Running Shoes,Sports,2,399,0.2,0,Debit Card,North,Referral,Mobile,Completed
ORD000490,CUST00238,2026-06-05,P0001,Bluetooth Speaker,Electronics,2,1999,0.05,0,Debit Card,East,Social Media,Mobile,Completed
ORD000491,CUST00618,2026-02-04,P0015,Face Serum,Beauty,2,399,0.0,0,Debit Card,Central,Direct,Desktop,Returned
ORD000492,CUST00444,2026-02-21,P0014,Wall Clock,Home,1,499,0.1,0,UPI,East,Direct,Mobile,Cancelled
ORD000493,CUST00482,2026-05-20,P0012,Coffee Mug,Home,1,399,0.1,99,Cash on Delivery,East,Paid Ads,Mobile,Completed
ORD000494,CUST00786,2025-09-16,P0013,Storage Box,Home,3,1999,0.0,99,Wallet,South,Social Media,Mobile,Completed
ORD000495,CUST00519,2026-06-07,P0009,Sunglasses,Fashion,3,299,0.0,0,Wallet,East,Social Media,Tablet,Cancelled
ORD000496,CUST00716,2026-04-25,P0014,Wall Clock,Home,2,999,0.05,49,Credit Card,North,Social Media,Tablet,Completed
ORD000497,CUST00570,2026-01-14,P0009,Sunglasses,Fashion,2,299,0.2,0,Credit Card,Central,Email,Mobile,Completed
ORD000498,CUST00101,2026-02-18,P0011,Cushion Cover,Home,1,999,0.15,0,Credit Card,East,Email,Mobile,Completed
ORD000499,CUST00551,2025-09-16,P0016,Lip Balm,Beauty,4,1999,0.0,79,Cash on Delivery,East,Social Media,Tablet,Completed
ORD000500,CUST00386,2025-11-02,P0018,Sunscreen,Beauty,4,1999,0.0,99,Credit Card,Central,Email,Desktop,Completed
ORD000501,CUST00732,2025-11-17,P0003,Phone Case,Electronics,1,299,0.0,79,Cash on Delivery,Central,Email,Mobile,Cancelled
ORD000502,CUST00633,2026-07-06,P0024,Running Shoes,Sports,2,1999,0.0,99,Wallet,West,Referral,Desktop,Completed
ORD000503,CUST00084,2025-09-30,P0002,Smart Watch,Electronics,3,499,0.0,79,Cash on Delivery,Central,Direct,Mobile,Completed
ORD000504,CUST00106,2025-12-04,P0006,Sneakers,Fashion,1,1499,0.15,49,Debit Card,East,Email,Mobile,Completed
ORD000505,CUST00055,2025-10-07,P0008,Backpack,Fashion,1,2499,0.1,99,Credit Card,Central,Paid Ads,Desktop,Cancelled
ORD000506,CUST00392,2025-12-01,P0008,Backpack,Fashion,4,299,0.0,79,Credit Card,East,Paid Ads,Desktop,Completed
ORD000507,CUST00066,2025-08-23,P0008,Backpack,Fashion,1,499,0.2,79,Cash on Delivery,West,Paid Ads,Mobile,Returned
ORD000508,CUST00569,2025-11-27,P0008,Backpack,Fashion,3,1999,0.0,79,UPI,East,Paid Ads,Desktop,Returned
ORD000509,CUST00441,2026-05-11,P0010,LED Lamp,Home,4,399,0.1,0,UPI,Central,Referral,Mobile,Completed
ORD000510,CUST00661,2026-05-27,P0019,Face Wash,Beauty,3,499,0.0,79,Debit Card,Central,Email,Desktop,Completed
ORD000511,CUST00226,2026-01-05,P0020,Yoga Mat,Sports,2,999,0.1,79,Debit Card,North,Referral,Mobile,Returned
ORD000512,CUST00413,2026-05-04,P0008,Backpack,Fashion,1,2499,0.05,49,Debit Card,South,Organic Search,Tablet,Completed
ORD000513,CUST00095,2026-04-02,P0006,Sneakers,Fashion,3,499,0.2,49,Wallet,East,Direct,Mobile,Cancelled
ORD000514,CUST00703,2026-07-15,P0016,Lip Balm,Beauty,2,699,0.1,99,Cash on Delivery,South,Email,Mobile,Completed
ORD000515,CUST00140,2026-06-09,P0001,Bluetooth Speaker,Electronics,4,1999,0.05,0,UPI,South,Direct,Desktop,Cancelled
ORD000516,CUST00082,2025-11-11,P0011,Cushion Cover,Home,3,299,0.05,49,Debit Card,West,Social Media,Mobile,Cancelled
ORD000517,CUST00168,2026-03-22,P0005,T-Shirt,Fashion,1,499,0.1,79,UPI,West,Email,Mobile,Cancelled
ORD000518,CUST00632,2026-06-03,P0015,Face Serum,Beauty,2,499,0.0,0,Credit Card,East,Social Media,Desktop,Completed
ORD000519,CUST00085,2025-12-09,P0001,Bluetooth Speaker,Electronics,3,699,0.1,0,Credit Card,Central,Direct,Mobile,Completed
ORD000520,CUST00484,2026-03-17,P0020,Yoga Mat,Sports,3,999,0.05,0,Debit Card,East,Paid Ads,Desktop,Completed
ORD000521,CUST00585,2026-01-13,P0006,Sneakers,Fashion,3,399,0.2,0,Credit Card,North,Email,Mobile,Returned
ORD000522,CUST00588,2025-12-10,P0012,Coffee Mug,Home,1,699,0.0,0,Credit Card,South,Social Media,Mobile,Completed
ORD000523,CUST00153,2025-10-31,P0014,Wall Clock,Home,1,2499,0.15,99,Debit Card,Central,Direct,Mobile,Returned
ORD000524,CUST00049,2025-09-01,P0011,Cushion Cover,Home,1,1999,0.15,0,Cash on Delivery,East,Organic Search,Mobile,Completed
ORD000525,CUST00361,2026-05-20,P0011,Cushion Cover,Home,3,2499,0.15,79,Credit Card,West,Paid Ads,Mobile,Completed
ORD000526,CUST00167,2026-06-14,P0006,Sneakers,Fashion,1,1499,0.2,0,Wallet,South,Email,Mobile,Cancelled
ORD000527,CUST00551,2026-04-14,P0019,Face Wash,Beauty,4,999,0.05,79,Credit Card,East,Social Media,Mobile,Returned
ORD000528,CUST00294,2025-11-15,P0012,Coffee Mug,Home,2,399,0.05,49,UPI,East,Paid Ads,Mobile,Cancelled
ORD000529,CUST00361,2025-08-26,P0005,T-Shirt,Fashion,2,399,0.0,49,Wallet,West,Referral,Desktop,Completed
ORD000530,CUST00090,2026-04-07,P0006,Sneakers,Fashion,1,999,0.0,99,UPI,East,Referral,Mobile,Completed
ORD000531,CUST00452,2025-10-31,P0010,LED Lamp,Home,2,699,0.0,79,Wallet,South,Organic Search,Mobile,Completed
ORD000532,CUST00147,2026-03-08,P0021,Dumbbell Set,Sports,4,1999,0.15,0,Debit Card,Central,Email,Mobile,Completed
ORD000533,CUST00535,2026-08-09,P0024,Running Shoes,Sports,1,299,0.15,0,Wallet,West,Direct,Desktop,Completed
ORD000534,CUST00056,2025-08-21,P0009,Sunglasses,Fashion,3,2499,0.0,0,UPI,Central,Direct,Mobile,Completed
ORD000535,CUST00780,2026-03-18,P0009,Sunglasses,Fashion,1,399,0.15,79,UPI,South,Paid Ads,Tablet,Completed
ORD000536,CUST00540,2026-08-17,P0003,Phone Case,Electronics,1,699,0.0,99,Debit Card,East,Referral,Mobile,Returned
ORD000537,CUST00145,2025-12-20,P0013,Storage Box,Home,3,499,0.15,79,Cash on Delivery,East,Email,Tablet,Completed
ORD000538,CUST00010,2026-06-13,P0005,T-Shirt,Fashion,3,2499,0.2,49,Cash on Delivery,North,Referral,Mobile,Cancelled
ORD000539,CUST00275,2026-06-18,P0020,Yoga Mat,Sports,3,1499,0.15,79,UPI,East,Direct,Mobile,Cancelled
ORD000540,CUST00122,2026-02-13,P0013,Storage Box,Home,1,299,0.0,79,Wallet,East,Referral,Mobile,Cancelled
ORD000541,CUST00179,2025-12-10,P0005,T-Shirt,Fashion,1,1999,0.0,0,Cash on Delivery,North,Organic Search,Tablet,Cancelled
ORD000542,CUST00693,2026-04-25,P0022,Water Bottle,Sports,2,1499,0.0,49,Debit Card,South,Paid Ads,Mobile,Returned
ORD000543,CUST00476,2026-04-03,P0020,Yoga Mat,Sports,1,299,0.15,79,Debit Card,Central,Email,Desktop,Completed
ORD000544,CUST00141,2026-02-09,P0007,Denim Jacket,Fashion,4,1999,0.05,79,Wallet,South,Paid Ads,Mobile,Completed
ORD000545,CUST00445,2025-10-29,P0003,Phone Case,Electronics,2,299,0.0,0,Debit Card,West,Paid Ads,Desktop,Returned
ORD000546,CUST00208,2026-05-18,P0006,Sneakers,Fashion,3,699,0.1,0,Credit Card,Central,Direct,Desktop,Completed
ORD000547,CUST00781,2025-11-05,P0009,Sunglasses,Fashion,1,399,0.05,0,UPI,Central,Referral,Mobile,Cancelled
ORD000548,CUST00026,2025-10-08,P0010,LED Lamp,Home,3,299,0.1,0,Debit Card,West,Email,Desktop,Cancelled
ORD000549,CUST00576,2025-09-13,P0020,Yoga Mat,Sports,1,999,0.1,99,UPI,North,Email,Desktop,Completed
ORD000550,CUST00608,2026-01-29,P0024,Running Shoes,Sports,2,1499,0.0,79,Credit Card,East,Email,Mobile,Completed
ORD000551,CUST00053,2025-10-02,P0018,Sunscreen,Beauty,2,699,0.0,99,UPI,North,Social Media,Mobile,Completed
ORD000552,CUST00137,2025-12-20,P0021,Dumbbell Set,Sports,1,499,0.15,0,Debit Card,Central,Direct,Mobile,Completed
ORD000553,CUST00316,2025-11-16,P0003,Phone Case,Electronics,1,999,0.2,79,UPI,North,Direct,Desktop,Completed
ORD000554,CUST00687,2026-02-03,P0003,Phone Case,Electronics,4,399,0.0,0,Debit Card,South,Organic Search,Mobile,Cancelled
ORD000555,CUST00426,2026-05-30,P0022,Water Bottle,Sports,2,299,0.05,49,Debit Card,West,Paid Ads,Desktop,Cancelled
ORD000556,CUST00519,2026-01-31,P0015,Face Serum,Beauty,3,399,0.2,0,Cash on Delivery,East,Paid Ads,Mobile,Completed
ORD000557,CUST00614,2026-03-11,P0005,T-Shirt,Fashion,3,299,0.1,99,Cash on Delivery,Central,Direct,Tablet,Completed
ORD000558,CUST00656,2025-10-11,P0019,Face Wash,Beauty,3,1999,0.0,79,Debit Card,South,Email,Desktop,Completed
ORD000559,CUST00379,2025-09-30,P0004,Power Bank,Electronics,3,999,0.1,49,Wallet,East,Direct,Mobile,Completed
ORD000560,CUST00404,2026-08-11,P0019,Face Wash,Beauty,4,399,0.0,49,Debit Card,West,Email,Desktop,Completed
ORD000561,CUST00563,2026-04-03,P0022,Water Bottle,Sports,3,999,0.05,79,Credit Card,South,Email,Desktop,Completed
ORD000562,CUST00214,2025-08-25,P0012,Coffee Mug,Home,2,699,0.05,79,Credit Card,North,Direct,Mobile,Completed
ORD000563,CUST00678,2026-03-14,P0016,Lip Balm,Beauty,2,299,0.0,49,Cash on Delivery,East,Organic Search,Mobile,Cancelled
ORD000564,CUST00015,2025-08-23,P0018,Sunscreen,Beauty,4,2499,0.0,79,Credit Card,West,Direct,Mobile,Completed
ORD000565,CUST00159,2025-09-17,P0022,Water Bottle,Sports,2,2499,0.2,79,UPI,Central,Referral,Mobile,Returned
ORD000566,CUST00627,2026-01-03,P0014,Wall Clock,Home,3,1999,0.1,0,Debit Card,West,Paid Ads,Mobile,Completed
ORD000567,CUST00279,2026-04-16,P0007,Denim Jacket,Fashion,4,1999,0.05,0,Wallet,North,Direct,Mobile,Cancelled
ORD000568,CUST00120,2026-04-03,P0005,T-Shirt,Fashion,1,999,0.0,99,Credit Card,North,Organic Search,Mobile,Completed
ORD000569,CUST00148,2026-06-04,P0008,Backpack,Fashion,1,1999,0.0,0,UPI,East,Organic Search,Mobile,Cancelled
ORD000570,CUST00420,2025-10-24,P0001,Bluetooth Speaker,Electronics,1,999,0.0,99,Debit Card,West,Social Media,Mobile,Returned
ORD000571,CUST00670,2025-10-28,P0017,Hair Oil,Beauty,1,399,0.05,49,UPI,South,Referral,Mobile,Returned
ORD000572,CUST00055,2026-03-02,P0009,Sunglasses,Fashion,3,399,0.0,0,Credit Card,Central,Social Media,Mobile,Completed
ORD000573,CUST00025,2026-07-03,P0017,Hair Oil,Beauty,3,1999,0.15,0,Credit Card,South,Social Media,Mobile,Completed
ORD000574,CUST00370,2026-05-10,P0001,Bluetooth Speaker,Electronics,2,699,0.05,49,Credit Card,South,Direct,Mobile,Returned
ORD000575,CUST00762,2026-04-21,P0008,Backpack,Fashion,1,1499,0.0,0,UPI,South,Direct,Desktop,Completed
ORD000576,CUST00225,2025-09-23,P0009,Sunglasses,Fashion,3,399,0.0,0,Wallet,Central,Direct,Desktop,Returned
ORD000577,CUST00765,2026-07-06,P0002,Smart Watch,Electronics,1,699,0.2,79,Cash on Delivery,South,Organic Search,Desktop,Completed
ORD000578,CUST00705,2026-08-14,P0020,Yoga Mat,Sports,3,299,0.0,99,Cash on Delivery,East,Referral,Tablet,Completed
ORD000579,CUST00229,2026-03-20,P0014,Wall Clock,Home,4,399,0.0,99,Wallet,North,Paid Ads,Desktop,Completed
ORD000580,CUST00645,2025-12-20,P0021,Dumbbell Set,Sports,2,299,0.0,0,Credit Card,East,Email,Desktop,Completed
ORD000581,CUST00540,2026-04-18,P0020,Yoga Mat,Sports,2,399,0.15,79,Wallet,East,Direct,Mobile,Returned
ORD000582,CUST00408,2026-04-11,P0000,Wireless Earbuds,Electronics,3,999,0.15,0,Wallet,West,Paid Ads,Desktop,Returned
ORD000583,CUST00345,2026-07-25,P0021,Dumbbell Set,Sports,1,299,0.0,99,Wallet,South,Direct,Mobile,Completed
ORD000584,CUST00644,2025-09-29,P0001,Bluetooth Speaker,Electronics,3,399,0.15,99,Wallet,North,Email,Desktop,Completed
ORD000585,CUST00621,2026-02-24,P0021,Dumbbell Set,Sports,2,1499,0.05,49,Wallet,South,Organic Search,Mobile,Completed
ORD000586,CUST00592,2026-05-05,P0016,Lip Balm,Beauty,2,399,0.0,79,UPI,North,Paid Ads,Tablet,Completed
ORD000587,CUST00799,2025-12-25,P0020,Yoga Mat,Sports,1,999,0.15,99,Wallet,West,Direct,Mobile,Cancelled
ORD000588,CUST00380,2026-06-22,P0012,Coffee Mug,Home,4,1999,0.0,0,Wallet,East,Organic Search,Desktop,Completed
ORD000589,CUST00633,2025-09-12,P0004,Power Bank,Electronics,2,1999,0.2,0,Credit Card,West,Social Media,Tablet,Completed
ORD000590,CUST00684,2025-09-27,P0003,Phone Case,Electronics,1,299,0.0,79,UPI,East,Social Media,Desktop,Cancelled
ORD000591,CUST00174,2026-06-04,P0002,Smart Watch,Electronics,4,399,0.0,0,Credit Card,Central,Social Media,Mobile,Completed
ORD000592,CUST00032,2025-10-04,P0020,Yoga Mat,Sports,4,1499,0.0,79,Cash on Delivery,North,Social Media,Mobile,Returned
ORD000593,CUST00329,2026-01-19,P0013,Storage Box,Home,3,499,0.0,0,Cash on Delivery,South,Referral,Desktop,Completed
ORD000594,CUST00679,2025-11-30,P0005,T-Shirt,Fashion,1,699,0.05,0,Credit Card,North,Organic Search,Mobile,Completed
ORD000595,CUST00234,2026-04-28,P0003,Phone Case,Electronics,4,699,0.15,99,Cash on Delivery,North,Referral,Mobile,Completed
ORD000596,CUST00551,2025-08-24,P0001,Bluetooth Speaker,Electronics,1,999,0.0,49,UPI,East,Direct,Desktop,Completed
ORD000597,CUST00006,2025-12-28,P0006,Sneakers,Fashion,1,699,0.05,79,Wallet,West,Referral,Tablet,Completed
ORD000598,CUST00291,2026-08-14,P0018,Sunscreen,Beauty,3,299,0.2,79,Wallet,East,Email,Mobile,Completed
ORD000599,CUST00485,2026-01-01,P0022,Water Bottle,Sports,2,299,0.05,49,Credit Card,West,Referral,Mobile,Completed
ORD000600,CUST00103,2026-03-26,P0015,Face Serum,Beauty,1,299,0.15,49,Cash on Delivery,North,Organic Search,Desktop,Completed
ORD000601,CUST00713,2026-08-15,P0024,Running Shoes,Sports,3,499,0.0,99,Wallet,West,Direct,Desktop,Returned
ORD000602,CUST00126,2026-03-29,P0009,Sunglasses,Fashion,2,1999,0.0,99,UPI,West,Direct,Tablet,Completed
ORD000603,CUST00728,2026-05-22,P0008,Backpack,Fashion,4,2499,0.0,0,Wallet,South,Referral,Desktop,Completed
ORD000604,CUST00177,2026-08-05,P0017,Hair Oil,Beauty,1,699,0.0,49,Cash on Delivery,Central,Organic Search,Mobile,Returned
ORD000605,CUST00793,2026-04-02,P0003,Phone Case,Electronics,4,299,0.2,79,Wallet,North,Email,Desktop,Completed
ORD000606,CUST00477,2026-06-19,P0022,Water Bottle,Sports,3,299,0.0,79,Wallet,Central,Email,Desktop,Completed
ORD000607,CUST00070,2026-02-21,P0019,Face Wash,Beauty,1,1999,0.15,49,Cash on Delivery,North,Organic Search,Mobile,Completed
ORD000608,CUST00052,2026-06-13,P0000,Wireless Earbuds,Electronics,3,499,0.0,79,Wallet,North,Email,Mobile,Completed
ORD000609,CUST00059,2026-04-11,P0004,Power Bank,Electronics,4,2499,0.0,49,Credit Card,West,Social Media,Desktop,Completed
ORD000610,CUST00468,2025-12-21,P0015,Face Serum,Beauty,1,999,0.05,0,Cash on Delivery,North,Social Media,Mobile,Completed
ORD000611,CUST00636,2026-03-11,P0018,Sunscreen,Beauty,4,2499,0.0,0,Cash on Delivery,North,Direct,Tablet,Completed
ORD000612,CUST00329,2025-12-20,P0005,T-Shirt,Fashion,2,399,0.0,0,Wallet,South,Direct,Mobile,Cancelled
ORD000613,CUST00359,2026-01-11,P0018,Sunscreen,Beauty,4,1999,0.15,79,Credit Card,South,Email,Mobile,Completed
ORD000614,CUST00467,2025-12-04,P0011,Cushion Cover,Home,1,999,0.0,99,UPI,Central,Social Media,Tablet,Returned
ORD000615,CUST00422,2026-02-15,P0016,Lip Balm,Beauty,3,699,0.1,0,Credit Card,North,Referral,Mobile,Returned
ORD000616,CUST00543,2025-12-24,P0010,LED Lamp,Home,4,999,0.0,79,Wallet,North,Paid Ads,Mobile,Completed
ORD000617,CUST00375,2026-04-05,P0011,Cushion Cover,Home,2,499,0.0,99,Cash on Delivery,East,Social Media,Mobile,Completed
ORD000618,,2026-01-01,P0009,Sunglasses,Fashion,1,999,0.1,0,Credit Card,North,Social Media,Tablet,Completed
ORD000619,CUST00798,2026-02-15,P0003,Phone Case,Electronics,2,1999,0.0,99,Credit Card,East,Paid Ads,Tablet,Returned
ORD000620,CUST00287,2025-10-10,P0004,Power Bank,Electronics,3,1999,0.0,0,Cash on Delivery,Central,Social Media,Mobile,Returned
ORD000621,CUST00009,2026-01-08,P0004,Power Bank,Electronics,3,2499,0.1,79,Wallet,North,Referral,Desktop,Completed
ORD000622,CUST00100,2025-12-27,P0020,Yoga Mat,Sports,2,699,0.2,0,Cash on Delivery,South,Organic Search,Desktop,Completed
ORD000623,CUST00441,2026-08-05,P0010,LED Lamp,Home,4,1999,0.05,79,Debit Card,Central,Email,Mobile,Cancelled
ORD000624,CUST00283,2026-01-30,P0009,Sunglasses,Fashion,3,2499,0.0,0,Wallet,South,Social Media,Mobile,Returned
ORD000625,CUST00751,2025-08-27,P0021,Dumbbell Set,Sports,3,299,0.15,99,Cash on Delivery,East,Organic Search,Desktop,Returned
ORD000626,CUST00494,2025-12-10,P0022,Water Bottle,Sports,4,699,0.0,0,Credit Card,North,Paid Ads,Mobile,Returned
ORD000627,CUST00414,2026-05-13,P0005,T-Shirt,Fashion,4,1499,0.1,0,Debit Card,East,Paid Ads,Mobile,Completed
ORD000628,CUST00625,2025-10-19,P0008,Backpack,Fashion,2,699,0.05,49,Debit Card,East,Social Media,Mobile,Cancelled
ORD000629,CUST00211,2025-10-18,P0010,LED Lamp,Home,2,299,0.15,99,UPI,North,Social Media,Desktop,Cancelled
ORD000630,CUST00647,2026-01-03,P0020,Yoga Mat,Sports,3,1499,0.05,0,Debit Card,South,Email,Mobile,Completed
ORD000631,CUST00003,2025-12-28,P0016,Lip Balm,Beauty,3,699,0.05,0,Debit Card,Central,Social Media,Mobile,Completed
ORD000632,CUST00488,2026-02-11,P0013,Storage Box,Home,2,999,0.0,79,Debit Card,North,Direct,Mobile,Completed
ORD000633,CUST00744,2025-09-01,P0005,T-Shirt,Fashion,3,299,0.0,0,Credit Card,North,Social Media,Tablet,Completed
ORD000634,CUST00618,2026-05-10,P0009,Sunglasses,Fashion,3,299,0.05,99,Wallet,Central,Referral,Mobile,Completed
ORD000635,CUST00676,2025-11-06,P0000,Wireless Earbuds,Electronics,4,999,0.0,49,Wallet,South,Referral,Mobile,Completed
ORD000636,CUST00326,2026-05-06,P0017,Hair Oil,Beauty,2,2499,0.0,99,Cash on Delivery,West,Direct,Mobile,Completed
ORD000637,CUST00650,2026-03-14,P0022,Water Bottle,Sports,4,1499,0.0,49,UPI,North,Organic Search,Mobile,Completed
ORD000638,CUST00439,2025-11-01,P0019,Face Wash,Beauty,1,2499,0.0,99,Wallet,West,Referral,Desktop,Completed
ORD000639,CUST00487,2026-02-07,P0007,Denim Jacket,Fashion,4,1999,0.0,0,Debit Card,Central,Direct,Mobile,Returned
ORD000640,CUST00048,2025-09-02,P0012,Coffee Mug,Home,1,499,0.0,49,Debit Card,North,Email,Desktop,Completed
ORD000641,CUST00167,2026-05-03,P0023,Resistance Band,Sports,4,299,0.0,0,UPI,South,Social Media,Mobile,Completed
ORD000642,CUST00439,2025-12-08,P0010,LED Lamp,Home,1,999,0.1,49,Cash on Delivery,West,Direct,Desktop,Returned
ORD000643,CUST00047,2026-01-06,P0020,Yoga Mat,Sports,4,999,0.2,0,UPI,South,Email,Desktop,Completed
ORD000644,CUST00583,2025-10-16,P0014,Wall Clock,Home,4,1999,0.1,49,Cash on Delivery,East,Direct,Mobile,Completed
ORD000645,CUST00664,2025-12-31,P0012,Coffee Mug,Home,4,999,0.1,99,Debit Card,West,Email,Desktop,Completed
ORD000646,CUST00733,2026-01-11,P0014,Wall Clock,Home,4,2499,0.1,0,Wallet,West,Direct,Desktop,Completed
ORD000647,CUST00082,2025-11-10,P0005,T-Shirt,Fashion,2,1999,0.2,79,Debit Card,West,Referral,Tablet,Completed
ORD000648,CUST00750,2026-08-12,P0010,LED Lamp,Home,1,999,0.2,99,Debit Card,Central,Direct,Tablet,Completed
ORD000649,CUST00054,2025-11-30,P0007,Denim Jacket,Fashion,4,999,0.0,0,Cash on Delivery,Central,Paid Ads,Desktop,Cancelled
ORD000650,CUST00377,2025-10-25,P0018,Sunscreen,Beauty,3,299,0.05,79,Wallet,West,Referral,Mobile,Completed
ORD000651,CUST00664,2026-03-08,P0015,Face Serum,Beauty,4,1999,0.2,49,UPI,West,Direct,Mobile,Completed
ORD000652,CUST00055,2025-12-14,P0009,Sunglasses,Fashion,3,1499,0.2,79,UPI,Central,Social Media,Desktop,Completed
ORD000653,CUST00013,2026-02-01,P0020,Yoga Mat,Sports,3,2499,0.05,0,Wallet,East,Organic Search,Tablet,Completed
ORD000654,CUST00020,2026-05-11,P0011,Cushion Cover,Home,2,299,0.05,0,Credit Card,East,Referral,Mobile,Completed
ORD000655,CUST00407,2025-09-17,P0023,Resistance Band,Sports,2,399,0.0,0,Cash on Delivery,South,Email,Desktop,Completed
ORD000656,CUST00639,2026-02-21,P0015,Face Serum,Beauty,2,1499,0.05,0,Wallet,Central,Social Media,Mobile,Completed
ORD000657,CUST00101,2025-08-27,P0022,Water Bottle,Sports,3,699,0.05,49,Debit Card,East,Email,Mobile,Completed
ORD000658,CUST00099,2025-09-05,P0024,Running Shoes,Sports,3,999,0.1,99,Wallet,North,Organic Search,Mobile,Returned
ORD000659,CUST00452,2025-09-22,P0008,Backpack,Fashion,1,699,0.05,79,Cash on Delivery,South,Direct,Mobile,Returned
ORD000660,CUST00192,2025-10-18,P0006,Sneakers,Fashion,1,1499,0.0,0,Debit Card,Central,Paid Ads,Desktop,Completed
ORD000661,CUST00575,2025-12-25,P0020,Yoga Mat,Sports,1,1499,0.2,49,Debit Card,Central,Paid Ads,Mobile,Cancelled
ORD000662,CUST00758,2026-07-27,P0005,T-Shirt,Fashion,3,399,0.0,0,Cash on Delivery,Central,Email,Desktop,Returned
ORD000663,CUST00597,2026-07-16,P0018,Sunscreen,Beauty,3,1999,0.0,0,Debit Card,West,Email,Desktop,Completed
ORD000664,CUST00697,2025-09-26,P0004,Power Bank,Electronics,1,699,0.05,79,Cash on Delivery,East,Organic Search,Desktop,Completed
ORD000665,CUST00413,2026-08-16,P0021,Dumbbell Set,Sports,3,999,0.0,0,Cash on Delivery,South,Email,Mobile,Completed
ORD000666,CUST00659,2026-04-08,P0017,Hair Oil,Beauty,1,999,0.0,79,UPI,North,Organic Search,Mobile,Completed
ORD000667,CUST00146,2026-03-10,P0013,Storage Box,Home,4,1499,0.1,0,Credit Card,East,Referral,Desktop,Completed
ORD000668,CUST00054,2026-06-05,P0011,Cushion Cover,Home,3,499,0.0,0,Credit Card,Central,Social Media,Desktop,Completed
ORD000669,CUST00520,2026-02-12,P0015,Face Serum,Beauty,3,299,0.2,79,Debit Card,South,Social Media,Mobile,Cancelled
ORD000670,CUST00041,2025-11-24,P0009,Sunglasses,Fashion,3,399,0.15,0,Credit Card,North,Email,Mobile,Completed
ORD000671,CUST00709,2026-03-01,P0009,Sunglasses,Fashion,2,2499,0.0,0,Wallet,South,Organic Search,Tablet,Completed
ORD000672,CUST00544,2026-05-11,P0005,T-Shirt,Fashion,4,399,0.05,79,Wallet,West,Organic Search,Mobile,Completed
ORD000673,CUST00760,2026-04-26,P0003,Phone Case,Electronics,3,399,0.2,79,UPI,West,Referral,Mobile,Completed
ORD000674,CUST00260,2025-10-21,P0022,Water Bottle,Sports,1,1999,0.0,99,Cash on Delivery,North,Email,Tablet,Completed
ORD000675,CUST00387,2026-07-28,P0018,Sunscreen,Beauty,4,399,0.0,49,Credit Card,East,Paid Ads,Desktop,Completed
ORD000676,CUST00583,2025-12-01,P0011,Cushion Cover,Home,3,699,0.0,49,UPI,East,Email,Mobile,Returned
ORD000677,CUST00197,2026-06-15,P0020,Yoga Mat,Sports,2,499,0.0,79,Debit Card,East,Referral,Desktop,Completed
ORD000678,CUST00432,2025-12-11,P0015,Face Serum,Beauty,4,1499,0.2,79,Credit Card,Central,Direct,Mobile,Completed
ORD000679,CUST00521,2025-09-12,P0014,Wall Clock,Home,1,999,0.0,79,UPI,North,Social Media,Desktop,Completed
ORD000680,CUST00782,2026-08-18,P0002,Smart Watch,Electronics,3,999,0.2,0,Credit Card,West,Email,Desktop,Completed
ORD000681,CUST00584,2026-03-22,P0013,Storage Box,Home,3,999,0.15,99,Credit Card,South,Referral,Mobile,Completed
ORD000682,CUST00095,2025-11-06,P0002,Smart Watch,Electronics,4,1999,0.1,79,Debit Card,East,Paid Ads,Tablet,Completed
ORD000683,CUST00378,2025-08-20,P0017,Hair Oil,Beauty,3,999,0.15,99,Credit Card,East,Direct,Desktop,Completed
ORD000684,CUST00467,2025-10-06,P0001,Bluetooth Speaker,Electronics,4,999,0.0,49,Wallet,Central,Referral,Mobile,Completed
ORD000685,CUST00116,2025-10-21,P0012,Coffee Mug,Home,2,2499,0.0,49,Wallet,Central,Social Media,Desktop,Cancelled
ORD000686,CUST00350,2026-07-23,P0009,Sunglasses,Fashion,4,299,0.0,99,UPI,North,Referral,Desktop,Returned
ORD000687,CUST00230,2025-10-23,P0003,Phone Case,Electronics,1,1999,0.15,79,Wallet,West,Organic Search,Mobile,Completed
ORD000688,CUST00096,2025-10-18,P0011,Cushion Cover,Home,4,399,0.0,79,Credit Card,South,Social Media,Mobile,Completed
ORD000689,CUST00408,2026-06-21,P0005,T-Shirt,Fashion,4,499,0.0,99,Wallet,West,Paid Ads,Mobile,Cancelled
ORD000690,CUST00132,2026-07-06,P0006,Sneakers,Fashion,3,299,0.15,0,UPI,South,Organic Search,Tablet,Completed
ORD000691,CUST00468,2025-11-04,P0022,Water Bottle,Sports,1,999,0.1,0,UPI,North,Email,Mobile,Cancelled
ORD000692,CUST00134,2026-04-14,P0008,Backpack,Fashion,2,1999,0.05,0,Cash on Delivery,North,Email,Mobile,Cancelled
ORD000693,CUST00569,2026-03-03,P0010,LED Lamp,Home,1,699,0.0,49,Debit Card,East,Social Media,Desktop,Cancelled
ORD000694,CUST00159,2026-03-18,P0000,Wireless Earbuds,Electronics,4,1499,0.15,99,UPI,Central,Referral,Mobile,Completed
ORD000695,CUST00713,2025-12-11,P0007,Denim Jacket,Fashion,2,699,0.15,99,Cash on Delivery,West,Paid Ads,Mobile,Completed
ORD000696,CUST00021,2026-05-21,P0008,Backpack,Fashion,4,1999,0.0,0,Credit Card,South,Direct,Mobile,Completed
ORD000697,CUST00415,2026-07-07,P0017,Hair Oil,Beauty,4,2499,0.0,0,UPI,Central,Email,Mobile,Returned
ORD000698,CUST00266,2026-05-11,P0002,Smart Watch,Electronics,1,1499,0.2,79,UPI,West,Referral,Desktop,Completed
ORD000699,CUST00185,2026-07-15,P0023,Resistance Band,Sports,4,499,0.0,0,Wallet,West,Organic Search,Mobile,Cancelled
ORD000700,CUST00375,2025-09-29,P0003,Phone Case,Electronics,2,1999,0.05,49,Cash on Delivery,East,Referral,Mobile,Returned
ORD000701,CUST00666,2026-04-16,P0016,Lip Balm,Beauty,1,299,0.2,0,Debit Card,South,Organic Search,Mobile,Cancelled
ORD000702,CUST00731,2026-08-19,P0000,Wireless Earbuds,Electronics,2,2499,0.0,0,Credit Card,East,Direct,Desktop,Completed
ORD000703,CUST00250,2026-03-03,P0020,Yoga Mat,Sports,3,1999,0.15,49,Debit Card,East,Direct,Mobile,Completed
ORD000704,CUST00124,2026-07-29,P0017,Hair Oil,Beauty,4,1499,0.05,79,Credit Card,West,Organic Search,Mobile,Completed
ORD000705,CUST00566,2025-12-25,P0020,Yoga Mat,Sports,3,999,0.15,99,Wallet,Central,Organic Search,Desktop,Cancelled
ORD000706,CUST00461,2026-07-13,P0023,Resistance Band,Sports,1,499,0.1,49,UPI,East,Organic Search,Mobile,Completed
ORD000707,CUST00166,2026-07-28,P0020,Yoga Mat,Sports,2,699,0.0,79,Wallet,West,Organic Search,Desktop,Completed
ORD000708,CUST00594,2026-04-04,P0015,Face Serum,Beauty,2,299,0.2,99,Debit Card,West,Organic Search,Mobile,Completed
ORD000709,CUST00413,2026-05-04,P0020,Yoga Mat,Sports,3,499,0.05,49,Cash on Delivery,South,Referral,Desktop,Completed
ORD000710,CUST00518,2026-02-26,P0002,Smart Watch,Electronics,3,999,0.05,0,Cash on Delivery,Central,Paid Ads,Desktop,Completed
ORD000711,CUST00296,2025-12-13,P0016,Lip Balm,Beauty,1,499,0.1,99,Cash on Delivery,East,Direct,Desktop,Completed
ORD000712,CUST00355,2026-03-03,P0024,Running Shoes,Sports,1,1999,0.2,0,Wallet,East,Organic Search,Tablet,Returned
ORD000713,CUST00144,2026-08-06,P0009,Sunglasses,Fashion,1,1999,0.2,0,Credit Card,South,Email,Desktop,Returned
ORD000714,CUST00592,2025-08-25,P0024,Running Shoes,Sports,4,999,0.0,0,Credit Card,North,Social Media,Mobile,Completed
ORD000715,CUST00126,2025-11-02,P0012,Coffee Mug,Home,3,499,0.0,79,Cash on Delivery,West,Email,Desktop,Completed
ORD000716,CUST00611,2026-02-18,P0011,Cushion Cover,Home,2,499,0.0,0,Cash on Delivery,South,Direct,Desktop,Completed
ORD000717,CUST00625,2025-12-21,P0007,Denim Jacket,Fashion,4,999,0.0,0,Cash on Delivery,East,Paid Ads,Mobile,Returned
ORD000718,CUST00585,2026-04-04,P0002,Smart Watch,Electronics,1,1499,0.0,79,Wallet,North,Organic Search,Mobile,Completed
ORD000719,CUST00014,2025-12-29,P0021,Dumbbell Set,Sports,1,399,0.05,0,Cash on Delivery,South,Paid Ads,Mobile,Completed
ORD000720,CUST00221,2026-04-17,P0018,Sunscreen,Beauty,2,699,0.0,0,UPI,South,Direct,Tablet,Completed
ORD000721,CUST00372,2025-09-27,P0010,LED Lamp,Home,1,699,0.05,49,Credit Card,Central,Email,Desktop,Cancelled
ORD000722,CUST00471,2025-12-19,P0024,Running Shoes,Sports,4,499,0.15,0,Debit Card,Central,Referral,Desktop,Completed
ORD000723,CUST00733,2026-04-29,P0004,Power Bank,Electronics,4,399,0.05,99,Cash on Delivery,West,Referral,Desktop,Returned
ORD000724,CUST00308,2026-02-08,P0019,Face Wash,Beauty,3,1999,0.0,99,Wallet,South,Organic Search,Desktop,Completed
ORD000725,CUST00695,2026-05-07,P0011,Cushion Cover,Home,4,699,0.0,79,Cash on Delivery,West,Organic Search,Desktop,Completed
ORD000726,CUST00130,2026-04-09,P0015,Face Serum,Beauty,2,999,0.0,0,Cash on Delivery,West,Organic Search,Mobile,Returned
ORD000727,CUST00305,2025-12-17,P0000,Wireless Earbuds,Electronics,1,299,0.1,49,Wallet,Central,Paid Ads,Mobile,Completed
ORD000728,CUST00041,2026-01-23,P0015,Face Serum,Beauty,2,499,0.0,0,Credit Card,North,Social Media,Desktop,Completed
ORD000729,CUST00583,2026-08-07,P0016,Lip Balm,Beauty,1,399,0.0,0,Credit Card,East,Organic Search,Desktop,Completed
ORD000730,CUST00120,2026-08-06,P0024,Running Shoes,Sports,4,499,0.15,99,Debit Card,North,Referral,Desktop,Completed
ORD000731,CUST00209,2025-09-01,P0008,Backpack,Fashion,3,1999,0.0,49,Credit Card,East,Social Media,Tablet,Completed
ORD000732,CUST00609,2026-05-04,P0001,Bluetooth Speaker,Electronics,4,999,0.2,79,Cash on Delivery,West,Direct,Desktop,Completed
ORD000733,CUST00424,2026-02-15,P0001,Bluetooth Speaker,Electronics,2,2499,0.0,79,Debit Card,Central,Referral,Mobile,Cancelled
ORD000734,CUST00010,2025-08-20,P0003,Phone Case,Electronics,3,699,0.15,0,Debit Card,North,Organic Search,Mobile,Completed
ORD000735,CUST00002,2026-04-08,P0007,Denim Jacket,Fashion,2,1999,0.0,0,Wallet,North,Social Media,Mobile,Completed
ORD000736,CUST00407,2025-08-28,P0020,Yoga Mat,Sports,2,399,0.0,99,Credit Card,South,Direct,Desktop,Completed
ORD000737,CUST00252,2025-12-14,P0004,Power Bank,Electronics,3,1999,0.0,99,Wallet,North,Referral,Mobile,Completed
ORD000738,CUST00144,2026-04-28,P0003,Phone Case,Electronics,4,999,0.05,49,Credit Card,South,Direct,Mobile,Completed
ORD000739,CUST00483,2026-06-12,P0000,Wireless Earbuds,Electronics,3,299,0.0,49,Cash on Delivery,Central,Paid Ads,Mobile,Completed
ORD000740,CUST00190,2026-01-17,P0009,Sunglasses,Fashion,3,1499,0.0,0,Wallet,East,Paid Ads,Desktop,Cancelled
ORD000741,CUST00469,2026-06-11,P0015,Face Serum,Beauty,3,699,0.2,0,Debit Card,North,Direct,Mobile,Returned
ORD000742,CUST00312,2026-06-22,P0007,Denim Jacket,Fashion,2,299,0.2,0,Wallet,East,Email,Desktop,Completed
ORD000743,CUST00148,2026-01-30,P0012,Coffee Mug,Home,4,1999,0.05,99,Debit Card,East,Paid Ads,Mobile,Cancelled
ORD000744,CUST00109,2025-10-22,P0006,Sneakers,Fashion,4,999,0.0,99,Credit Card,Central,Social Media,Desktop,Completed
ORD000745,CUST00194,2026-04-17,P0020,Yoga Mat,Sports,2,999,0.0,0,Credit Card,South,Referral,Desktop,Completed
ORD000746,CUST00023,2025-08-25,P0000,Wireless Earbuds,Electronics,4,999,0.2,0,Debit Card,North,Paid Ads,Mobile,Completed
ORD000747,CUST00254,2026-07-12,P0005,T-Shirt,Fashion,2,299,0.2,0,Wallet,West,Paid Ads,Desktop,Returned
ORD000748,CUST00719,2026-01-08,P0014,Wall Clock,Home,3,499,0.15,99,UPI,West,Referral,Desktop,Completed
ORD000749,CUST00658,2026-05-24,P0021,Dumbbell Set,Sports,3,1499,0.2,49,Debit Card,West,Direct,Mobile,Completed
ORD000750,CUST00305,2026-05-15,P0010,LED Lamp,Home,4,499,0.1,0,Wallet,Central,Paid Ads,Desktop,Cancelled
ORD000751,CUST00457,2026-02-08,P0001,Bluetooth Speaker,Electronics,4,2499,0.1,49,Debit Card,North,Paid Ads,Desktop,Cancelled
ORD000752,CUST00452,2026-08-09,P0013,Storage Box,Home,2,499,0.15,0,Credit Card,South,Referral,Mobile,Completed
ORD000753,CUST00656,2026-06-06,P0006,Sneakers,Fashion,3,699,0.1,79,Wallet,South,Paid Ads,Mobile,Completed
ORD000754,CUST00194,2026-07-08,P0007,Denim Jacket,Fashion,3,699,0.0,99,UPI,South,Direct,Mobile,Completed
ORD000755,CUST00239,2025-09-23,P0023,Resistance Band,Sports,4,299,0.1,0,Wallet,East,Social Media,Mobile,Completed
ORD000756,CUST00248,2026-02-12,P0023,Resistance Band,Sports,1,1999,0.0,99,UPI,South,Paid Ads,Mobile,Returned
ORD000757,CUST00032,2026-08-02,P0006,Sneakers,Fashion,3,399,0.1,79,Credit Card,North,Social Media,Desktop,Cancelled
ORD000758,CUST00261,2026-06-12,P0014,Wall Clock,Home,3,699,0.0,0,Credit Card,East,Direct,Tablet,Completed
ORD000759,CUST00698,2026-02-01,P0013,Storage Box,Home,2,2499,0.05,0,Credit Card,East,Direct,Mobile,Completed
ORD000760,CUST00729,2025-09-14,P0024,Running Shoes,Sports,2,2499,0.0,0,Debit Card,South,Organic Search,Desktop,Completed
ORD000761,CUST00088,2025-12-01,P0023,Resistance Band,Sports,3,399,0.2,99,Debit Card,Central,Referral,Desktop,Completed
ORD000762,CUST00366,2026-03-16,P0008,Backpack,Fashion,2,699,0.15,79,Cash on Delivery,West,Paid Ads,Desktop,Cancelled
ORD000763,CUST00314,2026-04-11,P0000,Wireless Earbuds,Electronics,1,999,0.0,0,Wallet,South,Email,Desktop,Completed
ORD000764,CUST00389,2026-07-23,P0000,Wireless Earbuds,Electronics,4,1499,0.05,49,Cash on Delivery,North,Paid Ads,Mobile,Completed
ORD000765,CUST00443,2025-09-22,P0000,Wireless Earbuds,Electronics,2,499,0.05,0,UPI,North,Paid Ads,Desktop,Completed
ORD000766,CUST00015,2026-01-11,P0019,Face Wash,Beauty,1,999,0.2,49,Debit Card,West,Referral,Mobile,Completed
ORD000767,CUST00667,2025-11-27,P0018,Sunscreen,Beauty,1,1999,0.15,79,UPI,South,Direct,Mobile,Returned
ORD000768,CUST00778,2026-08-05,P0020,Yoga Mat,Sports,4,1999,0.2,0,Cash on Delivery,South,Referral,Mobile,Completed
ORD000769,CUST00518,2025-10-19,P0003,Phone Case,Electronics,2,1999,0.05,79,Debit Card,Central,Organic Search,Mobile,Completed
ORD000770,CUST00523,2025-11-08,P0001,Bluetooth Speaker,Electronics,2,2499,0.0,99,Wallet,West,Paid Ads,Mobile,Completed
ORD000771,CUST00418,2025-12-06,P0004,Power Bank,Electronics,2,1999,0.15,99,Credit Card,Central,Organic Search,Mobile,Completed
ORD000772,CUST00275,2025-09-27,P0015,Face Serum,Beauty,1,999,0.0,0,Cash on Delivery,East,Social Media,Mobile,Completed
ORD000773,CUST00119,2026-04-11,P0000,Wireless Earbuds,Electronics,3,2499,0.1,49,Wallet,North,Social Media,Mobile,Cancelled
ORD000774,CUST00464,2026-02-27,P0016,Lip Balm,Beauty,1,699,0.0,0,Cash on Delivery,West,Referral,Mobile,Cancelled
ORD000775,CUST00035,2026-03-11,P0022,Water Bottle,Sports,4,1499,0.0,79,Debit Card,East,Paid Ads,Mobile,Cancelled
ORD000776,CUST00651,2026-07-17,P0003,Phone Case,Electronics,2,2499,0.0,0,Wallet,South,Email,Desktop,Completed
ORD000777,CUST00344,2026-01-25,P0018,Sunscreen,Beauty,1,299,0.15,0,Debit Card,West,Referral,Desktop,Completed
ORD000778,CUST00338,2025-12-11,P0013,Storage Box,Home,2,2499,0.1,0,UPI,North,Organic Search,Tablet,Returned
ORD000779,CUST00271,2026-01-04,P0023,Resistance Band,Sports,1,1999,0.0,49,Debit Card,North,Social Media,Tablet,Cancelled
ORD000780,CUST00774,2026-06-08,P0006,Sneakers,Fashion,2,2499,0.15,49,Credit Card,South,Social Media,Desktop,Completed
ORD000781,CUST00140,2026-02-28,P0005,T-Shirt,Fashion,1,1999,0.2,49,UPI,South,Organic Search,Desktop,Completed
ORD000782,CUST00121,2025-10-20,P0000,Wireless Earbuds,Electronics,3,399,0.15,0,UPI,West,Social Media,Mobile,Completed
ORD000783,CUST00132,2026-04-28,P0017,Hair Oil,Beauty,4,499,0.2,79,Credit Card,South,Paid Ads,Mobile,Completed
ORD000784,CUST00521,2026-05-19,P0021,Dumbbell Set,Sports,2,299,0.05,79,Debit Card,North,Paid Ads,Tablet,Completed
ORD000785,CUST00792,2025-11-19,P0000,Wireless Earbuds,Electronics,1,999,0.0,0,Credit Card,North,Paid Ads,Tablet,Completed
ORD000786,CUST00193,2026-03-11,P0012,Coffee Mug,Home,1,699,0.15,0,Wallet,North,Email,Mobile,Completed
ORD000787,CUST00722,2026-03-13,P0018,Sunscreen,Beauty,4,699,0.1,79,Debit Card,North,Social Media,Mobile,Completed
ORD000788,CUST00225,2025-10-22,P0019,Face Wash,Beauty,2,1499,0.1,0,Credit Card,Central,Direct,Mobile,Completed
ORD000789,CUST00513,2025-08-23,P0023,Resistance Band,Sports,2,1999,0.1,0,UPI,South,Social Media,Mobile,Cancelled
ORD000790,CUST00032,2026-05-09,P0018,Sunscreen,Beauty,1,299,0.2,99,Cash on Delivery,North,Direct,Mobile,Completed
ORD000791,CUST00394,2026-04-01,P0023,Resistance Band,Sports,3,2499,0.1,49,Cash on Delivery,East,Email,Mobile,Cancelled
ORD000792,CUST00519,2026-05-07,P0024,Running Shoes,Sports,1,499,0.15,49,Cash on Delivery,East,Social Media,Mobile,Completed
ORD000793,CUST00426,2026-01-04,P0023,Resistance Band,Sports,4,1999,0.0,79,Credit Card,West,Direct,Desktop,Completed
ORD000794,CUST00195,2026-02-24,P0010,LED Lamp,Home,1,999,0.15,0,Debit Card,North,Direct,Desktop,Completed
ORD000795,CUST00656,2026-08-13,P0010,LED Lamp,Home,1,699,0.0,99,Cash on Delivery,South,Email,Desktop,Completed
ORD000796,CUST00775,2025-11-10,P0010,LED Lamp,Home,3,399,0.0,0,Wallet,Central,Email,Mobile,Completed
ORD000797,CUST00367,2026-04-15,P0023,Resistance Band,Sports,2,399,0.0,49,UPI,South,Direct,Mobile,Completed
ORD000798,CUST00501,2025-10-07,P0007,Denim Jacket,Fashion,3,1499,0.15,49,Cash on Delivery,West,Direct,Desktop,Completed
ORD000799,CUST00620,2025-09-12,P0018,Sunscreen,Beauty,1,499,0.15,0,Credit Card,North,Direct,Desktop,Completed
ORD000800,CUST00196,2026-08-04,P0015,Face Serum,Beauty,4,399,0.0,79,UPI,Central,Organic Search,Tablet,Completed
ORD000801,CUST00685,2025-10-06,P0001,Bluetooth Speaker,Electronics,2,299,0.0,0,UPI,West,Paid Ads,Mobile,Completed
ORD000802,CUST00226,2026-04-16,P0012,Coffee Mug,Home,4,1999,0.0,79,Cash on Delivery,North,Social Media,Mobile,Completed
ORD000803,CUST00610,2026-02-23,P0004,Power Bank,Electronics,4,699,0.0,79,UPI,West,Email,Mobile,Completed
ORD000804,CUST00089,2026-06-11,P0018,Sunscreen,Beauty,3,499,0.05,79,UPI,Central,Social Media,Mobile,Completed
ORD000805,CUST00233,2026-03-07,P0011,Cushion Cover,Home,2,499,0.15,0,Cash on Delivery,Central,Direct,Mobile,Completed
ORD000806,CUST00423,2026-05-01,P0008,Backpack,Fashion,2,999,0.0,0,Debit Card,East,Social Media,Mobile,Returned
ORD000807,CUST00416,2026-07-12,P0001,Bluetooth Speaker,Electronics,3,699,0.0,49,Credit Card,North,Email,Mobile,Completed
ORD000808,CUST00675,2026-06-18,P0003,Phone Case,Electronics,1,999,0.0,99,UPI,South,Direct,Mobile,Cancelled
ORD000809,CUST00796,2026-05-10,P0019,Face Wash,Beauty,1,499,0.1,79,Wallet,North,Social Media,Desktop,Completed
ORD000810,CUST00085,2025-10-18,P0021,Dumbbell Set,Sports,3,499,0.0,0,UPI,Central,Email,Mobile,Completed
ORD000811,CUST00219,2025-10-20,P0007,Denim Jacket,Fashion,1,1999,0.0,49,Wallet,West,Direct,Desktop,Cancelled
ORD000812,CUST00294,2026-02-17,P0020,Yoga Mat,Sports,2,699,0.15,0,Debit Card,East,Social Media,Desktop,Completed
ORD000813,CUST00380,2026-04-17,P0013,Storage Box,Home,3,2499,0.0,79,Credit Card,East,Referral,Mobile,Completed
ORD000814,CUST00393,2026-04-20,P0008,Backpack,Fashion,2,1999,0.1,49,Wallet,South,Email,Mobile,Completed
ORD000815,CUST00679,2026-06-03,P0011,Cushion Cover,Home,4,1499,0.0,49,Cash on Delivery,North,Direct,Mobile,Completed
ORD000816,CUST00605,2025-09-26,P0017,Hair Oil,Beauty,4,999,0.2,0,Wallet,Central,Direct,Mobile,Completed
ORD000817,CUST00013,2025-10-22,P0022,Water Bottle,Sports,1,1999,0.1,79,Debit Card,East,Direct,Desktop,Cancelled
ORD000818,CUST00364,2025-10-13,P0012,Coffee Mug,Home,1,299,0.15,49,Debit Card,West,Direct,Tablet,Returned
ORD000819,CUST00487,2026-03-05,P0008,Backpack,Fashion,4,699,0.1,0,UPI,Central,Email,Mobile,Completed
ORD000820,CUST00368,2026-04-08,P0019,Face Wash,Beauty,1,1499,0.0,0,UPI,South,Direct,Mobile,Completed
ORD000821,CUST00104,2025-10-01,P0013,Storage Box,Home,2,299,0.2,79,Debit Card,South,Social Media,Desktop,Completed
ORD000822,CUST00326,2026-07-03,P0009,Sunglasses,Fashion,4,399,0.15,79,Debit Card,West,Referral,Mobile,Returned
ORD000823,CUST00336,2025-12-08,P0011,Cushion Cover,Home,3,299,0.0,49,Debit Card,East,Email,Mobile,Completed
ORD000824,CUST00151,2026-04-18,P0013,Storage Box,Home,2,699,0.1,79,UPI,North,Direct,Mobile,Returned
ORD000825,CUST00591,2026-05-21,P0003,Phone Case,Electronics,1,999,0.05,79,Debit Card,North,Paid Ads,Mobile,Completed
ORD000826,CUST00267,2025-09-02,P0001,Bluetooth Speaker,Electronics,2,699,0.0,79,UPI,North,Paid Ads,Mobile,Cancelled
ORD000827,CUST00467,2026-07-01,P0016,Lip Balm,Beauty,3,299,0.05,0,Cash on Delivery,Central,Email,Tablet,Returned
ORD000828,CUST00410,2026-08-09,P0004,Power Bank,Electronics,1,699,0.2,49,Debit Card,South,Referral,Desktop,Completed
ORD000829,CUST00698,2026-08-04,P0013,Storage Box,Home,3,2499,0.0,99,Credit Card,East,Direct,Mobile,Completed
ORD000830,CUST00096,2025-10-09,P0019,Face Wash,Beauty,2,299,0.2,0,Cash on Delivery,South,Paid Ads,Tablet,Completed
ORD000831,CUST00091,2026-01-10,P0005,T-Shirt,Fashion,2,1999,0.1,79,Credit Card,East,Referral,Mobile,Cancelled
ORD000832,CUST00245,2025-11-12,P0009,Sunglasses,Fashion,4,499,0.0,99,Cash on Delivery,East,Email,Mobile,Cancelled
ORD000833,CUST00349,2026-01-31,P0024,Running Shoes,Sports,4,299,0.0,49,UPI,North,Email,Tablet,Cancelled
ORD000834,CUST00242,2026-08-10,P0000,Wireless Earbuds,Electronics,3,299,0.15,49,UPI,Central,Referral,Desktop,Returned
ORD000835,CUST00595,2026-05-25,P0018,Sunscreen,Beauty,3,299,0.1,0,UPI,West,Direct,Desktop,Completed
ORD000836,CUST00199,2026-05-28,P0004,Power Bank,Electronics,2,699,0.0,49,Wallet,West,Paid Ads,Mobile,Completed
ORD000837,CUST00070,2026-01-21,P0022,Water Bottle,Sports,1,699,0.0,0,Wallet,North,Organic Search,Mobile,Completed
ORD000838,CUST00337,2026-07-27,P0010,LED Lamp,Home,2,999,0.2,0,Cash on Delivery,West,Paid Ads,Tablet,Completed
ORD000839,CUST00608,2026-07-21,P0000,Wireless Earbuds,Electronics,1,299,0.0,49,Credit Card,East,Paid Ads,Mobile,Cancelled
ORD000840,CUST00675,2026-06-10,P0017,Hair Oil,Beauty,2,1499,0.1,0,Credit Card,South,Paid Ads,Desktop,Completed
ORD000841,CUST00576,2026-06-13,P0003,Phone Case,Electronics,2,1499,0.2,0,Debit Card,North,Email,Desktop,Completed
ORD000842,CUST00445,2026-04-14,P0009,Sunglasses,Fashion,3,299,0.0,0,Credit Card,West,Referral,Mobile,Completed
ORD000843,CUST00569,2025-09-23,P0012,Coffee Mug,Home,2,1499,0.0,49,Cash on Delivery,East,Email,Desktop,Cancelled
ORD000844,CUST00538,2025-12-01,P0018,Sunscreen,Beauty,2,299,0.15,79,Credit Card,South,Social Media,Tablet,Completed
ORD000845,CUST00192,2026-05-27,P0010,LED Lamp,Home,3,699,0.2,49,Credit Card,Central,Paid Ads,Desktop,Completed
ORD000846,CUST00439,2025-12-17,P0021,Dumbbell Set,Sports,1,1499,0.05,99,UPI,West,Direct,Mobile,Completed
ORD000847,CUST00605,2025-10-21,P0012,Coffee Mug,Home,1,1999,0.0,49,Debit Card,Central,Email,Desktop,Completed
ORD000848,CUST00263,2026-07-31,P0008,Backpack,Fashion,3,999,0.0,99,Debit Card,West,Organic Search,Mobile,Returned
ORD000849,CUST00519,2026-02-14,P0008,Backpack,Fashion,3,699,0.2,99,Wallet,East,Social Media,Mobile,Completed
ORD000850,CUST00383,2026-06-30,P0020,Yoga Mat,Sports,4,1999,0.15,49,UPI,West,Paid Ads,Tablet,Completed
ORD000851,CUST00401,2025-12-01,P0016,Lip Balm,Beauty,3,399,0.2,79,Cash on Delivery,East,Social Media,Tablet,Completed
ORD000852,CUST00075,2025-12-29,P0003,Phone Case,Electronics,4,399,0.15,49,UPI,Central,Organic Search,Mobile,Completed
ORD000853,CUST00526,2025-12-23,P0018,Sunscreen,Beauty,3,699,0.05,99,Cash on Delivery,East,Paid Ads,Desktop,Completed
ORD000854,CUST00685,2026-01-03,P0010,LED Lamp,Home,4,299,0.05,79,Credit Card,West,Direct,Tablet,Cancelled
ORD000855,CUST00111,2026-01-26,P0008,Backpack,Fashion,1,299,0.0,0,Credit Card,Central,Paid Ads,Desktop,Completed
ORD000856,CUST00301,2025-12-06,P0002,Smart Watch,Electronics,3,499,0.15,0,Debit Card,West,Organic Search,Mobile,Completed
ORD000857,CUST00039,2026-06-13,P0024,Running Shoes,Sports,4,399,0.0,99,Credit Card,Central,Paid Ads,Mobile,Returned
ORD000858,CUST00023,2025-12-17,P0001,Bluetooth Speaker,Electronics,4,1499,0.0,49,Credit Card,North,Referral,Mobile,Completed
ORD000859,CUST00789,2026-01-28,P0024,Running Shoes,Sports,2,999,0.2,79,Debit Card,South,Referral,Tablet,Cancelled
ORD000860,CUST00392,2026-06-30,P0001,Bluetooth Speaker,Electronics,4,699,0.0,79,UPI,East,Email,Mobile,Cancelled
ORD000861,CUST00291,2026-01-26,P0012,Coffee Mug,Home,2,699,0.0,0,Debit Card,East,Direct,Mobile,Completed
ORD000862,CUST00221,2025-08-23,P0002,Smart Watch,Electronics,1,299,0.1,0,Debit Card,South,Referral,Desktop,Completed
ORD000863,CUST00783,2025-08-20,P0012,Coffee Mug,Home,4,699,0.0,99,Credit Card,West,Paid Ads,Desktop,Cancelled
ORD000864,CUST00205,2026-01-26,P0020,Yoga Mat,Sports,2,299,0.0,0,Credit Card,Central,Social Media,Tablet,Returned
ORD000865,CUST00570,2026-04-13,P0014,Wall Clock,Home,1,499,0.05,99,Cash on Delivery,Central,Organic Search,Desktop,Completed
ORD000866,CUST00229,2026-07-30,P0013,Storage Box,Home,1,1499,0.05,0,Credit Card,North,Email,Desktop,Completed
ORD000867,CUST00055,2025-10-06,P0002,Smart Watch,Electronics,1,2499,0.1,99,Wallet,Central,Referral,Tablet,Completed
ORD000868,CUST00539,2026-03-06,P0023,Resistance Band,Sports,4,499,0.2,49,Wallet,North,Organic Search,Desktop,Completed
ORD000869,CUST00002,2025-12-03,P0009,Sunglasses,Fashion,4,499,0.2,0,Debit Card,North,Direct,Desktop,Completed
ORD000870,CUST00534,2026-01-31,P0013,Storage Box,Home,4,1499,0.15,0,Debit Card,Central,Social Media,Mobile,Completed
ORD000871,CUST00203,2026-01-28,P0022,Water Bottle,Sports,1,2499,0.05,99,Debit Card,East,Referral,Mobile,Completed
ORD000872,CUST00585,2025-12-12,P0015,Face Serum,Beauty,4,499,0.05,0,Wallet,North,Email,Mobile,Completed
ORD000873,CUST00605,2025-08-26,P0018,Sunscreen,Beauty,3,1999,0.0,0,Credit Card,Central,Social Media,Desktop,Cancelled
ORD000874,CUST00569,2025-09-15,P0004,Power Bank,Electronics,2,499,0.1,0,Cash on Delivery,East,Organic Search,Mobile,Completed
ORD000875,CUST00019,2026-02-26,P0011,Cushion Cover,Home,3,1499,0.1,79,Debit Card,East,Email,Mobile,Completed
ORD000876,CUST00553,2025-11-09,P0013,Storage Box,Home,4,399,0.2,99,UPI,East,Referral,Tablet,Completed
ORD000877,CUST00790,2025-12-17,P0004,Power Bank,Electronics,2,499,0.0,99,Cash on Delivery,South,Organic Search,Desktop,Completed
ORD000878,CUST00197,2025-09-22,P0009,Sunglasses,Fashion,1,2499,0.2,99,Credit Card,East,Organic Search,Desktop,Cancelled
ORD000879,CUST00221,2025-09-07,P0020,Yoga Mat,Sports,4,699,0.05,99,Cash on Delivery,South,Referral,Desktop,Completed
ORD000880,CUST00641,2025-10-05,P0023,Resistance Band,Sports,1,299,0.0,99,Wallet,East,Paid Ads,Mobile,Completed
ORD000881,CUST00129,2026-01-04,P0020,Yoga Mat,Sports,1,1999,0.2,49,UPI,Central,Email,Mobile,Completed
ORD000882,CUST00523,2025-10-18,P0023,Resistance Band,Sports,3,399,0.05,99,Credit Card,West,Email,Desktop,Completed
ORD000883,CUST00590,2025-11-12,P0024,Running Shoes,Sports,4,299,0.0,79,Credit Card,West,Social Media,Desktop,Cancelled
ORD000884,CUST00030,2025-12-08,P0004,Power Bank,Electronics,4,1999,0.0,0,Cash on Delivery,East,Social Media,Mobile,Returned
ORD000885,CUST00442,2025-12-04,P0021,Dumbbell Set,Sports,4,499,0.0,0,UPI,West,Direct,Mobile,Completed
ORD000886,CUST00457,2025-08-24,P0015,Face Serum,Beauty,4,399,0.0,0,Wallet,North,Paid Ads,Mobile,Completed
ORD000887,CUST00250,2025-10-01,P0021,Dumbbell Set,Sports,1,2499,0.0,0,Cash on Delivery,East,Paid Ads,Mobile,Cancelled
ORD000888,,2026-08-01,P0015,Face Serum,Beauty,2,499,0.0,49,UPI,Central,Referral,Mobile,Returned
ORD000889,CUST00129,2026-04-20,P0003,Phone Case,Electronics,3,1499,0.05,79,Debit Card,Central,Organic Search,Mobile,Completed
ORD000890,CUST00299,2025-10-04,P0014,Wall Clock,Home,2,499,0.1,49,Debit Card,East,Paid Ads,Mobile,Completed
ORD000891,CUST00673,2025-12-01,P0019,Face Wash,Beauty,3,999,0.2,0,Wallet,East,Direct,Desktop,Completed
ORD000892,CUST00154,2026-01-06,P0003,Phone Case,Electronics,2,1499,0.15,79,Wallet,South,Email,Desktop,Completed
ORD000893,CUST00648,2026-07-16,P0012,Coffee Mug,Home,2,1999,0.05,99,Debit Card,South,Paid Ads,Mobile,Cancelled
ORD000894,CUST00065,2026-07-07,P0016,Lip Balm,Beauty,1,699,0.2,0,UPI,North,Organic Search,Mobile,Completed
ORD000895,CUST00389,2026-05-28,P0011,Cushion Cover,Home,3,999,0.05,0,UPI,North,Social Media,Mobile,Completed
ORD000896,CUST00061,2025-09-27,P0019,Face Wash,Beauty,4,1999,0.0,99,Credit Card,East,Organic Search,Desktop,Returned
ORD000897,CUST00535,2026-02-15,P0003,Phone Case,Electronics,4,1999,0.0,99,UPI,West,Email,Mobile,Completed
ORD000898,CUST00620,2026-02-12,P0008,Backpack,Fashion,2,1499,0.0,0,Wallet,North,Social Media,Tablet,Cancelled
ORD000899,CUST00674,2026-04-09,P0023,Resistance Band,Sports,3,699,0.0,49,Cash on Delivery,West,Referral,Mobile,Returned
ORD000900,CUST00784,2026-06-24,P0012,Coffee Mug,Home,1,999,0.0,49,Debit Card,Central,Direct,Desktop,Returned
ORD000901,CUST00531,2025-12-15,P0004,Power Bank,Electronics,3,2499,0.2,79,Debit Card,South,Social Media,Mobile,Completed
ORD000902,CUST00604,2026-03-11,P0002,Smart Watch,Electronics,2,399,0.0,99,Cash on Delivery,Central,Email,Desktop,Completed
ORD000903,CUST00402,2025-11-24,P0014,Wall Clock,Home,4,1499,0.05,0,Cash on Delivery,West,Direct,Desktop,Cancelled
ORD000904,CUST00729,2025-11-04,P0023,Resistance Band,Sports,3,1999,0.0,49,Cash on Delivery,South,Paid Ads,Mobile,Completed
ORD000905,CUST00510,2025-12-12,P0001,Bluetooth Speaker,Electronics,1,699,0.1,0,Debit Card,North,Email,Mobile,Completed
ORD000906,CUST00702,2026-05-15,P0002,Smart Watch,Electronics,4,1999,0.2,79,Debit Card,East,Organic Search,Mobile,Completed
ORD000907,CUST00193,2026-01-26,P0009,Sunglasses,Fashion,3,699,0.05,49,Wallet,North,Referral,Mobile,Completed
ORD000908,CUST00395,2026-04-25,P0005,T-Shirt,Fashion,1,1999,0.0,79,Debit Card,South,Referral,Tablet,Completed
ORD000909,CUST00574,2026-04-29,P0003,Phone Case,Electronics,2,1499,0.0,99,Wallet,West,Referral,Desktop,Completed
ORD000910,CUST00167,2025-12-30,P0007,Denim Jacket,Fashion,1,299,0.15,79,Debit Card,South,Paid Ads,Desktop,Completed
ORD000911,CUST00174,2026-08-03,P0016,Lip Balm,Beauty,2,1999,0.0,99,Debit Card,Central,Direct,Mobile,Completed
ORD000912,CUST00782,2025-09-05,P0020,Yoga Mat,Sports,4,1499,0.0,99,Cash on Delivery,West,Email,Mobile,Completed
ORD000913,CUST00351,2026-07-13,P0007,Denim Jacket,Fashion,4,399,0.15,79,Debit Card,North,Referral,Desktop,Completed
ORD000914,CUST00145,2025-08-22,P0017,Hair Oil,Beauty,3,1499,0.05,0,Credit Card,East,Organic Search,Mobile,Returned
ORD000915,CUST00273,2026-01-06,P0020,Yoga Mat,Sports,2,999,0.2,0,Wallet,South,Social Media,Mobile,Completed
ORD000916,CUST00326,2026-06-17,P0000,Wireless Earbuds,Electronics,2,2499,0.2,0,Debit Card,West,Organic Search,Mobile,Completed
ORD000917,CUST00491,2026-04-26,P0021,Dumbbell Set,Sports,4,499,0.1,79,Wallet,Central,Referral,Mobile,Completed
ORD000918,CUST00734,2025-12-15,P0004,Power Bank,Electronics,1,499,0.2,99,Wallet,South,Paid Ads,Tablet,Cancelled
ORD000919,CUST00787,2026-07-09,P0017,Hair Oil,Beauty,4,299,0.0,0,Credit Card,Central,Organic Search,Mobile,Completed
ORD000920,CUST00517,2025-10-09,P0018,Sunscreen,Beauty,4,1999,0.0,49,Credit Card,East,Organic Search,Mobile,Completed
ORD000921,CUST00551,2026-04-21,P0021,Dumbbell Set,Sports,4,2499,0.0,49,Cash on Delivery,East,Referral,Mobile,Returned
ORD000922,CUST00267,2026-02-25,P0010,LED Lamp,Home,3,1499,0.2,79,Credit Card,North,Email,Mobile,Completed
ORD000923,CUST00679,2025-11-03,P0016,Lip Balm,Beauty,4,499,0.1,99,Debit Card,North,Organic Search,Mobile,Returned
ORD000924,CUST00178,2026-07-22,P0000,Wireless Earbuds,Electronics,1,2499,0.0,49,Wallet,Central,Social Media,Mobile,Completed
ORD000925,CUST00085,2026-05-26,P0011,Cushion Cover,Home,4,499,0.0,0,Credit Card,Central,Social Media,Mobile,Completed
ORD000926,CUST00778,2025-08-23,P0024,Running Shoes,Sports,1,1499,0.15,0,UPI,South,Direct,Mobile,Completed
ORD000927,CUST00685,2025-09-20,P0003,Phone Case,Electronics,1,999,0.2,49,Credit Card,West,Paid Ads,Desktop,Completed
ORD000928,CUST00250,2025-09-09,P0003,Phone Case,Electronics,1,1999,0.0,49,UPI,East,Organic Search,Mobile,Cancelled
ORD000929,CUST00534,2026-01-18,P0017,Hair Oil,Beauty,3,2499,0.0,0,Wallet,Central,Direct,Desktop,Cancelled
ORD000930,CUST00371,2026-01-19,P0012,Coffee Mug,Home,1,499,0.05,99,Debit Card,West,Social Media,Mobile,Completed
ORD000931,CUST00268,2026-05-11,P0011,Cushion Cover,Home,3,299,0.0,99,Debit Card,West,Organic Search,Mobile,Cancelled
ORD000932,CUST00232,2026-04-23,P0006,Sneakers,Fashion,1,399,0.15,0,UPI,West,Social Media,Tablet,Completed
ORD000933,CUST00108,2025-08-25,P0004,Power Bank,Electronics,3,1499,0.15,99,Wallet,Central,Social Media,Mobile,Completed
ORD000934,CUST00437,2026-02-09,P0018,Sunscreen,Beauty,1,499,0.15,0,UPI,South,Paid Ads,Mobile,Completed
ORD000935,CUST00360,2026-06-02,P0008,Backpack,Fashion,3,399,0.15,49,Wallet,South,Paid Ads,Mobile,Completed
ORD000936,CUST00408,2026-07-13,P0019,Face Wash,Beauty,1,1999,0.15,0,UPI,West,Organic Search,Mobile,Cancelled
ORD000937,CUST00176,2025-12-04,P0011,Cushion Cover,Home,4,1499,0.0,79,Credit Card,North,Referral,Desktop,Cancelled
ORD000938,CUST00748,2025-09-05,P0009,Sunglasses,Fashion,2,399,0.0,49,Cash on Delivery,East,Organic Search,Desktop,Completed
ORD000939,CUST00505,2025-10-14,P0005,T-Shirt,Fashion,3,1499,0.0,0,Wallet,West,Email,Mobile,Returned
ORD000940,CUST00716,2025-12-22,P0016,Lip Balm,Beauty,2,1499,0.15,0,Credit Card,North,Organic Search,Mobile,Completed
ORD000941,CUST00088,2026-01-28,P0007,Denim Jacket,Fashion,3,2499,0.1,99,Debit Card,Central,Direct,Mobile,Completed
ORD000942,CUST00491,2025-12-26,P0022,Water Bottle,Sports,2,2499,0.0,79,UPI,Central,Social Media,Mobile,Completed
ORD000943,CUST00673,2025-09-22,P0010,LED Lamp,Home,1,2499,0.15,0,Credit Card,East,Referral,Desktop,Returned
ORD000944,CUST00273,2025-12-22,P0020,Yoga Mat,Sports,4,2499,0.0,0,Cash on Delivery,South,Organic Search,Desktop,Cancelled
ORD000945,CUST00159,2025-12-03,P0011,Cushion Cover,Home,3,1999,0.0,0,Credit Card,Central,Paid Ads,Mobile,Returned
ORD000946,CUST00215,2026-02-14,P0010,LED Lamp,Home,2,1499,0.0,0,Debit Card,South,Social Media,Mobile,Completed
ORD000947,CUST00221,2025-09-17,P0011,Cushion Cover,Home,1,999,0.2,79,Debit Card,South,Organic Search,Desktop,Completed
ORD000948,CUST00361,2026-06-04,P0011,Cushion Cover,Home,4,1999,0.0,0,Cash on Delivery,West,Social Media,Mobile,Completed
ORD000949,CUST00270,2026-01-19,P0011,Cushion Cover,Home,2,2499,0.15,0,Debit Card,North,Social Media,Tablet,Completed
ORD000950,CUST00219,2025-12-14,P0022,Water Bottle,Sports,4,299,0.0,0,UPI,West,Social Media,Desktop,Completed
ORD000951,CUST00513,2026-07-16,P0017,Hair Oil,Beauty,4,399,0.0,79,Wallet,South,Email,Mobile,Cancelled
ORD000952,CUST00042,2026-05-18,P0000,Wireless Earbuds,Electronics,4,699,0.1,99,Credit Card,West,Paid Ads,Desktop,Cancelled
ORD000953,CUST00279,2025-10-08,P0001,Bluetooth Speaker,Electronics,3,499,0.0,49,Credit Card,North,Paid Ads,Mobile,Returned
ORD000954,CUST00544,2025-10-12,P0000,Wireless Earbuds,Electronics,1,999,0.0,99,Credit Card,West,Social Media,Mobile,Returned
ORD000955,CUST00141,2025-08-20,P0017,Hair Oil,Beauty,1,499,0.0,79,Credit Card,South,Email,Tablet,Completed
ORD000956,CUST00182,2026-03-12,P0005,T-Shirt,Fashion,1,1999,0.1,79,Debit Card,East,Social Media,Desktop,Returned
ORD000957,CUST00166,2025-12-27,P0009,Sunglasses,Fashion,2,2499,0.0,0,Cash on Delivery,West,Social Media,Mobile,Completed
ORD000958,CUST00001,2026-01-03,P0020,Yoga Mat,Sports,3,499,0.0,99,Cash on Delivery,North,Referral,Desktop,Completed
ORD000959,CUST00377,2026-02-21,P0003,Phone Case,Electronics,4,1999,0.0,79,UPI,West,Email,Mobile,Returned
ORD000960,CUST00030,2026-03-04,P0003,Phone Case,Electronics,1,299,0.1,0,Cash on Delivery,East,Organic Search,Desktop,Completed
ORD000961,CUST00221,2025-08-20,P0001,Bluetooth Speaker,Electronics,3,1999,0.0,0,Credit Card,South,Social Media,Tablet,Returned
ORD000962,CUST00793,2025-09-28,P0007,Denim Jacket,Fashion,1,1499,0.0,99,UPI,North,Organic Search,Desktop,Completed
ORD000963,CUST00732,2026-06-04,P0002,Smart Watch,Electronics,2,1499,0.0,0,UPI,Central,Referral,Mobile,Cancelled
ORD000964,CUST00176,2026-08-03,P0015,Face Serum,Beauty,1,699,0.0,49,Credit Card,North,Direct,Mobile,Completed
ORD000965,CUST00257,2026-06-21,P0018,Sunscreen,Beauty,2,299,0.0,79,UPI,East,Social Media,Desktop,Returned
ORD000966,CUST00370,2026-07-16,P0004,Power Bank,Electronics,3,1999,0.1,79,UPI,South,Paid Ads,Mobile,Completed
ORD000967,CUST00668,2026-02-05,P0013,Storage Box,Home,3,299,0.0,0,Wallet,North,Direct,Tablet,Completed
ORD000968,CUST00629,2026-06-17,P0007,Denim Jacket,Fashion,4,699,0.2,79,UPI,South,Paid Ads,Mobile,Cancelled
ORD000969,,2026-07-08,P0002,Smart Watch,Electronics,3,399,0.0,99,UPI,East,Direct,Mobile,Completed
ORD000970,CUST00099,2026-07-11,P0011,Cushion Cover,Home,2,1999,0.2,0,Debit Card,North,Referral,Mobile,Returned
ORD000971,CUST00340,2025-10-13,P0017,Hair Oil,Beauty,4,999,0.15,49,UPI,North,Paid Ads,Mobile,Completed
ORD000972,CUST00688,2025-10-12,P0005,T-Shirt,Fashion,4,999,0.0,0,Credit Card,West,Email,Mobile,Completed
ORD000973,CUST00700,2026-01-13,P0019,Face Wash,Beauty,4,499,0.0,79,UPI,East,Organic Search,Mobile,Completed
ORD000974,CUST00085,2026-02-19,P0024,Running Shoes,Sports,4,1999,0.2,0,Debit Card,Central,Email,Tablet,Completed
ORD000975,CUST00456,2026-08-04,P0001,Bluetooth Speaker,Electronics,4,399,0.2,49,Debit Card,West,Direct,Mobile,Completed
ORD000976,CUST00125,2025-12-14,P0004,Power Bank,Electronics,1,1499,0.1,49,Debit Card,Central,Organic Search,Desktop,Completed
ORD000977,CUST00541,2026-06-19,P0007,Denim Jacket,Fashion,3,2499,0.0,79,Cash on Delivery,South,Referral,Mobile,Returned
ORD000978,CUST00732,2026-07-09,P0021,Dumbbell Set,Sports,2,499,0.2,49,Wallet,Central,Paid Ads,Desktop,Completed
ORD000979,CUST00364,2026-08-07,P0003,Phone Case,Electronics,2,1499,0.05,99,Cash on Delivery,West,Social Media,Mobile,Cancelled
ORD000980,CUST00068,2025-10-28,P0011,Cushion Cover,Home,1,499,0.0,99,Debit Card,North,Paid Ads,Desktop,Completed
ORD000981,CUST00460,2025-11-16,P0013,Storage Box,Home,1,2499,0.15,0,Debit Card,Central,Referral,Mobile,Returned
ORD000982,CUST00331,2025-11-08,P0003,Phone Case,Electronics,4,2499,0.0,0,Credit Card,Central,Direct,Mobile,Completed
ORD000983,CUST00638,2026-05-15,P0001,Bluetooth Speaker,Electronics,4,499,0.0,49,Wallet,East,Referral,Mobile,Completed
ORD000984,CUST00279,2026-04-27,P0002,Smart Watch,Electronics,3,399,0.0,49,Credit Card,North,Social Media,Mobile,Completed
ORD000985,CUST00695,2026-01-15,P0001,Bluetooth Speaker,Electronics,1,299,0.05,79,Cash on Delivery,West,Email,Mobile,Completed
ORD000986,CUST00221,2025-09-21,P0012,Coffee Mug,Home,3,1499,0.15,49,Wallet,South,Email,Desktop,Cancelled
ORD000987,CUST00127,2026-02-26,P0023,Resistance Band,Sports,1,2499,0.0,49,UPI,North,Paid Ads,Mobile,Returned
ORD000988,CUST00253,2026-05-14,P0008,Backpack,Fashion,3,399,0.0,0,Wallet,West,Referral,Desktop,Completed
ORD000989,CUST00028,2026-02-09,P0006,Sneakers,Fashion,1,1999,0.2,79,Cash on Delivery,East,Referral,Mobile,Completed
ORD000990,CUST00227,2025-11-25,P0005,T-Shirt,Fashion,2,1999,0.0,0,Credit Card,West,Referral,Desktop,Cancelled
ORD000991,CUST00522,2026-03-24,P0024,Running Shoes,Sports,1,699,0.0,0,Wallet,South,Social Media,Mobile,Cancelled
ORD000992,CUST00112,2026-04-18,P0023,Resistance Band,Sports,4,399,0.1,49,Cash on Delivery,East,Organic Search,Desktop,Cancelled
ORD000993,CUST00088,2026-03-23,P0016,Lip Balm,Beauty,3,1499,0.0,0,UPI,Central,Organic Search,Tablet,Completed
ORD000994,CUST00105,2026-07-04,P0011,Cushion Cover,Home,4,999,0.2,49,Wallet,South,Email,Mobile,Completed
ORD000995,CUST00061,2025-12-12,P0003,Phone Case,Electronics,1,1999,0.0,0,UPI,East,Direct,Mobile,Completed
ORD000996,CUST00695,2026-03-30,P0023,Resistance Band,Sports,3,999,0.05,0,Credit Card,West,Direct,Desktop,Completed
ORD000997,CUST00754,2026-06-28,P0000,Wireless Earbuds,Electronics,2,299,0.2,0,Cash on Delivery,South,Direct,Mobile,Completed
ORD000998,CUST00038,2025-11-05,P0004,Power Bank,Electronics,2,399,0.15,0,Debit Card,South,Direct,Mobile,Returned
ORD000999,CUST00594,2025-11-30,P0016,Lip Balm,Beauty,4,699,0.0,99,Debit Card,West,Referral,Mobile,Completed
ORD001000,CUST00581,2025-09-06,P0004,Power Bank,Electronics,1,699,0.0,0,Cash on Delivery,South,Referral,Mobile,Completed
ORD001001,CUST00798,2026-01-03,P0002,Smart Watch,Electronics,4,499,0.0,99,Credit Card,East,Social Media,Desktop,Completed
ORD001002,CUST00286,2025-09-05,P0014,Wall Clock,Home,1,2499,0.2,99,UPI,North,Direct,Mobile,Completed
ORD001003,CUST00231,2026-05-19,P0000,Wireless Earbuds,Electronics,2,499,0.0,49,UPI,East,Paid Ads,Mobile,Completed
ORD001004,CUST00363,2025-09-21,P0006,Sneakers,Fashion,1,1499,0.0,99,Debit Card,North,Direct,Mobile,Completed
ORD001005,CUST00679,2026-04-29,P0016,Lip Balm,Beauty,3,499,0.0,0,Wallet,North,Organic Search,Mobile,Cancelled
ORD001006,CUST00573,2026-03-19,P0004,Power Bank,Electronics,3,2499,0.0,0,UPI,North,Organic Search,Desktop,Returned
ORD001007,CUST00375,2026-08-15,P0018,Sunscreen,Beauty,3,2499,0.0,99,Debit Card,East,Paid Ads,Desktop,Returned
ORD001008,CUST00199,2025-12-25,P0002,Smart Watch,Electronics,4,1999,0.05,79,Debit Card,West,Email,Desktop,Completed
ORD001009,CUST00571,2025-12-23,P0015,Face Serum,Beauty,4,1999,0.2,79,Debit Card,South,Referral,Mobile,Completed
ORD001010,CUST00678,2025-11-16,P0001,Bluetooth Speaker,Electronics,4,1499,0.0,99,Wallet,East,Email,Mobile,Completed
ORD001011,CUST00328,2026-03-04,P0018,Sunscreen,Beauty,2,999,0.2,0,UPI,West,Email,Mobile,Completed
ORD001012,CUST00528,2025-11-08,P0018,Sunscreen,Beauty,1,999,0.1,0,Wallet,Central,Direct,Desktop,Cancelled
ORD001013,CUST00328,2025-09-30,P0019,Face Wash,Beauty,1,299,0.0,99,Wallet,West,Referral,Desktop,Returned
ORD001014,CUST00380,2026-08-01,P0007,Denim Jacket,Fashion,2,2499,0.1,0,Cash on Delivery,East,Email,Desktop,Completed
ORD001015,CUST00416,2026-04-24,P0005,T-Shirt,Fashion,3,2499,0.0,49,Cash on Delivery,North,Direct,Desktop,Completed
ORD001016,CUST00610,2025-10-02,P0024,Running Shoes,Sports,1,999,0.0,0,Wallet,West,Social Media,Mobile,Completed
ORD001017,CUST00781,2026-04-02,P0018,Sunscreen,Beauty,4,1999,0.0,0,Debit Card,Central,Referral,Tablet,Completed
ORD001018,CUST00359,2025-12-09,P0004,Power Bank,Electronics,4,699,0.0,0,Wallet,South,Social Media,Tablet,Completed
ORD001019,CUST00281,2025-10-24,P0000,Wireless Earbuds,Electronics,1,299,0.1,0,Cash on Delivery,South,Referral,Mobile,Cancelled
ORD001020,CUST00307,2026-02-08,P0008,Backpack,Fashion,4,1999,0.0,99,Debit Card,East,Referral,Mobile,Completed
ORD001021,CUST00106,2026-06-03,P0016,Lip Balm,Beauty,3,999,0.0,0,UPI,East,Referral,Desktop,Completed
ORD001022,CUST00239,2025-08-20,P0009,Sunglasses,Fashion,2,2499,0.0,99,Cash on Delivery,East,Paid Ads,Mobile,Completed
ORD001023,CUST00070,2025-12-27,P0020,Yoga Mat,Sports,3,399,0.0,99,UPI,North,Social Media,Mobile,Completed
ORD001024,CUST00347,2026-07-22,P0012,Coffee Mug,Home,3,699,0.2,49,Credit Card,North,Direct,Mobile,Completed
ORD001025,CUST00133,2026-01-10,P0024,Running Shoes,Sports,2,1499,0.0,49,Debit Card,Central,Referral,Desktop,Completed
ORD001026,CUST00284,2025-09-25,P0021,Dumbbell Set,Sports,3,399,0.1,0,Debit Card,East,Email,Desktop,Completed
ORD001027,CUST00622,2026-01-23,P0011,Cushion Cover,Home,1,2499,0.0,79,UPI,North,Direct,Desktop,Completed
ORD001028,CUST00199,2026-04-26,P0020,Yoga Mat,Sports,2,999,0.0,99,Cash on Delivery,West,Social Media,Tablet,Completed
ORD001029,CUST00482,2026-08-18,P0011,Cushion Cover,Home,4,399,0.0,99,Cash on Delivery,East,Referral,Mobile,Cancelled
ORD001030,CUST00718,2026-04-06,P0000,Wireless Earbuds,Electronics,1,1499,0.0,0,Cash on Delivery,Central,Social Media,Desktop,Completed
ORD001031,CUST00451,2025-09-07,P0007,Denim Jacket,Fashion,3,2499,0.0,79,Wallet,East,Email,Mobile,Completed
ORD001032,CUST00157,2026-06-11,P0010,LED Lamp,Home,2,499,0.15,0,UPI,South,Email,Mobile,Completed
ORD001033,CUST00284,2026-05-31,P0024,Running Shoes,Sports,2,999,0.1,49,Wallet,East,Referral,Tablet,Cancelled
ORD001034,CUST00468,2026-04-14,P0020,Yoga Mat,Sports,1,1499,0.15,0,UPI,North,Direct,Desktop,Completed
ORD001035,CUST00402,2026-07-13,P0003,Phone Case,Electronics,3,399,0.1,49,Credit Card,West,Referral,Desktop,Completed
ORD001036,CUST00118,2026-05-27,P0000,Wireless Earbuds,Electronics,3,999,0.2,99,Credit Card,North,Organic Search,Mobile,Completed
ORD001037,CUST00360,2025-11-12,P0013,Storage Box,Home,3,999,0.0,99,UPI,South,Paid Ads,Mobile,Completed
ORD001038,CUST00432,2026-01-20,P0013,Storage Box,Home,2,499,0.0,79,Wallet,Central,Referral,Desktop,Completed
ORD001039,CUST00215,2026-02-21,P0018,Sunscreen,Beauty,3,499,0.0,49,Debit Card,South,Organic Search,Mobile,Completed
ORD001040,CUST00482,2026-02-14,P0006,Sneakers,Fashion,3,1499,0.05,79,Credit Card,East,Direct,Mobile,Completed
ORD001041,CUST00055,2026-04-10,P0020,Yoga Mat,Sports,3,1999,0.15,0,Credit Card,Central,Email,Desktop,Completed
ORD001042,CUST00276,2026-05-03,P0010,LED Lamp,Home,3,699,0.0,79,Debit Card,South,Social Media,Mobile,Cancelled
ORD001043,CUST00631,2025-09-26,P0008,Backpack,Fashion,2,399,0.0,79,Cash on Delivery,South,Organic Search,Mobile,Cancelled
ORD001044,CUST00211,2026-03-15,P0010,LED Lamp,Home,3,1999,0.15,0,UPI,North,Organic Search,Mobile,Completed
ORD001045,CUST00478,2025-09-03,P0023,Resistance Band,Sports,3,399,0.05,79,Cash on Delivery,North,Referral,Mobile,Completed
ORD001046,CUST00332,2026-02-22,P0009,Sunglasses,Fashion,4,299,0.0,0,Cash on Delivery,Central,Organic Search,Mobile,Cancelled
ORD001047,CUST00263,2026-01-21,P0014,Wall Clock,Home,2,499,0.0,49,Cash on Delivery,West,Direct,Mobile,Completed
ORD001048,CUST00732,2025-11-03,P0022,Water Bottle,Sports,2,1999,0.1,99,Cash on Delivery,Central,Organic Search,Mobile,Completed
ORD001049,CUST00282,2026-08-16,P0000,Wireless Earbuds,Electronics,3,1999,0.15,0,Debit Card,North,Social Media,Mobile,Completed
ORD001050,CUST00194,2025-11-22,P0013,Storage Box,Home,3,499,0.0,99,Cash on Delivery,South,Organic Search,Mobile,Completed
ORD001051,CUST00726,2025-09-09,P0017,Hair Oil,Beauty,2,999,0.0,49,Cash on Delivery,South,Email,Desktop,Cancelled
ORD001052,CUST00585,2025-12-28,P0022,Water Bottle,Sports,1,2499,0.15,49,Wallet,North,Organic Search,Mobile,Completed
ORD001053,CUST00538,2026-05-23,P0001,Bluetooth Speaker,Electronics,3,1499,0.2,0,Credit Card,South,Email,Desktop,Completed
ORD001054,CUST00040,2025-08-23,P0018,Sunscreen,Beauty,3,1999,0.0,0,Debit Card,Central,Referral,Desktop,Completed
ORD001055,CUST00105,2026-02-15,P0020,Yoga Mat,Sports,4,299,0.1,0,Wallet,South,Direct,Mobile,Completed
ORD001056,CUST00504,2026-01-19,P0008,Backpack,Fashion,3,399,0.15,99,Credit Card,West,Email,Mobile,Cancelled
ORD001057,CUST00172,2026-07-02,P0018,Sunscreen,Beauty,3,299,0.0,0,Cash on Delivery,East,Referral,Tablet,Completed
ORD001058,CUST00186,2025-08-21,P0012,Coffee Mug,Home,1,2499,0.0,0,UPI,North,Direct,Mobile,Completed
ORD001059,CUST00611,2025-08-26,P0016,Lip Balm,Beauty,2,499,0.0,99,Credit Card,South,Direct,Desktop,Completed
ORD001060,CUST00232,2026-03-14,P0009,Sunglasses,Fashion,1,699,0.15,0,Debit Card,West,Email,Desktop,Returned
ORD001061,CUST00056,2025-10-24,P0004,Power Bank,Electronics,3,999,0.15,99,Debit Card,Central,Social Media,Desktop,Completed
ORD001062,CUST00029,2026-05-03,P0020,Yoga Mat,Sports,3,999,0.0,0,Wallet,Central,Email,Mobile,Cancelled
ORD001063,CUST00358,2025-11-29,P0005,T-Shirt,Fashion,4,299,0.0,0,Wallet,North,Organic Search,Mobile,Returned
ORD001064,CUST00486,2026-03-13,P0004,Power Bank,Electronics,3,2499,0.1,0,Debit Card,North,Referral,Mobile,Completed
ORD001065,CUST00687,2025-09-02,P0022,Water Bottle,Sports,4,699,0.2,0,Wallet,South,Referral,Desktop,Completed
ORD001066,CUST00088,2026-04-30,P0023,Resistance Band,Sports,3,2499,0.15,79,Cash on Delivery,Central,Paid Ads,Mobile,Returned
ORD001067,CUST00161,2026-02-25,P0015,Face Serum,Beauty,4,1999,0.0,0,Debit Card,North,Direct,Tablet,Completed
ORD001068,CUST00420,2025-08-20,P0014,Wall Clock,Home,2,1499,0.0,79,Debit Card,West,Direct,Desktop,Completed
ORD001069,CUST00299,2025-11-25,P0009,Sunglasses,Fashion,3,1499,0.0,49,Credit Card,East,Referral,Mobile,Returned
ORD001070,CUST00384,2025-09-10,P0015,Face Serum,Beauty,3,2499,0.0,0,Debit Card,East,Referral,Mobile,Cancelled
ORD001071,CUST00735,2025-09-05,P0015,Face Serum,Beauty,3,499,0.05,0,Debit Card,Central,Direct,Tablet,Completed
ORD001072,CUST00434,2026-05-01,P0012,Coffee Mug,Home,3,499,0.0,0,Wallet,East,Referral,Mobile,Completed
ORD001073,CUST00339,2026-01-23,P0016,Lip Balm,Beauty,4,1499,0.1,0,Credit Card,North,Paid Ads,Mobile,Completed
ORD001074,CUST00789,2026-06-09,P0013,Storage Box,Home,1,399,0.0,49,UPI,South,Social Media,Mobile,Completed
ORD001075,CUST00052,2025-11-22,P0021,Dumbbell Set,Sports,2,1999,0.05,99,Wallet,North,Organic Search,Mobile,Completed
ORD001076,CUST00741,2026-05-08,P0016,Lip Balm,Beauty,3,299,0.1,49,Debit Card,West,Referral,Mobile,Completed
ORD001077,CUST00400,2026-04-01,P0009,Sunglasses,Fashion,3,2499,0.0,79,Credit Card,East,Paid Ads,Desktop,Cancelled
ORD001078,CUST00401,2026-04-18,P0016,Lip Balm,Beauty,3,499,0.0,0,Wallet,East,Email,Desktop,Returned
ORD001079,CUST00734,2026-06-18,P0005,T-Shirt,Fashion,1,299,0.0,0,UPI,South,Organic Search,Mobile,Returned
ORD001080,CUST00402,2026-05-05,P0005,T-Shirt,Fashion,4,999,0.0,0,UPI,West,Paid Ads,Mobile,Completed
ORD001081,,2026-05-19,P0020,Yoga Mat,Sports,3,499,0.0,49,Cash on Delivery,East,Direct,Mobile,Cancelled
ORD001082,CUST00221,2026-05-16,P0014,Wall Clock,Home,2,499,0.0,99,Credit Card,South,Paid Ads,Desktop,Completed
ORD001083,CUST00521,2026-01-30,P0001,Bluetooth Speaker,Electronics,4,699,0.0,0,Credit Card,North,Email,Mobile,Completed
ORD001084,CUST00453,2026-05-11,P0008,Backpack,Fashion,2,999,0.0,99,UPI,East,Social Media,Tablet,Returned
ORD001085,CUST00175,2026-06-23,P0024,Running Shoes,Sports,1,399,0.0,79,UPI,East,Email,Desktop,Completed
ORD001086,CUST00558,2026-05-16,P0015,Face Serum,Beauty,4,299,0.0,0,Cash on Delivery,Central,Paid Ads,Desktop,Completed
ORD001087,CUST00510,2026-03-29,P0021,Dumbbell Set,Sports,2,699,0.2,79,Wallet,North,Social Media,Mobile,Completed
ORD001088,CUST00326,2025-09-16,P0013,Storage Box,Home,4,499,0.15,79,Debit Card,West,Organic Search,Desktop,Returned
ORD001089,CUST00004,2026-01-26,P0001,Bluetooth Speaker,Electronics,3,999,0.05,79,Cash on Delivery,West,Email,Mobile,Completed
ORD001090,CUST00360,2025-09-12,P0004,Power Bank,Electronics,1,1499,0.0,99,UPI,South,Organic Search,Desktop,Completed
ORD001091,CUST00005,2025-09-26,P0002,Smart Watch,Electronics,2,999,0.0,79,Cash on Delivery,North,Direct,Tablet,Completed
ORD001092,CUST00059,2025-12-29,P0018,Sunscreen,Beauty,4,299,0.2,0,Debit Card,West,Referral,Tablet,Cancelled
ORD001093,CUST00348,2026-02-05,P0018,Sunscreen,Beauty,4,2499,0.15,0,Wallet,Central,Social Media,Desktop,Cancelled
ORD001094,CUST00067,2026-02-28,P0011,Cushion Cover,Home,1,1499,0.15,99,UPI,Central,Referral,Desktop,Completed
ORD001095,CUST00222,2026-07-14,P0018,Sunscreen,Beauty,4,299,0.0,0,UPI,West,Social Media,Mobile,Completed
ORD001096,CUST00519,2026-05-25,P0013,Storage Box,Home,4,1999,0.0,49,Cash on Delivery,East,Referral,Mobile,Cancelled
ORD001097,CUST00255,2026-01-21,P0018,Sunscreen,Beauty,3,2499,0.0,49,Credit Card,Central,Email,Desktop,Cancelled
ORD001098,CUST00798,2025-12-20,P0016,Lip Balm,Beauty,1,999,0.2,49,Debit Card,East,Email,Tablet,Returned
ORD001099,CUST00732,2026-05-07,P0011,Cushion Cover,Home,3,1999,0.0,99,Credit Card,Central,Social Media,Desktop,Cancelled
ORD001100,CUST00464,2025-11-28,P0016,Lip Balm,Beauty,2,2499,0.1,49,Cash on Delivery,West,Referral,Desktop,Completed
ORD001101,CUST00771,2026-07-08,P0007,Denim Jacket,Fashion,1,2499,0.0,0,Cash on Delivery,North,Direct,Mobile,Completed
ORD001102,CUST00687,2026-06-01,P0018,Sunscreen,Beauty,4,2499,0.05,0,Cash on Delivery,South,Social Media,Desktop,Cancelled
ORD001103,CUST00265,2026-04-26,P0022,Water Bottle,Sports,3,399,0.15,79,Debit Card,East,Direct,Desktop,Completed
ORD001104,CUST00587,2025-11-19,P0005,T-Shirt,Fashion,1,299,0.0,79,Debit Card,East,Social Media,Mobile,Returned
ORD001105,CUST00108,2026-04-03,P0016,Lip Balm,Beauty,2,1499,0.0,79,UPI,Central,Referral,Mobile,Completed
ORD001106,CUST00540,2026-06-15,P0002,Smart Watch,Electronics,4,1499,0.1,79,Wallet,East,Social Media,Desktop,Cancelled
ORD001107,CUST00390,2025-09-15,P0009,Sunglasses,Fashion,2,999,0.05,0,Wallet,Central,Direct,Mobile,Completed
ORD001108,CUST00012,2025-10-23,P0016,Lip Balm,Beauty,2,399,0.0,0,Cash on Delivery,East,Paid Ads,Desktop,Returned
ORD001109,CUST00221,2026-02-24,P0006,Sneakers,Fashion,1,2499,0.0,99,Wallet,South,Email,Tablet,Cancelled
ORD001110,CUST00762,2025-12-29,P0005,T-Shirt,Fashion,1,699,0.05,49,Cash on Delivery,South,Email,Desktop,Cancelled
ORD001111,CUST00261,2026-05-06,P0009,Sunglasses,Fashion,4,1499,0.1,79,Debit Card,East,Email,Mobile,Cancelled
ORD001112,CUST00145,2026-01-13,P0002,Smart Watch,Electronics,4,999,0.0,99,Wallet,East,Social Media,Mobile,Completed
ORD001113,CUST00151,2026-08-18,P0015,Face Serum,Beauty,1,2499,0.1,0,UPI,North,Organic Search,Desktop,Completed
ORD001114,CUST00381,2025-12-07,P0003,Phone Case,Electronics,3,1499,0.05,99,Credit Card,South,Referral,Desktop,Cancelled
ORD001115,CUST00667,2025-12-29,P0008,Backpack,Fashion,3,1499,0.0,0,Cash on Delivery,South,Paid Ads,Mobile,Completed
ORD001116,CUST00593,2025-08-21,P0007,Denim Jacket,Fashion,4,1999,0.1,79,Credit Card,North,Paid Ads,Mobile,Completed
ORD001117,CUST00353,2025-11-18,P0024,Running Shoes,Sports,3,299,0.1,0,Cash on Delivery,South,Direct,Desktop,Completed
ORD001118,CUST00171,2025-11-13,P0024,Running Shoes,Sports,4,1499,0.0,0,Debit Card,South,Organic Search,Mobile,Completed
ORD001119,CUST00037,2026-05-25,P0001,Bluetooth Speaker,Electronics,1,999,0.1,99,Debit Card,East,Direct,Desktop,Completed
ORD001120,CUST00370,2025-12-21,P0003,Phone Case,Electronics,1,1999,0.0,0,Wallet,South,Social Media,Desktop,Completed
ORD001121,CUST00643,2025-11-02,P0018,Sunscreen,Beauty,2,399,0.1,0,UPI,West,Direct,Desktop,Completed
ORD001122,CUST00574,2025-12-12,P0007,Denim Jacket,Fashion,2,999,0.15,0,Debit Card,West,Paid Ads,Tablet,Completed
ORD001123,CUST00332,2026-03-13,P0016,Lip Balm,Beauty,4,499,0.2,99,Cash on Delivery,Central,Direct,Desktop,Completed
ORD001124,CUST00470,2026-06-02,P0023,Resistance Band,Sports,2,299,0.0,99,Wallet,East,Referral,Mobile,Cancelled
ORD001125,CUST00353,2026-08-12,P0004,Power Bank,Electronics,2,999,0.0,79,Wallet,South,Email,Mobile,Completed
ORD001126,CUST00460,2025-09-06,P0024,Running Shoes,Sports,3,299,0.0,79,Wallet,Central,Email,Mobile,Cancelled
ORD001127,CUST00411,2026-06-22,P0001,Bluetooth Speaker,Electronics,4,299,0.2,79,Cash on Delivery,West,Email,Mobile,Completed
ORD001128,CUST00537,2026-01-08,P0005,T-Shirt,Fashion,1,999,0.0,99,Credit Card,South,Social Media,Desktop,Cancelled
ORD001129,CUST00403,2026-06-11,P0012,Coffee Mug,Home,3,2499,0.15,0,UPI,North,Email,Mobile,Completed
ORD001130,CUST00751,2025-09-02,P0022,Water Bottle,Sports,2,1499,0.2,0,Cash on Delivery,East,Email,Mobile,Completed
ORD001131,CUST00347,2026-04-05,P0013,Storage Box,Home,1,299,0.05,79,Cash on Delivery,North,Organic Search,Desktop,Completed
ORD001132,CUST00012,2026-07-25,P0003,Phone Case,Electronics,4,299,0.1,99,Credit Card,East,Social Media,Mobile,Completed
ORD001133,CUST00194,2025-09-03,P0006,Sneakers,Fashion,4,699,0.05,49,Debit Card,South,Email,Mobile,Completed
ORD001134,CUST00399,2026-06-04,P0019,Face Wash,Beauty,1,699,0.1,99,Debit Card,Central,Paid Ads,Desktop,Completed
ORD001135,CUST00430,2025-09-30,P0014,Wall Clock,Home,4,299,0.0,49,UPI,South,Social Media,Mobile,Completed
ORD001136,CUST00441,2026-08-13,P0000,Wireless Earbuds,Electronics,3,499,0.15,79,Cash on Delivery,Central,Social Media,Mobile,Cancelled
ORD001137,CUST00560,2026-05-18,P0012,Coffee Mug,Home,3,399,0.0,49,UPI,North,Email,Mobile,Returned
ORD001138,CUST00221,2026-07-18,P0010,LED Lamp,Home,2,999,0.1,99,Credit Card,South,Paid Ads,Desktop,Returned
ORD001139,CUST00526,2026-07-13,P0000,Wireless Earbuds,Electronics,2,1499,0.2,79,UPI,East,Referral,Desktop,Completed
ORD001140,CUST00554,2025-12-13,P0006,Sneakers,Fashion,1,699,0.15,49,Debit Card,West,Email,Desktop,Returned
ORD001141,CUST00335,2026-01-18,P0023,Resistance Band,Sports,1,999,0.15,0,Wallet,Central,Email,Mobile,Completed
ORD001142,CUST00328,2026-04-29,P0017,Hair Oil,Beauty,1,399,0.1,0,Cash on Delivery,West,Direct,Desktop,Completed
ORD001143,CUST00144,2025-10-22,P0001,Bluetooth Speaker,Electronics,3,1999,0.2,0,Wallet,South,Organic Search,Mobile,Completed
ORD001144,CUST00337,2025-12-09,P0000,Wireless Earbuds,Electronics,1,299,0.2,0,Cash on Delivery,West,Paid Ads,Desktop,Cancelled
ORD001145,CUST00616,2025-09-25,P0008,Backpack,Fashion,3,999,0.0,49,UPI,South,Paid Ads,Mobile,Completed
ORD001146,CUST00726,2026-07-10,P0011,Cushion Cover,Home,3,499,0.1,0,Cash on Delivery,South,Email,Mobile,Completed
ORD001147,CUST00470,2025-11-18,P0011,Cushion Cover,Home,2,699,0.05,49,Cash on Delivery,East,Social Media,Mobile,Completed
ORD001148,CUST00244,2026-01-16,P0017,Hair Oil,Beauty,1,999,0.0,0,Credit Card,Central,Direct,Mobile,Returned
ORD001149,CUST00538,2026-02-01,P0004,Power Bank,Electronics,3,1499,0.15,0,Wallet,South,Referral,Mobile,Cancelled
ORD001150,CUST00582,2026-01-04,P0001,Bluetooth Speaker,Electronics,4,2499,0.0,79,Debit Card,South,Social Media,Mobile,Cancelled
ORD001151,CUST00273,2026-05-30,P0016,Lip Balm,Beauty,2,999,0.0,0,Credit Card,South,Paid Ads,Desktop,Completed
ORD001152,CUST00653,2026-07-19,P0022,Water Bottle,Sports,4,399,0.0,0,Debit Card,South,Social Media,Desktop,Completed
ORD001153,CUST00059,2026-03-17,P0004,Power Bank,Electronics,2,999,0.0,0,Credit Card,West,Social Media,Desktop,Completed
ORD001154,CUST00008,2026-06-21,P0009,Sunglasses,Fashion,1,999,0.05,0,Credit Card,East,Social Media,Mobile,Cancelled
ORD001155,CUST00098,2025-09-29,P0015,Face Serum,Beauty,3,1999,0.2,0,Credit Card,North,Social Media,Mobile,Cancelled
ORD001156,CUST00125,2026-08-07,P0004,Power Bank,Electronics,4,999,0.2,0,Cash on Delivery,Central,Social Media,Tablet,Completed
ORD001157,CUST00699,2025-10-01,P0021,Dumbbell Set,Sports,4,1999,0.2,0,UPI,West,Social Media,Mobile,Completed
ORD001158,CUST00346,2025-09-13,P0005,T-Shirt,Fashion,4,1499,0.15,79,Credit Card,Central,Social Media,Desktop,Cancelled
ORD001159,CUST00221,2025-08-28,P0013,Storage Box,Home,1,999,0.05,0,Debit Card,South,Social Media,Desktop,Cancelled
ORD001160,CUST00347,2025-11-16,P0008,Backpack,Fashion,1,499,0.15,99,Wallet,North,Paid Ads,Mobile,Cancelled
ORD001161,CUST00325,2026-06-21,P0016,Lip Balm,Beauty,3,499,0.0,49,Wallet,North,Email,Desktop,Completed
ORD001162,CUST00248,2025-12-07,P0004,Power Bank,Electronics,4,299,0.1,49,Credit Card,South,Social Media,Desktop,Returned
ORD001163,CUST00109,2026-06-04,P0002,Smart Watch,Electronics,4,999,0.0,99,Credit Card,Central,Paid Ads,Desktop,Completed
ORD001164,CUST00520,2026-01-21,P0012,Coffee Mug,Home,2,2499,0.2,79,UPI,South,Direct,Mobile,Completed
ORD001165,CUST00108,2025-09-26,P0021,Dumbbell Set,Sports,2,299,0.2,49,Cash on Delivery,Central,Referral,Mobile,Completed
ORD001166,CUST00609,2026-02-08,P0015,Face Serum,Beauty,3,2499,0.15,99,Credit Card,West,Social Media,Desktop,Returned
ORD001167,CUST00167,2025-11-12,P0018,Sunscreen,Beauty,4,1999,0.0,49,Cash on Delivery,South,Email,Mobile,Cancelled
ORD001168,CUST00575,2025-12-04,P0010,LED Lamp,Home,1,699,0.0,79,Credit Card,Central,Referral,Mobile,Completed
ORD001169,CUST00632,2026-02-24,P0003,Phone Case,Electronics,4,499,0.15,99,UPI,East,Paid Ads,Desktop,Returned
ORD001170,CUST00100,2026-06-04,P0010,LED Lamp,Home,4,999,0.05,79,Debit Card,South,Paid Ads,Mobile,Cancelled
ORD001171,CUST00071,2026-03-22,P0024,Running Shoes,Sports,1,1999,0.05,49,UPI,West,Social Media,Desktop,Returned
ORD001172,CUST00758,2025-11-09,P0019,Face Wash,Beauty,4,299,0.0,79,Cash on Delivery,Central,Social Media,Tablet,Returned
ORD001173,CUST00370,2026-05-08,P0017,Hair Oil,Beauty,3,699,0.15,79,Debit Card,South,Social Media,Mobile,Completed
ORD001174,CUST00496,2026-05-01,P0007,Denim Jacket,Fashion,4,299,0.0,99,Wallet,North,Email,Mobile,Completed
ORD001175,CUST00018,2025-11-14,P0014,Wall Clock,Home,1,1499,0.05,79,Debit Card,East,Paid Ads,Mobile,Completed
ORD001176,CUST00225,2026-06-26,P0015,Face Serum,Beauty,4,299,0.0,0,Wallet,Central,Email,Mobile,Completed
ORD001177,CUST00401,2026-06-23,P0016,Lip Balm,Beauty,1,499,0.1,0,Credit Card,East,Organic Search,Mobile,Completed
ORD001178,CUST00704,2026-03-28,P0022,Water Bottle,Sports,1,1499,0.0,79,Debit Card,North,Referral,Tablet,Completed
ORD001179,CUST00219,2025-12-06,P0017,Hair Oil,Beauty,2,1999,0.0,49,Cash on Delivery,West,Paid Ads,Mobile,Completed
ORD001180,CUST00609,2025-12-27,P0005,T-Shirt,Fashion,3,399,0.0,49,Wallet,West,Paid Ads,Mobile,Cancelled
ORD001181,CUST00524,2026-01-27,P0005,T-Shirt,Fashion,1,999,0.2,99,Cash on Delivery,East,Organic Search,Mobile,Completed
ORD001182,CUST00091,2025-10-27,P0015,Face Serum,Beauty,2,399,0.0,0,Wallet,East,Social Media,Mobile,Completed
ORD001183,CUST00237,2025-12-09,P0021,Dumbbell Set,Sports,2,999,0.2,0,Credit Card,East,Referral,Desktop,Completed
ORD001184,CUST00195,2025-10-08,P0023,Resistance Band,Sports,1,299,0.2,79,UPI,North,Email,Desktop,Returned
ORD001185,CUST00358,2025-10-15,P0015,Face Serum,Beauty,1,1999,0.2,99,Cash on Delivery,North,Direct,Mobile,Completed
ORD001186,CUST00501,2026-05-18,P0013,Storage Box,Home,1,299,0.0,99,Wallet,West,Email,Mobile,Returned
ORD001187,CUST00351,2025-10-05,P0020,Yoga Mat,Sports,4,999,0.1,99,UPI,North,Social Media,Desktop,Completed
ORD001188,CUST00199,2026-02-07,P0024,Running Shoes,Sports,4,699,0.15,99,Cash on Delivery,West,Direct,Desktop,Cancelled
ORD001189,CUST00548,2026-01-23,P0000,Wireless Earbuds,Electronics,3,399,0.0,79,Credit Card,Central,Social Media,Mobile,Completed
ORD001190,CUST00464,2025-09-05,P0007,Denim Jacket,Fashion,3,999,0.0,99,Cash on Delivery,West,Direct,Mobile,Completed
ORD001191,CUST00413,2026-06-19,P0008,Backpack,Fashion,1,399,0.0,0,Credit Card,South,Referral,Mobile,Completed
ORD001192,CUST00443,2026-08-14,P0014,Wall Clock,Home,1,999,0.2,79,Cash on Delivery,North,Organic Search,Mobile,Completed
ORD001193,CUST00182,2026-04-10,P0007,Denim Jacket,Fashion,2,1499,0.0,0,Cash on Delivery,East,Paid Ads,Mobile,Cancelled
ORD001194,CUST00537,2026-04-22,P0007,Denim Jacket,Fashion,4,699,0.15,49,UPI,South,Direct,Desktop,Completed
ORD001195,CUST00320,2025-11-12,P0000,Wireless Earbuds,Electronics,2,499,0.15,0,UPI,South,Organic Search,Mobile,Cancelled
ORD001196,CUST00299,2026-06-24,P0000,Wireless Earbuds,Electronics,4,699,0.2,99,Credit Card,East,Direct,Desktop,Cancelled
ORD001197,CUST00120,2026-06-02,P0011,Cushion Cover,Home,2,2499,0.05,49,Debit Card,North,Paid Ads,Desktop,Completed
ORD001198,CUST00471,2026-01-26,P0024,Running Shoes,Sports,2,1999,0.05,0,Debit Card,Central,Email,Desktop,Completed
ORD001199,CUST00476,2026-05-04,P0007,Denim Jacket,Fashion,4,299,0.15,49,Wallet,Central,Email,Desktop,Completed
ORD001200,CUST00279,2026-08-03,P0006,Sneakers,Fashion,2,499,0.1,0,Credit Card,North,Paid Ads,Mobile,Completed
ORD001201,CUST00682,2026-03-28,P0006,Sneakers,Fashion,3,299,0.15,0,Cash on Delivery,West,Referral,Desktop,Cancelled
ORD001202,CUST00669,2025-10-31,P0024,Running Shoes,Sports,3,399,0.0,49,Debit Card,Central,Referral,Desktop,Completed
ORD001203,CUST00087,2025-12-18,P0016,Lip Balm,Beauty,3,1999,0.2,79,Cash on Delivery,North,Paid Ads,Mobile,Completed
ORD001204,CUST00547,2025-10-26,P0016,Lip Balm,Beauty,3,1999,0.05,49,Debit Card,East,Direct,Desktop,Cancelled
ORD001205,CUST00324,2025-12-19,P0004,Power Bank,Electronics,4,699,0.0,0,Wallet,South,Direct,Tablet,Returned
ORD001206,CUST00800,2026-07-10,P0022,Water Bottle,Sports,2,1499,0.15,79,Wallet,East,Paid Ads,Desktop,Completed
ORD001207,CUST00185,2025-10-28,P0004,Power Bank,Electronics,2,499,0.1,0,Cash on Delivery,West,Direct,Mobile,Completed
ORD001208,CUST00227,2026-07-11,P0024,Running Shoes,Sports,3,699,0.0,99,UPI,West,Paid Ads,Desktop,Cancelled
ORD001209,CUST00358,2025-12-02,P0023,Resistance Band,Sports,2,1999,0.0,0,Debit Card,North,Paid Ads,Mobile,Completed
ORD001210,CUST00216,2026-02-18,P0014,Wall Clock,Home,1,499,0.0,0,Wallet,West,Direct,Mobile,Completed
ORD001211,CUST00544,2026-02-28,P0021,Dumbbell Set,Sports,2,499,0.1,49,Credit Card,West,Organic Search,Mobile,Cancelled
ORD001212,CUST00383,2025-10-04,P0024,Running Shoes,Sports,3,399,0.2,99,Cash on Delivery,West,Referral,Desktop,Completed
ORD001213,CUST00182,2025-10-26,P0014,Wall Clock,Home,3,399,0.0,79,Wallet,East,Social Media,Desktop,Completed
ORD001214,CUST00402,2025-12-09,P0019,Face Wash,Beauty,2,299,0.0,79,Credit Card,West,Social Media,Mobile,Completed
ORD001215,CUST00706,2025-09-10,P0014,Wall Clock,Home,3,1999,0.15,0,Credit Card,Central,Direct,Mobile,Completed
ORD001216,CUST00621,2026-05-22,P0013,Storage Box,Home,2,1999,0.15,99,Credit Card,South,Referral,Mobile,Completed
ORD001217,CUST00396,2026-03-07,P0008,Backpack,Fashion,3,699,0.05,0,Wallet,West,Direct,Mobile,Returned
ORD001218,CUST00233,2026-06-24,P0016,Lip Balm,Beauty,2,999,0.0,0,Wallet,Central,Social Media,Mobile,Completed
ORD001219,CUST00144,2026-07-01,P0006,Sneakers,Fashion,4,399,0.1,79,Credit Card,South,Direct,Mobile,Completed
ORD001220,CUST00698,2025-12-24,P0004,Power Bank,Electronics,3,299,0.0,79,UPI,East,Social Media,Mobile,Completed
ORD001221,CUST00559,2026-06-14,P0006,Sneakers,Fashion,3,999,0.0,79,UPI,Central,Email,Mobile,Returned
ORD001222,CUST00454,2025-09-11,P0000,Wireless Earbuds,Electronics,2,399,0.0,79,UPI,Central,Direct,Desktop,Completed
ORD001223,CUST00699,2026-01-23,P0023,Resistance Band,Sports,4,1999,0.0,99,Wallet,West,Email,Mobile,Completed
ORD001224,CUST00096,2026-04-19,P0006,Sneakers,Fashion,2,499,0.05,49,Cash on Delivery,South,Organic Search,Desktop,Returned
ORD001225,CUST00539,2026-02-06,P0019,Face Wash,Beauty,4,1499,0.15,99,Cash on Delivery,North,Organic Search,Mobile,Completed
ORD001226,CUST00177,2026-05-16,P0010,LED Lamp,Home,1,499,0.15,0,Credit Card,Central,Organic Search,Mobile,Completed
ORD001227,CUST00096,2026-06-29,P0008,Backpack,Fashion,4,399,0.15,0,Cash on Delivery,South,Organic Search,Mobile,Completed
ORD001228,CUST00371,2026-01-21,P0005,T-Shirt,Fashion,4,999,0.2,0,UPI,West,Direct,Mobile,Completed
ORD001229,CUST00320,2025-11-28,P0020,Yoga Mat,Sports,1,399,0.2,0,Credit Card,South,Paid Ads,Mobile,Completed
ORD001230,CUST00751,2026-03-20,P0012,Coffee Mug,Home,1,699,0.0,0,Cash on Delivery,East,Paid Ads,Desktop,Completed
ORD001231,CUST00269,2026-07-02,P0011,Cushion Cover,Home,4,499,0.05,99,Debit Card,West,Paid Ads,Mobile,Returned
ORD001232,CUST00643,2026-08-15,P0016,Lip Balm,Beauty,2,2499,0.0,49,UPI,West,Paid Ads,Mobile,Completed
ORD001233,CUST00586,2026-06-13,P0020,Yoga Mat,Sports,3,999,0.1,49,Cash on Delivery,Central,Referral,Mobile,Completed
ORD001234,CUST00528,2025-11-17,P0016,Lip Balm,Beauty,1,1499,0.15,79,UPI,Central,Organic Search,Mobile,Completed
ORD001235,CUST00733,2025-11-02,P0011,Cushion Cover,Home,2,999,0.2,0,Credit Card,West,Paid Ads,Desktop,Cancelled
ORD001236,CUST00331,2026-03-17,P0022,Water Bottle,Sports,3,2499,0.0,49,Credit Card,Central,Paid Ads,Mobile,Cancelled
ORD001237,CUST00321,2026-01-13,P0022,Water Bottle,Sports,4,699,0.05,0,Cash on Delivery,North,Organic Search,Mobile,Completed
ORD001238,CUST00129,2026-03-31,P0024,Running Shoes,Sports,2,1999,0.0,79,Debit Card,Central,Paid Ads,Desktop,Cancelled
ORD001239,CUST00222,2026-07-23,P0002,Smart Watch,Electronics,1,2499,0.0,99,Credit Card,West,Paid Ads,Mobile,Completed
ORD001240,CUST00699,2026-03-08,P0022,Water Bottle,Sports,2,2499,0.05,0,Credit Card,West,Social Media,Mobile,Completed
ORD001241,CUST00378,2025-12-27,P0004,Power Bank,Electronics,3,1499,0.1,0,Cash on Delivery,East,Organic Search,Desktop,Completed
ORD001242,CUST00280,2026-07-03,P0015,Face Serum,Beauty,4,2499,0.15,0,UPI,East,Referral,Mobile,Returned
ORD001243,CUST00177,2026-01-27,P0016,Lip Balm,Beauty,4,1499,0.2,79,UPI,Central,Direct,Desktop,Completed
ORD001244,CUST00386,2026-03-28,P0005,T-Shirt,Fashion,4,499,0.0,79,UPI,Central,Email,Desktop,Completed
ORD001245,CUST00562,2025-10-08,P0000,Wireless Earbuds,Electronics,1,399,0.05,99,UPI,Central,Email,Mobile,Completed
ORD001246,CUST00232,2026-02-21,P0023,Resistance Band,Sports,3,399,0.0,79,Cash on Delivery,West,Direct,Mobile,Cancelled
ORD001247,CUST00592,2026-01-22,P0022,Water Bottle,Sports,3,999,0.0,49,Wallet,North,Referral,Mobile,Completed
ORD001248,CUST00496,2025-10-03,P0004,Power Bank,Electronics,2,399,0.2,79,Wallet,North,Organic Search,Desktop,Completed
ORD001249,CUST00618,2025-11-05,P0015,Face Serum,Beauty,4,399,0.2,0,Cash on Delivery,Central,Email,Mobile,Completed
ORD001250,CUST00203,2026-05-03,P0003,Phone Case,Electronics,4,1499,0.2,79,Credit Card,East,Paid Ads,Desktop,Completed
ORD001251,CUST00498,2025-10-24,P0014,Wall Clock,Home,1,499,0.0,0,Debit Card,East,Social Media,Mobile,Completed
ORD001252,CUST00123,2025-10-07,P0007,Denim Jacket,Fashion,4,1499,0.1,99,Cash on Delivery,East,Referral,Desktop,Cancelled
ORD001253,CUST00299,2025-09-10,P0018,Sunscreen,Beauty,4,2499,0.0,0,Credit Card,East,Email,Tablet,Cancelled
ORD001254,CUST00569,2025-08-29,P0014,Wall Clock,Home,3,299,0.1,99,Debit Card,East,Email,Mobile,Completed
ORD001255,CUST00498,2026-01-25,P0012,Coffee Mug,Home,2,1499,0.05,49,Credit Card,East,Organic Search,Mobile,Cancelled
ORD001256,CUST00151,2026-02-14,P0017,Hair Oil,Beauty,4,1999,0.2,79,Wallet,North,Direct,Mobile,Completed
ORD001257,CUST00680,2026-04-04,P0011,Cushion Cover,Home,3,399,0.0,0,Cash on Delivery,Central,Direct,Desktop,Completed
ORD001258,CUST00042,2026-03-16,P0000,Wireless Earbuds,Electronics,4,1999,0.1,0,Debit Card,West,Social Media,Mobile,Cancelled
ORD001259,CUST00470,2026-03-03,P0014,Wall Clock,Home,3,999,0.1,99,Wallet,East,Social Media,Desktop,Returned
ORD001260,CUST00785,2026-08-19,P0019,Face Wash,Beauty,4,1499,0.15,0,Wallet,South,Email,Desktop,Cancelled
ORD001261,CUST00420,2025-11-19,P0012,Coffee Mug,Home,2,299,0.0,0,Cash on Delivery,West,Direct,Tablet,Completed
ORD001262,CUST00627,2026-05-06,P0004,Power Bank,Electronics,1,699,0.05,79,Cash on Delivery,West,Email,Desktop,Returned
ORD001263,CUST00470,2025-09-18,P0000,Wireless Earbuds,Electronics,2,499,0.05,99,UPI,East,Referral,Desktop,Completed
ORD001264,CUST00614,2026-06-25,P0007,Denim Jacket,Fashion,4,399,0.0,49,Credit Card,Central,Paid Ads,Mobile,Completed
ORD001265,CUST00519,2025-12-30,P0019,Face Wash,Beauty,3,1999,0.15,0,Wallet,East,Direct,Mobile,Cancelled
ORD001266,CUST00544,2025-12-24,P0008,Backpack,Fashion,3,999,0.15,0,UPI,West,Direct,Desktop,Completed
ORD001267,CUST00188,2025-10-08,P0023,Resistance Band,Sports,3,2499,0.0,99,UPI,Central,Direct,Desktop,Returned
ORD001268,CUST00583,2026-02-21,P0008,Backpack,Fashion,3,399,0.1,0,UPI,East,Social Media,Desktop,Completed
ORD001269,CUST00195,2026-01-12,P0010,LED Lamp,Home,1,1499,0.2,49,Wallet,North,Social Media,Mobile,Completed
ORD001270,CUST00784,2026-08-10,P0019,Face Wash,Beauty,2,999,0.0,99,Debit Card,Central,Social Media,Mobile,Cancelled
ORD001271,CUST00188,2025-10-23,P0015,Face Serum,Beauty,1,1499,0.1,0,Debit Card,Central,Paid Ads,Mobile,Completed
ORD001272,CUST00194,2026-01-19,P0001,Bluetooth Speaker,Electronics,2,499,0.1,0,Debit Card,South,Organic Search,Mobile,Completed
ORD001273,CUST00680,2026-07-14,P0001,Bluetooth Speaker,Electronics,3,1499,0.0,99,UPI,Central,Paid Ads,Mobile,Cancelled
ORD001274,CUST00197,2026-06-10,P0004,Power Bank,Electronics,4,399,0.15,79,Wallet,East,Email,Mobile,Completed
ORD001275,CUST00298,2026-05-26,P0021,Dumbbell Set,Sports,1,1999,0.15,79,Credit Card,Central,Paid Ads,Mobile,Completed
ORD001276,CUST00560,2026-02-27,P0000,Wireless Earbuds,Electronics,3,699,0.0,99,Debit Card,North,Direct,Mobile,Cancelled
ORD001277,CUST00128,2026-07-04,P0001,Bluetooth Speaker,Electronics,1,699,0.0,79,Wallet,East,Direct,Mobile,Completed
ORD001278,CUST00128,2025-11-09,P0019,Face Wash,Beauty,1,999,0.15,79,Credit Card,East,Social Media,Tablet,Cancelled
ORD001279,CUST00387,2026-06-11,P0015,Face Serum,Beauty,4,299,0.15,0,Wallet,East,Social Media,Desktop,Completed
ORD001280,CUST00198,2026-03-19,P0024,Running Shoes,Sports,3,499,0.0,0,Wallet,Central,Referral,Mobile,Completed
ORD001281,CUST00193,2025-12-25,P0005,T-Shirt,Fashion,1,399,0.0,79,Debit Card,North,Organic Search,Desktop,Completed
ORD001282,CUST00007,2025-11-07,P0016,Lip Balm,Beauty,1,2499,0.1,99,Wallet,North,Paid Ads,Mobile,Cancelled
ORD001283,CUST00303,2026-02-26,P0003,Phone Case,Electronics,1,699,0.0,79,UPI,North,Direct,Tablet,Completed
ORD001284,CUST00265,2025-08-21,P0014,Wall Clock,Home,2,299,0.2,79,Debit Card,East,Referral,Desktop,Completed
ORD001285,CUST00025,2026-05-07,P0002,Smart Watch,Electronics,1,299,0.0,79,Credit Card,South,Social Media,Mobile,Completed
ORD001286,CUST00489,2025-11-14,P0022,Water Bottle,Sports,3,2499,0.2,0,Cash on Delivery,South,Direct,Mobile,Completed
ORD001287,CUST00493,2026-01-09,P0010,LED Lamp,Home,2,399,0.0,0,Cash on Delivery,East,Paid Ads,Tablet,Returned
ORD001288,CUST00056,2025-10-29,P0006,Sneakers,Fashion,3,299,0.2,79,Cash on Delivery,Central,Referral,Tablet,Cancelled
ORD001289,CUST00263,2026-02-05,P0024,Running Shoes,Sports,1,399,0.0,99,Credit Card,West,Email,Mobile,Cancelled
ORD001290,CUST00693,2026-01-02,P0001,Bluetooth Speaker,Electronics,1,399,0.1,0,Cash on Delivery,South,Direct,Desktop,Completed
ORD001291,CUST00461,2025-10-27,P0019,Face Wash,Beauty,1,299,0.0,0,Wallet,East,Paid Ads,Mobile,Completed
ORD001292,CUST00336,2026-07-10,P0012,Coffee Mug,Home,1,2499,0.05,79,UPI,East,Social Media,Desktop,Completed
ORD001293,CUST00370,2026-05-24,P0017,Hair Oil,Beauty,1,299,0.0,49,Debit Card,South,Direct,Mobile,Completed
ORD001294,CUST00171,2026-01-08,P0006,Sneakers,Fashion,2,1499,0.1,99,Debit Card,South,Social Media,Mobile,Completed
ORD001295,CUST00639,2025-09-10,P0022,Water Bottle,Sports,4,1999,0.1,49,Debit Card,Central,Referral,Mobile,Completed
ORD001296,CUST00730,2026-06-24,P0011,Cushion Cover,Home,3,1499,0.0,49,Credit Card,South,Direct,Desktop,Completed
ORD001297,CUST00728,2026-05-01,P0010,LED Lamp,Home,2,399,0.05,0,Wallet,South,Organic Search,Mobile,Completed
ORD001298,CUST00185,2026-03-10,P0011,Cushion Cover,Home,4,1499,0.05,99,Cash on Delivery,West,Referral,Desktop,Returned
ORD001299,CUST00258,2026-03-28,P0007,Denim Jacket,Fashion,4,499,0.1,0,Cash on Delivery,East,Social Media,Tablet,Returned
ORD001300,CUST00129,2025-08-22,P0007,Denim Jacket,Fashion,4,699,0.05,49,Cash on Delivery,Central,Email,Mobile,Returned
ORD001301,CUST00254,2026-02-08,P0003,Phone Case,Electronics,4,499,0.0,79,Credit Card,West,Social Media,Desktop,Completed
ORD001302,CUST00274,2025-10-27,P0012,Coffee Mug,Home,3,1999,0.05,99,Wallet,Central,Direct,Desktop,Completed
ORD001303,CUST00500,2026-04-14,P0011,Cushion Cover,Home,4,999,0.0,79,Cash on Delivery,North,Social Media,Desktop,Cancelled
ORD001304,CUST00153,2026-07-25,P0009,Sunglasses,Fashion,2,399,0.0,79,UPI,Central,Social Media,Mobile,Cancelled
ORD001305,CUST00733,2026-03-01,P0024,Running Shoes,Sports,4,699,0.0,0,UPI,West,Email,Mobile,Cancelled
ORD001306,CUST00083,2026-03-28,P0002,Smart Watch,Electronics,1,1999,0.0,0,Debit Card,South,Paid Ads,Tablet,Returned
ORD001307,CUST00005,2026-04-20,P0022,Water Bottle,Sports,2,2499,0.0,99,Cash on Delivery,North,Social Media,Desktop,Completed
ORD001308,CUST00678,2026-07-25,P0021,Dumbbell Set,Sports,4,2499,0.0,99,Wallet,East,Organic Search,Desktop,Cancelled
ORD001309,CUST00553,2025-09-02,P0000,Wireless Earbuds,Electronics,1,399,0.1,79,Wallet,East,Organic Search,Mobile,Completed
ORD001310,CUST00291,2025-12-11,P0017,Hair Oil,Beauty,3,1999,0.0,99,Credit Card,East,Email,Mobile,Cancelled
ORD001311,CUST00471,2025-11-25,P0005,T-Shirt,Fashion,2,999,0.15,0,Cash on Delivery,Central,Paid Ads,Mobile,Returned
ORD001312,CUST00185,2026-05-08,P0001,Bluetooth Speaker,Electronics,1,1499,0.05,0,UPI,West,Direct,Desktop,Completed
ORD001313,CUST00133,2026-01-30,P0021,Dumbbell Set,Sports,1,699,0.1,0,Cash on Delivery,Central,Direct,Desktop,Returned
ORD001314,CUST00374,2026-05-28,P0002,Smart Watch,Electronics,3,1499,0.0,79,Wallet,East,Email,Mobile,Cancelled
ORD001315,CUST00290,2026-02-08,P0007,Denim Jacket,Fashion,3,499,0.0,79,UPI,Central,Social Media,Mobile,Returned
ORD001316,CUST00485,2026-08-11,P0002,Smart Watch,Electronics,3,999,0.2,0,Wallet,West,Email,Mobile,Completed
ORD001317,CUST00179,2026-05-26,P0003,Phone Case,Electronics,1,399,0.15,99,Debit Card,North,Direct,Mobile,Completed
ORD001318,CUST00524,2025-08-26,P0001,Bluetooth Speaker,Electronics,2,699,0.0,0,UPI,East,Social Media,Mobile,Completed
ORD001319,CUST00598,2026-08-15,P0021,Dumbbell Set,Sports,1,699,0.2,79,Credit Card,East,Social Media,Mobile,Completed
ORD001320,CUST00132,2026-08-02,P0001,Bluetooth Speaker,Electronics,1,1999,0.15,0,Wallet,South,Paid Ads,Desktop,Completed
ORD001321,CUST00035,2025-09-04,P0018,Sunscreen,Beauty,2,1499,0.0,79,Debit Card,East,Paid Ads,Mobile,Returned
ORD001322,CUST00355,2026-01-09,P0003,Phone Case,Electronics,3,1499,0.0,49,Credit Card,East,Organic Search,Desktop,Completed
ORD001323,CUST00609,2026-08-09,P0022,Water Bottle,Sports,2,499,0.0,0,Wallet,West,Organic Search,Tablet,Cancelled
ORD001324,CUST00515,2026-06-21,P0021,Dumbbell Set,Sports,1,699,0.15,0,Debit Card,West,Organic Search,Mobile,Completed
ORD001325,CUST00552,2026-02-06,P0015,Face Serum,Beauty,1,699,0.15,79,Debit Card,East,Direct,Desktop,Completed
ORD001326,CUST00328,2026-03-06,P0020,Yoga Mat,Sports,2,1999,0.15,0,Credit Card,West,Email,Mobile,Completed
ORD001327,CUST00192,2025-08-30,P0007,Denim Jacket,Fashion,2,399,0.0,49,Wallet,Central,Organic Search,Mobile,Completed
ORD001328,CUST00421,2026-03-14,P0019,Face Wash,Beauty,4,299,0.2,99,Debit Card,South,Direct,Mobile,Completed
ORD001329,CUST00168,2026-04-20,P0005,T-Shirt,Fashion,3,999,0.15,99,UPI,West,Direct,Mobile,Returned
ORD001330,CUST00570,2025-12-29,P0015,Face Serum,Beauty,4,1999,0.2,49,Debit Card,Central,Referral,Desktop,Returned
ORD001331,CUST00161,2025-12-09,P0022,Water Bottle,Sports,1,1499,0.0,79,Wallet,North,Referral,Desktop,Completed
ORD001332,CUST00236,2026-06-18,P0018,Sunscreen,Beauty,2,1999,0.1,99,Debit Card,Central,Organic Search,Desktop,Returned
ORD001333,CUST00402,2026-01-30,P0006,Sneakers,Fashion,1,699,0.1,79,Wallet,West,Email,Desktop,Completed
ORD001334,,2025-11-24,P0018,Sunscreen,Beauty,1,399,0.0,0,UPI,East,Direct,Desktop,Cancelled
ORD001335,CUST00475,2026-01-03,P0022,Water Bottle,Sports,4,1499,0.1,99,Credit Card,West,Paid Ads,Desktop,Cancelled
ORD001336,CUST00354,2026-02-15,P0022,Water Bottle,Sports,2,299,0.05,0,UPI,East,Email,Desktop,Completed
ORD001337,CUST00733,2025-11-22,P0018,Sunscreen,Beauty,3,2499,0.1,49,Debit Card,West,Organic Search,Desktop,Completed
ORD001338,CUST00664,2026-03-12,P0018,Sunscreen,Beauty,2,1499,0.0,79,UPI,West,Paid Ads,Mobile,Completed
ORD001339,CUST00699,2026-06-30,P0019,Face Wash,Beauty,1,999,0.1,49,Credit Card,West,Referral,Mobile,Returned
ORD001340,CUST00496,2026-05-18,P0018,Sunscreen,Beauty,4,399,0.2,0,Wallet,North,Direct,Mobile,Completed
ORD001341,CUST00501,2025-11-12,P0003,Phone Case,Electronics,3,499,0.1,49,Wallet,West,Paid Ads,Mobile,Returned
ORD001342,CUST00480,2026-02-08,P0020,Yoga Mat,Sports,3,2499,0.2,49,Credit Card,South,Referral,Desktop,Completed
ORD001343,CUST00351,2026-03-06,P0004,Power Bank,Electronics,3,299,0.15,79,Cash on Delivery,North,Paid Ads,Tablet,Returned
ORD001344,CUST00267,2026-04-25,P0013,Storage Box,Home,2,299,0.0,99,Debit Card,North,Social Media,Tablet,Completed
ORD001345,CUST00469,2026-05-23,P0008,Backpack,Fashion,2,499,0.15,79,Debit Card,North,Social Media,Mobile,Completed
ORD001346,CUST00020,2026-02-13,P0005,T-Shirt,Fashion,4,399,0.1,0,Credit Card,East,Email,Mobile,Completed
ORD001347,CUST00006,2025-12-12,P0007,Denim Jacket,Fashion,1,1499,0.2,0,Debit Card,West,Paid Ads,Mobile,Completed
ORD001348,CUST00675,2026-04-17,P0002,Smart Watch,Electronics,2,299,0.0,49,Credit Card,South,Paid Ads,Desktop,Completed
ORD001349,CUST00037,2025-10-04,P0010,LED Lamp,Home,2,1999,0.0,99,UPI,East,Direct,Desktop,Completed
ORD001350,CUST00416,2026-04-23,P0010,LED Lamp,Home,3,1999,0.1,79,Wallet,North,Paid Ads,Desktop,Returned
ORD001351,CUST00485,2026-07-13,P0010,LED Lamp,Home,4,399,0.1,0,Debit Card,West,Organic Search,Tablet,Returned
ORD001352,CUST00162,2026-05-05,P0002,Smart Watch,Electronics,4,999,0.1,0,Cash on Delivery,South,Organic Search,Mobile,Completed
ORD001353,CUST00712,2026-01-25,P0015,Face Serum,Beauty,3,1499,0.15,0,Cash on Delivery,East,Paid Ads,Mobile,Completed
ORD001354,CUST00153,2026-06-16,P0004,Power Bank,Electronics,1,1999,0.05,79,Debit Card,Central,Organic Search,Desktop,Completed
ORD001355,CUST00703,2026-03-02,P0021,Dumbbell Set,Sports,4,1499,0.0,79,Wallet,South,Organic Search,Mobile,Completed
ORD001356,CUST00595,2026-03-05,P0000,Wireless Earbuds,Electronics,2,2499,0.2,49,UPI,West,Direct,Mobile,Completed
ORD001357,CUST00196,2026-06-27,P0001,Bluetooth Speaker,Electronics,2,299,0.0,0,Debit Card,Central,Email,Mobile,Completed
ORD001358,CUST00120,2025-10-29,P0007,Denim Jacket,Fashion,4,999,0.0,0,Debit Card,North,Organic Search,Desktop,Completed
ORD001359,CUST00262,2026-05-31,P0010,LED Lamp,Home,2,1999,0.15,99,UPI,South,Paid Ads,Tablet,Completed
ORD001360,CUST00326,2026-04-25,P0024,Running Shoes,Sports,2,399,0.15,49,Credit Card,West,Direct,Mobile,Returned
ORD001361,CUST00199,2026-03-01,P0013,Storage Box,Home,4,399,0.05,79,Wallet,West,Direct,Mobile,Completed
ORD001362,CUST00799,2025-09-17,P0009,Sunglasses,Fashion,2,299,0.1,49,Cash on Delivery,West,Referral,Tablet,Completed
ORD001363,CUST00190,2026-05-26,P0020,Yoga Mat,Sports,3,2499,0.0,49,Debit Card,East,Paid Ads,Mobile,Completed
ORD001364,CUST00658,2025-11-07,P0006,Sneakers,Fashion,1,1999,0.0,79,UPI,West,Referral,Desktop,Completed
ORD001365,CUST00128,2026-07-12,P0022,Water Bottle,Sports,4,299,0.0,0,Cash on Delivery,East,Social Media,Tablet,Completed
ORD001366,CUST00784,2026-06-05,P0010,LED Lamp,Home,2,399,0.0,99,Wallet,Central,Paid Ads,Mobile,Completed
ORD001367,CUST00186,2025-12-30,P0007,Denim Jacket,Fashion,3,699,0.0,49,UPI,North,Email,Mobile,Returned
ORD001368,CUST00344,2026-01-25,P0007,Denim Jacket,Fashion,3,2499,0.0,79,Cash on Delivery,West,Organic Search,Mobile,Completed
ORD001369,CUST00446,2025-08-29,P0000,Wireless Earbuds,Electronics,2,1999,0.1,99,Credit Card,East,Social Media,Mobile,Completed
ORD001370,CUST00096,2026-02-17,P0016,Lip Balm,Beauty,2,2499,0.1,0,UPI,South,Social Media,Mobile,Completed
ORD001371,CUST00645,2025-09-10,P0014,Wall Clock,Home,1,1999,0.0,0,Debit Card,East,Email,Mobile,Completed
ORD001372,CUST00221,2026-08-15,P0015,Face Serum,Beauty,2,1499,0.2,99,Credit Card,South,Paid Ads,Mobile,Cancelled
ORD001373,CUST00437,2026-04-10,P0016,Lip Balm,Beauty,2,499,0.0,79,UPI,South,Organic Search,Desktop,Cancelled
ORD001374,CUST00438,2025-11-13,P0000,Wireless Earbuds,Electronics,2,999,0.0,79,Wallet,North,Social Media,Mobile,Returned
ORD001375,CUST00475,2026-06-09,P0021,Dumbbell Set,Sports,2,699,0.15,99,Wallet,West,Referral,Mobile,Returned
ORD001376,CUST00044,2025-08-27,P0012,Coffee Mug,Home,3,2499,0.0,0,Wallet,North,Email,Mobile,Completed
ORD001377,CUST00134,2026-03-08,P0017,Hair Oil,Beauty,4,699,0.0,99,Debit Card,North,Email,Desktop,Cancelled
ORD001378,CUST00129,2025-09-29,P0000,Wireless Earbuds,Electronics,4,1999,0.05,0,UPI,Central,Email,Mobile,Returned
ORD001379,CUST00248,2025-09-08,P0019,Face Wash,Beauty,4,399,0.1,0,Credit Card,South,Email,Mobile,Completed
ORD001380,CUST00114,2025-11-17,P0016,Lip Balm,Beauty,3,1499,0.0,0,Wallet,South,Paid Ads,Tablet,Cancelled
ORD001381,CUST00734,2025-12-05,P0009,Sunglasses,Fashion,2,699,0.15,0,Cash on Delivery,South,Referral,Desktop,Completed
ORD001382,CUST00408,2026-05-11,P0023,Resistance Band,Sports,3,699,0.0,0,UPI,West,Paid Ads,Desktop,Completed
ORD001383,CUST00492,2026-07-11,P0016,Lip Balm,Beauty,1,1999,0.2,0,Debit Card,East,Email,Desktop,Cancelled
ORD001384,CUST00294,2026-05-30,P0022,Water Bottle,Sports,4,699,0.1,49,Debit Card,East,Referral,Mobile,Completed
ORD001385,CUST00222,2026-05-17,P0020,Yoga Mat,Sports,3,299,0.0,0,Wallet,West,Email,Mobile,Returned
ORD001386,CUST00401,2026-03-14,P0005,T-Shirt,Fashion,1,699,0.0,0,Wallet,East,Referral,Mobile,Cancelled
ORD001387,CUST00237,2026-01-02,P0024,Running Shoes,Sports,2,2499,0.0,0,UPI,East,Paid Ads,Desktop,Completed
ORD001388,CUST00283,2025-11-21,P0018,Sunscreen,Beauty,2,2499,0.15,99,Debit Card,South,Email,Tablet,Completed
ORD001389,CUST00363,2026-07-31,P0004,Power Bank,Electronics,2,999,0.1,0,UPI,North,Organic Search,Desktop,Returned
ORD001390,CUST00402,2026-02-26,P0019,Face Wash,Beauty,1,1499,0.05,49,Debit Card,West,Email,Mobile,Completed
ORD001391,CUST00786,2026-03-13,P0010,LED Lamp,Home,1,499,0.1,0,Credit Card,South,Paid Ads,Desktop,Returned
ORD001392,CUST00183,2025-08-25,P0021,Dumbbell Set,Sports,2,1999,0.1,0,UPI,West,Email,Desktop,Completed
ORD001393,CUST00388,2026-02-03,P0004,Power Bank,Electronics,2,999,0.1,0,Cash on Delivery,Central,Paid Ads,Mobile,Cancelled
ORD001394,CUST00120,2026-04-25,P0006,Sneakers,Fashion,4,299,0.0,99,Wallet,North,Organic Search,Mobile,Completed
ORD001395,CUST00287,2026-02-16,P0008,Backpack,Fashion,2,2499,0.0,0,Credit Card,Central,Referral,Mobile,Cancelled
ORD001396,CUST00562,2026-04-01,P0011,Cushion Cover,Home,2,1999,0.0,49,Cash on Delivery,Central,Referral,Mobile,Completed
ORD001397,CUST00140,2026-06-11,P0015,Face Serum,Beauty,4,299,0.15,49,Debit Card,South,Paid Ads,Desktop,Completed
ORD001398,CUST00461,2025-08-27,P0005,T-Shirt,Fashion,4,699,0.05,0,Wallet,East,Paid Ads,Mobile,Completed
ORD001399,,2026-07-16,P0017,Hair Oil,Beauty,1,1499,0.05,0,UPI,North,Organic Search,Desktop,Completed
ORD001400,CUST00041,2026-06-14,P0000,Wireless Earbuds,Electronics,1,1499,0.15,0,Wallet,North,Direct,Mobile,Returned
ORD001401,CUST00742,2026-01-20,P0008,Backpack,Fashion,1,399,0.05,0,Wallet,South,Referral,Mobile,Completed
ORD001402,CUST00336,2026-05-25,P0016,Lip Balm,Beauty,2,299,0.2,79,Debit Card,East,Paid Ads,Desktop,Completed
ORD001403,CUST00615,2025-09-13,P0006,Sneakers,Fashion,3,2499,0.0,49,Wallet,North,Social Media,Desktop,Completed
ORD001404,CUST00340,2025-12-10,P0010,LED Lamp,Home,2,2499,0.0,49,UPI,North,Direct,Desktop,Completed
ORD001405,CUST00747,2025-09-28,P0015,Face Serum,Beauty,1,1499,0.0,0,Debit Card,Central,Social Media,Desktop,Cancelled
ORD001406,CUST00235,2026-04-08,P0006,Sneakers,Fashion,1,1499,0.05,79,Credit Card,East,Direct,Desktop,Completed
ORD001407,CUST00336,2026-06-28,P0024,Running Shoes,Sports,3,1499,0.15,99,UPI,East,Direct,Mobile,Completed
ORD001408,CUST00593,2026-03-27,P0021,Dumbbell Set,Sports,2,699,0.1,99,UPI,North,Direct,Desktop,Cancelled
ORD001409,CUST00283,2026-05-06,P0024,Running Shoes,Sports,1,1499,0.2,0,UPI,South,Direct,Mobile,Completed
ORD001410,CUST00300,2025-10-11,P0012,Coffee Mug,Home,3,499,0.0,79,Wallet,South,Social Media,Desktop,Completed
ORD001411,CUST00793,2026-07-26,P0008,Backpack,Fashion,3,299,0.05,0,Wallet,North,Social Media,Desktop,Completed
ORD001412,CUST00444,2025-10-29,P0024,Running Shoes,Sports,2,499,0.15,99,Credit Card,East,Email,Mobile,Cancelled
ORD001413,CUST00544,2026-02-28,P0018,Sunscreen,Beauty,4,499,0.05,49,Debit Card,West,Organic Search,Mobile,Cancelled
ORD001414,CUST00509,2026-04-26,P0019,Face Wash,Beauty,4,499,0.0,79,Cash on Delivery,Central,Email,Desktop,Completed
ORD001415,CUST00655,2026-06-28,P0004,Power Bank,Electronics,1,699,0.15,49,UPI,South,Organic Search,Mobile,Completed
ORD001416,CUST00684,2026-07-26,P0021,Dumbbell Set,Sports,4,399,0.2,79,UPI,East,Direct,Desktop,Completed
ORD001417,CUST00449,2026-03-26,P0013,Storage Box,Home,1,699,0.0,99,Cash on Delivery,West,Email,Desktop,Completed
ORD001418,CUST00238,2026-03-18,P0019,Face Wash,Beauty,2,699,0.05,0,Wallet,East,Social Media,Mobile,Completed
ORD001419,CUST00018,2026-01-19,P0020,Yoga Mat,Sports,4,399,0.15,99,Cash on Delivery,East,Paid Ads,Desktop,Returned
ORD001420,CUST00484,2026-03-15,P0002,Smart Watch,Electronics,4,699,0.0,49,UPI,East,Email,Desktop,Completed
ORD001421,CUST00652,2026-04-23,P0002,Smart Watch,Electronics,1,1499,0.0,0,Credit Card,South,Email,Mobile,Completed
ORD001422,CUST00362,2026-04-13,P0001,Bluetooth Speaker,Electronics,1,699,0.15,49,Wallet,West,Direct,Mobile,Completed
ORD001423,CUST00131,2026-03-24,P0016,Lip Balm,Beauty,1,299,0.15,0,Cash on Delivery,South,Referral,Desktop,Completed
ORD001424,CUST00233,2026-01-27,P0022,Water Bottle,Sports,2,1499,0.0,49,UPI,Central,Paid Ads,Desktop,Completed
ORD001425,CUST00406,2025-10-30,P0000,Wireless Earbuds,Electronics,2,999,0.1,49,UPI,West,Organic Search,Desktop,Returned
ORD001426,CUST00661,2025-09-08,P0003,Phone Case,Electronics,2,699,0.15,0,Credit Card,Central,Email,Desktop,Completed
ORD001427,CUST00136,2026-01-20,P0012,Coffee Mug,Home,2,299,0.2,49,Debit Card,North,Organic Search,Desktop,Completed
ORD001428,CUST00482,2026-01-11,P0009,Sunglasses,Fashion,3,299,0.15,79,Cash on Delivery,East,Organic Search,Mobile,Completed
ORD001429,CUST00589,2026-03-29,P0002,Smart Watch,Electronics,4,299,0.0,99,Credit Card,West,Paid Ads,Mobile,Returned
ORD001430,CUST00746,2026-07-14,P0015,Face Serum,Beauty,3,1999,0.1,0,Wallet,North,Direct,Desktop,Returned
ORD001431,CUST00094,2026-05-03,P0022,Water Bottle,Sports,2,499,0.15,0,Wallet,Central,Organic Search,Mobile,Completed
ORD001432,CUST00737,2026-06-09,P0005,T-Shirt,Fashion,3,699,0.0,49,UPI,Central,Social Media,Tablet,Cancelled
ORD001433,CUST00475,2026-03-19,P0000,Wireless Earbuds,Electronics,3,1499,0.0,99,Cash on Delivery,West,Organic Search,Mobile,Completed
ORD001434,CUST00598,2026-07-24,P0005,T-Shirt,Fashion,4,1499,0.05,0,Wallet,East,Referral,Mobile,Completed
ORD001435,CUST00042,2026-07-28,P0004,Power Bank,Electronics,4,299,0.15,0,Cash on Delivery,West,Direct,Desktop,Completed
ORD001436,CUST00402,2025-10-14,P0011,Cushion Cover,Home,2,2499,0.05,99,Debit Card,West,Organic Search,Mobile,Completed
ORD001437,CUST00491,2026-04-10,P0002,Smart Watch,Electronics,4,499,0.1,49,Wallet,Central,Paid Ads,Mobile,Completed
ORD001438,CUST00253,2026-02-20,P0009,Sunglasses,Fashion,4,1999,0.1,0,Wallet,West,Social Media,Tablet,Completed
ORD001439,CUST00350,2026-08-09,P0002,Smart Watch,Electronics,1,1999,0.2,0,Cash on Delivery,North,Social Media,Desktop,Completed
ORD001440,CUST00443,2026-03-21,P0016,Lip Balm,Beauty,3,999,0.1,79,UPI,North,Paid Ads,Mobile,Completed
ORD001441,CUST00441,2025-08-25,P0011,Cushion Cover,Home,1,399,0.0,0,Debit Card,Central,Social Media,Mobile,Completed
ORD001442,CUST00032,2025-11-04,P0001,Bluetooth Speaker,Electronics,2,999,0.0,79,Cash on Delivery,North,Referral,Desktop,Completed
ORD001443,CUST00355,2025-10-06,P0001,Bluetooth Speaker,Electronics,1,399,0.0,0,Wallet,East,Paid Ads,Mobile,Completed
ORD001444,CUST00175,2025-11-01,P0012,Coffee Mug,Home,2,1999,0.15,0,Debit Card,East,Organic Search,Mobile,Returned
ORD001445,CUST00732,2025-09-23,P0014,Wall Clock,Home,3,1999,0.2,0,Debit Card,Central,Social Media,Mobile,Cancelled
ORD001446,CUST00781,2026-06-01,P0004,Power Bank,Electronics,2,1999,0.15,99,Wallet,Central,Social Media,Desktop,Completed
ORD001447,CUST00244,2026-02-16,P0008,Backpack,Fashion,1,1999,0.0,49,UPI,Central,Paid Ads,Mobile,Completed
ORD001448,CUST00140,2026-04-22,P0015,Face Serum,Beauty,2,399,0.1,99,Cash on Delivery,South,Organic Search,Desktop,Returned
ORD001449,CUST00181,2026-08-19,P0011,Cushion Cover,Home,3,299,0.0,99,Wallet,South,Organic Search,Mobile,Completed
ORD001450,CUST00380,2026-04-13,P0002,Smart Watch,Electronics,4,1499,0.0,79,Cash on Delivery,East,Direct,Desktop,Completed
ORD001451,CUST00695,2026-02-10,P0009,Sunglasses,Fashion,1,999,0.0,49,Debit Card,West,Organic Search,Mobile,Cancelled
ORD001452,CUST00398,2025-11-25,P0004,Power Bank,Electronics,2,1999,0.05,99,Wallet,Central,Paid Ads,Mobile,Completed
ORD001453,CUST00044,2026-05-22,P0023,Resistance Band,Sports,1,1499,0.0,49,Credit Card,North,Direct,Desktop,Returned
ORD001454,CUST00031,2026-02-20,P0020,Yoga Mat,Sports,1,1999,0.05,49,Wallet,North,Email,Mobile,Completed
ORD001455,CUST00187,2026-05-23,P0007,Denim Jacket,Fashion,1,499,0.0,0,UPI,West,Organic Search,Desktop,Completed
ORD001456,CUST00667,2025-08-28,P0005,T-Shirt,Fashion,4,299,0.15,99,UPI,South,Paid Ads,Desktop,Completed
ORD001457,CUST00490,2025-10-18,P0003,Phone Case,Electronics,4,299,0.0,0,Cash on Delivery,Central,Social Media,Mobile,Completed
ORD001458,CUST00448,2025-10-06,P0018,Sunscreen,Beauty,3,699,0.15,99,Credit Card,Central,Social Media,Desktop,Cancelled
ORD001459,CUST00265,2026-04-25,P0022,Water Bottle,Sports,2,299,0.0,0,Debit Card,East,Referral,Tablet,Completed
ORD001460,CUST00739,2026-02-25,P0006,Sneakers,Fashion,4,999,0.2,79,UPI,East,Organic Search,Mobile,Returned
ORD001461,CUST00273,2025-12-13,P0015,Face Serum,Beauty,2,699,0.1,0,UPI,South,Organic Search,Mobile,Returned
ORD001462,CUST00661,2025-12-11,P0005,T-Shirt,Fashion,3,499,0.0,99,UPI,Central,Email,Desktop,Completed
ORD001463,CUST00712,2026-03-29,P0022,Water Bottle,Sports,3,999,0.15,99,UPI,East,Referral,Mobile,Cancelled
ORD001464,CUST00384,2026-08-07,P0007,Denim Jacket,Fashion,3,1499,0.15,79,Credit Card,East,Organic Search,Desktop,Completed
ORD001465,CUST00711,2026-08-18,P0002,Smart Watch,Electronics,2,299,0.15,99,Cash on Delivery,East,Direct,Mobile,Completed
ORD001466,CUST00223,2026-02-08,P0022,Water Bottle,Sports,2,699,0.2,49,Wallet,Central,Referral,Desktop,Completed
ORD001467,CUST00521,2026-04-21,P0023,Resistance Band,Sports,2,2499,0.2,99,Wallet,North,Social Media,Mobile,Completed
ORD001468,CUST00072,2025-09-19,P0009,Sunglasses,Fashion,3,499,0.0,49,Credit Card,South,Social Media,Mobile,Completed
ORD001469,CUST00377,2026-07-31,P0022,Water Bottle,Sports,3,1999,0.0,0,Credit Card,West,Referral,Desktop,Cancelled
ORD001470,CUST00177,2025-08-26,P0006,Sneakers,Fashion,2,499,0.0,49,UPI,Central,Email,Mobile,Returned
ORD001471,CUST00051,2025-12-22,P0006,Sneakers,Fashion,3,499,0.0,0,Credit Card,South,Email,Mobile,Completed
ORD001472,CUST00003,2026-05-11,P0013,Storage Box,Home,1,1999,0.0,79,UPI,Central,Paid Ads,Desktop,Completed
ORD001473,CUST00269,2026-08-08,P0015,Face Serum,Beauty,2,499,0.1,0,Cash on Delivery,West,Referral,Mobile,Completed
ORD001474,CUST00467,2025-10-21,P0009,Sunglasses,Fashion,4,1999,0.1,0,Cash on Delivery,Central,Paid Ads,Mobile,Completed
ORD001475,CUST00364,2026-04-18,P0019,Face Wash,Beauty,3,1499,0.0,99,UPI,West,Social Media,Desktop,Returned
ORD001476,CUST00248,2025-10-27,P0019,Face Wash,Beauty,3,1999,0.0,79,Debit Card,South,Referral,Tablet,Cancelled
ORD001477,CUST00790,2025-09-07,P0003,Phone Case,Electronics,4,1999,0.0,0,Credit Card,South,Email,Mobile,Returned
ORD001478,CUST00750,2026-01-21,P0024,Running Shoes,Sports,3,2499,0.0,49,Credit Card,Central,Direct,Desktop,Completed
ORD001479,CUST00100,2026-03-18,P0003,Phone Case,Electronics,3,999,0.0,49,Debit Card,South,Referral,Desktop,Completed
ORD001480,CUST00339,2025-11-24,P0013,Storage Box,Home,2,2499,0.05,0,UPI,North,Email,Mobile,Completed
ORD001481,CUST00513,2026-08-10,P0010,LED Lamp,Home,4,299,0.0,79,Wallet,South,Organic Search,Desktop,Completed
ORD001482,CUST00577,2026-04-02,P0011,Cushion Cover,Home,3,699,0.15,0,UPI,South,Direct,Mobile,Completed
ORD001483,CUST00301,2026-01-26,P0003,Phone Case,Electronics,3,699,0.2,49,Cash on Delivery,West,Email,Desktop,Completed
ORD001484,CUST00585,2026-02-13,P0008,Backpack,Fashion,1,299,0.15,0,Credit Card,North,Paid Ads,Desktop,Cancelled
ORD001485,CUST00099,2026-02-05,P0000,Wireless Earbuds,Electronics,4,1999,0.15,79,UPI,North,Organic Search,Mobile,Completed
ORD001486,CUST00273,2025-09-29,P0024,Running Shoes,Sports,2,1999,0.15,79,Wallet,South,Referral,Mobile,Returned
ORD001487,CUST00561,2026-03-29,P0003,Phone Case,Electronics,2,1499,0.2,99,Credit Card,South,Organic Search,Mobile,Cancelled
ORD001488,CUST00493,2026-06-02,P0012,Coffee Mug,Home,1,1499,0.2,0,Cash on Delivery,East,Social Media,Mobile,Returned
ORD001489,CUST00661,2026-01-20,P0005,T-Shirt,Fashion,1,999,0.0,0,Cash on Delivery,Central,Referral,Tablet,Completed
ORD001490,CUST00038,2026-01-22,P0004,Power Bank,Electronics,1,699,0.1,0,Wallet,South,Referral,Desktop,Completed
ORD001491,CUST00140,2026-07-18,P0009,Sunglasses,Fashion,1,1499,0.0,99,Wallet,South,Referral,Desktop,Completed
ORD001492,CUST00039,2026-03-30,P0024,Running Shoes,Sports,1,2499,0.15,0,Debit Card,Central,Direct,Mobile,Cancelled
ORD001493,CUST00157,2025-12-06,P0011,Cushion Cover,Home,2,499,0.0,79,Credit Card,South,Social Media,Mobile,Returned
ORD001494,CUST00004,2025-08-21,P0024,Running Shoes,Sports,4,499,0.0,0,Debit Card,West,Paid Ads,Desktop,Completed
ORD001495,CUST00401,2026-06-16,P0020,Yoga Mat,Sports,4,299,0.0,0,Credit Card,East,Referral,Mobile,Returned
ORD001496,CUST00419,2026-04-05,P0010,LED Lamp,Home,1,2499,0.15,0,UPI,East,Email,Mobile,Completed
ORD001497,CUST00521,2026-04-05,P0022,Water Bottle,Sports,2,999,0.0,79,Cash on Delivery,North,Social Media,Mobile,Completed
ORD001498,CUST00317,2025-12-01,P0008,Backpack,Fashion,4,999,0.2,0,Wallet,North,Referral,Tablet,Completed
ORD001499,CUST00003,2025-10-26,P0012,Coffee Mug,Home,3,499,0.05,0,Cash on Delivery,Central,Social Media,Desktop,Completed
ORD001500,CUST00532,2026-02-16,P0017,Hair Oil,Beauty,4,299,0.1,79,Cash on Delivery,Central,Organic Search,Mobile,Completed
ORD001501,CUST00042,2026-05-23,P0014,Wall Clock,Home,2,1999,0.05,49,Wallet,West,Email,Tablet,Completed
ORD001502,CUST00686,2025-12-06,P0020,Yoga Mat,Sports,1,1999,0.05,79,Credit Card,Central,Social Media,Desktop,Completed
ORD001503,CUST00017,2026-02-28,P0004,Power Bank,Electronics,1,499,0.0,0,Cash on Delivery,West,Email,Desktop,Completed
ORD001504,CUST00420,2026-08-18,P0012,Coffee Mug,Home,3,1999,0.0,99,UPI,West,Email,Mobile,Returned
ORD001505,CUST00711,2025-11-08,P0016,Lip Balm,Beauty,1,999,0.1,0,UPI,East,Email,Mobile,Completed
ORD001506,CUST00455,2025-11-12,P0008,Backpack,Fashion,2,1499,0.0,0,Cash on Delivery,West,Social Media,Mobile,Completed
ORD001507,CUST00479,2025-11-14,P0021,Dumbbell Set,Sports,2,399,0.2,0,Wallet,East,Paid Ads,Desktop,Cancelled
ORD001508,CUST00538,2026-07-19,P0007,Denim Jacket,Fashion,4,999,0.0,0,Credit Card,South,Paid Ads,Desktop,Returned
ORD001509,CUST00097,2026-02-28,P0007,Denim Jacket,Fashion,4,399,0.0,49,Wallet,West,Referral,Mobile,Cancelled
ORD001510,CUST00534,2026-07-21,P0008,Backpack,Fashion,2,399,0.0,0,Cash on Delivery,Central,Direct,Mobile,Completed
ORD001511,CUST00699,2026-07-31,P0016,Lip Balm,Beauty,3,499,0.2,79,Debit Card,West,Social Media,Mobile,Completed
ORD001512,CUST00779,2026-01-20,P0002,Smart Watch,Electronics,2,399,0.0,79,UPI,North,Referral,Desktop,Completed
ORD001513,CUST00358,2025-09-09,P0003,Phone Case,Electronics,4,2499,0.0,79,Credit Card,North,Direct,Mobile,Completed
ORD001514,CUST00284,2025-12-08,P0019,Face Wash,Beauty,2,299,0.0,0,Wallet,East,Email,Desktop,Returned
ORD001515,CUST00589,2026-03-06,P0005,T-Shirt,Fashion,3,2499,0.2,0,Credit Card,West,Direct,Tablet,Completed
ORD001516,CUST00432,2026-01-06,P0002,Smart Watch,Electronics,4,399,0.2,0,UPI,Central,Referral,Desktop,Completed
ORD001517,CUST00209,2025-08-20,P0006,Sneakers,Fashion,1,1999,0.0,49,Wallet,East,Email,Mobile,Completed
ORD001518,CUST00138,2026-08-16,P0009,Sunglasses,Fashion,1,499,0.1,49,Cash on Delivery,North,Organic Search,Desktop,Completed
ORD001519,CUST00134,2025-12-08,P0000,Wireless Earbuds,Electronics,2,2499,0.0,0,Debit Card,North,Social Media,Desktop,Cancelled
ORD001520,CUST00367,2026-04-02,P0020,Yoga Mat,Sports,4,999,0.15,0,Cash on Delivery,South,Paid Ads,Desktop,Completed
ORD001521,CUST00134,2026-07-31,P0002,Smart Watch,Electronics,3,699,0.15,49,Credit Card,North,Direct,Mobile,Completed
ORD001522,CUST00014,2026-03-06,P0010,LED Lamp,Home,1,399,0.05,49,Credit Card,South,Organic Search,Mobile,Returned
ORD001523,CUST00041,2026-04-30,P0005,T-Shirt,Fashion,2,699,0.2,49,Credit Card,North,Social Media,Mobile,Completed
ORD001524,CUST00740,2025-09-02,P0007,Denim Jacket,Fashion,3,999,0.0,79,Wallet,South,Social Media,Mobile,Completed
ORD001525,CUST00058,2026-05-01,P0001,Bluetooth Speaker,Electronics,4,2499,0.2,79,Debit Card,East,Social Media,Desktop,Completed
ORD001526,CUST00058,2026-06-25,P0023,Resistance Band,Sports,2,499,0.0,99,Credit Card,East,Email,Mobile,Returned
ORD001527,CUST00362,2026-07-21,P0023,Resistance Band,Sports,1,299,0.2,99,Wallet,West,Email,Desktop,Returned
ORD001528,CUST00199,2025-09-19,P0003,Phone Case,Electronics,1,499,0.15,0,Debit Card,West,Paid Ads,Desktop,Completed
ORD001529,CUST00769,2025-11-11,P0004,Power Bank,Electronics,1,399,0.05,0,Wallet,Central,Direct,Mobile,Completed
ORD001530,CUST00728,2025-09-06,P0022,Water Bottle,Sports,1,2499,0.0,0,UPI,South,Social Media,Mobile,Completed
ORD001531,CUST00329,2026-07-21,P0010,LED Lamp,Home,2,399,0.15,0,Credit Card,South,Organic Search,Mobile,Completed
ORD001532,CUST00361,2025-11-28,P0001,Bluetooth Speaker,Electronics,2,2499,0.1,49,Wallet,West,Direct,Mobile,Cancelled
ORD001533,CUST00308,2026-03-01,P0003,Phone Case,Electronics,2,299,0.2,79,Cash on Delivery,South,Social Media,Tablet,Cancelled
ORD001534,CUST00030,2026-02-09,P0010,LED Lamp,Home,4,1999,0.0,0,Debit Card,East,Email,Mobile,Completed
ORD001535,CUST00237,2026-04-28,P0013,Storage Box,Home,2,699,0.0,99,Cash on Delivery,East,Direct,Mobile,Cancelled
ORD001536,CUST00098,2026-07-12,P0015,Face Serum,Beauty,3,299,0.0,0,Debit Card,North,Email,Mobile,Completed
ORD001537,CUST00082,2025-12-16,P0003,Phone Case,Electronics,3,999,0.0,49,Debit Card,West,Referral,Desktop,Returned
ORD001538,CUST00448,2026-06-04,P0009,Sunglasses,Fashion,1,1499,0.0,49,Credit Card,Central,Email,Desktop,Completed
ORD001539,CUST00080,2025-12-04,P0006,Sneakers,Fashion,4,1999,0.0,0,Debit Card,Central,Social Media,Tablet,Returned
ORD001540,CUST00083,2025-10-31,P0013,Storage Box,Home,2,399,0.05,0,Debit Card,South,Referral,Mobile,Completed
ORD001541,CUST00382,2025-09-27,P0008,Backpack,Fashion,4,999,0.2,49,Wallet,East,Email,Mobile,Returned
ORD001542,CUST00358,2026-01-02,P0005,T-Shirt,Fashion,1,999,0.0,0,Credit Card,North,Direct,Desktop,Completed
ORD001543,CUST00109,2026-03-12,P0020,Yoga Mat,Sports,4,699,0.0,79,UPI,Central,Paid Ads,Mobile,Cancelled
ORD001544,CUST00004,2026-05-31,P0014,Wall Clock,Home,3,2499,0.2,79,Debit Card,West,Referral,Mobile,Completed
ORD001545,CUST00157,2026-06-25,P0011,Cushion Cover,Home,1,699,0.0,79,Credit Card,South,Referral,Tablet,Completed
ORD001546,CUST00193,2026-02-28,P0003,Phone Case,Electronics,4,699,0.0,99,Cash on Delivery,North,Referral,Desktop,Completed
ORD001547,CUST00627,2026-01-16,P0001,Bluetooth Speaker,Electronics,3,999,0.2,99,UPI,West,Social Media,Mobile,Completed
ORD001548,CUST00732,2025-10-22,P0019,Face Wash,Beauty,4,2499,0.0,0,Debit Card,Central,Referral,Tablet,Completed
ORD001549,CUST00330,2026-07-19,P0024,Running Shoes,Sports,1,1999,0.0,99,Wallet,South,Direct,Mobile,Completed
ORD001550,CUST00330,2026-01-11,P0014,Wall Clock,Home,4,1499,0.0,49,Cash on Delivery,South,Organic Search,Mobile,Returned
ORD001551,CUST00559,2026-05-26,P0000,Wireless Earbuds,Electronics,4,299,0.0,0,Debit Card,Central,Referral,Mobile,Completed
ORD001552,CUST00493,2026-04-05,P0012,Coffee Mug,Home,2,499,0.2,99,Debit Card,East,Email,Mobile,Cancelled
ORD001553,CUST00147,2026-07-25,P0007,Denim Jacket,Fashion,2,299,0.2,99,Wallet,Central,Email,Mobile,Completed
ORD001554,CUST00086,2026-08-10,P0001,Bluetooth Speaker,Electronics,2,299,0.1,0,UPI,East,Social Media,Desktop,Completed
ORD001555,CUST00354,2026-05-04,P0003,Phone Case,Electronics,2,1999,0.1,99,Wallet,East,Referral,Tablet,Completed
ORD001556,CUST00449,2026-04-18,P0012,Coffee Mug,Home,4,1999,0.1,79,Credit Card,West,Organic Search,Desktop,Completed
ORD001557,CUST00109,2025-10-09,P0010,LED Lamp,Home,4,299,0.1,49,Cash on Delivery,Central,Social Media,Tablet,Completed
ORD001558,CUST00237,2025-08-25,P0014,Wall Clock,Home,1,699,0.05,0,Credit Card,East,Email,Mobile,Completed
ORD001559,CUST00252,2026-03-07,P0017,Hair Oil,Beauty,1,499,0.0,79,Debit Card,North,Paid Ads,Mobile,Cancelled
ORD001560,CUST00213,2026-05-04,P0006,Sneakers,Fashion,1,299,0.2,99,Wallet,Central,Paid Ads,Mobile,Completed
ORD001561,CUST00368,2026-05-19,P0007,Denim Jacket,Fashion,3,699,0.2,0,UPI,South,Email,Mobile,Completed
ORD001562,CUST00517,2025-11-19,P0016,Lip Balm,Beauty,2,299,0.0,0,Debit Card,East,Email,Mobile,Completed
ORD001563,CUST00405,2026-02-19,P0004,Power Bank,Electronics,4,1499,0.0,0,Cash on Delivery,South,Direct,Mobile,Completed
ORD001564,CUST00167,2026-06-30,P0001,Bluetooth Speaker,Electronics,4,2499,0.15,0,Debit Card,South,Direct,Tablet,Completed
ORD001565,CUST00083,2025-09-23,P0021,Dumbbell Set,Sports,1,699,0.0,0,Wallet,South,Organic Search,Mobile,Completed
ORD001566,CUST00649,2026-01-07,P0005,T-Shirt,Fashion,3,399,0.15,99,UPI,West,Social Media,Desktop,Completed
ORD001567,CUST00381,2026-07-30,P0003,Phone Case,Electronics,4,699,0.2,99,UPI,South,Referral,Mobile,Returned
ORD001568,CUST00050,2025-10-31,P0018,Sunscreen,Beauty,4,2499,0.0,79,Wallet,East,Referral,Mobile,Completed
ORD001569,CUST00210,2025-12-13,P0013,Storage Box,Home,3,399,0.15,0,Debit Card,East,Organic Search,Desktop,Completed
ORD001570,CUST00631,2026-02-06,P0003,Phone Case,Electronics,2,1499,0.0,0,Debit Card,South,Direct,Mobile,Completed
ORD001571,CUST00588,2026-04-28,P0021,Dumbbell Set,Sports,4,299,0.0,0,Wallet,South,Paid Ads,Mobile,Completed
ORD001572,CUST00696,2025-11-21,P0006,Sneakers,Fashion,2,499,0.05,79,Credit Card,Central,Direct,Desktop,Returned
ORD001573,CUST00475,2026-06-05,P0016,Lip Balm,Beauty,4,699,0.1,0,UPI,West,Social Media,Desktop,Completed
ORD001574,CUST00345,2025-11-14,P0016,Lip Balm,Beauty,2,699,0.0,99,Debit Card,South,Organic Search,Mobile,Completed
ORD001575,CUST00347,2026-01-01,P0020,Yoga Mat,Sports,4,399,0.0,79,UPI,North,Paid Ads,Mobile,Completed
ORD001576,CUST00158,2026-03-17,P0018,Sunscreen,Beauty,4,1999,0.0,49,UPI,East,Referral,Mobile,Completed
ORD001577,CUST00515,2025-08-24,P0017,Hair Oil,Beauty,3,1499,0.1,99,UPI,West,Direct,Mobile,Completed
ORD001578,CUST00464,2026-05-27,P0001,Bluetooth Speaker,Electronics,1,699,0.0,0,Cash on Delivery,West,Organic Search,Desktop,Completed
ORD001579,CUST00124,2026-04-21,P0023,Resistance Band,Sports,1,699,0.0,49,Cash on Delivery,West,Referral,Mobile,Cancelled
ORD001580,CUST00704,2026-06-20,P0003,Phone Case,Electronics,4,299,0.0,0,Credit Card,North,Referral,Mobile,Completed
ORD001581,CUST00301,2025-11-28,P0006,Sneakers,Fashion,4,1499,0.2,0,Wallet,West,Email,Desktop,Completed
ORD001582,CUST00040,2026-01-12,P0011,Cushion Cover,Home,3,399,0.1,99,Debit Card,Central,Organic Search,Desktop,Completed
ORD001583,CUST00271,2026-07-13,P0007,Denim Jacket,Fashion,4,499,0.2,79,Wallet,North,Social Media,Mobile,Completed
ORD001584,CUST00688,2025-09-13,P0014,Wall Clock,Home,4,1999,0.05,0,UPI,West,Organic Search,Desktop,Completed
ORD001585,CUST00732,2026-02-15,P0001,Bluetooth Speaker,Electronics,2,1499,0.15,0,Cash on Delivery,Central,Social Media,Desktop,Returned
ORD001586,CUST00390,2026-02-12,P0011,Cushion Cover,Home,4,1499,0.1,0,Cash on Delivery,Central,Paid Ads,Mobile,Cancelled
ORD001587,CUST00762,2026-01-30,P0008,Backpack,Fashion,4,499,0.05,99,Credit Card,South,Direct,Mobile,Completed
ORD001588,CUST00695,2026-01-25,P0016,Lip Balm,Beauty,2,999,0.05,0,Credit Card,West,Direct,Desktop,Completed
ORD001589,CUST00652,2026-05-19,P0012,Coffee Mug,Home,1,299,0.05,79,Credit Card,South,Paid Ads,Mobile,Cancelled
ORD001590,CUST00682,2025-10-30,P0018,Sunscreen,Beauty,3,399,0.0,0,Wallet,West,Referral,Mobile,Completed
ORD001591,CUST00315,2026-07-11,P0004,Power Bank,Electronics,2,1999,0.1,0,Debit Card,West,Direct,Desktop,Completed
ORD001592,CUST00592,2026-07-13,P0023,Resistance Band,Sports,2,699,0.05,49,Wallet,North,Email,Mobile,Completed
ORD001593,CUST00458,2025-10-24,P0009,Sunglasses,Fashion,3,1499,0.2,0,Debit Card,Central,Direct,Mobile,Returned
ORD001594,CUST00565,2026-08-10,P0008,Backpack,Fashion,4,1999,0.2,0,Debit Card,West,Direct,Mobile,Completed
ORD001595,CUST00143,2025-11-23,P0013,Storage Box,Home,1,2499,0.05,0,Wallet,South,Direct,Mobile,Cancelled
ORD001596,CUST00575,2025-09-07,P0004,Power Bank,Electronics,4,299,0.0,0,Wallet,Central,Paid Ads,Desktop,Completed
ORD001597,CUST00764,2026-01-12,P0020,Yoga Mat,Sports,2,999,0.15,0,UPI,East,Direct,Mobile,Completed
ORD001598,CUST00249,2026-06-06,P0006,Sneakers,Fashion,3,2499,0.1,0,UPI,Central,Referral,Mobile,Completed
ORD001599,CUST00787,2026-06-24,P0023,Resistance Band,Sports,4,399,0.0,79,Wallet,Central,Direct,Desktop,Returned
ORD001600,CUST00312,2026-04-12,P0003,Phone Case,Electronics,1,1999,0.15,0,Credit Card,East,Social Media,Desktop,Returned
ORD001601,CUST00166,2026-06-12,P0021,Dumbbell Set,Sports,1,999,0.1,49,UPI,West,Email,Mobile,Completed
ORD001602,CUST00089,2025-11-23,P0009,Sunglasses,Fashion,4,499,0.1,0,Debit Card,Central,Referral,Mobile,Completed
ORD001603,CUST00615,2026-07-06,P0015,Face Serum,Beauty,2,1999,0.15,0,Credit Card,North,Email,Mobile,Completed
ORD001604,CUST00443,2026-04-08,P0021,Dumbbell Set,Sports,4,1999,0.0,0,Debit Card,North,Direct,Tablet,Completed
ORD001605,CUST00254,2025-10-07,P0003,Phone Case,Electronics,2,399,0.15,0,Credit Card,West,Referral,Mobile,Returned
ORD001606,CUST00479,2025-10-05,P0008,Backpack,Fashion,3,1499,0.0,79,Debit Card,East,Social Media,Mobile,Cancelled
ORD001607,CUST00273,2025-11-25,P0023,Resistance Band,Sports,3,2499,0.15,49,Credit Card,South,Social Media,Desktop,Completed
ORD001608,CUST00361,2025-09-14,P0003,Phone Case,Electronics,4,1499,0.1,0,Wallet,West,Social Media,Desktop,Cancelled
ORD001609,CUST00684,2025-12-01,P0002,Smart Watch,Electronics,3,999,0.1,0,Debit Card,East,Social Media,Tablet,Completed
ORD001610,CUST00528,2026-08-17,P0013,Storage Box,Home,3,399,0.15,0,Wallet,Central,Direct,Mobile,Completed
ORD001611,CUST00595,2025-11-15,P0000,Wireless Earbuds,Electronics,2,699,0.0,0,Wallet,West,Social Media,Tablet,Completed
ORD001612,CUST00463,2026-04-09,P0024,Running Shoes,Sports,2,2499,0.15,49,Cash on Delivery,Central,Referral,Mobile,Completed
ORD001613,CUST00790,2026-08-11,P0022,Water Bottle,Sports,2,1999,0.0,0,Credit Card,South,Direct,Desktop,Completed
ORD001614,CUST00196,2025-11-20,P0004,Power Bank,Electronics,2,699,0.1,79,UPI,Central,Direct,Mobile,Completed
ORD001615,CUST00213,2026-05-01,P0004,Power Bank,Electronics,4,499,0.15,0,UPI,Central,Referral,Tablet,Completed
ORD001616,CUST00076,2026-01-31,P0019,Face Wash,Beauty,1,1999,0.0,79,Debit Card,East,Referral,Desktop,Completed
ORD001617,CUST00442,2025-12-02,P0013,Storage Box,Home,3,2499,0.1,0,Cash on Delivery,West,Organic Search,Desktop,Completed
ORD001618,CUST00483,2026-08-01,P0020,Yoga Mat,Sports,3,499,0.15,99,Credit Card,Central,Referral,Desktop,Cancelled
ORD001619,CUST00570,2026-04-16,P0024,Running Shoes,Sports,4,1999,0.05,99,Debit Card,Central,Referral,Mobile,Returned
ORD001620,CUST00275,2026-01-27,P0010,LED Lamp,Home,3,499,0.1,0,Wallet,East,Paid Ads,Mobile,Completed
ORD001621,CUST00009,2026-06-12,P0006,Sneakers,Fashion,2,1999,0.0,0,Debit Card,North,Paid Ads,Mobile,Returned
ORD001622,CUST00498,2026-07-14,P0015,Face Serum,Beauty,1,2499,0.2,0,Credit Card,East,Email,Desktop,Completed
ORD001623,CUST00799,2026-06-01,P0015,Face Serum,Beauty,2,1499,0.2,99,Credit Card,West,Referral,Mobile,Completed
ORD001624,CUST00238,2026-07-03,P0010,LED Lamp,Home,2,699,0.15,0,Debit Card,East,Email,Mobile,Completed
ORD001625,CUST00147,2025-12-15,P0007,Denim Jacket,Fashion,1,499,0.0,0,Debit Card,Central,Email,Mobile,Completed
ORD001626,CUST00228,2025-12-23,P0006,Sneakers,Fashion,3,299,0.05,0,Wallet,North,Paid Ads,Desktop,Completed
ORD001627,CUST00346,2025-11-12,P0013,Storage Box,Home,2,299,0.15,0,Credit Card,Central,Referral,Mobile,Completed
ORD001628,CUST00203,2026-05-01,P0010,LED Lamp,Home,4,1999,0.1,99,Wallet,East,Direct,Mobile,Completed
ORD001629,CUST00285,2026-06-09,P0011,Cushion Cover,Home,1,1499,0.2,0,Debit Card,West,Organic Search,Mobile,Returned
ORD001630,CUST00504,2026-04-18,P0002,Smart Watch,Electronics,4,399,0.1,49,Credit Card,West,Paid Ads,Mobile,Cancelled
ORD001631,,2026-03-26,P0022,Water Bottle,Sports,2,999,0.1,79,Credit Card,East,Referral,Mobile,Completed
ORD001632,CUST00325,2026-05-28,P0017,Hair Oil,Beauty,2,2499,0.0,79,Wallet,North,Direct,Mobile,Cancelled
ORD001633,CUST00031,2025-10-25,P0022,Water Bottle,Sports,2,1499,0.15,79,Wallet,North,Social Media,Desktop,Returned
ORD001634,CUST00732,2025-12-31,P0020,Yoga Mat,Sports,4,2499,0.05,99,Credit Card,Central,Email,Mobile,Completed
ORD001635,CUST00331,2026-05-05,P0015,Face Serum,Beauty,3,299,0.15,79,Debit Card,Central,Organic Search,Tablet,Completed
ORD001636,CUST00271,2025-09-08,P0007,Denim Jacket,Fashion,1,299,0.0,99,Wallet,North,Referral,Mobile,Cancelled
ORD001637,CUST00071,2026-07-18,P0016,Lip Balm,Beauty,4,1499,0.0,0,Cash on Delivery,West,Email,Mobile,Completed
ORD001638,CUST00501,2025-10-21,P0014,Wall Clock,Home,1,999,0.0,49,Wallet,West,Email,Tablet,Completed
ORD001639,CUST00685,2026-06-03,P0023,Resistance Band,Sports,2,1499,0.1,79,Wallet,West,Email,Desktop,Completed
ORD001640,CUST00032,2026-04-02,P0005,T-Shirt,Fashion,3,2499,0.15,99,Wallet,North,Email,Mobile,Completed
ORD001641,CUST00114,2026-06-25,P0000,Wireless Earbuds,Electronics,3,299,0.0,0,Debit Card,South,Social Media,Mobile,Completed
ORD001642,CUST00116,2026-05-29,P0003,Phone Case,Electronics,2,2499,0.0,49,Credit Card,Central,Paid Ads,Mobile,Completed
ORD001643,CUST00475,2026-02-24,P0004,Power Bank,Electronics,4,299,0.05,99,UPI,West,Social Media,Desktop,Returned
ORD001644,CUST00733,2026-05-22,P0016,Lip Balm,Beauty,4,999,0.15,0,UPI,West,Direct,Mobile,Cancelled
ORD001645,CUST00354,2025-12-24,P0003,Phone Case,Electronics,4,1999,0.0,0,Cash on Delivery,East,Organic Search,Mobile,Completed
ORD001646,CUST00283,2026-03-21,P0003,Phone Case,Electronics,2,1499,0.05,49,Debit Card,South,Social Media,Mobile,Completed
ORD001647,CUST00597,2026-07-19,P0009,Sunglasses,Fashion,4,399,0.0,0,Cash on Delivery,West,Direct,Mobile,Completed
ORD001648,CUST00583,2025-09-19,P0019,Face Wash,Beauty,1,999,0.15,99,UPI,East,Email,Desktop,Completed
ORD001649,CUST00200,2025-12-27,P0010,LED Lamp,Home,4,2499,0.2,0,UPI,East,Organic Search,Mobile,Completed
ORD001650,CUST00129,2025-08-26,P0006,Sneakers,Fashion,3,399,0.15,79,Cash on Delivery,Central,Referral,Tablet,Completed
ORD001651,CUST00294,2026-03-03,P0007,Denim Jacket,Fashion,3,2499,0.15,49,UPI,East,Organic Search,Mobile,Completed
ORD001652,CUST00610,2026-06-01,P0020,Yoga Mat,Sports,1,1499,0.15,49,Credit Card,West,Social Media,Tablet,Cancelled
ORD001653,CUST00548,2025-09-03,P0010,LED Lamp,Home,4,299,0.15,99,Debit Card,Central,Organic Search,Desktop,Completed
ORD001654,CUST00526,2026-03-08,P0009,Sunglasses,Fashion,2,499,0.05,99,UPI,East,Paid Ads,Mobile,Cancelled
ORD001655,CUST00656,2026-01-18,P0019,Face Wash,Beauty,3,1999,0.0,49,Debit Card,South,Social Media,Mobile,Returned
ORD001656,CUST00223,2026-06-01,P0009,Sunglasses,Fashion,1,499,0.2,49,Credit Card,Central,Paid Ads,Mobile,Completed
ORD001657,CUST00278,2025-11-08,P0008,Backpack,Fashion,4,2499,0.0,79,Debit Card,West,Referral,Desktop,Completed
ORD001658,CUST00032,2025-10-18,P0018,Sunscreen,Beauty,2,699,0.0,79,UPI,North,Email,Mobile,Completed
ORD001659,CUST00687,2025-09-23,P0008,Backpack,Fashion,4,499,0.15,99,Credit Card,South,Social Media,Desktop,Completed
ORD001660,CUST00462,2026-01-15,P0012,Coffee Mug,Home,4,1999,0.15,0,UPI,Central,Paid Ads,Desktop,Completed
ORD001661,CUST00242,2026-02-13,P0016,Lip Balm,Beauty,3,1999,0.1,0,Wallet,Central,Social Media,Mobile,Completed
ORD001662,CUST00055,2026-07-21,P0005,T-Shirt,Fashion,1,399,0.05,0,UPI,Central,Social Media,Desktop,Cancelled
ORD001663,CUST00568,2026-02-06,P0003,Phone Case,Electronics,2,1999,0.2,49,Wallet,East,Direct,Desktop,Completed
ORD001664,CUST00586,2025-10-21,P0021,Dumbbell Set,Sports,3,499,0.0,0,Wallet,Central,Paid Ads,Desktop,Completed
ORD001665,CUST00526,2026-05-02,P0007,Denim Jacket,Fashion,3,2499,0.0,99,UPI,East,Direct,Mobile,Completed
ORD001666,CUST00168,2025-09-11,P0008,Backpack,Fashion,3,299,0.1,99,Cash on Delivery,West,Social Media,Mobile,Cancelled
ORD001667,CUST00730,2025-12-24,P0014,Wall Clock,Home,1,1499,0.0,0,Wallet,South,Paid Ads,Mobile,Cancelled
ORD001668,CUST00589,2026-04-15,P0002,Smart Watch,Electronics,3,399,0.05,99,Cash on Delivery,West,Social Media,Mobile,Cancelled
ORD001669,CUST00520,2025-11-20,P0001,Bluetooth Speaker,Electronics,1,1499,0.05,79,Wallet,South,Organic Search,Mobile,Completed
ORD001670,CUST00515,2026-03-25,P0010,LED Lamp,Home,2,2499,0.0,0,Cash on Delivery,West,Email,Tablet,Returned
ORD001671,CUST00721,2026-02-01,P0024,Running Shoes,Sports,1,1499,0.2,0,UPI,East,Direct,Mobile,Completed
ORD001672,CUST00738,2026-08-02,P0014,Wall Clock,Home,3,699,0.0,0,Credit Card,South,Email,Mobile,Completed
ORD001673,CUST00471,2025-12-02,P0014,Wall Clock,Home,3,1999,0.1,49,Credit Card,Central,Organic Search,Mobile,Completed
ORD001674,CUST00340,2026-07-16,P0015,Face Serum,Beauty,4,399,0.0,0,Cash on Delivery,North,Email,Tablet,Cancelled
ORD001675,CUST00299,2026-04-05,P0021,Dumbbell Set,Sports,2,999,0.2,0,Wallet,East,Organic Search,Mobile,Completed
ORD001676,CUST00647,2026-05-20,P0020,Yoga Mat,Sports,1,2499,0.2,79,Debit Card,South,Social Media,Mobile,Completed
ORD001677,CUST00510,2025-10-20,P0000,Wireless Earbuds,Electronics,1,499,0.0,49,UPI,North,Email,Desktop,Completed
ORD001678,CUST00061,2025-08-26,P0013,Storage Box,Home,4,299,0.1,49,Credit Card,East,Referral,Mobile,Cancelled
ORD001679,CUST00112,2026-05-13,P0013,Storage Box,Home,4,699,0.1,0,Cash on Delivery,East,Referral,Mobile,Completed
ORD001680,CUST00716,2026-02-11,P0005,T-Shirt,Fashion,1,699,0.0,49,UPI,North,Email,Desktop,Completed
ORD001681,CUST00703,2025-12-10,P0024,Running Shoes,Sports,3,1999,0.15,0,Debit Card,South,Paid Ads,Desktop,Returned
ORD001682,CUST00760,2026-07-13,P0006,Sneakers,Fashion,2,1999,0.15,0,Debit Card,West,Direct,Mobile,Returned
ORD001683,CUST00347,2025-12-17,P0020,Yoga Mat,Sports,2,499,0.15,49,Credit Card,North,Social Media,Mobile,Completed
ORD001684,CUST00615,2026-01-25,P0002,Smart Watch,Electronics,3,1999,0.1,0,Wallet,North,Email,Desktop,Completed
ORD001685,CUST00656,2026-05-11,P0015,Face Serum,Beauty,4,399,0.1,79,Debit Card,South,Paid Ads,Mobile,Completed
ORD001686,CUST00261,2026-08-06,P0018,Sunscreen,Beauty,1,399,0.15,99,Credit Card,East,Social Media,Tablet,Cancelled
ORD001687,CUST00114,2026-07-14,P0012,Coffee Mug,Home,4,999,0.15,79,Cash on Delivery,South,Social Media,Mobile,Returned
ORD001688,CUST00798,2026-04-15,P0002,Smart Watch,Electronics,1,1499,0.1,49,UPI,East,Direct,Mobile,Completed
ORD001689,CUST00024,2025-09-29,P0003,Phone Case,Electronics,3,1999,0.15,99,Credit Card,Central,Referral,Desktop,Completed
ORD001690,CUST00471,2025-09-28,P0015,Face Serum,Beauty,1,999,0.0,0,Debit Card,Central,Paid Ads,Mobile,Returned
ORD001691,CUST00514,2026-04-29,P0021,Dumbbell Set,Sports,1,399,0.1,79,UPI,Central,Email,Mobile,Completed
ORD001692,CUST00538,2026-02-21,P0014,Wall Clock,Home,1,1499,0.0,0,Debit Card,South,Referral,Mobile,Completed
ORD001693,CUST00208,2025-10-07,P0002,Smart Watch,Electronics,4,699,0.0,0,Cash on Delivery,Central,Organic Search,Tablet,Completed
ORD001694,CUST00567,2026-04-30,P0019,Face Wash,Beauty,3,499,0.15,0,Cash on Delivery,North,Email,Mobile,Completed
ORD001695,CUST00177,2026-07-29,P0011,Cushion Cover,Home,3,499,0.0,49,Cash on Delivery,Central,Direct,Mobile,Returned
ORD001696,CUST00656,2025-09-12,P0001,Bluetooth Speaker,Electronics,1,1999,0.15,0,UPI,South,Organic Search,Mobile,Completed
ORD001697,CUST00181,2026-06-17,P0009,Sunglasses,Fashion,4,399,0.0,0,Cash on Delivery,South,Direct,Mobile,Cancelled
ORD001698,CUST00549,2025-12-23,P0005,T-Shirt,Fashion,4,999,0.15,0,Debit Card,East,Social Media,Mobile,Returned
ORD001699,CUST00615,2026-01-12,P0024,Running Shoes,Sports,2,299,0.15,0,UPI,North,Email,Desktop,Returned
ORD001700,CUST00152,2026-05-08,P0022,Water Bottle,Sports,4,1499,0.0,79,Wallet,West,Direct,Tablet,Cancelled
ORD001701,CUST00195,2025-11-18,P0002,Smart Watch,Electronics,1,399,0.0,0,UPI,North,Organic Search,Tablet,Completed
ORD001702,CUST00611,2025-10-16,P0014,Wall Clock,Home,2,2499,0.15,0,Cash on Delivery,South,Organic Search,Mobile,Completed
ORD001703,CUST00070,2026-08-06,P0000,Wireless Earbuds,Electronics,1,2499,0.0,0,Credit Card,North,Paid Ads,Mobile,Completed
ORD001704,CUST00154,2025-12-25,P0011,Cushion Cover,Home,1,1999,0.05,0,UPI,South,Paid Ads,Mobile,Completed
ORD001705,CUST00364,2025-10-20,P0003,Phone Case,Electronics,4,499,0.0,79,Cash on Delivery,West,Paid Ads,Mobile,Cancelled
ORD001706,CUST00740,2026-04-28,P0018,Sunscreen,Beauty,2,1999,0.1,49,Credit Card,South,Referral,Desktop,Cancelled
ORD001707,CUST00448,2025-11-07,P0001,Bluetooth Speaker,Electronics,3,399,0.0,0,Debit Card,Central,Direct,Mobile,Cancelled
ORD001708,CUST00320,2026-05-30,P0022,Water Bottle,Sports,4,499,0.0,0,Cash on Delivery,South,Social Media,Mobile,Completed
ORD001709,CUST00782,2025-09-14,P0005,T-Shirt,Fashion,4,399,0.05,79,Wallet,West,Email,Desktop,Completed
ORD001710,CUST00370,2026-02-25,P0006,Sneakers,Fashion,2,299,0.15,49,Debit Card,South,Organic Search,Desktop,Completed
ORD001711,CUST00351,2026-01-14,P0022,Water Bottle,Sports,2,499,0.05,49,Debit Card,North,Paid Ads,Tablet,Completed
ORD001712,CUST00336,2026-08-04,P0022,Water Bottle,Sports,1,999,0.2,99,Debit Card,East,Organic Search,Mobile,Cancelled
ORD001713,CUST00258,2026-02-26,P0002,Smart Watch,Electronics,4,1999,0.05,99,Wallet,East,Social Media,Desktop,Cancelled
ORD001714,CUST00270,2026-07-23,P0002,Smart Watch,Electronics,4,299,0.0,0,Credit Card,North,Email,Mobile,Completed
ORD001715,CUST00543,2025-11-18,P0021,Dumbbell Set,Sports,3,699,0.0,79,Debit Card,North,Email,Mobile,Completed
ORD001716,CUST00032,2026-02-08,P0024,Running Shoes,Sports,2,1499,0.15,79,Credit Card,North,Email,Mobile,Completed
ORD001717,CUST00538,2026-06-13,P0012,Coffee Mug,Home,4,399,0.05,99,Wallet,South,Organic Search,Desktop,Completed
ORD001718,CUST00166,2025-10-17,P0004,Power Bank,Electronics,2,1499,0.1,0,Cash on Delivery,West,Email,Mobile,Completed
ORD001719,CUST00316,2026-07-24,P0003,Phone Case,Electronics,2,999,0.0,79,Credit Card,North,Email,Desktop,Completed
ORD001720,CUST00116,2026-05-29,P0006,Sneakers,Fashion,4,999,0.0,0,Cash on Delivery,Central,Referral,Mobile,Completed
ORD001721,CUST00441,2026-04-24,P0017,Hair Oil,Beauty,2,299,0.1,49,Cash on Delivery,Central,Paid Ads,Tablet,Completed
ORD001722,CUST00574,2025-11-16,P0002,Smart Watch,Electronics,4,399,0.0,0,UPI,West,Organic Search,Mobile,Cancelled
ORD001723,CUST00290,2026-06-14,P0016,Lip Balm,Beauty,1,2499,0.2,79,Credit Card,Central,Social Media,Desktop,Returned
ORD001724,CUST00130,2026-06-23,P0020,Yoga Mat,Sports,2,2499,0.15,79,Wallet,West,Paid Ads,Tablet,Completed
ORD001725,CUST00186,2025-12-04,P0003,Phone Case,Electronics,2,699,0.15,49,UPI,North,Paid Ads,Desktop,Completed
ORD001726,CUST00646,2026-03-22,P0024,Running Shoes,Sports,2,999,0.0,49,Cash on Delivery,North,Paid Ads,Desktop,Completed
ORD001727,CUST00215,2025-09-11,P0024,Running Shoes,Sports,4,999,0.0,0,Debit Card,South,Direct,Desktop,Completed
ORD001728,CUST00609,2026-01-10,P0007,Denim Jacket,Fashion,2,999,0.0,79,UPI,West,Social Media,Mobile,Completed
ORD001729,CUST00273,2025-10-13,P0002,Smart Watch,Electronics,4,1499,0.2,99,Cash on Delivery,South,Referral,Desktop,Completed
ORD001730,CUST00151,2026-03-11,P0008,Backpack,Fashion,1,999,0.2,0,Wallet,North,Organic Search,Desktop,Cancelled
ORD001731,CUST00572,2026-03-08,P0006,Sneakers,Fashion,2,399,0.1,0,Wallet,South,Referral,Mobile,Completed
ORD001732,CUST00372,2026-03-02,P0006,Sneakers,Fashion,2,299,0.1,79,Cash on Delivery,Central,Social Media,Mobile,Cancelled
ORD001733,CUST00025,2026-04-24,P0023,Resistance Band,Sports,3,1999,0.0,0,UPI,South,Email,Mobile,Completed
ORD001734,CUST00766,2026-07-23,P0003,Phone Case,Electronics,1,1499,0.15,0,Credit Card,South,Direct,Mobile,Cancelled
ORD001735,CUST00117,2025-10-30,P0007,Denim Jacket,Fashion,2,399,0.05,0,Cash on Delivery,South,Social Media,Tablet,Completed
ORD001736,CUST00290,2025-11-06,P0019,Face Wash,Beauty,3,299,0.1,0,Credit Card,Central,Organic Search,Tablet,Completed
ORD001737,CUST00317,2025-11-06,P0001,Bluetooth Speaker,Electronics,2,399,0.0,99,UPI,North,Paid Ads,Desktop,Completed
ORD001738,CUST00389,2026-07-24,P0001,Bluetooth Speaker,Electronics,4,999,0.05,79,Wallet,North,Referral,Mobile,Completed
ORD001739,CUST00616,2025-09-22,P0007,Denim Jacket,Fashion,2,999,0.1,0,Wallet,South,Organic Search,Mobile,Completed
ORD001740,CUST00005,2025-08-31,P0024,Running Shoes,Sports,4,399,0.15,0,Wallet,North,Referral,Mobile,Completed
ORD001741,CUST00742,2025-10-17,P0020,Yoga Mat,Sports,1,399,0.0,79,UPI,South,Direct,Mobile,Cancelled
ORD001742,CUST00511,2026-05-27,P0023,Resistance Band,Sports,4,399,0.0,0,Credit Card,South,Email,Desktop,Completed
ORD001743,CUST00759,2026-03-19,P0021,Dumbbell Set,Sports,2,699,0.15,0,Credit Card,South,Paid Ads,Mobile,Completed
ORD001744,CUST00645,2026-07-21,P0002,Smart Watch,Electronics,1,399,0.0,49,Debit Card,East,Referral,Mobile,Completed
ORD001745,CUST00737,2025-11-02,P0010,LED Lamp,Home,3,699,0.05,0,Cash on Delivery,Central,Organic Search,Mobile,Completed
ORD001746,CUST00475,2026-01-10,P0013,Storage Box,Home,1,299,0.1,79,Wallet,West,Direct,Tablet,Completed
ORD001747,CUST00294,2026-03-10,P0004,Power Bank,Electronics,1,2499,0.05,0,UPI,East,Paid Ads,Mobile,Completed
ORD001748,CUST00358,2025-09-15,P0024,Running Shoes,Sports,3,2499,0.2,79,UPI,North,Social Media,Mobile,Cancelled
ORD001749,CUST00521,2026-07-21,P0015,Face Serum,Beauty,4,499,0.15,49,Debit Card,North,Organic Search,Mobile,Returned
ORD001750,CUST00347,2026-06-09,P0021,Dumbbell Set,Sports,2,1999,0.0,0,Cash on Delivery,North,Email,Mobile,Completed
ORD001751,CUST00576,2025-10-11,P0006,Sneakers,Fashion,3,999,0.0,79,UPI,North,Organic Search,Desktop,Completed
ORD001752,CUST00075,2026-06-23,P0017,Hair Oil,Beauty,1,299,0.2,0,Cash on Delivery,Central,Organic Search,Desktop,Cancelled
ORD001753,CUST00657,2026-01-30,P0002,Smart Watch,Electronics,1,499,0.1,79,Credit Card,East,Paid Ads,Desktop,Completed
ORD001754,CUST00168,2025-12-20,P0000,Wireless Earbuds,Electronics,4,299,0.15,0,UPI,West,Social Media,Mobile,Completed
ORD001755,CUST00754,2026-07-31,P0016,Lip Balm,Beauty,1,1499,0.05,79,Wallet,South,Referral,Tablet,Completed
ORD001756,CUST00125,2026-02-25,P0001,Bluetooth Speaker,Electronics,2,1999,0.05,0,Wallet,Central,Direct,Desktop,Completed
ORD001757,CUST00103,2025-11-10,P0006,Sneakers,Fashion,3,999,0.0,49,Credit Card,North,Social Media,Desktop,Completed
ORD001758,CUST00639,2026-06-11,P0019,Face Wash,Beauty,1,299,0.05,0,Wallet,Central,Email,Mobile,Completed
ORD001759,CUST00647,2026-05-08,P0012,Coffee Mug,Home,4,399,0.05,0,Cash on Delivery,South,Direct,Tablet,Completed
ORD001760,CUST00582,2025-10-29,P0009,Sunglasses,Fashion,3,699,0.0,0,Credit Card,South,Social Media,Desktop,Completed
ORD001761,CUST00767,2026-04-24,P0007,Denim Jacket,Fashion,2,399,0.1,0,Debit Card,South,Direct,Mobile,Completed
ORD001762,CUST00219,2026-04-06,P0016,Lip Balm,Beauty,4,299,0.1,0,UPI,West,Email,Mobile,Completed
ORD001763,CUST00653,2025-11-28,P0023,Resistance Band,Sports,3,499,0.15,0,Debit Card,South,Direct,Mobile,Completed
ORD001764,CUST00288,2026-01-24,P0018,Sunscreen,Beauty,3,999,0.0,49,UPI,Central,Referral,Desktop,Completed
ORD001765,CUST00426,2026-06-22,P0008,Backpack,Fashion,1,299,0.0,0,Cash on Delivery,West,Social Media,Mobile,Cancelled
ORD001766,CUST00359,2025-10-22,P0010,LED Lamp,Home,1,2499,0.05,0,Cash on Delivery,South,Organic Search,Desktop,Cancelled
ORD001767,CUST00005,2026-05-10,P0002,Smart Watch,Electronics,1,699,0.2,49,Wallet,North,Email,Desktop,Cancelled
ORD001768,CUST00456,2026-06-19,P0003,Phone Case,Electronics,3,399,0.0,0,Cash on Delivery,West,Paid Ads,Desktop,Returned
ORD001769,CUST00586,2026-07-27,P0006,Sneakers,Fashion,4,299,0.2,99,Cash on Delivery,Central,Organic Search,Mobile,Cancelled
ORD001770,CUST00140,2025-12-16,P0009,Sunglasses,Fashion,4,2499,0.2,0,Credit Card,South,Organic Search,Tablet,Completed
ORD001771,CUST00741,2025-11-25,P0024,Running Shoes,Sports,3,999,0.0,0,Debit Card,West,Email,Mobile,Cancelled
ORD001772,CUST00420,2026-07-27,P0021,Dumbbell Set,Sports,1,1999,0.0,0,Cash on Delivery,West,Referral,Desktop,Completed
ORD001773,CUST00143,2026-02-04,P0002,Smart Watch,Electronics,3,1999,0.0,99,UPI,South,Social Media,Mobile,Cancelled
ORD001774,CUST00511,2026-03-15,P0008,Backpack,Fashion,3,2499,0.05,79,Wallet,South,Email,Mobile,Completed
ORD001775,CUST00156,2026-02-23,P0001,Bluetooth Speaker,Electronics,3,2499,0.2,0,UPI,South,Paid Ads,Mobile,Returned
ORD001776,CUST00051,2026-02-23,P0001,Bluetooth Speaker,Electronics,3,1999,0.0,0,Credit Card,South,Organic Search,Desktop,Returned
ORD001777,CUST00540,2026-04-04,P0009,Sunglasses,Fashion,3,1999,0.1,0,UPI,East,Direct,Desktop,Cancelled
ORD001778,CUST00088,2026-01-21,P0023,Resistance Band,Sports,3,1999,0.0,0,Debit Card,Central,Email,Mobile,Returned
ORD001779,CUST00085,2026-01-10,P0004,Power Bank,Electronics,2,499,0.05,0,Wallet,Central,Paid Ads,Mobile,Completed
ORD001780,CUST00582,2026-01-13,P0017,Hair Oil,Beauty,1,999,0.0,99,Cash on Delivery,South,Email,Desktop,Returned
ORD001781,CUST00043,2026-04-16,P0009,Sunglasses,Fashion,1,2499,0.2,49,Credit Card,South,Email,Mobile,Completed
ORD001782,CUST00636,2026-06-14,P0013,Storage Box,Home,4,1999,0.15,0,Debit Card,North,Organic Search,Mobile,Completed
ORD001783,CUST00624,2026-03-10,P0021,Dumbbell Set,Sports,2,299,0.0,0,Debit Card,Central,Paid Ads,Desktop,Cancelled
ORD001784,CUST00111,2026-04-24,P0020,Yoga Mat,Sports,2,299,0.1,0,Wallet,Central,Referral,Mobile,Returned
ORD001785,CUST00412,2026-01-17,P0020,Yoga Mat,Sports,2,399,0.0,49,Debit Card,East,Social Media,Mobile,Returned
ORD001786,CUST00078,2026-05-29,P0010,LED Lamp,Home,1,1499,0.05,79,UPI,West,Direct,Mobile,Completed
ORD001787,CUST00499,2026-01-10,P0001,Bluetooth Speaker,Electronics,4,699,0.05,49,Cash on Delivery,North,Email,Desktop,Completed
ORD001788,CUST00051,2026-01-20,P0024,Running Shoes,Sports,1,1499,0.15,79,UPI,South,Organic Search,Desktop,Completed
ORD001789,CUST00754,2025-09-09,P0024,Running Shoes,Sports,1,399,0.0,0,Credit Card,South,Referral,Mobile,Completed
ORD001790,CUST00171,2025-11-23,P0021,Dumbbell Set,Sports,2,299,0.0,99,UPI,South,Referral,Mobile,Cancelled
ORD001791,CUST00539,2026-05-16,P0011,Cushion Cover,Home,2,1999,0.0,99,Cash on Delivery,North,Direct,Mobile,Completed
ORD001792,CUST00102,2025-09-20,P0007,Denim Jacket,Fashion,1,499,0.15,99,UPI,South,Organic Search,Mobile,Completed
ORD001793,CUST00172,2025-11-09,P0004,Power Bank,Electronics,2,299,0.0,79,Cash on Delivery,East,Referral,Mobile,Completed
ORD001794,CUST00362,2026-05-30,P0009,Sunglasses,Fashion,4,399,0.0,79,Cash on Delivery,West,Organic Search,Mobile,Cancelled
ORD001795,CUST00455,2026-07-04,P0008,Backpack,Fashion,2,499,0.0,0,Debit Card,West,Email,Desktop,Completed
ORD001796,CUST00799,2026-01-18,P0006,Sneakers,Fashion,4,699,0.2,0,UPI,West,Social Media,Mobile,Completed
ORD001797,CUST00020,2026-01-15,P0023,Resistance Band,Sports,2,2499,0.2,0,Credit Card,East,Direct,Tablet,Cancelled
ORD001798,CUST00001,2026-02-21,P0016,Lip Balm,Beauty,1,399,0.2,49,Credit Card,North,Organic Search,Tablet,Cancelled
ORD001799,CUST00287,2026-05-28,P0005,T-Shirt,Fashion,1,999,0.1,49,Debit Card,Central,Referral,Mobile,Completed
ORD001800,CUST00301,2026-02-07,P0015,Face Serum,Beauty,4,499,0.15,0,UPI,West,Email,Desktop,Completed
ORD001801,CUST00702,2025-10-22,P0017,Hair Oil,Beauty,2,699,0.15,79,Debit Card,East,Paid Ads,Desktop,Completed
ORD001802,CUST00729,2026-01-24,P0013,Storage Box,Home,4,499,0.0,49,Wallet,South,Paid Ads,Mobile,Completed
ORD001803,CUST00699,2025-11-20,P0023,Resistance Band,Sports,4,499,0.0,49,Credit Card,West,Direct,Mobile,Cancelled
ORD001804,CUST00113,2026-04-26,P0024,Running Shoes,Sports,1,999,0.05,99,UPI,North,Paid Ads,Tablet,Cancelled
ORD001805,CUST00336,2025-10-11,P0010,LED Lamp,Home,2,999,0.05,49,Cash on Delivery,East,Paid Ads,Mobile,Cancelled
ORD001806,CUST00585,2026-03-30,P0011,Cushion Cover,Home,3,399,0.15,0,Wallet,North,Referral,Desktop,Completed
ORD001807,CUST00258,2025-10-06,P0005,T-Shirt,Fashion,1,399,0.2,79,Debit Card,East,Referral,Desktop,Completed
ORD001808,CUST00525,2026-08-09,P0019,Face Wash,Beauty,4,399,0.05,99,Debit Card,East,Paid Ads,Mobile,Completed
ORD001809,CUST00194,2026-04-10,P0023,Resistance Band,Sports,1,2499,0.0,0,Cash on Delivery,South,Email,Mobile,Completed
ORD001810,CUST00268,2025-10-09,P0016,Lip Balm,Beauty,4,499,0.0,49,UPI,West,Social Media,Tablet,Completed
ORD001811,CUST00682,2026-08-04,P0005,T-Shirt,Fashion,4,999,0.0,49,Cash on Delivery,West,Paid Ads,Mobile,Completed
ORD001812,CUST00203,2026-03-17,P0012,Coffee Mug,Home,3,699,0.05,0,Cash on Delivery,East,Paid Ads,Mobile,Cancelled
ORD001813,CUST00770,2026-03-29,P0019,Face Wash,Beauty,4,499,0.0,0,UPI,South,Organic Search,Mobile,Completed
ORD001814,CUST00253,2025-09-12,P0001,Bluetooth Speaker,Electronics,4,299,0.0,99,UPI,West,Referral,Desktop,Returned
ORD001815,CUST00019,2025-10-27,P0014,Wall Clock,Home,3,699,0.0,0,Debit Card,East,Paid Ads,Desktop,Completed
ORD001816,CUST00207,2026-06-10,P0016,Lip Balm,Beauty,3,2499,0.05,49,Wallet,Central,Paid Ads,Mobile,Cancelled
ORD001817,CUST00135,2026-02-06,P0013,Storage Box,Home,2,2499,0.0,79,Wallet,East,Email,Desktop,Completed
ORD001818,,2026-04-01,P0016,Lip Balm,Beauty,2,499,0.0,49,Wallet,West,Organic Search,Tablet,Cancelled
ORD001819,CUST00089,2026-08-15,P0022,Water Bottle,Sports,4,999,0.0,99,Cash on Delivery,Central,Referral,Mobile,Completed
ORD001820,CUST00493,2026-01-23,P0003,Phone Case,Electronics,1,499,0.1,49,Wallet,East,Referral,Desktop,Cancelled
ORD001821,CUST00695,2026-01-06,P0014,Wall Clock,Home,2,2499,0.1,99,Credit Card,West,Social Media,Mobile,Completed
ORD001822,CUST00298,2026-06-08,P0019,Face Wash,Beauty,3,999,0.0,0,Debit Card,Central,Paid Ads,Mobile,Completed
ORD001823,CUST00134,2025-09-13,P0020,Yoga Mat,Sports,2,2499,0.1,99,UPI,North,Organic Search,Mobile,Returned
ORD001824,CUST00328,2026-02-02,P0011,Cushion Cover,Home,2,1999,0.0,0,Wallet,West,Referral,Mobile,Completed
ORD001825,CUST00616,2026-06-28,P0024,Running Shoes,Sports,3,499,0.15,99,Cash on Delivery,South,Social Media,Desktop,Completed
ORD001826,CUST00469,2025-11-11,P0008,Backpack,Fashion,2,699,0.0,79,UPI,North,Email,Mobile,Completed
ORD001827,CUST00081,2025-12-08,P0011,Cushion Cover,Home,4,999,0.0,49,Cash on Delivery,East,Organic Search,Desktop,Completed
ORD001828,CUST00426,2026-02-08,P0020,Yoga Mat,Sports,1,399,0.2,99,Debit Card,West,Direct,Mobile,Returned
ORD001829,CUST00372,2025-09-16,P0010,LED Lamp,Home,2,1999,0.05,79,Credit Card,Central,Email,Mobile,Completed
ORD001830,CUST00271,2025-09-14,P0008,Backpack,Fashion,4,999,0.05,79,UPI,North,Organic Search,Tablet,Completed
ORD001831,CUST00088,2025-11-19,P0013,Storage Box,Home,2,399,0.0,79,Credit Card,Central,Organic Search,Desktop,Completed
ORD001832,CUST00784,2026-07-13,P0015,Face Serum,Beauty,3,699,0.1,99,UPI,Central,Referral,Mobile,Returned
ORD001833,CUST00141,2025-11-08,P0024,Running Shoes,Sports,3,1999,0.15,0,Debit Card,South,Organic Search,Mobile,Completed
ORD001834,CUST00157,2026-05-13,P0015,Face Serum,Beauty,2,699,0.15,99,Credit Card,South,Paid Ads,Mobile,Cancelled
ORD001835,CUST00114,2026-01-22,P0004,Power Bank,Electronics,3,1499,0.0,49,Wallet,South,Organic Search,Tablet,Completed
ORD001836,CUST00453,2026-05-24,P0001,Bluetooth Speaker,Electronics,1,2499,0.1,0,Wallet,East,Organic Search,Mobile,Completed
ORD001837,CUST00358,2025-12-18,P0024,Running Shoes,Sports,3,499,0.15,99,Credit Card,North,Direct,Mobile,Completed
ORD001838,CUST00203,2026-07-05,P0010,LED Lamp,Home,1,2499,0.0,79,UPI,East,Direct,Desktop,Completed
ORD001839,CUST00347,2026-01-02,P0005,T-Shirt,Fashion,3,699,0.0,99,UPI,North,Paid Ads,Tablet,Completed
ORD001840,CUST00532,2026-06-04,P0005,T-Shirt,Fashion,1,999,0.1,79,Credit Card,Central,Paid Ads,Mobile,Completed
ORD001841,CUST00228,2026-06-19,P0002,Smart Watch,Electronics,4,1999,0.1,0,Wallet,North,Paid Ads,Desktop,Returned
ORD001842,CUST00731,2026-01-24,P0004,Power Bank,Electronics,3,299,0.0,0,Debit Card,East,Social Media,Mobile,Completed
ORD001843,CUST00253,2026-04-20,P0019,Face Wash,Beauty,1,1499,0.2,0,Cash on Delivery,West,Direct,Desktop,Completed
ORD001844,CUST00162,2025-10-02,P0016,Lip Balm,Beauty,1,999,0.05,49,Wallet,South,Email,Mobile,Completed
ORD001845,CUST00761,2026-02-17,P0014,Wall Clock,Home,1,1499,0.05,0,Credit Card,South,Social Media,Desktop,Completed
ORD001846,CUST00638,2026-01-03,P0000,Wireless Earbuds,Electronics,4,2499,0.0,79,UPI,East,Organic Search,Desktop,Cancelled
ORD001847,CUST00282,2026-08-03,P0016,Lip Balm,Beauty,3,699,0.1,79,Credit Card,North,Organic Search,Tablet,Completed
ORD001848,CUST00665,2026-07-26,P0024,Running Shoes,Sports,2,2499,0.2,99,Wallet,East,Paid Ads,Mobile,Completed
ORD001849,CUST00413,2026-06-01,P0023,Resistance Band,Sports,2,999,0.15,49,Debit Card,South,Paid Ads,Desktop,Completed
ORD001850,CUST00285,2026-08-01,P0009,Sunglasses,Fashion,1,399,0.05,99,UPI,West,Social Media,Mobile,Cancelled
ORD001851,CUST00664,2026-08-11,P0015,Face Serum,Beauty,1,1499,0.1,0,Wallet,West,Referral,Mobile,Completed
ORD001852,CUST00589,2026-05-27,P0007,Denim Jacket,Fashion,4,399,0.0,49,Cash on Delivery,West,Social Media,Mobile,Completed
ORD001853,CUST00241,2026-03-24,P0022,Water Bottle,Sports,3,2499,0.0,79,UPI,North,Paid Ads,Desktop,Cancelled
ORD001854,CUST00479,2025-11-02,P0022,Water Bottle,Sports,2,399,0.1,79,Credit Card,East,Email,Mobile,Returned
ORD001855,CUST00303,2026-06-13,P0005,T-Shirt,Fashion,1,699,0.0,79,Debit Card,North,Organic Search,Desktop,Cancelled
ORD001856,CUST00002,2025-10-29,P0012,Coffee Mug,Home,2,1999,0.0,49,Wallet,North,Direct,Desktop,Returned
ORD001857,CUST00767,2025-10-26,P0005,T-Shirt,Fashion,2,299,0.15,0,Credit Card,South,Organic Search,Desktop,Completed
ORD001858,CUST00438,2026-07-07,P0015,Face Serum,Beauty,1,699,0.05,99,Debit Card,North,Social Media,Desktop,Completed
ORD001859,CUST00472,2025-09-30,P0007,Denim Jacket,Fashion,3,999,0.15,0,Debit Card,West,Referral,Desktop,Cancelled
ORD001860,CUST00473,2025-10-10,P0017,Hair Oil,Beauty,3,499,0.2,79,Debit Card,East,Social Media,Mobile,Completed
ORD001861,CUST00439,2026-02-22,P0024,Running Shoes,Sports,4,1499,0.0,0,Cash on Delivery,West,Direct,Desktop,Completed
ORD001862,CUST00234,2026-03-21,P0021,Dumbbell Set,Sports,2,499,0.15,99,Cash on Delivery,North,Paid Ads,Mobile,Returned
ORD001863,CUST00777,2025-09-05,P0004,Power Bank,Electronics,2,499,0.0,0,Cash on Delivery,West,Referral,Desktop,Completed
ORD001864,CUST00490,2026-01-05,P0003,Phone Case,Electronics,4,499,0.1,99,Cash on Delivery,Central,Social Media,Desktop,Cancelled
ORD001865,CUST00531,2025-11-10,P0020,Yoga Mat,Sports,2,999,0.0,79,Cash on Delivery,South,Paid Ads,Mobile,Completed
ORD001866,CUST00364,2025-12-08,P0002,Smart Watch,Electronics,3,2499,0.05,0,Credit Card,West,Organic Search,Mobile,Returned
ORD001867,CUST00233,2025-10-25,P0010,LED Lamp,Home,3,399,0.1,0,Debit Card,Central,Paid Ads,Mobile,Completed
ORD001868,CUST00051,2026-04-24,P0024,Running Shoes,Sports,4,699,0.05,99,Credit Card,South,Email,Desktop,Completed
ORD001869,CUST00287,2026-02-08,P0011,Cushion Cover,Home,2,399,0.05,49,Wallet,Central,Organic Search,Tablet,Completed
ORD001870,CUST00141,2026-08-05,P0000,Wireless Earbuds,Electronics,3,399,0.0,79,Cash on Delivery,South,Paid Ads,Mobile,Cancelled
ORD001871,CUST00524,2025-08-23,P0024,Running Shoes,Sports,1,2499,0.0,79,Credit Card,East,Social Media,Tablet,Cancelled
ORD001872,CUST00699,2026-05-30,P0017,Hair Oil,Beauty,4,1499,0.1,0,Credit Card,West,Direct,Mobile,Completed
ORD001873,CUST00249,2026-07-18,P0008,Backpack,Fashion,1,2499,0.0,0,Credit Card,Central,Email,Tablet,Completed
ORD001874,,2026-02-13,P0015,Face Serum,Beauty,3,1499,0.1,0,Cash on Delivery,Central,Organic Search,Tablet,Completed
ORD001875,CUST00530,2026-05-02,P0015,Face Serum,Beauty,1,1499,0.0,49,Wallet,North,Organic Search,Mobile,Completed
ORD001876,CUST00119,2026-01-27,P0013,Storage Box,Home,2,1499,0.0,79,Debit Card,North,Organic Search,Tablet,Cancelled
ORD001877,CUST00739,2026-03-25,P0024,Running Shoes,Sports,1,1499,0.1,0,Credit Card,East,Paid Ads,Mobile,Completed
ORD001878,CUST00299,2026-07-17,P0019,Face Wash,Beauty,3,1999,0.0,0,UPI,East,Paid Ads,Mobile,Completed
ORD001879,CUST00082,2026-03-01,P0006,Sneakers,Fashion,2,499,0.15,0,UPI,West,Organic Search,Desktop,Completed
ORD001880,CUST00140,2026-03-19,P0024,Running Shoes,Sports,3,299,0.0,0,Credit Card,South,Social Media,Mobile,Completed
ORD001881,CUST00742,2026-08-15,P0024,Running Shoes,Sports,2,699,0.2,49,UPI,South,Email,Mobile,Returned
ORD001882,CUST00200,2026-02-17,P0001,Bluetooth Speaker,Electronics,1,299,0.0,49,UPI,East,Direct,Mobile,Completed
ORD001883,CUST00524,2025-10-22,P0007,Denim Jacket,Fashion,3,299,0.2,0,Cash on Delivery,East,Referral,Desktop,Cancelled
ORD001884,CUST00125,2026-04-26,P0015,Face Serum,Beauty,3,299,0.0,0,Credit Card,Central,Direct,Desktop,Completed
ORD001885,CUST00158,2026-04-29,P0021,Dumbbell Set,Sports,3,299,0.05,0,Credit Card,East,Referral,Desktop,Completed
ORD001886,CUST00699,2025-11-14,P0017,Hair Oil,Beauty,2,1499,0.0,49,UPI,West,Referral,Desktop,Completed
ORD001887,CUST00117,2026-05-12,P0014,Wall Clock,Home,3,999,0.0,0,Debit Card,South,Referral,Desktop,Completed
ORD001888,CUST00013,2025-09-12,P0007,Denim Jacket,Fashion,3,2499,0.05,79,Cash on Delivery,East,Social Media,Desktop,Completed
ORD001889,CUST00400,2025-12-14,P0002,Smart Watch,Electronics,1,499,0.0,0,Wallet,East,Organic Search,Tablet,Completed
ORD001890,CUST00684,2026-06-28,P0022,Water Bottle,Sports,1,499,0.05,0,Debit Card,East,Organic Search,Mobile,Completed
ORD001891,CUST00270,2026-04-02,P0013,Storage Box,Home,2,699,0.0,79,Debit Card,North,Referral,Desktop,Completed
ORD001892,CUST00102,2026-03-29,P0011,Cushion Cover,Home,1,1999,0.0,79,Wallet,South,Referral,Mobile,Completed
ORD001893,CUST00784,2026-04-03,P0024,Running Shoes,Sports,3,2499,0.15,79,Cash on Delivery,Central,Paid Ads,Mobile,Completed
ORD001894,CUST00535,2025-10-19,P0004,Power Bank,Electronics,1,1499,0.05,0,Debit Card,West,Direct,Mobile,Returned
ORD001895,CUST00675,2026-08-05,P0006,Sneakers,Fashion,1,999,0.15,79,Debit Card,South,Social Media,Mobile,Completed
ORD001896,CUST00589,2025-12-06,P0021,Dumbbell Set,Sports,1,2499,0.15,99,Wallet,West,Organic Search,Tablet,Completed
ORD001897,CUST00550,2026-06-03,P0007,Denim Jacket,Fashion,2,399,0.0,79,Cash on Delivery,West,Email,Mobile,Cancelled
ORD001898,CUST00317,2026-08-16,P0023,Resistance Band,Sports,1,699,0.0,0,Debit Card,North,Organic Search,Tablet,Completed
ORD001899,CUST00269,2025-11-15,P0021,Dumbbell Set,Sports,3,399,0.2,49,UPI,West,Organic Search,Mobile,Completed
ORD001900,CUST00562,2026-04-08,P0002,Smart Watch,Electronics,1,399,0.0,99,Wallet,Central,Social Media,Desktop,Returned
ORD001901,CUST00562,2025-09-04,P0011,Cushion Cover,Home,4,699,0.0,0,UPI,Central,Organic Search,Mobile,Completed
ORD001902,CUST00759,2026-04-09,P0018,Sunscreen,Beauty,3,1999,0.05,79,Wallet,South,Social Media,Tablet,Returned
ORD001903,CUST00452,2026-01-27,P0012,Coffee Mug,Home,1,499,0.2,0,UPI,South,Direct,Mobile,Returned
ORD001904,CUST00238,2025-09-15,P0005,T-Shirt,Fashion,2,1999,0.0,99,Cash on Delivery,East,Email,Desktop,Cancelled
ORD001905,CUST00389,2026-04-22,P0001,Bluetooth Speaker,Electronics,1,999,0.1,0,Wallet,North,Organic Search,Tablet,Cancelled
ORD001906,CUST00483,2026-08-08,P0000,Wireless Earbuds,Electronics,4,1499,0.0,49,Cash on Delivery,Central,Paid Ads,Desktop,Completed
ORD001907,CUST00347,2025-09-19,P0004,Power Bank,Electronics,3,399,0.0,49,Cash on Delivery,North,Referral,Desktop,Cancelled
ORD001908,CUST00620,2026-07-11,P0006,Sneakers,Fashion,4,1999,0.05,49,Debit Card,North,Referral,Mobile,Completed
ORD001909,CUST00464,2026-06-23,P0007,Denim Jacket,Fashion,2,399,0.0,0,Cash on Delivery,West,Referral,Mobile,Completed
ORD001910,CUST00007,2026-03-07,P0021,Dumbbell Set,Sports,1,499,0.0,0,Credit Card,North,Email,Mobile,Completed
ORD001911,CUST00453,2026-07-15,P0012,Coffee Mug,Home,1,1999,0.0,99,Debit Card,East,Social Media,Mobile,Cancelled
ORD001912,CUST00501,2025-12-10,P0003,Phone Case,Electronics,2,1499,0.15,49,Credit Card,West,Direct,Mobile,Returned
ORD001913,CUST00731,2026-05-09,P0002,Smart Watch,Electronics,4,499,0.0,79,Credit Card,East,Referral,Desktop,Cancelled
ORD001914,CUST00337,2026-05-01,P0003,Phone Case,Electronics,2,499,0.15,49,Wallet,West,Organic Search,Tablet,Returned
ORD001915,CUST00456,2026-03-19,P0007,Denim Jacket,Fashion,4,699,0.0,49,Credit Card,West,Referral,Desktop,Completed
ORD001916,CUST00378,2026-06-20,P0018,Sunscreen,Beauty,2,699,0.0,79,Credit Card,East,Email,Desktop,Completed
ORD001917,CUST00420,2026-07-05,P0001,Bluetooth Speaker,Electronics,1,299,0.0,49,UPI,West,Organic Search,Mobile,Completed
ORD001918,CUST00053,2026-06-02,P0010,LED Lamp,Home,2,399,0.05,0,Cash on Delivery,North,Referral,Mobile,Completed
ORD001919,CUST00713,2026-03-22,P0011,Cushion Cover,Home,1,399,0.15,0,Cash on Delivery,West,Organic Search,Desktop,Returned
ORD001920,CUST00728,2026-08-11,P0003,Phone Case,Electronics,3,399,0.2,49,Cash on Delivery,South,Organic Search,Mobile,Returned
ORD001921,CUST00435,2026-03-10,P0001,Bluetooth Speaker,Electronics,1,499,0.15,0,Credit Card,Central,Social Media,Mobile,Cancelled
ORD001922,CUST00445,2026-04-09,P0005,T-Shirt,Fashion,3,299,0.05,49,Credit Card,West,Email,Tablet,Returned
ORD001923,CUST00047,2025-10-27,P0003,Phone Case,Electronics,2,1499,0.05,79,Debit Card,South,Social Media,Mobile,Completed
ORD001924,CUST00472,2025-12-15,P0019,Face Wash,Beauty,2,1499,0.2,49,Debit Card,West,Paid Ads,Mobile,Cancelled
ORD001925,CUST00347,2026-07-16,P0022,Water Bottle,Sports,3,399,0.2,0,Credit Card,North,Email,Mobile,Completed
ORD001926,CUST00558,2026-02-17,P0015,Face Serum,Beauty,3,2499,0.15,79,UPI,Central,Social Media,Desktop,Completed
ORD001927,CUST00038,2026-02-22,P0018,Sunscreen,Beauty,4,999,0.0,99,UPI,South,Organic Search,Mobile,Completed
ORD001928,,2026-06-13,P0019,Face Wash,Beauty,2,499,0.0,0,UPI,Central,Direct,Desktop,Cancelled
ORD001929,CUST00232,2025-12-17,P0021,Dumbbell Set,Sports,4,399,0.0,0,Credit Card,West,Paid Ads,Mobile,Completed
ORD001930,CUST00517,2025-11-24,P0002,Smart Watch,Electronics,4,699,0.0,49,UPI,East,Direct,Desktop,Completed
ORD001931,CUST00493,2025-08-23,P0024,Running Shoes,Sports,4,2499,0.2,79,UPI,East,Social Media,Desktop,Completed
ORD001932,CUST00187,2025-11-12,P0011,Cushion Cover,Home,4,299,0.0,0,Debit Card,West,Direct,Mobile,Completed
ORD001933,CUST00356,2026-02-22,P0013,Storage Box,Home,4,299,0.15,49,Wallet,West,Paid Ads,Desktop,Completed
ORD001934,CUST00661,2026-05-11,P0019,Face Wash,Beauty,2,699,0.15,79,Cash on Delivery,Central,Paid Ads,Mobile,Completed
ORD001935,CUST00478,2025-12-18,P0012,Coffee Mug,Home,3,2499,0.05,49,Cash on Delivery,North,Organic Search,Mobile,Completed
ORD001936,CUST00054,2026-01-29,P0006,Sneakers,Fashion,4,499,0.0,79,Wallet,Central,Direct,Mobile,Completed
ORD001937,CUST00358,2025-11-08,P0000,Wireless Earbuds,Electronics,2,1499,0.0,0,Wallet,North,Direct,Mobile,Completed
ORD001938,CUST00258,2026-06-14,P0004,Power Bank,Electronics,4,999,0.1,0,Credit Card,East,Email,Tablet,Completed
ORD001939,CUST00508,2026-02-27,P0002,Smart Watch,Electronics,3,399,0.1,49,Debit Card,East,Email,Desktop,Completed
ORD001940,CUST00484,2025-10-11,P0009,Sunglasses,Fashion,2,2499,0.05,0,Credit Card,East,Organic Search,Desktop,Completed
ORD001941,CUST00007,2026-03-30,P0019,Face Wash,Beauty,4,399,0.05,99,UPI,North,Social Media,Mobile,Returned
ORD001942,CUST00479,2025-12-20,P0008,Backpack,Fashion,1,999,0.15,79,Wallet,East,Referral,Desktop,Completed
ORD001943,CUST00579,2026-07-01,P0014,Wall Clock,Home,3,1499,0.15,49,Wallet,Central,Paid Ads,Desktop,Completed
ORD001944,CUST00604,2025-11-25,P0004,Power Bank,Electronics,4,1499,0.15,79,Credit Card,Central,Organic Search,Mobile,Completed
ORD001945,CUST00048,2026-07-01,P0014,Wall Clock,Home,1,1999,0.0,99,UPI,North,Referral,Desktop,Completed
ORD001946,CUST00250,2026-05-01,P0023,Resistance Band,Sports,2,1499,0.0,0,Cash on Delivery,East,Organic Search,Desktop,Completed
ORD001947,CUST00344,2025-10-08,P0007,Denim Jacket,Fashion,3,1499,0.05,49,Credit Card,West,Direct,Tablet,Completed
ORD001948,CUST00144,2026-05-24,P0012,Coffee Mug,Home,1,399,0.0,49,UPI,South,Referral,Tablet,Returned
ORD001949,CUST00343,2026-05-10,P0024,Running Shoes,Sports,4,499,0.0,79,Debit Card,West,Direct,Mobile,Completed
ORD001950,CUST00056,2026-02-02,P0015,Face Serum,Beauty,3,499,0.05,0,Cash on Delivery,Central,Organic Search,Desktop,Cancelled
ORD001951,CUST00090,2025-10-17,P0009,Sunglasses,Fashion,2,499,0.2,0,UPI,East,Referral,Tablet,Completed
ORD001952,CUST00528,2026-02-10,P0003,Phone Case,Electronics,2,299,0.15,79,Wallet,Central,Organic Search,Desktop,Completed
ORD001953,CUST00213,2026-03-30,P0023,Resistance Band,Sports,1,299,0.1,99,UPI,Central,Referral,Mobile,Completed
ORD001954,CUST00559,2025-10-07,P0015,Face Serum,Beauty,1,699,0.1,0,Cash on Delivery,Central,Organic Search,Mobile,Cancelled
ORD001955,CUST00038,2025-12-22,P0001,Bluetooth Speaker,Electronics,3,1499,0.0,79,Debit Card,South,Social Media,Mobile,Cancelled
ORD001956,CUST00448,2026-05-03,P0013,Storage Box,Home,4,2499,0.05,79,Wallet,Central,Referral,Mobile,Completed
ORD001957,CUST00322,2026-03-09,P0024,Running Shoes,Sports,2,2499,0.05,0,UPI,Central,Paid Ads,Tablet,Completed
ORD001958,CUST00624,2026-08-17,P0023,Resistance Band,Sports,1,699,0.15,79,UPI,Central,Organic Search,Tablet,Completed
ORD001959,CUST00615,2025-11-07,P0004,Power Bank,Electronics,3,2499,0.2,99,Wallet,North,Organic Search,Tablet,Completed
ORD001960,CUST00308,2026-05-30,P0010,LED Lamp,Home,3,699,0.05,99,Credit Card,South,Social Media,Mobile,Completed
ORD001961,CUST00491,2026-01-22,P0024,Running Shoes,Sports,1,699,0.15,0,Cash on Delivery,Central,Social Media,Desktop,Returned
ORD001962,CUST00187,2025-11-09,P0019,Face Wash,Beauty,3,399,0.0,99,Wallet,West,Paid Ads,Mobile,Returned
ORD001963,CUST00461,2026-08-02,P0014,Wall Clock,Home,1,1499,0.0,0,UPI,East,Social Media,Mobile,Completed
ORD001964,CUST00067,2026-04-04,P0007,Denim Jacket,Fashion,1,499,0.2,49,UPI,Central,Social Media,Mobile,Completed
ORD001965,CUST00351,2026-03-03,P0019,Face Wash,Beauty,2,699,0.1,0,Wallet,North,Email,Tablet,Completed
ORD001966,CUST00146,2025-12-05,P0014,Wall Clock,Home,3,2499,0.05,79,UPI,East,Paid Ads,Desktop,Returned
ORD001967,CUST00702,2026-07-07,P0013,Storage Box,Home,3,999,0.0,0,Wallet,East,Paid Ads,Desktop,Returned
ORD001968,CUST00359,2025-08-31,P0023,Resistance Band,Sports,3,499,0.15,79,UPI,South,Referral,Mobile,Cancelled
ORD001969,CUST00468,2025-10-01,P0009,Sunglasses,Fashion,1,1499,0.2,0,Wallet,North,Direct,Mobile,Cancelled
ORD001970,CUST00297,2025-10-24,P0015,Face Serum,Beauty,2,1499,0.0,99,Debit Card,Central,Direct,Desktop,Completed
ORD001971,CUST00233,2026-04-15,P0001,Bluetooth Speaker,Electronics,3,999,0.15,0,Credit Card,Central,Social Media,Desktop,Completed
ORD001972,CUST00167,2025-09-26,P0017,Hair Oil,Beauty,3,299,0.1,49,UPI,South,Referral,Desktop,Returned
ORD001973,CUST00729,2026-06-06,P0013,Storage Box,Home,1,399,0.0,0,Cash on Delivery,South,Social Media,Mobile,Completed
ORD001974,CUST00626,2025-10-30,P0021,Dumbbell Set,Sports,4,399,0.0,0,Credit Card,Central,Direct,Mobile,Completed
ORD001975,CUST00106,2026-04-23,P0008,Backpack,Fashion,1,2499,0.05,0,Cash on Delivery,East,Direct,Desktop,Returned
ORD001976,CUST00585,2026-06-06,P0023,Resistance Band,Sports,4,499,0.0,99,UPI,North,Paid Ads,Mobile,Cancelled
ORD001977,CUST00341,2026-07-06,P0014,Wall Clock,Home,3,699,0.1,0,Debit Card,North,Email,Mobile,Completed
ORD001978,CUST00011,2025-12-04,P0005,T-Shirt,Fashion,1,2499,0.0,0,UPI,North,Paid Ads,Desktop,Cancelled
ORD001979,CUST00419,2025-09-16,P0004,Power Bank,Electronics,2,2499,0.05,49,Cash on Delivery,East,Social Media,Desktop,Completed
ORD001980,CUST00104,2026-05-23,P0004,Power Bank,Electronics,2,399,0.15,99,Cash on Delivery,South,Email,Desktop,Completed
ORD001981,CUST00173,2026-01-30,P0007,Denim Jacket,Fashion,4,1999,0.15,0,Wallet,North,Email,Mobile,Returned
ORD001982,CUST00548,2026-08-01,P0013,Storage Box,Home,3,1499,0.0,0,UPI,Central,Social Media,Desktop,Completed
ORD001983,CUST00209,2025-10-27,P0021,Dumbbell Set,Sports,2,999,0.1,49,Cash on Delivery,East,Direct,Mobile,Completed
ORD001984,CUST00708,2026-03-17,P0024,Running Shoes,Sports,4,399,0.0,49,Cash on Delivery,South,Email,Desktop,Returned
ORD001985,CUST00520,2025-10-02,P0016,Lip Balm,Beauty,1,1499,0.15,0,Wallet,South,Referral,Desktop,Cancelled
ORD001986,CUST00659,2026-02-13,P0012,Coffee Mug,Home,4,999,0.0,99,Cash on Delivery,North,Organic Search,Mobile,Completed
ORD001987,CUST00485,2025-08-20,P0015,Face Serum,Beauty,4,699,0.1,0,Cash on Delivery,West,Email,Mobile,Completed
ORD001988,CUST00687,2026-05-20,P0008,Backpack,Fashion,2,999,0.05,79,Credit Card,South,Direct,Mobile,Returned
ORD001989,CUST00298,2026-03-28,P0006,Sneakers,Fashion,1,399,0.0,49,Credit Card,Central,Social Media,Mobile,Completed
ORD001990,CUST00437,2025-09-24,P0013,Storage Box,Home,4,999,0.1,49,UPI,South,Paid Ads,Mobile,Completed
ORD001991,CUST00410,2026-02-18,P0020,Yoga Mat,Sports,4,399,0.1,99,Cash on Delivery,South,Email,Desktop,Completed
ORD001992,CUST00720,2026-01-23,P0001,Bluetooth Speaker,Electronics,2,499,0.1,0,Debit Card,North,Social Media,Mobile,Completed
ORD001993,,2026-04-22,P0002,Smart Watch,Electronics,1,699,0.15,99,Cash on Delivery,South,Social Media,Mobile,Completed
ORD001994,CUST00459,2026-02-18,P0004,Power Bank,Electronics,2,399,0.1,0,Cash on Delivery,South,Referral,Desktop,Completed
ORD001995,CUST00590,2026-02-03,P0005,T-Shirt,Fashion,1,2499,0.15,0,Credit Card,West,Social Media,Desktop,Completed
ORD001996,CUST00303,2026-06-19,P0003,Phone Case,Electronics,3,2499,0.0,0,UPI,North,Paid Ads,Mobile,Completed
ORD001997,CUST00687,2026-02-25,P0003,Phone Case,Electronics,3,699,0.05,0,Debit Card,South,Organic Search,Mobile,Completed
ORD001998,CUST00306,2026-06-13,P0000,Wireless Earbuds,Electronics,2,999,0.05,49,Credit Card,South,Organic Search,Mobile,Returned
ORD001999,CUST00138,2026-07-09,P0008,Backpack,Fashion,3,499,0.1,79,Wallet,North,Email,Mobile,Completed
ORD002000,CUST00464,2026-06-25,P0018,Sunscreen,Beauty,3,399,0.0,49,Debit Card,West,Paid Ads,Mobile,Completed
ORD002001,CUST00343,2026-08-03,P0003,Phone Case,Electronics,1,2499,0.15,0,UPI,West,Organic Search,Desktop,Completed
ORD002002,CUST00011,2026-05-01,P0008,Backpack,Fashion,2,699,0.05,0,Wallet,North,Social Media,Mobile,Completed
ORD002003,,2026-03-13,P0024,Running Shoes,Sports,4,2499,0.05,99,UPI,Central,Paid Ads,Mobile,Cancelled
ORD002004,CUST00159,2026-03-01,P0004,Power Bank,Electronics,4,299,0.2,0,Credit Card,Central,Email,Desktop,Completed
ORD002005,CUST00605,2025-11-02,P0024,Running Shoes,Sports,4,299,0.05,0,Credit Card,Central,Organic Search,Mobile,Cancelled
ORD002006,CUST00709,2026-06-18,P0012,Coffee Mug,Home,4,699,0.05,99,Debit Card,South,Referral,Tablet,Completed
ORD002007,CUST00434,2026-04-30,P0018,Sunscreen,Beauty,1,1999,0.05,79,Credit Card,East,Referral,Desktop,Completed
ORD002008,,2026-07-04,P0008,Backpack,Fashion,2,699,0.2,99,Cash on Delivery,Central,Referral,Desktop,Completed
ORD002009,CUST00424,2026-05-03,P0008,Backpack,Fashion,2,1999,0.0,0,Credit Card,Central,Paid Ads,Mobile,Cancelled
ORD002010,CUST00678,2026-02-11,P0009,Sunglasses,Fashion,3,399,0.0,49,Credit Card,East,Direct,Mobile,Completed
ORD002011,CUST00587,2025-12-05,P0003,Phone Case,Electronics,4,1999,0.0,79,Credit Card,East,Organic Search,Mobile,Completed
ORD002012,CUST00236,2026-08-14,P0007,Denim Jacket,Fashion,3,699,0.15,99,Wallet,Central,Direct,Tablet,Completed
ORD002013,CUST00099,2026-05-14,P0022,Water Bottle,Sports,3,499,0.0,79,UPI,North,Direct,Mobile,Completed
ORD002014,CUST00717,2026-07-05,P0000,Wireless Earbuds,Electronics,1,1499,0.1,49,Wallet,North,Paid Ads,Mobile,Completed
ORD002015,CUST00677,2026-03-21,P0014,Wall Clock,Home,3,1999,0.2,49,Debit Card,West,Social Media,Desktop,Cancelled
ORD002016,CUST00042,2026-02-22,P0017,Hair Oil,Beauty,4,2499,0.1,0,Debit Card,West,Referral,Mobile,Returned
ORD002017,CUST00650,2025-09-01,P0003,Phone Case,Electronics,4,299,0.0,49,Wallet,North,Paid Ads,Desktop,Completed
ORD002018,CUST00078,2025-09-14,P0002,Smart Watch,Electronics,3,1499,0.1,0,Credit Card,West,Email,Tablet,Completed
ORD002019,CUST00051,2026-05-04,P0013,Storage Box,Home,1,499,0.05,0,Debit Card,South,Paid Ads,Mobile,Returned
ORD002020,CUST00593,2025-11-09,P0005,T-Shirt,Fashion,1,999,0.0,99,Credit Card,North,Organic Search,Mobile,Cancelled
ORD002021,CUST00426,2025-09-18,P0024,Running Shoes,Sports,3,699,0.0,0,UPI,West,Direct,Tablet,Completed
ORD002022,CUST00338,2026-05-30,P0004,Power Bank,Electronics,4,1999,0.15,0,Cash on Delivery,North,Referral,Mobile,Completed
ORD002023,CUST00720,2026-04-03,P0003,Phone Case,Electronics,4,699,0.05,0,Cash on Delivery,North,Email,Desktop,Completed
ORD002024,,2025-09-29,P0008,Backpack,Fashion,2,499,0.05,0,Wallet,West,Email,Mobile,Cancelled
ORD002025,CUST00047,2026-02-18,P0008,Backpack,Fashion,3,699,0.15,49,Wallet,South,Email,Mobile,Completed
ORD002026,CUST00485,2026-02-07,P0004,Power Bank,Electronics,1,1499,0.05,99,Debit Card,West,Organic Search,Mobile,Completed
ORD002027,CUST00608,2025-08-21,P0016,Lip Balm,Beauty,3,1999,0.2,0,Wallet,East,Paid Ads,Desktop,Cancelled
ORD002028,CUST00439,2026-03-28,P0008,Backpack,Fashion,1,299,0.0,79,Cash on Delivery,West,Direct,Mobile,Completed
ORD002029,CUST00785,2026-01-11,P0013,Storage Box,Home,4,999,0.0,79,UPI,South,Email,Mobile,Completed
ORD002030,CUST00541,2026-07-06,P0006,Sneakers,Fashion,4,299,0.0,79,Credit Card,South,Paid Ads,Mobile,Returned
ORD002031,CUST00084,2025-10-01,P0002,Smart Watch,Electronics,1,999,0.0,79,Wallet,Central,Organic Search,Mobile,Returned
ORD002032,CUST00162,2026-06-25,P0001,Bluetooth Speaker,Electronics,4,999,0.2,79,Credit Card,South,Paid Ads,Mobile,Cancelled
ORD002033,CUST00653,2025-08-22,P0001,Bluetooth Speaker,Electronics,4,1999,0.0,79,Debit Card,South,Email,Tablet,Returned
ORD002034,CUST00798,2026-05-25,P0021,Dumbbell Set,Sports,2,399,0.0,79,Credit Card,East,Paid Ads,Desktop,Completed
ORD002035,CUST00079,2026-06-01,P0006,Sneakers,Fashion,2,1999,0.0,49,Credit Card,North,Direct,Mobile,Completed
ORD002036,CUST00080,2026-01-15,P0007,Denim Jacket,Fashion,1,1499,0.0,0,Wallet,Central,Email,Mobile,Cancelled
ORD002037,CUST00595,2025-11-30,P0014,Wall Clock,Home,4,1499,0.0,49,Wallet,West,Organic Search,Mobile,Completed
ORD002038,CUST00051,2025-10-10,P0002,Smart Watch,Electronics,1,1499,0.0,79,UPI,South,Paid Ads,Mobile,Completed
ORD002039,CUST00054,2025-12-22,P0015,Face Serum,Beauty,4,999,0.0,0,Debit Card,Central,Organic Search,Mobile,Completed
ORD002040,CUST00706,2026-04-21,P0013,Storage Box,Home,3,299,0.1,0,Wallet,Central,Organic Search,Tablet,Completed
ORD002041,CUST00627,2026-05-11,P0019,Face Wash,Beauty,4,1999,0.1,49,UPI,West,Direct,Mobile,Completed
ORD002042,CUST00700,2025-10-25,P0003,Phone Case,Electronics,2,699,0.15,0,Debit Card,East,Social Media,Mobile,Completed
ORD002043,CUST00514,2025-08-24,P0000,Wireless Earbuds,Electronics,4,299,0.0,79,UPI,Central,Referral,Desktop,Completed
ORD002044,CUST00268,2026-03-12,P0019,Face Wash,Beauty,2,999,0.2,99,Wallet,West,Paid Ads,Mobile,Returned
ORD002045,CUST00723,2026-03-19,P0009,Sunglasses,Fashion,2,2499,0.05,49,UPI,West,Paid Ads,Desktop,Completed
ORD002046,CUST00243,2026-08-12,P0001,Bluetooth Speaker,Electronics,2,1499,0.05,0,Cash on Delivery,Central,Email,Desktop,Completed
ORD002047,CUST00222,2026-05-24,P0013,Storage Box,Home,4,399,0.2,0,UPI,West,Paid Ads,Mobile,Completed
ORD002048,CUST00704,2026-03-08,P0011,Cushion Cover,Home,2,1999,0.0,0,UPI,North,Social Media,Desktop,Cancelled
ORD002049,CUST00537,2026-03-24,P0023,Resistance Band,Sports,2,1999,0.05,49,Wallet,South,Organic Search,Mobile,Completed
ORD002050,CUST00712,2026-04-12,P0023,Resistance Band,Sports,3,499,0.0,0,Debit Card,East,Organic Search,Mobile,Returned
ORD002051,CUST00125,2026-01-31,P0013,Storage Box,Home,3,999,0.05,79,Wallet,Central,Referral,Desktop,Cancelled
ORD002052,CUST00760,2026-04-24,P0003,Phone Case,Electronics,3,1999,0.0,99,Wallet,West,Paid Ads,Desktop,Completed
ORD002053,CUST00483,2025-10-30,P0018,Sunscreen,Beauty,2,399,0.0,49,Debit Card,Central,Organic Search,Mobile,Completed
ORD002054,CUST00528,2026-06-19,P0005,T-Shirt,Fashion,1,499,0.1,99,Debit Card,Central,Paid Ads,Mobile,Completed
ORD002055,CUST00730,2026-06-30,P0020,Yoga Mat,Sports,4,699,0.0,49,Credit Card,South,Social Media,Desktop,Returned
ORD002056,CUST00313,2026-01-25,P0015,Face Serum,Beauty,2,299,0.2,0,Credit Card,South,Social Media,Desktop,Completed
ORD002057,CUST00565,2026-02-02,P0008,Backpack,Fashion,4,399,0.0,99,Credit Card,West,Direct,Mobile,Returned
ORD002058,CUST00506,2026-02-17,P0024,Running Shoes,Sports,2,999,0.0,0,Wallet,South,Direct,Mobile,Completed
ORD002059,CUST00618,2026-06-14,P0012,Coffee Mug,Home,3,499,0.05,99,Credit Card,Central,Paid Ads,Desktop,Completed
ORD002060,CUST00713,2025-10-23,P0009,Sunglasses,Fashion,3,399,0.0,79,UPI,West,Paid Ads,Desktop,Completed
ORD002061,CUST00537,2025-12-22,P0004,Power Bank,Electronics,4,499,0.1,99,Credit Card,South,Organic Search,Mobile,Completed
ORD002062,CUST00054,2026-04-01,P0016,Lip Balm,Beauty,1,299,0.1,79,Wallet,Central,Organic Search,Mobile,Completed
ORD002063,CUST00146,2026-04-30,P0006,Sneakers,Fashion,3,1499,0.1,49,Wallet,East,Organic Search,Mobile,Completed
ORD002064,CUST00761,2025-12-05,P0003,Phone Case,Electronics,1,499,0.1,0,Debit Card,South,Organic Search,Desktop,Completed
ORD002065,CUST00773,2025-10-01,P0002,Smart Watch,Electronics,4,1499,0.15,0,Wallet,Central,Social Media,Desktop,Completed
ORD002066,CUST00772,2026-02-21,P0016,Lip Balm,Beauty,3,1999,0.1,0,Debit Card,East,Email,Desktop,Completed
ORD002067,CUST00030,2026-04-10,P0023,Resistance Band,Sports,4,699,0.0,0,Wallet,East,Direct,Desktop,Completed
ORD002068,CUST00315,2026-05-26,P0006,Sneakers,Fashion,2,2499,0.05,49,Wallet,West,Paid Ads,Mobile,Completed
ORD002069,CUST00594,2025-08-21,P0005,T-Shirt,Fashion,1,399,0.1,99,UPI,West,Paid Ads,Desktop,Completed
ORD002070,CUST00589,2025-08-26,P0015,Face Serum,Beauty,3,2499,0.0,0,Wallet,West,Direct,Tablet,Completed
ORD002071,CUST00070,2026-01-08,P0003,Phone Case,Electronics,1,499,0.2,79,Cash on Delivery,North,Email,Desktop,Completed
ORD002072,CUST00480,2026-03-13,P0002,Smart Watch,Electronics,2,499,0.05,79,UPI,South,Direct,Desktop,Cancelled
ORD002073,CUST00113,2025-08-21,P0015,Face Serum,Beauty,2,2499,0.0,49,Debit Card,North,Paid Ads,Tablet,Completed
ORD002074,CUST00392,2025-10-22,P0013,Storage Box,Home,1,699,0.0,0,UPI,East,Organic Search,Mobile,Completed
ORD002075,CUST00196,2026-01-19,P0000,Wireless Earbuds,Electronics,1,1499,0.1,49,UPI,Central,Email,Mobile,Returned
ORD002076,CUST00042,2025-11-29,P0005,T-Shirt,Fashion,3,1999,0.1,99,Credit Card,West,Social Media,Mobile,Completed
ORD002077,CUST00066,2026-05-06,P0004,Power Bank,Electronics,4,699,0.0,99,Cash on Delivery,West,Paid Ads,Mobile,Cancelled
ORD002078,CUST00728,2025-09-01,P0017,Hair Oil,Beauty,2,499,0.0,79,UPI,South,Referral,Desktop,Completed
ORD002079,CUST00584,2026-07-10,P0016,Lip Balm,Beauty,2,699,0.0,49,Cash on Delivery,South,Organic Search,Mobile,Completed
ORD002080,CUST00741,2025-10-20,P0018,Sunscreen,Beauty,1,699,0.05,79,Cash on Delivery,West,Paid Ads,Mobile,Completed
ORD002081,CUST00373,2026-01-27,P0002,Smart Watch,Electronics,3,699,0.2,79,Credit Card,Central,Direct,Mobile,Completed
ORD002082,CUST00336,2026-08-15,P0021,Dumbbell Set,Sports,4,399,0.2,79,Credit Card,East,Email,Mobile,Completed
ORD002083,CUST00294,2026-04-18,P0005,T-Shirt,Fashion,3,2499,0.05,0,Credit Card,East,Paid Ads,Mobile,Completed
ORD002084,CUST00485,2026-08-19,P0024,Running Shoes,Sports,2,999,0.05,0,UPI,West,Email,Mobile,Cancelled
ORD002085,CUST00287,2025-08-27,P0021,Dumbbell Set,Sports,3,1999,0.05,0,Debit Card,Central,Social Media,Mobile,Completed
ORD002086,CUST00585,2026-05-09,P0011,Cushion Cover,Home,4,1499,0.0,0,Credit Card,North,Paid Ads,Mobile,Cancelled
ORD002087,CUST00628,2025-09-16,P0019,Face Wash,Beauty,4,499,0.0,79,UPI,Central,Direct,Desktop,Completed
ORD002088,CUST00696,2026-03-31,P0016,Lip Balm,Beauty,1,499,0.2,49,Debit Card,Central,Direct,Desktop,Cancelled
ORD002089,CUST00197,2025-12-16,P0019,Face Wash,Beauty,2,2499,0.1,99,Cash on Delivery,East,Organic Search,Mobile,Completed
ORD002090,CUST00418,2026-05-30,P0000,Wireless Earbuds,Electronics,4,299,0.0,79,Wallet,Central,Organic Search,Tablet,Completed
ORD002091,CUST00184,2025-10-04,P0002,Smart Watch,Electronics,3,499,0.0,0,Cash on Delivery,East,Referral,Mobile,Completed
ORD002092,CUST00030,2026-07-13,P0022,Water Bottle,Sports,4,1499,0.15,99,UPI,East,Paid Ads,Desktop,Cancelled
ORD002093,CUST00556,2026-02-11,P0019,Face Wash,Beauty,4,999,0.2,79,Wallet,East,Organic Search,Desktop,Completed
ORD002094,CUST00437,2026-02-25,P0015,Face Serum,Beauty,1,999,0.0,0,Credit Card,South,Email,Desktop,Completed
ORD002095,CUST00569,2026-03-16,P0007,Denim Jacket,Fashion,3,299,0.0,0,Wallet,East,Paid Ads,Mobile,Completed
ORD002096,CUST00072,2025-09-01,P0010,LED Lamp,Home,3,399,0.15,79,UPI,South,Referral,Mobile,Completed
ORD002097,CUST00795,2025-12-11,P0009,Sunglasses,Fashion,2,999,0.0,0,Credit Card,North,Referral,Desktop,Returned
ORD002098,CUST00793,2026-05-05,P0010,LED Lamp,Home,3,499,0.0,0,Credit Card,North,Organic Search,Desktop,Completed
ORD002099,CUST00370,2026-08-05,P0015,Face Serum,Beauty,1,699,0.0,49,Debit Card,South,Paid Ads,Desktop,Returned
ORD002100,CUST00686,2026-08-14,P0018,Sunscreen,Beauty,2,2499,0.0,0,Debit Card,Central,Email,Mobile,Cancelled
ORD002101,CUST00198,2026-03-03,P0009,Sunglasses,Fashion,2,1499,0.05,0,Debit Card,Central,Social Media,Tablet,Returned
ORD002102,CUST00581,2025-11-22,P0020,Yoga Mat,Sports,2,1499,0.2,0,Wallet,South,Organic Search,Tablet,Completed
ORD002103,CUST00699,2026-02-10,P0002,Smart Watch,Electronics,3,399,0.2,0,UPI,West,Social Media,Desktop,Cancelled
ORD002104,CUST00642,2026-02-05,P0020,Yoga Mat,Sports,4,999,0.1,99,Debit Card,Central,Email,Tablet,Returned
ORD002105,CUST00639,2026-01-11,P0016,Lip Balm,Beauty,4,2499,0.0,0,Wallet,Central,Referral,Mobile,Cancelled
ORD002106,CUST00370,2025-12-29,P0012,Coffee Mug,Home,3,1499,0.0,49,UPI,South,Social Media,Mobile,Completed
ORD002107,CUST00647,2026-07-02,P0009,Sunglasses,Fashion,2,1999,0.0,99,Wallet,South,Direct,Desktop,Completed
ORD002108,CUST00544,2026-01-09,P0009,Sunglasses,Fashion,4,2499,0.0,49,UPI,West,Social Media,Desktop,Returned
ORD002109,CUST00105,2025-08-30,P0009,Sunglasses,Fashion,4,2499,0.0,0,Wallet,South,Direct,Mobile,Completed
ORD002110,CUST00091,2026-05-10,P0023,Resistance Band,Sports,4,499,0.0,79,Cash on Delivery,East,Referral,Mobile,Completed
ORD002111,CUST00607,2026-04-19,P0000,Wireless Earbuds,Electronics,4,499,0.1,79,Credit Card,North,Direct,Desktop,Completed
ORD002112,CUST00493,2026-01-05,P0015,Face Serum,Beauty,4,499,0.0,0,Credit Card,East,Direct,Mobile,Completed
ORD002113,CUST00413,2026-04-06,P0024,Running Shoes,Sports,4,1999,0.15,99,Wallet,South,Direct,Desktop,Completed
ORD002114,CUST00724,2026-07-29,P0013,Storage Box,Home,3,699,0.05,0,UPI,West,Paid Ads,Tablet,Completed
ORD002115,CUST00521,2026-07-23,P0015,Face Serum,Beauty,3,1999,0.2,79,Debit Card,North,Direct,Mobile,Completed
ORD002116,CUST00325,2026-06-04,P0014,Wall Clock,Home,3,1999,0.05,0,Credit Card,North,Referral,Desktop,Cancelled
ORD002117,CUST00337,2026-03-20,P0012,Coffee Mug,Home,2,1499,0.0,0,Cash on Delivery,West,Referral,Mobile,Cancelled
ORD002118,CUST00478,2025-08-30,P0015,Face Serum,Beauty,4,299,0.2,0,Credit Card,North,Paid Ads,Mobile,Completed
ORD002119,CUST00594,2026-02-22,P0022,Water Bottle,Sports,3,1499,0.0,79,UPI,West,Social Media,Tablet,Completed
ORD002120,CUST00449,2026-06-14,P0017,Hair Oil,Beauty,3,399,0.15,49,Debit Card,West,Direct,Mobile,Completed
ORD002121,CUST00404,2026-06-24,P0021,Dumbbell Set,Sports,3,999,0.15,79,Debit Card,West,Organic Search,Mobile,Completed
ORD002122,CUST00571,2026-05-29,P0013,Storage Box,Home,1,399,0.2,0,Wallet,South,Direct,Tablet,Completed
ORD002123,CUST00555,2026-08-15,P0019,Face Wash,Beauty,4,299,0.1,0,UPI,West,Paid Ads,Mobile,Completed
ORD002124,CUST00658,2026-02-24,P0021,Dumbbell Set,Sports,3,1499,0.05,79,Credit Card,West,Referral,Mobile,Completed
ORD002125,CUST00050,2025-09-29,P0005,T-Shirt,Fashion,4,699,0.0,99,Credit Card,East,Email,Mobile,Cancelled
ORD002126,CUST00590,2026-02-17,P0021,Dumbbell Set,Sports,1,1499,0.05,99,Cash on Delivery,West,Social Media,Mobile,Completed
ORD002127,CUST00408,2025-12-14,P0017,Hair Oil,Beauty,1,699,0.15,0,Debit Card,West,Organic Search,Mobile,Completed
ORD002128,CUST00059,2026-06-20,P0011,Cushion Cover,Home,4,499,0.05,99,UPI,West,Direct,Desktop,Completed
ORD002129,CUST00535,2026-05-30,P0019,Face Wash,Beauty,3,299,0.0,49,Wallet,West,Email,Mobile,Completed
ORD002130,CUST00561,2026-01-22,P0004,Power Bank,Electronics,3,499,0.0,0,Cash on Delivery,South,Email,Mobile,Completed
ORD002131,CUST00416,2026-01-08,P0017,Hair Oil,Beauty,2,2499,0.2,0,Debit Card,North,Organic Search,Desktop,Completed
ORD002132,CUST00622,2025-10-17,P0014,Wall Clock,Home,3,1999,0.0,49,Debit Card,North,Social Media,Mobile,Returned
ORD002133,CUST00245,2025-09-04,P0022,Water Bottle,Sports,3,699,0.05,79,UPI,East,Direct,Mobile,Completed
ORD002134,CUST00167,2025-12-12,P0015,Face Serum,Beauty,1,299,0.15,0,Debit Card,South,Referral,Tablet,Completed
ORD002135,CUST00287,2025-11-15,P0013,Storage Box,Home,3,2499,0.0,49,Wallet,Central,Social Media,Desktop,Returned
ORD002136,CUST00332,2025-11-24,P0013,Storage Box,Home,3,1499,0.1,0,Wallet,Central,Paid Ads,Desktop,Cancelled
ORD002137,CUST00548,2026-08-19,P0013,Storage Box,Home,2,299,0.15,99,Debit Card,Central,Direct,Mobile,Completed
ORD002138,CUST00669,2026-04-25,P0022,Water Bottle,Sports,2,399,0.0,79,Debit Card,Central,Paid Ads,Desktop,Completed
ORD002139,CUST00566,2026-03-09,P0019,Face Wash,Beauty,4,399,0.2,0,Wallet,Central,Referral,Desktop,Completed
ORD002140,CUST00139,2025-10-24,P0002,Smart Watch,Electronics,3,2499,0.05,49,UPI,North,Email,Mobile,Cancelled
ORD002141,CUST00301,2026-06-23,P0013,Storage Box,Home,2,2499,0.0,99,UPI,West,Referral,Mobile,Completed
ORD002142,CUST00128,2026-04-12,P0007,Denim Jacket,Fashion,3,699,0.0,79,Cash on Delivery,East,Paid Ads,Mobile,Completed
ORD002143,CUST00541,2026-02-23,P0004,Power Bank,Electronics,1,399,0.0,0,Wallet,South,Organic Search,Tablet,Cancelled
ORD002144,CUST00200,2026-02-06,P0021,Dumbbell Set,Sports,2,1499,0.05,99,Wallet,East,Direct,Desktop,Completed
ORD002145,CUST00417,2026-03-09,P0021,Dumbbell Set,Sports,3,499,0.0,79,UPI,Central,Paid Ads,Mobile,Completed
ORD002146,CUST00620,2026-06-22,P0023,Resistance Band,Sports,2,299,0.0,0,Cash on Delivery,North,Social Media,Mobile,Completed
ORD002147,CUST00531,2026-05-09,P0009,Sunglasses,Fashion,1,499,0.1,79,Credit Card,South,Paid Ads,Tablet,Completed
ORD002148,CUST00242,2026-02-13,P0010,LED Lamp,Home,3,499,0.2,99,Credit Card,Central,Social Media,Mobile,Completed
ORD002149,CUST00274,2026-04-20,P0019,Face Wash,Beauty,4,299,0.1,99,Wallet,Central,Referral,Desktop,Completed
ORD002150,CUST00518,2026-07-25,P0004,Power Bank,Electronics,2,1499,0.05,0,Wallet,Central,Direct,Desktop,Completed
ORD002151,CUST00438,2025-12-17,P0001,Bluetooth Speaker,Electronics,4,499,0.1,99,Debit Card,North,Organic Search,Tablet,Completed
ORD002152,CUST00078,2026-07-14,P0010,LED Lamp,Home,4,999,0.0,99,Wallet,West,Referral,Mobile,Completed
ORD002153,CUST00694,2026-03-29,P0015,Face Serum,Beauty,3,999,0.0,0,Credit Card,North,Social Media,Desktop,Completed
ORD002154,CUST00408,2025-10-26,P0011,Cushion Cover,Home,4,1999,0.15,79,Wallet,West,Direct,Mobile,Returned
ORD002155,CUST00376,2026-08-07,P0005,T-Shirt,Fashion,2,1999,0.0,79,Debit Card,East,Social Media,Tablet,Completed
ORD002156,CUST00163,2026-04-27,P0012,Coffee Mug,Home,4,999,0.2,0,UPI,West,Organic Search,Mobile,Cancelled
ORD002157,CUST00310,2026-01-07,P0023,Resistance Band,Sports,1,1999,0.05,99,Debit Card,North,Social Media,Desktop,Completed
ORD002158,CUST00274,2025-11-06,P0006,Sneakers,Fashion,2,999,0.15,0,Wallet,Central,Social Media,Mobile,Completed
ORD002159,CUST00219,2026-07-20,P0010,LED Lamp,Home,3,299,0.0,0,Credit Card,West,Organic Search,Desktop,Cancelled
ORD002160,CUST00452,2026-06-16,P0007,Denim Jacket,Fashion,1,1999,0.05,0,Cash on Delivery,South,Direct,Mobile,Completed
ORD002161,CUST00369,2025-09-05,P0007,Denim Jacket,Fashion,4,1999,0.0,49,UPI,East,Referral,Mobile,Completed
ORD002162,CUST00706,2026-04-09,P0016,Lip Balm,Beauty,4,699,0.0,79,Debit Card,Central,Referral,Desktop,Completed
ORD002163,CUST00752,2025-09-30,P0009,Sunglasses,Fashion,1,699,0.05,99,Cash on Delivery,North,Paid Ads,Mobile,Completed
ORD002164,CUST00181,2025-12-05,P0015,Face Serum,Beauty,4,2499,0.1,0,Credit Card,South,Email,Mobile,Returned
ORD002165,CUST00080,2026-03-15,P0000,Wireless Earbuds,Electronics,1,699,0.2,99,UPI,Central,Email,Mobile,Completed
ORD002166,CUST00616,2025-11-18,P0016,Lip Balm,Beauty,1,499,0.15,99,Credit Card,South,Email,Tablet,Cancelled
ORD002167,CUST00793,2026-02-23,P0002,Smart Watch,Electronics,4,1499,0.0,0,Cash on Delivery,North,Direct,Desktop,Completed
ORD002168,CUST00684,2026-01-23,P0009,Sunglasses,Fashion,3,499,0.2,0,Credit Card,East,Social Media,Desktop,Completed
ORD002169,CUST00019,2026-03-20,P0021,Dumbbell Set,Sports,4,699,0.05,0,Debit Card,East,Paid Ads,Desktop,Completed
ORD002170,CUST00203,2026-06-08,P0008,Backpack,Fashion,2,1999,0.05,99,Wallet,East,Social Media,Desktop,Returned
ORD002171,CUST00034,2025-10-15,P0017,Hair Oil,Beauty,3,399,0.0,49,Cash on Delivery,Central,Email,Mobile,Completed
ORD002172,CUST00648,2026-06-06,P0008,Backpack,Fashion,1,299,0.1,0,UPI,South,Social Media,Mobile,Completed
ORD002173,CUST00461,2025-11-09,P0022,Water Bottle,Sports,3,499,0.2,99,Debit Card,East,Paid Ads,Desktop,Completed
ORD002174,CUST00408,2025-09-01,P0023,Resistance Band,Sports,4,399,0.0,79,Debit Card,West,Organic Search,Desktop,Completed
ORD002175,CUST00443,2026-01-29,P0022,Water Bottle,Sports,3,499,0.2,99,Cash on Delivery,North,Email,Mobile,Completed
ORD002176,CUST00205,2025-12-08,P0009,Sunglasses,Fashion,4,299,0.0,99,Cash on Delivery,Central,Organic Search,Desktop,Completed
ORD002177,CUST00475,2025-10-26,P0007,Denim Jacket,Fashion,2,999,0.2,99,Credit Card,West,Social Media,Mobile,Completed
ORD002178,CUST00025,2026-01-21,P0015,Face Serum,Beauty,4,999,0.0,0,Cash on Delivery,South,Email,Mobile,Completed
ORD002179,CUST00511,2026-07-03,P0020,Yoga Mat,Sports,3,499,0.05,0,Cash on Delivery,South,Social Media,Mobile,Returned
ORD002180,CUST00578,2026-03-21,P0013,Storage Box,Home,1,1499,0.0,0,UPI,South,Email,Tablet,Completed
ORD002181,CUST00532,2026-05-12,P0018,Sunscreen,Beauty,2,399,0.2,0,Debit Card,Central,Paid Ads,Mobile,Completed
ORD002182,CUST00273,2025-10-13,P0021,Dumbbell Set,Sports,2,299,0.05,49,UPI,South,Paid Ads,Mobile,Completed
ORD002183,CUST00653,2025-09-16,P0018,Sunscreen,Beauty,1,699,0.2,49,Wallet,South,Referral,Mobile,Cancelled
ORD002184,CUST00561,2025-12-20,P0009,Sunglasses,Fashion,4,399,0.0,79,Debit Card,South,Referral,Tablet,Completed
ORD002185,CUST00102,2026-05-29,P0006,Sneakers,Fashion,1,1999,0.0,79,Debit Card,South,Organic Search,Mobile,Completed
ORD002186,CUST00159,2026-07-09,P0010,LED Lamp,Home,3,499,0.1,99,UPI,Central,Paid Ads,Mobile,Completed
ORD002187,CUST00503,2025-09-26,P0014,Wall Clock,Home,4,699,0.0,49,Credit Card,South,Social Media,Tablet,Completed
ORD002188,CUST00234,2026-02-09,P0021,Dumbbell Set,Sports,2,499,0.1,0,UPI,North,Direct,Desktop,Returned
ORD002189,CUST00096,2026-01-11,P0007,Denim Jacket,Fashion,3,699,0.0,49,Credit Card,South,Organic Search,Mobile,Returned
ORD002190,CUST00124,2026-05-18,P0004,Power Bank,Electronics,3,299,0.0,99,Credit Card,West,Direct,Mobile,Cancelled
ORD002191,CUST00132,2025-11-03,P0007,Denim Jacket,Fashion,4,2499,0.1,99,Debit Card,South,Organic Search,Desktop,Completed
ORD002192,CUST00380,2026-02-12,P0014,Wall Clock,Home,1,399,0.1,99,Wallet,East,Referral,Mobile,Cancelled
ORD002193,CUST00479,2026-06-26,P0005,T-Shirt,Fashion,2,699,0.0,49,Cash on Delivery,East,Organic Search,Mobile,Cancelled
ORD002194,CUST00141,2026-02-05,P0009,Sunglasses,Fashion,3,1999,0.0,79,UPI,South,Referral,Mobile,Cancelled
ORD002195,CUST00559,2026-06-01,P0006,Sneakers,Fashion,1,699,0.2,49,Wallet,Central,Referral,Tablet,Cancelled
ORD002196,CUST00227,2026-04-04,P0024,Running Shoes,Sports,4,1499,0.0,0,Debit Card,West,Direct,Desktop,Cancelled
ORD002197,CUST00258,2026-03-26,P0012,Coffee Mug,Home,3,299,0.0,79,Wallet,East,Referral,Desktop,Completed
ORD002198,CUST00184,2025-11-22,P0018,Sunscreen,Beauty,1,499,0.2,0,Wallet,East,Social Media,Mobile,Completed
ORD002199,CUST00616,2026-08-17,P0013,Storage Box,Home,1,1999,0.05,79,Debit Card,South,Email,Mobile,Cancelled
ORD002200,CUST00766,2025-11-19,P0000,Wireless Earbuds,Electronics,1,499,0.0,99,UPI,South,Email,Tablet,Returned
ORD002201,CUST00391,2026-07-25,P0006,Sneakers,Fashion,3,699,0.2,0,Wallet,South,Organic Search,Desktop,Completed
ORD002202,CUST00032,2026-08-16,P0020,Yoga Mat,Sports,3,299,0.0,79,Debit Card,North,Referral,Mobile,Completed
ORD002203,CUST00212,2026-02-22,P0012,Coffee Mug,Home,2,999,0.15,99,Wallet,South,Direct,Desktop,Returned
ORD002204,CUST00128,2026-07-03,P0017,Hair Oil,Beauty,3,499,0.1,79,Debit Card,East,Social Media,Mobile,Completed
ORD002205,CUST00667,2026-05-08,P0019,Face Wash,Beauty,2,1999,0.0,79,UPI,South,Paid Ads,Mobile,Completed
ORD002206,CUST00070,2026-05-16,P0014,Wall Clock,Home,2,699,0.0,99,Credit Card,North,Direct,Mobile,Returned
ORD002207,CUST00771,2025-09-14,P0014,Wall Clock,Home,1,1999,0.05,79,UPI,North,Referral,Desktop,Returned
ORD002208,CUST00466,2025-10-09,P0005,T-Shirt,Fashion,1,2499,0.0,0,UPI,West,Organic Search,Desktop,Completed
ORD002209,CUST00411,2025-09-14,P0006,Sneakers,Fashion,3,1999,0.0,79,Cash on Delivery,West,Referral,Mobile,Completed
ORD002210,CUST00671,2025-08-31,P0003,Phone Case,Electronics,3,1499,0.15,79,Debit Card,South,Email,Mobile,Completed
ORD002211,CUST00022,2026-06-21,P0007,Denim Jacket,Fashion,1,999,0.1,0,Credit Card,East,Direct,Desktop,Completed
ORD002212,CUST00610,2025-10-23,P0015,Face Serum,Beauty,1,699,0.1,79,Credit Card,West,Organic Search,Mobile,Returned
ORD002213,CUST00094,2025-08-22,P0023,Resistance Band,Sports,2,299,0.15,99,UPI,Central,Organic Search,Mobile,Returned
ORD002214,CUST00665,2026-07-28,P0010,LED Lamp,Home,3,399,0.05,99,Cash on Delivery,East,Email,Desktop,Completed
ORD002215,CUST00419,2025-11-29,P0015,Face Serum,Beauty,3,699,0.2,99,Cash on Delivery,East,Paid Ads,Desktop,Cancelled
ORD002216,CUST00048,2026-06-13,P0021,Dumbbell Set,Sports,3,1499,0.2,79,Cash on Delivery,North,Social Media,Mobile,Completed
ORD002217,CUST00660,2026-08-05,P0016,Lip Balm,Beauty,1,299,0.2,0,Debit Card,Central,Email,Mobile,Returned
ORD002218,CUST00021,2026-02-26,P0006,Sneakers,Fashion,2,2499,0.0,49,UPI,South,Paid Ads,Desktop,Returned
ORD002219,CUST00109,2026-07-24,P0007,Denim Jacket,Fashion,4,2499,0.0,0,Cash on Delivery,Central,Social Media,Mobile,Cancelled
ORD002220,CUST00625,2026-08-08,P0015,Face Serum,Beauty,3,299,0.05,0,Cash on Delivery,East,Social Media,Desktop,Returned
ORD002221,CUST00370,2025-10-11,P0007,Denim Jacket,Fashion,4,299,0.1,0,UPI,South,Social Media,Desktop,Completed
ORD002222,CUST00700,2025-10-12,P0006,Sneakers,Fashion,3,1999,0.0,99,UPI,East,Direct,Desktop,Returned
ORD002223,CUST00501,2026-01-02,P0014,Wall Clock,Home,4,399,0.0,49,Credit Card,West,Organic Search,Mobile,Completed
ORD002224,CUST00491,2026-03-12,P0015,Face Serum,Beauty,3,399,0.0,79,Credit Card,Central,Referral,Desktop,Completed
ORD002225,CUST00236,2026-06-02,P0006,Sneakers,Fashion,3,399,0.05,49,UPI,Central,Direct,Tablet,Returned
ORD002226,CUST00106,2025-10-25,P0001,Bluetooth Speaker,Electronics,3,1499,0.2,0,UPI,East,Organic Search,Desktop,Returned
ORD002227,CUST00767,2025-10-29,P0019,Face Wash,Beauty,2,399,0.05,49,UPI,South,Email,Mobile,Completed
ORD002228,CUST00084,2025-12-09,P0009,Sunglasses,Fashion,2,399,0.15,99,Debit Card,Central,Paid Ads,Tablet,Completed
ORD002229,CUST00419,2025-11-27,P0015,Face Serum,Beauty,1,699,0.0,0,Debit Card,East,Organic Search,Mobile,Returned
ORD002230,CUST00221,2026-07-29,P0004,Power Bank,Electronics,2,999,0.0,0,UPI,South,Direct,Mobile,Cancelled
ORD002231,CUST00214,2026-01-11,P0007,Denim Jacket,Fashion,1,2499,0.1,99,Cash on Delivery,North,Paid Ads,Mobile,Completed
ORD002232,CUST00470,2026-07-02,P0015,Face Serum,Beauty,2,399,0.0,0,Cash on Delivery,East,Email,Mobile,Completed
ORD002233,CUST00625,2025-09-09,P0003,Phone Case,Electronics,4,499,0.0,99,Credit Card,East,Paid Ads,Mobile,Completed
ORD002234,CUST00610,2025-09-26,P0007,Denim Jacket,Fashion,2,999,0.0,99,Debit Card,West,Paid Ads,Desktop,Completed
ORD002235,CUST00687,2026-06-09,P0017,Hair Oil,Beauty,3,699,0.15,0,UPI,South,Direct,Mobile,Returned
ORD002236,CUST00237,2025-11-19,P0019,Face Wash,Beauty,2,999,0.1,79,Debit Card,East,Email,Mobile,Completed
ORD002237,CUST00371,2025-09-19,P0008,Backpack,Fashion,4,399,0.15,0,Debit Card,West,Organic Search,Desktop,Completed
ORD002238,CUST00007,2026-03-24,P0002,Smart Watch,Electronics,1,999,0.0,99,Credit Card,North,Referral,Mobile,Returned
ORD002239,CUST00585,2025-10-12,P0000,Wireless Earbuds,Electronics,4,2499,0.2,0,UPI,North,Email,Desktop,Returned
ORD002240,CUST00248,2025-09-11,P0013,Storage Box,Home,3,1499,0.2,99,Cash on Delivery,South,Paid Ads,Tablet,Completed
ORD002241,CUST00448,2026-01-15,P0017,Hair Oil,Beauty,4,1499,0.0,79,Cash on Delivery,Central,Organic Search,Mobile,Completed
ORD002242,CUST00134,2026-03-08,P0014,Wall Clock,Home,1,299,0.0,49,Credit Card,North,Social Media,Mobile,Completed
ORD002243,CUST00647,2026-02-28,P0010,LED Lamp,Home,4,2499,0.2,0,Wallet,South,Direct,Mobile,Completed
ORD002244,CUST00645,2026-03-21,P0000,Wireless Earbuds,Electronics,4,1499,0.0,0,Cash on Delivery,East,Organic Search,Desktop,Completed
ORD002245,CUST00698,2025-08-28,P0005,T-Shirt,Fashion,2,1499,0.05,49,Wallet,East,Paid Ads,Mobile,Completed
ORD002246,CUST00037,2025-12-04,P0000,Wireless Earbuds,Electronics,3,399,0.2,99,Credit Card,East,Referral,Tablet,Completed
ORD002247,CUST00792,2025-12-23,P0011,Cushion Cover,Home,3,999,0.0,99,Debit Card,North,Organic Search,Desktop,Completed
ORD002248,CUST00200,2025-12-04,P0007,Denim Jacket,Fashion,1,1499,0.2,49,Wallet,East,Direct,Desktop,Completed
ORD002249,CUST00257,2026-03-12,P0001,Bluetooth Speaker,Electronics,3,999,0.0,0,Cash on Delivery,East,Paid Ads,Tablet,Completed
ORD002250,CUST00203,2025-11-11,P0015,Face Serum,Beauty,3,299,0.0,49,Debit Card,East,Email,Mobile,Cancelled
ORD002251,CUST00215,2026-04-07,P0009,Sunglasses,Fashion,1,299,0.0,99,Debit Card,South,Direct,Desktop,Completed
ORD002252,CUST00441,2026-07-27,P0024,Running Shoes,Sports,2,699,0.05,49,Debit Card,Central,Referral,Desktop,Completed
ORD002253,CUST00196,2026-04-18,P0010,LED Lamp,Home,3,1499,0.0,99,Cash on Delivery,Central,Email,Desktop,Completed
ORD002254,CUST00324,2026-01-08,P0002,Smart Watch,Electronics,4,699,0.2,0,Credit Card,South,Paid Ads,Desktop,Completed
ORD002255,CUST00519,2026-01-25,P0017,Hair Oil,Beauty,1,1499,0.1,49,Debit Card,East,Organic Search,Mobile,Completed
ORD002256,CUST00661,2026-03-21,P0017,Hair Oil,Beauty,4,2499,0.1,0,Credit Card,Central,Direct,Desktop,Completed
ORD002257,CUST00546,2026-05-11,P0023,Resistance Band,Sports,4,2499,0.15,79,Cash on Delivery,East,Email,Desktop,Completed
ORD002258,CUST00470,2025-12-08,P0017,Hair Oil,Beauty,4,1499,0.1,79,Credit Card,East,Direct,Desktop,Completed
ORD002259,CUST00117,2025-09-03,P0009,Sunglasses,Fashion,1,1499,0.1,0,UPI,South,Referral,Desktop,Cancelled
ORD002260,CUST00644,2026-05-03,P0016,Lip Balm,Beauty,3,299,0.1,79,Credit Card,North,Direct,Mobile,Completed
ORD002261,CUST00030,2026-04-18,P0019,Face Wash,Beauty,2,299,0.15,99,UPI,East,Email,Tablet,Completed
ORD002262,CUST00214,2025-09-26,P0012,Coffee Mug,Home,4,1499,0.2,49,UPI,North,Direct,Mobile,Completed
ORD002263,CUST00047,2026-04-05,P0019,Face Wash,Beauty,3,1999,0.0,49,Wallet,South,Email,Mobile,Cancelled
ORD002264,CUST00528,2025-09-15,P0024,Running Shoes,Sports,3,399,0.05,0,UPI,Central,Paid Ads,Mobile,Completed
ORD002265,CUST00301,2026-04-11,P0018,Sunscreen,Beauty,1,999,0.0,0,UPI,West,Paid Ads,Mobile,Completed
ORD002266,CUST00517,2026-05-18,P0012,Coffee Mug,Home,4,499,0.0,49,Debit Card,East,Organic Search,Desktop,Completed
ORD002267,CUST00285,2025-08-25,P0012,Coffee Mug,Home,2,299,0.2,49,Cash on Delivery,West,Social Media,Mobile,Completed
ORD002268,CUST00364,2026-05-12,P0020,Yoga Mat,Sports,1,699,0.05,79,Wallet,West,Paid Ads,Desktop,Completed
ORD002269,CUST00366,2025-10-02,P0021,Dumbbell Set,Sports,4,699,0.1,99,Wallet,West,Referral,Tablet,Completed
ORD002270,CUST00035,2025-11-24,P0006,Sneakers,Fashion,4,1999,0.15,0,Wallet,East,Referral,Desktop,Completed
ORD002271,CUST00348,2026-05-04,P0000,Wireless Earbuds,Electronics,2,1999,0.0,0,Debit Card,Central,Direct,Mobile,Completed
ORD002272,CUST00507,2025-12-27,P0020,Yoga Mat,Sports,3,2499,0.05,49,Cash on Delivery,West,Social Media,Tablet,Completed
ORD002273,CUST00434,2026-08-11,P0005,T-Shirt,Fashion,3,299,0.0,0,Cash on Delivery,East,Organic Search,Desktop,Returned
ORD002274,CUST00061,2026-08-04,P0024,Running Shoes,Sports,2,2499,0.0,79,UPI,East,Email,Desktop,Completed
ORD002275,CUST00528,2026-08-15,P0000,Wireless Earbuds,Electronics,3,999,0.0,0,Debit Card,Central,Organic Search,Mobile,Completed
ORD002276,CUST00256,2025-09-27,P0022,Water Bottle,Sports,4,399,0.1,49,Debit Card,North,Organic Search,Desktop,Completed
ORD002277,CUST00010,2025-10-23,P0016,Lip Balm,Beauty,4,1499,0.0,49,Debit Card,North,Organic Search,Mobile,Returned
ORD002278,CUST00125,2025-10-25,P0007,Denim Jacket,Fashion,3,299,0.05,79,Cash on Delivery,Central,Social Media,Mobile,Completed
ORD002279,CUST00396,2026-03-21,P0000,Wireless Earbuds,Electronics,2,699,0.0,0,Debit Card,West,Direct,Mobile,Returned
ORD002280,CUST00258,2026-01-23,P0021,Dumbbell Set,Sports,4,1999,0.2,99,Cash on Delivery,East,Social Media,Desktop,Completed
ORD002281,CUST00546,2026-05-19,P0002,Smart Watch,Electronics,4,2499,0.15,0,Debit Card,East,Direct,Mobile,Returned
ORD002282,CUST00196,2025-11-30,P0002,Smart Watch,Electronics,1,499,0.0,0,Cash on Delivery,Central,Email,Mobile,Completed
ORD002283,CUST00608,2025-10-31,P0019,Face Wash,Beauty,2,399,0.0,79,Cash on Delivery,East,Referral,Desktop,Completed
ORD002284,CUST00232,2026-04-13,P0016,Lip Balm,Beauty,3,999,0.15,0,Wallet,West,Social Media,Mobile,Cancelled
ORD002285,CUST00489,2026-04-02,P0003,Phone Case,Electronics,3,399,0.1,49,Credit Card,South,Paid Ads,Mobile,Completed
ORD002286,CUST00626,2026-04-29,P0008,Backpack,Fashion,3,2499,0.05,0,Wallet,Central,Organic Search,Desktop,Completed
ORD002287,CUST00318,2025-12-11,P0016,Lip Balm,Beauty,3,499,0.0,0,Cash on Delivery,North,Paid Ads,Tablet,Completed
ORD002288,CUST00038,2026-02-28,P0016,Lip Balm,Beauty,1,399,0.0,79,Cash on Delivery,South,Organic Search,Desktop,Returned
ORD002289,CUST00424,2026-07-24,P0009,Sunglasses,Fashion,1,399,0.1,0,UPI,Central,Paid Ads,Desktop,Completed
ORD002290,CUST00795,2026-03-31,P0010,LED Lamp,Home,4,499,0.05,99,UPI,North,Referral,Mobile,Completed
ORD002291,CUST00774,2026-07-26,P0001,Bluetooth Speaker,Electronics,3,1499,0.15,0,Debit Card,South,Email,Mobile,Completed
ORD002292,CUST00182,2026-01-25,P0000,Wireless Earbuds,Electronics,3,1999,0.0,79,Debit Card,East,Email,Mobile,Cancelled
ORD002293,CUST00591,2025-09-05,P0024,Running Shoes,Sports,2,1499,0.0,0,Wallet,North,Social Media,Tablet,Returned
ORD002294,CUST00284,2026-05-24,P0005,T-Shirt,Fashion,2,1499,0.15,99,Cash on Delivery,East,Email,Mobile,Returned
ORD002295,CUST00128,2026-02-04,P0023,Resistance Band,Sports,2,499,0.2,79,Debit Card,East,Email,Mobile,Completed
ORD002296,CUST00526,2025-09-04,P0001,Bluetooth Speaker,Electronics,3,2499,0.15,79,Cash on Delivery,East,Referral,Desktop,Completed
ORD002297,CUST00399,2025-10-09,P0024,Running Shoes,Sports,3,2499,0.0,0,Credit Card,Central,Direct,Desktop,Returned
ORD002298,CUST00429,2025-12-12,P0010,LED Lamp,Home,1,1499,0.0,0,Credit Card,South,Email,Mobile,Completed
ORD002299,CUST00654,2025-10-28,P0020,Yoga Mat,Sports,2,1999,0.2,49,Cash on Delivery,West,Direct,Desktop,Completed
ORD002300,CUST00276,2026-04-26,P0021,Dumbbell Set,Sports,4,499,0.05,0,Credit Card,South,Email,Desktop,Completed
ORD002301,CUST00527,2026-03-31,P0008,Backpack,Fashion,3,699,0.05,0,UPI,Central,Referral,Tablet,Completed
ORD002302,CUST00301,2025-12-18,P0018,Sunscreen,Beauty,4,1999,0.2,79,Cash on Delivery,West,Email,Mobile,Completed
ORD002303,CUST00033,2025-09-19,P0008,Backpack,Fashion,3,699,0.0,79,Debit Card,North,Referral,Mobile,Completed
ORD002304,CUST00312,2025-09-17,P0019,Face Wash,Beauty,2,1999,0.0,79,Debit Card,East,Paid Ads,Mobile,Cancelled
ORD002305,CUST00758,2026-07-31,P0023,Resistance Band,Sports,4,1999,0.1,49,Credit Card,Central,Paid Ads,Mobile,Completed
ORD002306,CUST00384,2025-12-23,P0020,Yoga Mat,Sports,3,2499,0.2,49,Wallet,East,Paid Ads,Mobile,Completed
ORD002307,CUST00087,2025-09-28,P0018,Sunscreen,Beauty,1,499,0.0,99,Debit Card,North,Direct,Mobile,Completed
ORD002308,CUST00543,2026-05-06,P0009,Sunglasses,Fashion,2,699,0.0,49,Credit Card,North,Referral,Mobile,Returned
ORD002309,CUST00770,2026-07-03,P0002,Smart Watch,Electronics,3,699,0.0,79,UPI,South,Social Media,Mobile,Cancelled
ORD002310,CUST00725,2025-10-03,P0012,Coffee Mug,Home,2,999,0.0,49,Credit Card,South,Social Media,Mobile,Cancelled
ORD002311,CUST00454,2026-07-30,P0003,Phone Case,Electronics,2,1499,0.0,0,Cash on Delivery,Central,Social Media,Mobile,Returned
ORD002312,CUST00309,2026-05-11,P0012,Coffee Mug,Home,4,499,0.05,0,Wallet,East,Paid Ads,Mobile,Completed
ORD002313,CUST00461,2025-11-19,P0021,Dumbbell Set,Sports,2,399,0.05,79,Cash on Delivery,East,Email,Mobile,Completed
ORD002314,CUST00644,2026-05-30,P0002,Smart Watch,Electronics,2,499,0.0,79,Cash on Delivery,North,Direct,Mobile,Completed
ORD002315,CUST00684,2026-01-20,P0022,Water Bottle,Sports,1,1999,0.1,79,Cash on Delivery,East,Direct,Tablet,Completed
ORD002316,CUST00647,2026-04-08,P0014,Wall Clock,Home,2,2499,0.2,79,UPI,South,Organic Search,Mobile,Returned
ORD002317,CUST00364,2025-10-05,P0001,Bluetooth Speaker,Electronics,4,299,0.0,0,Credit Card,West,Social Media,Desktop,Completed
ORD002318,CUST00096,2025-11-17,P0018,Sunscreen,Beauty,2,2499,0.1,99,Credit Card,South,Email,Mobile,Completed
ORD002319,CUST00453,2026-05-29,P0000,Wireless Earbuds,Electronics,2,299,0.05,79,Credit Card,East,Email,Mobile,Completed
ORD002320,CUST00126,2026-06-09,P0015,Face Serum,Beauty,3,999,0.1,0,Debit Card,West,Direct,Mobile,Cancelled
ORD002321,CUST00048,2025-08-23,P0012,Coffee Mug,Home,4,399,0.0,49,Cash on Delivery,North,Direct,Mobile,Returned
ORD002322,CUST00396,2025-11-06,P0018,Sunscreen,Beauty,4,2499,0.1,99,Debit Card,West,Paid Ads,Desktop,Completed
ORD002323,CUST00519,2026-03-29,P0009,Sunglasses,Fashion,2,1999,0.15,0,Credit Card,East,Social Media,Desktop,Returned
ORD002324,CUST00678,2026-07-16,P0002,Smart Watch,Electronics,1,499,0.1,0,Cash on Delivery,East,Paid Ads,Mobile,Completed
ORD002325,CUST00614,2026-04-23,P0009,Sunglasses,Fashion,3,1499,0.15,0,UPI,Central,Direct,Mobile,Cancelled
ORD002326,CUST00679,2026-05-04,P0019,Face Wash,Beauty,2,1999,0.15,0,UPI,North,Social Media,Desktop,Completed
ORD002327,CUST00594,2026-01-08,P0023,Resistance Band,Sports,2,399,0.2,0,Debit Card,West,Social Media,Desktop,Completed
ORD002328,CUST00553,2025-09-08,P0005,T-Shirt,Fashion,1,1499,0.1,99,Cash on Delivery,East,Direct,Mobile,Completed
ORD002329,CUST00007,2026-05-26,P0008,Backpack,Fashion,4,499,0.05,99,Debit Card,North,Referral,Mobile,Completed
ORD002330,CUST00493,2026-06-07,P0021,Dumbbell Set,Sports,1,1499,0.15,99,Cash on Delivery,East,Referral,Mobile,Completed
ORD002331,CUST00096,2026-01-28,P0007,Denim Jacket,Fashion,2,999,0.1,0,Cash on Delivery,South,Organic Search,Mobile,Completed
ORD002332,CUST00047,2026-02-20,P0006,Sneakers,Fashion,2,1499,0.05,99,UPI,South,Direct,Mobile,Cancelled
ORD002333,CUST00126,2025-11-13,P0020,Yoga Mat,Sports,1,1499,0.1,0,Wallet,West,Email,Mobile,Returned
ORD002334,CUST00649,2026-02-01,P0012,Coffee Mug,Home,4,1499,0.0,0,Credit Card,West,Organic Search,Desktop,Completed
ORD002335,CUST00584,2025-11-16,P0014,Wall Clock,Home,3,299,0.1,0,Wallet,South,Social Media,Mobile,Completed
ORD002336,CUST00757,2026-01-20,P0012,Coffee Mug,Home,3,1999,0.05,0,Cash on Delivery,East,Paid Ads,Mobile,Returned
ORD002337,CUST00782,2025-10-07,P0015,Face Serum,Beauty,1,399,0.0,99,Credit Card,West,Paid Ads,Mobile,Completed
ORD002338,CUST00709,2026-03-29,P0006,Sneakers,Fashion,1,699,0.05,79,Credit Card,South,Email,Desktop,Cancelled
ORD002339,CUST00106,2025-11-18,P0018,Sunscreen,Beauty,1,999,0.2,79,Credit Card,East,Social Media,Mobile,Returned
ORD002340,CUST00698,2026-05-11,P0009,Sunglasses,Fashion,3,1999,0.0,99,Cash on Delivery,East,Direct,Mobile,Cancelled
ORD002341,CUST00663,2026-02-24,P0013,Storage Box,Home,3,1499,0.1,79,Debit Card,East,Direct,Mobile,Returned
ORD002342,CUST00691,2026-07-13,P0004,Power Bank,Electronics,4,399,0.0,49,UPI,North,Organic Search,Mobile,Returned
ORD002343,CUST00121,2025-11-08,P0000,Wireless Earbuds,Electronics,4,499,0.0,0,Debit Card,West,Direct,Mobile,Completed
ORD002344,CUST00094,2025-11-27,P0014,Wall Clock,Home,2,399,0.0,0,Debit Card,Central,Organic Search,Mobile,Cancelled
ORD002345,CUST00735,2025-11-16,P0003,Phone Case,Electronics,1,999,0.2,99,Credit Card,Central,Organic Search,Mobile,Completed
ORD002346,CUST00139,2026-04-07,P0022,Water Bottle,Sports,1,1499,0.0,49,UPI,North,Organic Search,Mobile,Completed
ORD002347,CUST00301,2025-09-28,P0023,Resistance Band,Sports,4,1499,0.1,99,Cash on Delivery,West,Organic Search,Mobile,Completed
ORD002348,CUST00365,2026-04-27,P0007,Denim Jacket,Fashion,4,1999,0.15,0,Debit Card,North,Social Media,Mobile,Completed
ORD002349,CUST00099,2026-06-14,P0007,Denim Jacket,Fashion,3,1499,0.0,79,Cash on Delivery,North,Referral,Mobile,Cancelled
ORD002350,CUST00015,2026-04-23,P0012,Coffee Mug,Home,1,2499,0.15,0,Wallet,West,Direct,Tablet,Completed
ORD002351,CUST00793,2025-10-08,P0005,T-Shirt,Fashion,4,2499,0.1,0,Wallet,North,Social Media,Desktop,Cancelled
ORD002352,CUST00697,2026-02-15,P0021,Dumbbell Set,Sports,4,499,0.0,79,UPI,East,Referral,Desktop,Completed
ORD002353,CUST00729,2026-03-02,P0002,Smart Watch,Electronics,1,499,0.0,49,Debit Card,South,Social Media,Mobile,Cancelled
ORD002354,CUST00231,2026-01-09,P0011,Cushion Cover,Home,4,299,0.2,0,Debit Card,East,Organic Search,Tablet,Returned
ORD002355,CUST00181,2026-02-06,P0004,Power Bank,Electronics,3,499,0.0,99,Debit Card,South,Organic Search,Desktop,Completed
ORD002356,CUST00346,2026-05-25,P0020,Yoga Mat,Sports,4,999,0.2,79,UPI,Central,Email,Mobile,Completed
ORD002357,CUST00363,2026-06-20,P0003,Phone Case,Electronics,3,1499,0.1,0,UPI,North,Paid Ads,Desktop,Completed
ORD002358,CUST00005,2025-12-07,P0011,Cushion Cover,Home,1,2499,0.15,79,UPI,North,Social Media,Mobile,Returned
ORD002359,CUST00612,2025-12-18,P0020,Yoga Mat,Sports,3,999,0.0,0,Debit Card,South,Paid Ads,Tablet,Completed
ORD002360,CUST00798,2025-11-03,P0011,Cushion Cover,Home,1,2499,0.0,49,Cash on Delivery,East,Social Media,Mobile,Completed
ORD002361,CUST00419,2026-01-13,P0004,Power Bank,Electronics,2,999,0.1,49,Wallet,East,Referral,Desktop,Cancelled
ORD002362,CUST00320,2026-03-07,P0003,Phone Case,Electronics,4,1999,0.0,0,Cash on Delivery,South,Organic Search,Tablet,Returned
ORD002363,CUST00323,2026-05-07,P0015,Face Serum,Beauty,4,1999,0.05,49,Cash on Delivery,North,Organic Search,Mobile,Completed
ORD002364,CUST00077,2025-11-25,P0003,Phone Case,Electronics,2,699,0.05,99,Wallet,West,Paid Ads,Desktop,Completed
ORD002365,CUST00215,2025-11-06,P0008,Backpack,Fashion,2,1999,0.0,0,Credit Card,South,Direct,Mobile,Returned
ORD002366,CUST00400,2025-09-01,P0015,Face Serum,Beauty,2,1999,0.15,49,Cash on Delivery,East,Paid Ads,Desktop,Completed
ORD002367,CUST00350,2025-09-23,P0009,Sunglasses,Fashion,1,499,0.05,99,UPI,North,Paid Ads,Mobile,Completed
ORD002368,CUST00434,2025-09-07,P0020,Yoga Mat,Sports,3,399,0.1,99,Debit Card,East,Direct,Mobile,Returned
ORD002369,CUST00673,2025-11-03,P0017,Hair Oil,Beauty,2,299,0.1,99,UPI,East,Email,Mobile,Completed
ORD002370,CUST00185,2026-04-30,P0003,Phone Case,Electronics,1,2499,0.1,49,Credit Card,West,Email,Desktop,Completed
ORD002371,CUST00022,2026-05-29,P0020,Yoga Mat,Sports,3,699,0.0,49,Wallet,East,Email,Desktop,Returned
ORD002372,CUST00030,2026-08-10,P0022,Water Bottle,Sports,3,999,0.15,49,Credit Card,East,Email,Mobile,Cancelled
ORD002373,CUST00106,2026-03-06,P0005,T-Shirt,Fashion,3,499,0.0,99,Wallet,East,Email,Mobile,Cancelled
ORD002374,CUST00453,2026-02-01,P0008,Backpack,Fashion,4,699,0.2,99,Cash on Delivery,East,Email,Mobile,Completed
ORD002375,CUST00635,2026-07-14,P0009,Sunglasses,Fashion,3,699,0.15,0,UPI,South,Direct,Desktop,Cancelled
ORD002376,CUST00704,2025-10-12,P0010,LED Lamp,Home,3,999,0.05,0,Debit Card,North,Social Media,Mobile,Cancelled
ORD002377,CUST00501,2026-04-07,P0011,Cushion Cover,Home,1,399,0.0,0,Wallet,West,Paid Ads,Mobile,Returned
ORD002378,CUST00329,2026-06-14,P0022,Water Bottle,Sports,2,1999,0.2,0,Cash on Delivery,South,Paid Ads,Tablet,Completed
ORD002379,CUST00124,2026-02-19,P0016,Lip Balm,Beauty,2,699,0.05,0,Credit Card,West,Direct,Tablet,Returned
ORD002380,CUST00328,2025-11-23,P0022,Water Bottle,Sports,4,399,0.15,99,UPI,West,Organic Search,Mobile,Cancelled
ORD002381,CUST00274,2026-04-03,P0008,Backpack,Fashion,2,299,0.0,0,Debit Card,Central,Paid Ads,Mobile,Cancelled
ORD002382,CUST00688,2026-08-18,P0013,Storage Box,Home,3,299,0.0,49,Credit Card,West,Organic Search,Desktop,Completed
ORD002383,CUST00387,2025-11-14,P0002,Smart Watch,Electronics,3,499,0.0,0,Credit Card,East,Social Media,Mobile,Completed
ORD002384,CUST00186,2026-03-13,P0006,Sneakers,Fashion,1,1499,0.15,0,UPI,North,Paid Ads,Mobile,Completed
ORD002385,CUST00233,2025-09-07,P0014,Wall Clock,Home,4,1999,0.05,0,Wallet,Central,Email,Tablet,Returned
ORD002386,CUST00108,2025-11-12,P0004,Power Bank,Electronics,3,2499,0.0,99,UPI,Central,Referral,Mobile,Completed
ORD002387,CUST00732,2026-05-26,P0024,Running Shoes,Sports,1,499,0.1,79,Debit Card,Central,Social Media,Mobile,Cancelled
ORD002388,CUST00040,2026-02-17,P0006,Sneakers,Fashion,1,1499,0.0,0,UPI,Central,Referral,Mobile,Completed
ORD002389,CUST00010,2025-10-31,P0004,Power Bank,Electronics,4,499,0.05,79,Cash on Delivery,North,Paid Ads,Desktop,Completed
ORD002390,CUST00146,2025-12-20,P0019,Face Wash,Beauty,2,399,0.2,79,Cash on Delivery,East,Direct,Desktop,Cancelled
ORD002391,CUST00638,2025-10-03,P0002,Smart Watch,Electronics,1,999,0.05,0,Credit Card,East,Organic Search,Mobile,Completed
ORD002392,CUST00416,2026-05-31,P0008,Backpack,Fashion,3,1499,0.05,79,Wallet,North,Email,Desktop,Completed
ORD002393,CUST00493,2026-07-30,P0004,Power Bank,Electronics,1,1999,0.0,99,Wallet,East,Direct,Desktop,Completed
ORD002394,CUST00294,2025-09-27,P0017,Hair Oil,Beauty,1,299,0.05,79,Debit Card,East,Direct,Desktop,Cancelled
ORD002395,CUST00054,2025-11-14,P0021,Dumbbell Set,Sports,4,1499,0.2,79,Debit Card,Central,Referral,Mobile,Returned
ORD002396,CUST00679,2026-06-28,P0004,Power Bank,Electronics,1,499,0.2,49,Wallet,North,Email,Mobile,Completed
ORD002397,CUST00156,2026-07-06,P0010,LED Lamp,Home,4,499,0.2,0,Cash on Delivery,South,Email,Desktop,Completed
ORD002398,CUST00026,2026-05-27,P0011,Cushion Cover,Home,3,299,0.0,0,Debit Card,West,Email,Mobile,Completed
ORD002399,CUST00455,2026-05-07,P0017,Hair Oil,Beauty,2,399,0.0,99,Cash on Delivery,West,Social Media,Mobile,Completed
ORD002400,CUST00069,2026-06-30,P0008,Backpack,Fashion,2,699,0.0,99,Cash on Delivery,North,Paid Ads,Desktop,Completed
ORD002401,CUST00077,2026-01-03,P0013,Storage Box,Home,2,399,0.0,0,Credit Card,West,Referral,Desktop,Completed
ORD002402,CUST00627,2026-07-12,P0012,Coffee Mug,Home,3,499,0.0,99,Debit Card,West,Referral,Mobile,Completed
ORD002403,CUST00391,2026-07-09,P0000,Wireless Earbuds,Electronics,4,999,0.1,0,UPI,South,Referral,Mobile,Completed
ORD002404,CUST00196,2025-11-11,P0014,Wall Clock,Home,2,299,0.05,0,Wallet,Central,Direct,Desktop,Cancelled
ORD002405,CUST00286,2025-09-15,P0014,Wall Clock,Home,3,2499,0.15,0,Debit Card,North,Paid Ads,Mobile,Completed
ORD002406,CUST00574,2026-02-26,P0024,Running Shoes,Sports,3,499,0.0,0,UPI,West,Paid Ads,Mobile,Returned
ORD002407,CUST00053,2026-05-23,P0012,Coffee Mug,Home,1,1999,0.1,0,Credit Card,North,Paid Ads,Mobile,Cancelled
ORD002408,CUST00093,2026-06-26,P0022,Water Bottle,Sports,4,1499,0.0,49,Credit Card,North,Email,Mobile,Completed
ORD002409,CUST00485,2025-10-10,P0008,Backpack,Fashion,4,1999,0.15,49,UPI,West,Paid Ads,Mobile,Returned
ORD002410,CUST00479,2026-01-04,P0017,Hair Oil,Beauty,1,499,0.15,0,Wallet,East,Direct,Tablet,Returned
ORD002411,CUST00778,2026-05-27,P0022,Water Bottle,Sports,2,399,0.0,0,UPI,South,Organic Search,Mobile,Completed
ORD002412,CUST00307,2025-09-11,P0003,Phone Case,Electronics,4,399,0.0,99,Debit Card,East,Referral,Mobile,Completed
ORD002413,CUST00052,2026-05-10,P0014,Wall Clock,Home,4,399,0.05,49,UPI,North,Social Media,Mobile,Completed
ORD002414,CUST00426,2025-12-04,P0022,Water Bottle,Sports,1,999,0.1,99,Wallet,West,Social Media,Mobile,Completed
ORD002415,CUST00504,2025-08-28,P0013,Storage Box,Home,4,999,0.05,0,Wallet,West,Social Media,Mobile,Returned
ORD002416,CUST00110,2025-11-16,P0022,Water Bottle,Sports,2,1999,0.0,0,UPI,South,Social Media,Desktop,Cancelled
ORD002417,CUST00441,2026-05-17,P0010,LED Lamp,Home,2,2499,0.0,0,Credit Card,Central,Email,Desktop,Cancelled
ORD002418,CUST00162,2026-07-03,P0022,Water Bottle,Sports,2,1999,0.05,99,Credit Card,South,Paid Ads,Mobile,Completed
ORD002419,CUST00669,2025-09-18,P0015,Face Serum,Beauty,3,499,0.1,0,Debit Card,Central,Paid Ads,Mobile,Returned
ORD002420,CUST00661,2026-02-05,P0011,Cushion Cover,Home,1,699,0.1,99,Debit Card,Central,Social Media,Mobile,Returned
ORD002421,CUST00347,2025-11-01,P0005,T-Shirt,Fashion,3,2499,0.1,0,UPI,North,Organic Search,Mobile,Returned
ORD002422,CUST00771,2026-04-26,P0004,Power Bank,Electronics,1,1499,0.05,79,Wallet,North,Paid Ads,Mobile,Completed
ORD002423,CUST00783,2026-05-31,P0007,Denim Jacket,Fashion,1,699,0.05,49,Debit Card,West,Social Media,Mobile,Returned
ORD002424,CUST00103,2026-08-06,P0018,Sunscreen,Beauty,4,1999,0.0,99,UPI,North,Organic Search,Mobile,Completed
ORD002425,CUST00301,2025-12-27,P0011,Cushion Cover,Home,2,399,0.0,0,Debit Card,West,Social Media,Mobile,Completed
ORD002426,CUST00473,2025-12-07,P0009,Sunglasses,Fashion,4,1499,0.0,0,UPI,East,Social Media,Desktop,Completed
ORD002427,CUST00070,2025-12-11,P0011,Cushion Cover,Home,3,2499,0.05,79,Debit Card,North,Organic Search,Mobile,Cancelled
ORD002428,CUST00315,2026-05-24,P0008,Backpack,Fashion,4,999,0.0,99,Credit Card,West,Social Media,Tablet,Completed
ORD002429,CUST00212,2026-01-29,P0020,Yoga Mat,Sports,1,999,0.0,49,Wallet,South,Email,Mobile,Completed
ORD002430,CUST00760,2025-08-28,P0009,Sunglasses,Fashion,4,299,0.0,0,Debit Card,West,Direct,Desktop,Completed
ORD002431,CUST00335,2026-07-31,P0011,Cushion Cover,Home,4,999,0.0,79,Wallet,Central,Social Media,Desktop,Completed
ORD002432,CUST00595,2025-09-27,P0013,Storage Box,Home,2,499,0.05,49,Wallet,West,Email,Desktop,Completed
ORD002433,CUST00319,2026-07-24,P0016,Lip Balm,Beauty,1,2499,0.0,79,Credit Card,Central,Organic Search,Desktop,Returned
ORD002434,CUST00105,2025-10-18,P0008,Backpack,Fashion,1,499,0.0,49,Cash on Delivery,South,Paid Ads,Mobile,Returned
ORD002435,CUST00684,2026-03-04,P0001,Bluetooth Speaker,Electronics,3,499,0.05,99,Credit Card,East,Email,Mobile,Completed
ORD002436,CUST00001,2025-12-12,P0017,Hair Oil,Beauty,1,699,0.0,0,UPI,North,Social Media,Tablet,Completed
ORD002437,CUST00045,2026-04-27,P0014,Wall Clock,Home,1,1499,0.2,79,Cash on Delivery,Central,Referral,Mobile,Cancelled
ORD002438,CUST00300,2026-01-14,P0016,Lip Balm,Beauty,3,2499,0.0,79,UPI,South,Direct,Desktop,Completed
ORD002439,CUST00542,2026-01-01,P0013,Storage Box,Home,3,499,0.05,49,UPI,South,Referral,Desktop,Cancelled
ORD002440,CUST00281,2026-02-10,P0012,Coffee Mug,Home,4,399,0.15,49,UPI,South,Social Media,Mobile,Completed
ORD002441,CUST00053,2026-08-09,P0023,Resistance Band,Sports,4,1999,0.0,79,Credit Card,North,Organic Search,Desktop,Completed
ORD002442,CUST00264,2025-11-17,P0001,Bluetooth Speaker,Electronics,2,999,0.05,49,Wallet,South,Email,Mobile,Returned
ORD002443,CUST00199,2025-11-08,P0002,Smart Watch,Electronics,2,699,0.05,0,Cash on Delivery,West,Referral,Mobile,Returned
ORD002444,CUST00005,2025-09-13,P0023,Resistance Band,Sports,1,2499,0.05,49,Wallet,North,Paid Ads,Desktop,Returned
ORD002445,CUST00424,2026-05-16,P0022,Water Bottle,Sports,1,699,0.2,99,Credit Card,Central,Referral,Desktop,Completed
ORD002446,CUST00094,2026-04-24,P0010,LED Lamp,Home,2,999,0.1,0,Debit Card,Central,Organic Search,Mobile,Returned
ORD002447,CUST00232,2026-03-30,P0013,Storage Box,Home,4,2499,0.0,99,Cash on Delivery,West,Email,Mobile,Completed
ORD002448,CUST00507,2025-08-28,P0011,Cushion Cover,Home,4,399,0.0,0,Wallet,West,Referral,Desktop,Completed
ORD002449,CUST00569,2026-06-04,P0024,Running Shoes,Sports,4,2499,0.1,0,Debit Card,East,Paid Ads,Desktop,Completed
ORD002450,CUST00214,2026-06-11,P0011,Cushion Cover,Home,2,2499,0.0,0,Debit Card,North,Paid Ads,Desktop,Completed
ORD002451,CUST00271,2026-07-30,P0018,Sunscreen,Beauty,3,699,0.1,0,UPI,North,Direct,Mobile,Completed
ORD002452,CUST00200,2026-07-25,P0009,Sunglasses,Fashion,3,499,0.0,99,Credit Card,East,Social Media,Mobile,Cancelled
ORD002453,CUST00763,2025-11-24,P0009,Sunglasses,Fashion,1,399,0.0,0,Credit Card,South,Email,Mobile,Completed
ORD002454,CUST00153,2026-05-06,P0016,Lip Balm,Beauty,2,299,0.05,79,Credit Card,Central,Organic Search,Mobile,Completed
ORD002455,CUST00146,2026-01-13,P0009,Sunglasses,Fashion,3,2499,0.0,0,Cash on Delivery,East,Direct,Desktop,Completed
ORD002456,CUST00359,2026-03-25,P0000,Wireless Earbuds,Electronics,2,699,0.0,49,Credit Card,South,Email,Mobile,Completed
ORD002457,CUST00152,2025-12-19,P0004,Power Bank,Electronics,2,1499,0.0,49,UPI,West,Email,Mobile,Cancelled
ORD002458,CUST00126,2026-04-16,P0021,Dumbbell Set,Sports,2,399,0.0,79,Debit Card,West,Direct,Desktop,Returned
ORD002459,CUST00077,2026-08-02,P0009,Sunglasses,Fashion,1,499,0.0,99,Wallet,West,Social Media,Mobile,Completed
ORD002460,CUST00506,2026-04-15,P0002,Smart Watch,Electronics,4,1999,0.2,79,Credit Card,South,Direct,Desktop,Completed
ORD002461,CUST00482,2026-07-22,P0023,Resistance Band,Sports,4,1499,0.0,79,Cash on Delivery,East,Social Media,Mobile,Returned
ORD002462,CUST00514,2026-07-26,P0024,Running Shoes,Sports,4,399,0.15,0,Credit Card,Central,Referral,Mobile,Completed
ORD002463,CUST00608,2025-10-02,P0012,Coffee Mug,Home,4,299,0.0,0,Cash on Delivery,East,Email,Desktop,Completed
ORD002464,CUST00270,2026-08-06,P0015,Face Serum,Beauty,2,1999,0.0,0,Credit Card,North,Paid Ads,Desktop,Completed
ORD002465,CUST00732,2026-06-14,P0018,Sunscreen,Beauty,1,299,0.15,0,Credit Card,Central,Referral,Desktop,Cancelled
ORD002466,CUST00576,2026-01-22,P0001,Bluetooth Speaker,Electronics,2,299,0.2,49,Credit Card,North,Paid Ads,Mobile,Completed
ORD002467,CUST00631,2026-03-27,P0007,Denim Jacket,Fashion,4,499,0.0,0,Wallet,South,Referral,Mobile,Completed
ORD002468,CUST00566,2026-04-02,P0014,Wall Clock,Home,1,2499,0.0,0,Debit Card,Central,Referral,Desktop,Returned
ORD002469,CUST00294,2026-06-03,P0013,Storage Box,Home,3,1499,0.2,79,UPI,East,Email,Desktop,Completed
ORD002470,CUST00229,2026-06-09,P0008,Backpack,Fashion,1,299,0.0,99,Cash on Delivery,North,Social Media,Mobile,Completed
ORD002471,CUST00345,2025-09-26,P0000,Wireless Earbuds,Electronics,2,2499,0.2,99,Debit Card,South,Paid Ads,Mobile,Cancelled
ORD002472,CUST00078,2025-08-20,P0023,Resistance Band,Sports,1,2499,0.0,0,UPI,West,Referral,Mobile,Completed
ORD002473,CUST00362,2025-11-17,P0015,Face Serum,Beauty,1,1499,0.2,0,Debit Card,West,Paid Ads,Mobile,Completed
ORD002474,CUST00033,2026-02-28,P0018,Sunscreen,Beauty,1,299,0.2,49,Credit Card,North,Email,Tablet,Completed
ORD002475,CUST00004,2026-06-25,P0010,LED Lamp,Home,3,299,0.0,99,Cash on Delivery,West,Direct,Mobile,Cancelled
ORD002476,CUST00741,2026-04-15,P0012,Coffee Mug,Home,3,1999,0.0,49,Debit Card,West,Paid Ads,Mobile,Completed
ORD002477,CUST00544,2025-10-08,P0011,Cushion Cover,Home,2,1999,0.0,99,Cash on Delivery,West,Paid Ads,Desktop,Completed
ORD002478,CUST00448,2026-05-08,P0010,LED Lamp,Home,4,1999,0.15,79,UPI,Central,Referral,Tablet,Cancelled
ORD002479,CUST00280,2026-02-06,P0016,Lip Balm,Beauty,2,699,0.0,99,Cash on Delivery,East,Referral,Desktop,Completed
ORD002480,CUST00453,2026-01-01,P0024,Running Shoes,Sports,3,999,0.1,99,Credit Card,East,Paid Ads,Desktop,Completed
ORD002481,CUST00708,2026-05-28,P0019,Face Wash,Beauty,3,399,0.1,0,UPI,South,Paid Ads,Tablet,Completed
ORD002482,CUST00517,2025-12-05,P0016,Lip Balm,Beauty,3,299,0.05,49,Debit Card,East,Email,Mobile,Completed
ORD002483,CUST00475,2026-04-02,P0000,Wireless Earbuds,Electronics,4,399,0.0,0,Cash on Delivery,West,Email,Desktop,Completed
ORD002484,CUST00368,2025-10-25,P0012,Coffee Mug,Home,4,999,0.0,0,Debit Card,South,Paid Ads,Mobile,Completed
ORD002485,CUST00284,2026-01-06,P0023,Resistance Band,Sports,3,699,0.05,49,Wallet,East,Paid Ads,Mobile,Completed
ORD002486,CUST00550,2026-03-11,P0009,Sunglasses,Fashion,4,999,0.0,79,UPI,West,Email,Mobile,Completed
ORD002487,CUST00784,2026-04-04,P0013,Storage Box,Home,3,699,0.0,99,UPI,Central,Paid Ads,Mobile,Returned
ORD002488,CUST00345,2026-07-21,P0008,Backpack,Fashion,2,999,0.1,0,Wallet,South,Email,Desktop,Completed
ORD002489,CUST00323,2025-12-03,P0004,Power Bank,Electronics,4,2499,0.0,0,Wallet,North,Direct,Desktop,Cancelled
ORD002490,CUST00347,2026-07-13,P0017,Hair Oil,Beauty,1,1499,0.0,0,UPI,North,Paid Ads,Mobile,Returned
ORD002491,CUST00346,2026-06-14,P0007,Denim Jacket,Fashion,2,2499,0.15,99,Credit Card,Central,Email,Desktop,Completed
ORD002492,CUST00790,2025-12-29,P0014,Wall Clock,Home,1,2499,0.05,79,Credit Card,South,Referral,Desktop,Cancelled
ORD002493,CUST00556,2025-10-10,P0014,Wall Clock,Home,4,999,0.15,49,UPI,East,Email,Mobile,Completed
ORD002494,CUST00295,2025-11-22,P0021,Dumbbell Set,Sports,4,2499,0.0,0,Credit Card,North,Organic Search,Desktop,Completed
ORD002495,CUST00305,2026-04-17,P0023,Resistance Band,Sports,4,399,0.2,0,Wallet,Central,Direct,Mobile,Returned
ORD002496,CUST00348,2026-06-03,P0013,Storage Box,Home,1,999,0.15,0,Cash on Delivery,Central,Social Media,Mobile,Returned
ORD002497,CUST00030,2026-03-31,P0001,Bluetooth Speaker,Electronics,2,299,0.15,0,Wallet,East,Direct,Mobile,Completed
ORD002498,CUST00418,2026-05-11,P0014,Wall Clock,Home,2,299,0.1,49,Wallet,Central,Organic Search,Tablet,Cancelled
ORD002499,CUST00639,2025-09-26,P0022,Water Bottle,Sports,1,399,0.05,49,Debit Card,Central,Direct,Mobile,Cancelled
ORD002500,CUST00523,2026-02-20,P0011,Cushion Cover,Home,3,399,0.05,49,Wallet,West,Direct,Mobile,Cancelled
ORD002501,CUST00162,2026-07-04,P0014,Wall Clock,Home,1,699,0.1,99,Credit Card,South,Organic Search,Desktop,Completed
ORD002502,CUST00572,2026-01-08,P0019,Face Wash,Beauty,3,1499,0.05,99,Cash on Delivery,South,Social Media,Desktop,Cancelled
ORD002503,CUST00565,2026-07-14,P0010,LED Lamp,Home,3,2499,0.15,0,Credit Card,West,Social Media,Tablet,Completed
ORD002504,CUST00213,2025-10-04,P0010,LED Lamp,Home,3,2499,0.0,0,UPI,Central,Email,Mobile,Returned
ORD002505,CUST00491,2026-08-12,P0012,Coffee Mug,Home,4,399,0.15,49,UPI,Central,Email,Desktop,Returned
ORD002506,CUST00482,2026-06-02,P0021,Dumbbell Set,Sports,4,699,0.0,49,Credit Card,East,Direct,Desktop,Completed
ORD002507,CUST00664,2026-04-05,P0012,Coffee Mug,Home,2,699,0.05,49,Credit Card,West,Referral,Mobile,Completed
ORD002508,CUST00108,2026-04-02,P0008,Backpack,Fashion,3,299,0.0,79,Wallet,Central,Direct,Desktop,Completed
ORD002509,CUST00159,2026-07-27,P0014,Wall Clock,Home,4,299,0.2,0,UPI,Central,Paid Ads,Mobile,Completed
ORD002510,CUST00387,2026-01-04,P0017,Hair Oil,Beauty,4,499,0.1,99,Credit Card,East,Referral,Desktop,Returned
ORD002511,CUST00035,2025-10-19,P0022,Water Bottle,Sports,3,1999,0.0,0,Credit Card,East,Social Media,Mobile,Completed
ORD002512,CUST00340,2026-07-21,P0022,Water Bottle,Sports,1,699,0.0,0,Wallet,North,Referral,Mobile,Completed
ORD002513,CUST00618,2025-09-26,P0019,Face Wash,Beauty,2,699,0.15,0,Wallet,Central,Social Media,Tablet,Completed
ORD002514,CUST00118,2026-04-17,P0019,Face Wash,Beauty,4,2499,0.0,79,UPI,North,Paid Ads,Tablet,Cancelled
ORD002515,CUST00367,2025-11-25,P0011,Cushion Cover,Home,1,699,0.05,79,Credit Card,South,Direct,Mobile,Completed
ORD002516,CUST00789,2026-07-25,P0008,Backpack,Fashion,3,1499,0.0,79,Credit Card,South,Direct,Desktop,Completed
ORD002517,CUST00402,2026-08-10,P0014,Wall Clock,Home,3,2499,0.1,49,Credit Card,West,Organic Search,Tablet,Cancelled
ORD002518,CUST00396,2026-02-09,P0017,Hair Oil,Beauty,1,299,0.0,0,Credit Card,West,Organic Search,Mobile,Completed
ORD002519,CUST00447,2026-03-02,P0012,Coffee Mug,Home,2,999,0.0,79,UPI,East,Direct,Desktop,Cancelled
ORD002520,CUST00147,2026-02-01,P0005,T-Shirt,Fashion,4,499,0.05,0,Debit Card,Central,Organic Search,Mobile,Returned
ORD002521,CUST00117,2026-01-22,P0000,Wireless Earbuds,Electronics,3,299,0.0,0,Debit Card,South,Social Media,Desktop,Cancelled
ORD002522,CUST00535,2026-07-28,P0001,Bluetooth Speaker,Electronics,4,299,0.1,79,UPI,West,Social Media,Mobile,Completed
ORD002523,CUST00325,2025-12-02,P0010,LED Lamp,Home,2,1499,0.05,79,Wallet,North,Social Media,Desktop,Completed
ORD002524,CUST00234,2026-08-05,P0019,Face Wash,Beauty,4,1499,0.0,0,Credit Card,North,Social Media,Mobile,Completed
ORD002525,CUST00025,2026-04-14,P0019,Face Wash,Beauty,3,999,0.0,0,Wallet,South,Referral,Mobile,Completed
ORD002526,CUST00670,2026-08-05,P0020,Yoga Mat,Sports,4,1499,0.0,0,Credit Card,South,Email,Desktop,Completed
ORD002527,CUST00026,2026-03-31,P0017,Hair Oil,Beauty,2,1499,0.0,99,UPI,West,Referral,Mobile,Completed
ORD002528,CUST00588,2026-06-14,P0000,Wireless Earbuds,Electronics,2,299,0.1,49,Debit Card,South,Social Media,Tablet,Returned
ORD002529,CUST00315,2026-02-14,P0022,Water Bottle,Sports,1,299,0.15,0,Credit Card,West,Social Media,Mobile,Completed
ORD002530,CUST00473,2026-02-04,P0023,Resistance Band,Sports,1,499,0.1,0,Cash on Delivery,East,Email,Mobile,Completed
ORD002531,CUST00200,2025-11-21,P0021,Dumbbell Set,Sports,1,999,0.0,0,Credit Card,East,Paid Ads,Desktop,Completed
ORD002532,CUST00125,2025-11-04,P0011,Cushion Cover,Home,1,2499,0.15,0,Wallet,Central,Referral,Mobile,Returned
ORD002533,CUST00423,2025-09-02,P0005,T-Shirt,Fashion,2,2499,0.15,0,Debit Card,East,Referral,Desktop,Completed
ORD002534,CUST00548,2026-01-06,P0022,Water Bottle,Sports,4,1999,0.15,49,Wallet,Central,Paid Ads,Mobile,Completed
ORD002535,CUST00159,2026-08-15,P0004,Power Bank,Electronics,2,499,0.0,79,Wallet,Central,Organic Search,Desktop,Completed
ORD002536,CUST00353,2026-07-28,P0019,Face Wash,Beauty,4,999,0.15,99,UPI,South,Social Media,Desktop,Returned
ORD002537,CUST00359,2026-04-28,P0024,Running Shoes,Sports,4,299,0.05,49,Wallet,South,Paid Ads,Mobile,Completed
ORD002538,CUST00176,2025-12-30,P0022,Water Bottle,Sports,4,699,0.15,79,UPI,North,Organic Search,Mobile,Completed
ORD002539,CUST00450,2026-02-25,P0013,Storage Box,Home,3,299,0.15,79,Wallet,West,Direct,Mobile,Completed
ORD002540,CUST00115,2026-05-23,P0020,Yoga Mat,Sports,4,2499,0.2,0,Debit Card,West,Paid Ads,Tablet,Returned
ORD002541,CUST00406,2025-08-20,P0020,Yoga Mat,Sports,2,699,0.0,79,UPI,West,Social Media,Mobile,Cancelled
ORD002542,CUST00090,2026-07-22,P0024,Running Shoes,Sports,3,1499,0.05,0,Credit Card,East,Referral,Mobile,Completed
ORD002543,CUST00387,2026-07-03,P0009,Sunglasses,Fashion,4,299,0.15,0,UPI,East,Social Media,Mobile,Completed
ORD002544,CUST00258,2026-08-09,P0015,Face Serum,Beauty,1,2499,0.1,99,Credit Card,East,Organic Search,Desktop,Completed
ORD002545,CUST00363,2025-09-23,P0020,Yoga Mat,Sports,1,999,0.15,99,UPI,North,Paid Ads,Mobile,Completed
ORD002546,CUST00351,2026-07-31,P0005,T-Shirt,Fashion,1,299,0.15,79,Cash on Delivery,North,Paid Ads,Mobile,Completed
ORD002547,CUST00725,2026-03-31,P0005,T-Shirt,Fashion,3,499,0.0,49,Debit Card,South,Email,Desktop,Cancelled
ORD002548,CUST00390,2026-03-10,P0009,Sunglasses,Fashion,2,399,0.0,79,UPI,Central,Social Media,Tablet,Cancelled
ORD002549,CUST00646,2025-10-24,P0009,Sunglasses,Fashion,2,299,0.1,79,Cash on Delivery,North,Organic Search,Desktop,Cancelled
ORD002550,CUST00186,2026-02-15,P0018,Sunscreen,Beauty,4,299,0.0,0,Credit Card,North,Paid Ads,Desktop,Cancelled
ORD002551,CUST00288,2025-12-30,P0023,Resistance Band,Sports,1,1499,0.0,0,Wallet,Central,Social Media,Mobile,Completed
ORD002552,CUST00060,2026-08-15,P0003,Phone Case,Electronics,1,1999,0.2,0,UPI,West,Email,Mobile,Completed
ORD002553,CUST00343,2025-12-21,P0008,Backpack,Fashion,2,1499,0.0,49,Debit Card,West,Social Media,Mobile,Cancelled
ORD002554,CUST00528,2025-11-07,P0023,Resistance Band,Sports,4,1499,0.05,0,Debit Card,Central,Referral,Desktop,Completed
ORD002555,CUST00662,2026-07-31,P0014,Wall Clock,Home,3,299,0.0,0,UPI,West,Social Media,Mobile,Completed
ORD002556,CUST00450,2025-10-27,P0005,T-Shirt,Fashion,3,399,0.0,99,UPI,West,Direct,Mobile,Cancelled
ORD002557,CUST00506,2026-07-16,P0015,Face Serum,Beauty,3,299,0.0,0,Debit Card,South,Email,Desktop,Completed
ORD002558,CUST00142,2026-08-06,P0021,Dumbbell Set,Sports,2,2499,0.0,99,Wallet,East,Social Media,Desktop,Completed
ORD002559,CUST00030,2025-12-10,P0009,Sunglasses,Fashion,2,1499,0.05,49,Debit Card,East,Organic Search,Mobile,Returned
ORD002560,CUST00620,2026-04-28,P0012,Coffee Mug,Home,4,2499,0.0,0,Cash on Delivery,North,Direct,Desktop,Cancelled
ORD002561,CUST00133,2026-06-06,P0015,Face Serum,Beauty,3,2499,0.15,0,Debit Card,Central,Referral,Mobile,Cancelled
ORD002562,CUST00075,2026-03-03,P0021,Dumbbell Set,Sports,3,399,0.0,79,Wallet,Central,Referral,Desktop,Completed
ORD002563,CUST00747,2026-05-01,P0014,Wall Clock,Home,1,999,0.1,99,UPI,Central,Direct,Tablet,Completed
ORD002564,CUST00770,2025-10-07,P0023,Resistance Band,Sports,3,1499,0.05,99,Cash on Delivery,South,Paid Ads,Mobile,Completed
ORD002565,CUST00485,2026-02-24,P0018,Sunscreen,Beauty,2,1499,0.05,0,UPI,West,Social Media,Desktop,Returned
ORD002566,CUST00312,2026-02-23,P0010,LED Lamp,Home,2,1499,0.05,99,Debit Card,East,Direct,Desktop,Completed
ORD002567,CUST00660,2026-03-14,P0012,Coffee Mug,Home,3,699,0.0,0,Debit Card,Central,Direct,Tablet,Returned
ORD002568,CUST00168,2026-07-30,P0017,Hair Oil,Beauty,2,299,0.05,49,Wallet,West,Email,Mobile,Completed
ORD002569,CUST00347,2026-06-17,P0001,Bluetooth Speaker,Electronics,3,2499,0.05,0,UPI,North,Organic Search,Mobile,Completed
ORD002570,CUST00294,2026-03-28,P0005,T-Shirt,Fashion,1,1499,0.0,0,Cash on Delivery,East,Direct,Mobile,Returned
ORD002571,CUST00729,2026-01-14,P0005,T-Shirt,Fashion,1,1999,0.15,0,Credit Card,South,Email,Desktop,Completed
ORD002572,CUST00733,2026-01-14,P0020,Yoga Mat,Sports,3,399,0.05,99,Debit Card,West,Organic Search,Mobile,Completed
ORD002573,CUST00515,2025-08-27,P0020,Yoga Mat,Sports,4,299,0.0,0,Cash on Delivery,West,Email,Mobile,Completed
ORD002574,CUST00088,2026-03-09,P0020,Yoga Mat,Sports,4,2499,0.0,0,Wallet,Central,Direct,Tablet,Completed
ORD002575,CUST00384,2025-11-20,P0002,Smart Watch,Electronics,2,1999,0.0,0,Credit Card,East,Referral,Mobile,Returned
ORD002576,CUST00199,2026-07-09,P0007,Denim Jacket,Fashion,4,1999,0.0,0,Cash on Delivery,West,Direct,Mobile,Completed
ORD002577,CUST00703,2026-05-29,P0007,Denim Jacket,Fashion,2,699,0.15,49,UPI,South,Paid Ads,Desktop,Completed
ORD002578,CUST00109,2026-07-19,P0000,Wireless Earbuds,Electronics,4,2499,0.1,0,Wallet,Central,Direct,Mobile,Completed
ORD002579,CUST00042,2026-08-18,P0006,Sneakers,Fashion,2,399,0.0,0,Credit Card,West,Direct,Mobile,Returned
ORD002580,CUST00554,2026-01-13,P0010,LED Lamp,Home,1,1999,0.0,49,Credit Card,West,Paid Ads,Mobile,Cancelled
ORD002581,CUST00363,2026-01-23,P0022,Water Bottle,Sports,1,699,0.0,79,Wallet,North,Direct,Mobile,Completed
ORD002582,CUST00662,2026-03-29,P0004,Power Bank,Electronics,4,399,0.2,0,Debit Card,West,Organic Search,Mobile,Cancelled
ORD002583,CUST00059,2026-01-24,P0021,Dumbbell Set,Sports,3,1499,0.0,0,Credit Card,West,Direct,Desktop,Completed
ORD002584,CUST00628,2025-11-29,P0020,Yoga Mat,Sports,1,499,0.1,49,Wallet,Central,Direct,Mobile,Cancelled
ORD002585,CUST00030,2026-05-05,P0003,Phone Case,Electronics,4,399,0.05,99,Debit Card,East,Referral,Mobile,Completed
ORD002586,CUST00022,2026-01-31,P0006,Sneakers,Fashion,1,1499,0.0,99,Cash on Delivery,East,Email,Tablet,Completed
ORD002587,CUST00368,2026-07-29,P0011,Cushion Cover,Home,2,1999,0.2,99,Credit Card,South,Organic Search,Desktop,Completed
ORD002588,CUST00182,2025-11-08,P0023,Resistance Band,Sports,3,499,0.0,49,Credit Card,East,Referral,Desktop,Returned
ORD002589,CUST00470,2026-01-28,P0019,Face Wash,Beauty,1,2499,0.1,0,Debit Card,East,Social Media,Tablet,Completed
ORD002590,CUST00020,2026-03-01,P0024,Running Shoes,Sports,4,1499,0.0,99,Debit Card,East,Social Media,Mobile,Returned
ORD002591,CUST00028,2026-07-17,P0007,Denim Jacket,Fashion,3,299,0.2,79,Wallet,East,Referral,Desktop,Cancelled
ORD002592,CUST00571,2026-03-19,P0022,Water Bottle,Sports,4,499,0.0,99,Debit Card,South,Paid Ads,Tablet,Returned
ORD002593,CUST00173,2025-09-14,P0023,Resistance Band,Sports,4,2499,0.0,99,Cash on Delivery,North,Email,Desktop,Cancelled
ORD002594,CUST00520,2025-12-21,P0014,Wall Clock,Home,4,399,0.2,79,UPI,South,Direct,Mobile,Completed
ORD002595,CUST00588,2026-07-09,P0003,Phone Case,Electronics,1,2499,0.1,49,Wallet,South,Email,Desktop,Completed
ORD002596,CUST00048,2025-11-27,P0006,Sneakers,Fashion,1,999,0.1,79,Wallet,North,Direct,Mobile,Completed
ORD002597,CUST00605,2025-12-22,P0003,Phone Case,Electronics,1,1499,0.0,79,Cash on Delivery,Central,Direct,Mobile,Completed
ORD002598,CUST00216,2025-10-14,P0020,Yoga Mat,Sports,1,1499,0.15,99,UPI,West,Email,Desktop,Returned
ORD002599,CUST00321,2026-05-09,P0007,Denim Jacket,Fashion,3,999,0.2,0,Debit Card,North,Organic Search,Mobile,Returned
ORD002600,CUST00071,2025-10-09,P0017,Hair Oil,Beauty,1,999,0.1,49,UPI,West,Direct,Mobile,Cancelled
ORD002601,CUST00663,2026-01-01,P0006,Sneakers,Fashion,2,999,0.0,49,UPI,East,Direct,Mobile,Returned
ORD002602,CUST00448,2026-05-06,P0024,Running Shoes,Sports,3,1499,0.2,0,Wallet,Central,Paid Ads,Mobile,Completed
ORD002603,CUST00401,2026-07-12,P0019,Face Wash,Beauty,3,1499,0.0,49,Debit Card,East,Direct,Mobile,Cancelled
ORD002604,CUST00773,2025-11-08,P0009,Sunglasses,Fashion,2,699,0.2,99,UPI,Central,Paid Ads,Desktop,Returned
ORD002605,CUST00275,2025-12-19,P0011,Cushion Cover,Home,1,699,0.0,0,Cash on Delivery,East,Paid Ads,Desktop,Returned
ORD002606,CUST00708,2025-10-02,P0001,Bluetooth Speaker,Electronics,1,1999,0.0,49,Wallet,South,Organic Search,Desktop,Returned
ORD002607,CUST00565,2026-01-26,P0003,Phone Case,Electronics,4,1999,0.0,79,Cash on Delivery,West,Email,Mobile,Cancelled
ORD002608,CUST00738,2026-08-19,P0024,Running Shoes,Sports,2,1499,0.0,99,Credit Card,South,Paid Ads,Mobile,Cancelled
ORD002609,CUST00725,2025-12-09,P0020,Yoga Mat,Sports,3,699,0.15,0,Wallet,South,Direct,Tablet,Completed
ORD002610,CUST00790,2025-11-22,P0020,Yoga Mat,Sports,3,999,0.0,0,Credit Card,South,Email,Mobile,Completed
ORD002611,CUST00105,2026-01-12,P0016,Lip Balm,Beauty,2,999,0.0,0,Debit Card,South,Social Media,Mobile,Returned
ORD002612,CUST00624,2026-07-13,P0005,T-Shirt,Fashion,3,699,0.0,0,Cash on Delivery,Central,Paid Ads,Tablet,Completed
ORD002613,CUST00631,2026-03-07,P0002,Smart Watch,Electronics,2,399,0.2,99,Credit Card,South,Referral,Mobile,Completed
ORD002614,CUST00510,2026-03-30,P0018,Sunscreen,Beauty,2,999,0.05,79,UPI,North,Referral,Mobile,Cancelled
ORD002615,CUST00225,2026-05-31,P0008,Backpack,Fashion,4,699,0.15,49,Credit Card,Central,Social Media,Mobile,Completed
ORD002616,CUST00771,2026-05-08,P0000,Wireless Earbuds,Electronics,2,299,0.0,79,Debit Card,North,Paid Ads,Desktop,Completed
ORD002617,CUST00168,2026-03-26,P0000,Wireless Earbuds,Electronics,3,2499,0.05,99,Credit Card,West,Direct,Mobile,Cancelled
ORD002618,CUST00398,2026-03-12,P0013,Storage Box,Home,3,1499,0.15,49,UPI,Central,Direct,Desktop,Cancelled
ORD002619,CUST00415,2026-03-02,P0021,Dumbbell Set,Sports,1,299,0.1,0,Wallet,Central,Social Media,Desktop,Completed
ORD002620,CUST00129,2025-10-24,P0009,Sunglasses,Fashion,3,399,0.0,99,Wallet,Central,Email,Desktop,Completed
ORD002621,CUST00567,2026-01-18,P0024,Running Shoes,Sports,4,999,0.1,99,Cash on Delivery,North,Direct,Mobile,Completed
ORD002622,CUST00073,2026-06-25,P0009,Sunglasses,Fashion,2,1999,0.15,49,Credit Card,South,Paid Ads,Mobile,Completed
ORD002623,CUST00546,2025-09-03,P0018,Sunscreen,Beauty,4,699,0.0,0,UPI,East,Referral,Desktop,Returned
ORD002624,CUST00673,2026-06-18,P0006,Sneakers,Fashion,1,1999,0.0,0,UPI,East,Email,Tablet,Returned
ORD002625,CUST00287,2026-03-14,P0015,Face Serum,Beauty,1,399,0.1,0,Credit Card,Central,Organic Search,Mobile,Cancelled
ORD002626,CUST00558,2025-12-25,P0006,Sneakers,Fashion,4,999,0.0,79,Credit Card,Central,Referral,Mobile,Completed
ORD002627,CUST00126,2025-09-30,P0019,Face Wash,Beauty,4,1999,0.1,0,Debit Card,West,Referral,Desktop,Completed
ORD002628,CUST00670,2026-05-25,P0011,Cushion Cover,Home,4,1999,0.15,0,Cash on Delivery,South,Referral,Desktop,Completed
ORD002629,CUST00760,2025-08-20,P0001,Bluetooth Speaker,Electronics,3,399,0.05,79,UPI,West,Direct,Tablet,Completed
ORD002630,CUST00122,2026-03-06,P0006,Sneakers,Fashion,1,1499,0.05,49,UPI,East,Paid Ads,Desktop,Cancelled
ORD002631,CUST00544,2025-10-18,P0008,Backpack,Fashion,2,299,0.0,49,UPI,West,Email,Mobile,Completed
ORD002632,CUST00402,2026-07-17,P0011,Cushion Cover,Home,3,399,0.15,0,Cash on Delivery,West,Email,Desktop,Cancelled
ORD002633,CUST00420,2025-10-25,P0006,Sneakers,Fashion,1,2499,0.2,0,UPI,West,Email,Desktop,Completed
ORD002634,CUST00556,2026-06-09,P0014,Wall Clock,Home,3,1499,0.2,0,Wallet,East,Organic Search,Mobile,Cancelled
ORD002635,CUST00389,2026-03-17,P0024,Running Shoes,Sports,1,399,0.05,79,Debit Card,North,Paid Ads,Mobile,Completed
ORD002636,CUST00473,2025-09-03,P0017,Hair Oil,Beauty,1,2499,0.0,99,Cash on Delivery,East,Social Media,Mobile,Completed
ORD002637,CUST00191,2026-05-09,P0007,Denim Jacket,Fashion,1,2499,0.0,99,Credit Card,South,Email,Mobile,Completed
ORD002638,CUST00312,2026-07-06,P0016,Lip Balm,Beauty,1,299,0.0,0,Debit Card,East,Paid Ads,Desktop,Completed
ORD002639,CUST00685,2025-11-08,P0024,Running Shoes,Sports,1,299,0.0,79,Debit Card,West,Direct,Mobile,Completed
ORD002640,CUST00088,2026-08-08,P0006,Sneakers,Fashion,4,399,0.0,79,Credit Card,Central,Referral,Desktop,Completed
ORD002641,CUST00472,2026-06-07,P0005,T-Shirt,Fashion,4,1999,0.1,0,UPI,West,Social Media,Mobile,Completed
ORD002642,CUST00147,2026-05-17,P0000,Wireless Earbuds,Electronics,3,999,0.0,79,Cash on Delivery,Central,Email,Mobile,Completed
ORD002643,CUST00670,2025-12-20,P0021,Dumbbell Set,Sports,2,999,0.0,49,Credit Card,South,Paid Ads,Desktop,Completed
ORD002644,CUST00460,2025-10-02,P0020,Yoga Mat,Sports,1,699,0.2,0,Cash on Delivery,Central,Paid Ads,Mobile,Completed
ORD002645,CUST00329,2026-01-23,P0010,LED Lamp,Home,4,699,0.1,79,Cash on Delivery,South,Organic Search,Desktop,Returned
ORD002646,CUST00203,2026-06-10,P0021,Dumbbell Set,Sports,4,1499,0.15,99,Cash on Delivery,East,Referral,Mobile,Completed
ORD002647,CUST00353,2026-03-22,P0016,Lip Balm,Beauty,4,299,0.0,49,Credit Card,South,Paid Ads,Desktop,Completed
ORD002648,CUST00764,2026-04-13,P0024,Running Shoes,Sports,2,999,0.0,0,Cash on Delivery,East,Direct,Tablet,Completed
ORD002649,CUST00404,2026-06-01,P0023,Resistance Band,Sports,1,399,0.1,49,UPI,West,Email,Mobile,Completed
ORD002650,CUST00373,2025-12-21,P0023,Resistance Band,Sports,3,1999,0.1,49,UPI,Central,Organic Search,Mobile,Completed
ORD002651,CUST00585,2025-09-02,P0009,Sunglasses,Fashion,2,399,0.0,99,Debit Card,North,Organic Search,Desktop,Completed
ORD002652,CUST00312,2026-07-08,P0015,Face Serum,Beauty,2,299,0.2,79,UPI,East,Direct,Mobile,Returned
ORD002653,CUST00347,2026-03-31,P0004,Power Bank,Electronics,2,699,0.1,79,UPI,North,Direct,Mobile,Cancelled
ORD002654,CUST00276,2026-03-14,P0022,Water Bottle,Sports,1,699,0.0,79,Wallet,South,Email,Desktop,Returned
ORD002655,CUST00121,2026-03-17,P0007,Denim Jacket,Fashion,4,999,0.0,79,Debit Card,West,Social Media,Mobile,Cancelled
ORD002656,CUST00560,2026-06-27,P0011,Cushion Cover,Home,1,1999,0.0,0,Credit Card,North,Social Media,Desktop,Completed
ORD002657,CUST00693,2026-05-27,P0014,Wall Clock,Home,4,1499,0.15,0,UPI,South,Direct,Mobile,Completed
ORD002658,CUST00722,2026-04-21,P0019,Face Wash,Beauty,4,499,0.15,99,Wallet,North,Paid Ads,Desktop,Cancelled
ORD002659,CUST00700,2026-06-01,P0018,Sunscreen,Beauty,1,1499,0.05,49,Credit Card,East,Organic Search,Desktop,Completed
ORD002660,CUST00363,2025-12-03,P0023,Resistance Band,Sports,3,999,0.15,99,Cash on Delivery,North,Paid Ads,Mobile,Completed
ORD002661,CUST00230,2026-05-06,P0017,Hair Oil,Beauty,1,399,0.2,79,Cash on Delivery,West,Paid Ads,Desktop,Completed
ORD002662,CUST00504,2026-08-10,P0019,Face Wash,Beauty,4,299,0.0,49,UPI,West,Paid Ads,Mobile,Completed
ORD002663,CUST00761,2025-11-13,P0014,Wall Clock,Home,3,299,0.2,79,Cash on Delivery,South,Social Media,Mobile,Returned
ORD002664,CUST00571,2026-03-16,P0010,LED Lamp,Home,1,399,0.05,79,Debit Card,South,Direct,Desktop,Completed
ORD002665,CUST00394,2026-04-25,P0022,Water Bottle,Sports,4,1999,0.05,99,Credit Card,East,Direct,Desktop,Cancelled
ORD002666,CUST00543,2026-02-24,P0009,Sunglasses,Fashion,4,699,0.0,0,Wallet,North,Paid Ads,Desktop,Cancelled
ORD002667,CUST00608,2026-08-08,P0015,Face Serum,Beauty,4,699,0.1,0,Wallet,East,Social Media,Desktop,Returned
ORD002668,CUST00733,2026-01-14,P0007,Denim Jacket,Fashion,2,699,0.1,0,Cash on Delivery,West,Social Media,Mobile,Completed
ORD002669,CUST00595,2025-11-07,P0012,Coffee Mug,Home,4,499,0.0,0,Debit Card,West,Social Media,Desktop,Returned
ORD002670,CUST00350,2025-10-08,P0009,Sunglasses,Fashion,3,1499,0.1,49,Credit Card,North,Referral,Desktop,Completed
ORD002671,CUST00221,2026-06-25,P0006,Sneakers,Fashion,3,299,0.0,49,Wallet,South,Referral,Mobile,Cancelled
ORD002672,CUST00398,2026-04-27,P0020,Yoga Mat,Sports,2,999,0.0,0,Debit Card,Central,Referral,Mobile,Completed
ORD002673,CUST00271,2026-03-18,P0019,Face Wash,Beauty,2,2499,0.1,99,Credit Card,North,Social Media,Mobile,Completed
ORD002674,CUST00754,2026-01-24,P0017,Hair Oil,Beauty,3,2499,0.15,79,Wallet,South,Direct,Mobile,Completed
ORD002675,CUST00403,2026-01-16,P0002,Smart Watch,Electronics,3,499,0.0,0,Credit Card,North,Direct,Desktop,Completed
ORD002676,CUST00375,2026-07-27,P0006,Sneakers,Fashion,1,1999,0.05,0,Cash on Delivery,East,Direct,Mobile,Completed
ORD002677,CUST00286,2026-04-25,P0005,T-Shirt,Fashion,2,399,0.0,79,Debit Card,North,Organic Search,Desktop,Completed
ORD002678,CUST00506,2026-08-07,P0017,Hair Oil,Beauty,1,399,0.1,0,Wallet,South,Referral,Tablet,Completed
ORD002679,CUST00414,2026-06-08,P0022,Water Bottle,Sports,2,499,0.15,0,UPI,East,Referral,Tablet,Cancelled
ORD002680,CUST00102,2026-05-27,P0009,Sunglasses,Fashion,4,299,0.1,49,UPI,South,Direct,Desktop,Cancelled
ORD002681,CUST00687,2026-03-10,P0008,Backpack,Fashion,3,499,0.15,99,Debit Card,South,Email,Desktop,Completed
ORD002682,CUST00295,2025-11-16,P0013,Storage Box,Home,1,1999,0.05,0,Credit Card,North,Social Media,Mobile,Completed
ORD002683,CUST00350,2026-04-15,P0024,Running Shoes,Sports,3,1999,0.1,49,Wallet,North,Paid Ads,Desktop,Returned
ORD002684,CUST00168,2026-05-08,P0009,Sunglasses,Fashion,1,499,0.0,49,UPI,West,Organic Search,Desktop,Completed
ORD002685,CUST00441,2026-02-26,P0006,Sneakers,Fashion,1,499,0.2,0,Cash on Delivery,Central,Referral,Tablet,Returned
ORD002686,CUST00552,2025-08-27,P0013,Storage Box,Home,4,499,0.0,49,Cash on Delivery,East,Paid Ads,Desktop,Returned
ORD002687,CUST00700,2026-08-05,P0022,Water Bottle,Sports,1,299,0.2,79,Credit Card,East,Social Media,Mobile,Completed
ORD002688,CUST00041,2026-06-17,P0018,Sunscreen,Beauty,2,399,0.15,0,Debit Card,North,Social Media,Desktop,Completed
ORD002689,CUST00778,2025-12-26,P0012,Coffee Mug,Home,1,2499,0.2,99,UPI,South,Direct,Desktop,Completed
ORD002690,CUST00553,2026-02-16,P0018,Sunscreen,Beauty,3,1499,0.1,0,Debit Card,East,Paid Ads,Mobile,Cancelled
ORD002691,CUST00230,2025-10-04,P0000,Wireless Earbuds,Electronics,3,1499,0.0,0,Wallet,West,Paid Ads,Desktop,Completed
ORD002692,CUST00168,2026-07-27,P0018,Sunscreen,Beauty,4,499,0.0,0,Debit Card,West,Paid Ads,Desktop,Completed
ORD002693,CUST00239,2025-11-12,P0002,Smart Watch,Electronics,4,1999,0.0,49,Credit Card,East,Paid Ads,Desktop,Cancelled
ORD002694,CUST00696,2026-01-04,P0009,Sunglasses,Fashion,3,399,0.2,49,Debit Card,Central,Organic Search,Tablet,Completed
ORD002695,CUST00236,2026-01-23,P0008,Backpack,Fashion,2,2499,0.0,0,Wallet,Central,Social Media,Desktop,Completed
ORD002696,CUST00370,2025-11-24,P0017,Hair Oil,Beauty,1,999,0.15,0,UPI,South,Email,Desktop,Returned
ORD002697,CUST00556,2026-04-08,P0006,Sneakers,Fashion,4,499,0.1,79,Debit Card,East,Social Media,Mobile,Completed
ORD002698,CUST00691,2026-08-18,P0005,T-Shirt,Fashion,3,1999,0.0,79,Wallet,North,Social Media,Mobile,Returned
ORD002699,CUST00521,2026-06-28,P0022,Water Bottle,Sports,1,699,0.2,0,Credit Card,North,Referral,Mobile,Cancelled
ORD002700,CUST00589,2026-03-01,P0011,Cushion Cover,Home,3,499,0.0,79,UPI,West,Paid Ads,Mobile,Completed
ORD002701,CUST00138,2025-10-06,P0018,Sunscreen,Beauty,2,1499,0.0,79,Credit Card,North,Referral,Desktop,Completed
ORD002702,CUST00698,2026-07-01,P0014,Wall Clock,Home,2,1499,0.05,0,Wallet,East,Email,Desktop,Completed
ORD002703,CUST00222,2025-11-21,P0015,Face Serum,Beauty,2,999,0.0,0,Cash on Delivery,West,Email,Mobile,Completed
ORD002704,CUST00102,2026-07-18,P0017,Hair Oil,Beauty,4,699,0.0,0,UPI,South,Paid Ads,Mobile,Cancelled
ORD002705,CUST00781,2026-01-11,P0016,Lip Balm,Beauty,1,499,0.1,99,Cash on Delivery,Central,Referral,Tablet,Returned
ORD002706,CUST00167,2026-02-25,P0022,Water Bottle,Sports,4,699,0.2,0,Cash on Delivery,South,Social Media,Mobile,Completed
ORD002707,CUST00108,2026-01-26,P0019,Face Wash,Beauty,1,1999,0.0,99,Wallet,Central,Email,Mobile,Completed
ORD002708,CUST00493,2026-02-02,P0007,Denim Jacket,Fashion,1,499,0.1,0,Credit Card,East,Paid Ads,Desktop,Returned
ORD002709,CUST00265,2025-10-19,P0004,Power Bank,Electronics,3,2499,0.1,79,Credit Card,East,Social Media,Desktop,Completed
ORD002710,CUST00106,2026-03-09,P0021,Dumbbell Set,Sports,1,399,0.0,0,Credit Card,East,Direct,Mobile,Completed
ORD002711,CUST00475,2026-01-14,P0009,Sunglasses,Fashion,4,399,0.0,79,Debit Card,West,Referral,Mobile,Completed
ORD002712,CUST00593,2026-06-25,P0007,Denim Jacket,Fashion,3,499,0.05,99,UPI,North,Referral,Mobile,Completed
ORD002713,CUST00621,2026-02-10,P0002,Smart Watch,Electronics,2,299,0.1,79,Debit Card,South,Organic Search,Mobile,Returned
ORD002714,CUST00125,2026-08-07,P0013,Storage Box,Home,2,2499,0.0,0,Cash on Delivery,Central,Organic Search,Mobile,Completed
ORD002715,CUST00445,2025-12-06,P0012,Coffee Mug,Home,4,499,0.05,49,Wallet,West,Referral,Mobile,Cancelled
ORD002716,CUST00642,2025-12-17,P0020,Yoga Mat,Sports,4,299,0.05,0,Wallet,Central,Direct,Mobile,Completed
ORD002717,CUST00129,2025-09-02,P0018,Sunscreen,Beauty,3,999,0.1,0,Wallet,Central,Organic Search,Mobile,Returned
ORD002718,CUST00171,2026-05-16,P0018,Sunscreen,Beauty,1,2499,0.0,99,Wallet,South,Referral,Desktop,Returned
ORD002719,CUST00003,2025-09-15,P0013,Storage Box,Home,3,2499,0.1,99,Cash on Delivery,Central,Direct,Mobile,Cancelled
ORD002720,CUST00416,2025-12-02,P0021,Dumbbell Set,Sports,1,299,0.15,99,Debit Card,North,Referral,Mobile,Completed
ORD002721,CUST00158,2026-07-18,P0024,Running Shoes,Sports,2,1999,0.1,99,Credit Card,East,Organic Search,Mobile,Completed
ORD002722,CUST00569,2026-03-30,P0020,Yoga Mat,Sports,3,499,0.15,49,Debit Card,East,Direct,Mobile,Completed
ORD002723,CUST00767,2026-03-11,P0008,Backpack,Fashion,2,1999,0.0,49,Debit Card,South,Social Media,Desktop,Completed
ORD002724,CUST00171,2026-06-09,P0006,Sneakers,Fashion,4,999,0.2,49,Cash on Delivery,South,Email,Mobile,Completed
ORD002725,CUST00513,2026-05-28,P0000,Wireless Earbuds,Electronics,4,1499,0.0,79,UPI,South,Paid Ads,Tablet,Cancelled
ORD002726,CUST00174,2026-07-09,P0024,Running Shoes,Sports,1,1999,0.0,0,UPI,Central,Organic Search,Desktop,Completed
ORD002727,CUST00013,2026-04-19,P0018,Sunscreen,Beauty,4,2499,0.05,99,Credit Card,East,Direct,Mobile,Completed
ORD002728,CUST00593,2026-01-30,P0023,Resistance Band,Sports,4,399,0.0,99,Wallet,North,Organic Search,Tablet,Completed
ORD002729,CUST00351,2025-10-06,P0019,Face Wash,Beauty,1,1499,0.05,99,Wallet,North,Social Media,Mobile,Cancelled
ORD002730,CUST00755,2026-01-01,P0010,LED Lamp,Home,2,399,0.15,49,Cash on Delivery,Central,Paid Ads,Mobile,Completed
ORD002731,CUST00423,2026-05-04,P0003,Phone Case,Electronics,4,2499,0.05,49,Credit Card,East,Referral,Mobile,Cancelled
ORD002732,CUST00127,2025-11-20,P0001,Bluetooth Speaker,Electronics,1,1499,0.0,49,Wallet,North,Social Media,Desktop,Completed
ORD002733,CUST00362,2026-04-21,P0019,Face Wash,Beauty,1,399,0.15,79,Debit Card,West,Paid Ads,Desktop,Completed
ORD002734,CUST00167,2025-10-07,P0007,Denim Jacket,Fashion,3,499,0.0,0,Debit Card,South,Referral,Desktop,Cancelled
ORD002735,CUST00698,2025-09-11,P0009,Sunglasses,Fashion,4,2499,0.2,79,Debit Card,East,Direct,Tablet,Cancelled
ORD002736,CUST00544,2025-12-31,P0020,Yoga Mat,Sports,2,1499,0.2,49,Debit Card,West,Paid Ads,Tablet,Completed
ORD002737,CUST00280,2025-11-11,P0012,Coffee Mug,Home,4,399,0.05,0,Wallet,East,Social Media,Mobile,Returned
ORD002738,CUST00418,2026-07-04,P0023,Resistance Band,Sports,3,1999,0.15,79,Credit Card,Central,Email,Tablet,Returned
ORD002739,CUST00529,2026-01-05,P0013,Storage Box,Home,1,1499,0.1,0,Cash on Delivery,North,Direct,Mobile,Completed
ORD002740,CUST00614,2026-01-19,P0020,Yoga Mat,Sports,2,299,0.2,0,Cash on Delivery,Central,Referral,Tablet,Completed
ORD002741,CUST00066,2026-01-14,P0003,Phone Case,Electronics,3,499,0.05,49,Cash on Delivery,West,Referral,Mobile,Returned
ORD002742,CUST00017,2025-12-13,P0009,Sunglasses,Fashion,2,1999,0.0,49,Cash on Delivery,West,Organic Search,Mobile,Completed
ORD002743,CUST00091,2026-07-20,P0004,Power Bank,Electronics,1,499,0.0,0,Debit Card,East,Social Media,Mobile,Completed
ORD002744,CUST00325,2026-05-16,P0001,Bluetooth Speaker,Electronics,1,299,0.1,0,UPI,North,Organic Search,Mobile,Completed
ORD002745,CUST00371,2025-10-16,P0024,Running Shoes,Sports,3,999,0.1,49,Credit Card,West,Paid Ads,Desktop,Cancelled
ORD002746,CUST00108,2025-11-06,P0012,Coffee Mug,Home,4,2499,0.05,79,Cash on Delivery,Central,Paid Ads,Mobile,Returned
ORD002747,CUST00334,2025-09-18,P0008,Backpack,Fashion,2,999,0.0,99,Wallet,West,Paid Ads,Mobile,Cancelled
ORD002748,CUST00357,2025-11-21,P0009,Sunglasses,Fashion,4,2499,0.05,0,Credit Card,South,Paid Ads,Tablet,Completed
ORD002749,CUST00087,2026-04-16,P0006,Sneakers,Fashion,3,299,0.05,49,Cash on Delivery,North,Social Media,Desktop,Completed
ORD002750,CUST00732,2026-07-27,P0003,Phone Case,Electronics,2,1499,0.0,99,Credit Card,Central,Social Media,Desktop,Completed
ORD002751,CUST00473,2026-02-11,P0022,Water Bottle,Sports,3,1499,0.1,0,Wallet,East,Referral,Tablet,Returned
ORD002752,CUST00320,2025-09-18,P0002,Smart Watch,Electronics,2,2499,0.15,49,Credit Card,South,Social Media,Mobile,Completed
ORD002753,CUST00402,2025-09-06,P0009,Sunglasses,Fashion,4,999,0.0,79,Wallet,West,Organic Search,Mobile,Completed
ORD002754,CUST00260,2026-01-18,P0003,Phone Case,Electronics,4,1999,0.0,49,Cash on Delivery,North,Email,Mobile,Completed
ORD002755,CUST00678,2025-11-24,P0023,Resistance Band,Sports,4,399,0.0,99,Cash on Delivery,East,Paid Ads,Mobile,Cancelled
ORD002756,CUST00456,2026-03-18,P0005,T-Shirt,Fashion,1,299,0.1,0,Credit Card,West,Organic Search,Mobile,Completed
ORD002757,CUST00394,2025-10-02,P0009,Sunglasses,Fashion,1,1499,0.0,49,Credit Card,East,Direct,Desktop,Completed
ORD002758,CUST00728,2025-11-12,P0018,Sunscreen,Beauty,4,299,0.15,49,Credit Card,South,Direct,Mobile,Cancelled
ORD002759,CUST00662,2026-03-10,P0014,Wall Clock,Home,4,1999,0.2,79,Cash on Delivery,West,Social Media,Desktop,Completed
ORD002760,CUST00641,2025-11-30,P0009,Sunglasses,Fashion,3,299,0.15,0,Credit Card,East,Paid Ads,Desktop,Completed
ORD002761,CUST00186,2025-12-31,P0014,Wall Clock,Home,1,1499,0.0,0,Debit Card,North,Social Media,Mobile,Returned
ORD002762,CUST00123,2025-11-08,P0010,LED Lamp,Home,4,699,0.0,0,UPI,East,Social Media,Mobile,Cancelled
ORD002763,CUST00544,2025-09-07,P0007,Denim Jacket,Fashion,2,1499,0.05,0,Debit Card,West,Referral,Mobile,Cancelled
ORD002764,CUST00372,2025-12-23,P0014,Wall Clock,Home,2,999,0.1,0,UPI,Central,Organic Search,Desktop,Returned
ORD002765,CUST00539,2025-12-18,P0009,Sunglasses,Fashion,2,699,0.0,99,Debit Card,North,Paid Ads,Mobile,Cancelled
ORD002766,CUST00594,2026-07-13,P0024,Running Shoes,Sports,2,699,0.05,0,Debit Card,West,Direct,Desktop,Completed
ORD002767,CUST00238,2026-07-11,P0011,Cushion Cover,Home,2,999,0.0,0,Debit Card,East,Referral,Mobile,Returned
ORD002768,CUST00231,2026-01-24,P0018,Sunscreen,Beauty,2,1499,0.0,99,Cash on Delivery,East,Email,Desktop,Completed
ORD002769,CUST00390,2025-12-03,P0005,T-Shirt,Fashion,3,1499,0.0,79,Credit Card,Central,Paid Ads,Mobile,Cancelled
ORD002770,CUST00221,2026-01-19,P0016,Lip Balm,Beauty,1,699,0.0,0,Cash on Delivery,South,Paid Ads,Mobile,Returned
ORD002771,CUST00527,2026-03-29,P0013,Storage Box,Home,2,499,0.0,0,UPI,Central,Referral,Mobile,Completed
ORD002772,CUST00585,2026-01-08,P0018,Sunscreen,Beauty,1,299,0.1,99,Debit Card,North,Email,Desktop,Completed
ORD002773,CUST00375,2026-05-22,P0011,Cushion Cover,Home,3,1999,0.2,0,UPI,East,Social Media,Mobile,Returned
ORD002774,CUST00569,2026-08-06,P0017,Hair Oil,Beauty,4,399,0.15,99,Cash on Delivery,East,Social Media,Desktop,Completed
ORD002775,CUST00406,2026-01-14,P0001,Bluetooth Speaker,Electronics,4,699,0.0,79,Cash on Delivery,West,Organic Search,Mobile,Returned
ORD002776,CUST00560,2025-10-01,P0017,Hair Oil,Beauty,1,2499,0.2,79,Cash on Delivery,North,Direct,Tablet,Completed
ORD002777,CUST00185,2025-10-03,P0018,Sunscreen,Beauty,3,1999,0.05,49,Debit Card,West,Organic Search,Tablet,Completed
ORD002778,CUST00582,2026-07-04,P0012,Coffee Mug,Home,1,499,0.0,0,Cash on Delivery,South,Referral,Mobile,Completed
ORD002779,CUST00561,2026-01-18,P0000,Wireless Earbuds,Electronics,2,699,0.15,99,Wallet,South,Paid Ads,Mobile,Completed
ORD002780,CUST00215,2025-12-17,P0014,Wall Clock,Home,2,499,0.0,49,Credit Card,South,Organic Search,Desktop,Cancelled
ORD002781,CUST00445,2026-04-03,P0019,Face Wash,Beauty,3,1499,0.15,0,UPI,West,Organic Search,Mobile,Completed
ORD002782,CUST00678,2026-08-04,P0011,Cushion Cover,Home,2,399,0.0,99,Cash on Delivery,East,Social Media,Mobile,Cancelled
ORD002783,CUST00203,2026-01-21,P0002,Smart Watch,Electronics,3,2499,0.0,0,UPI,East,Organic Search,Mobile,Completed
ORD002784,CUST00580,2025-12-13,P0009,Sunglasses,Fashion,3,2499,0.2,0,UPI,East,Paid Ads,Desktop,Completed
ORD002785,CUST00761,2026-06-30,P0024,Running Shoes,Sports,4,499,0.0,79,Debit Card,South,Direct,Mobile,Cancelled
ORD002786,CUST00686,2025-09-19,P0006,Sneakers,Fashion,1,399,0.15,0,Credit Card,Central,Direct,Tablet,Completed
ORD002787,CUST00328,2026-06-24,P0013,Storage Box,Home,4,999,0.05,0,Cash on Delivery,West,Social Media,Mobile,Completed
ORD002788,CUST00479,2026-02-25,P0008,Backpack,Fashion,4,1499,0.2,0,Wallet,East,Organic Search,Mobile,Completed
ORD002789,CUST00791,2025-08-27,P0017,Hair Oil,Beauty,3,1499,0.0,79,Debit Card,Central,Organic Search,Mobile,Completed
ORD002790,CUST00452,2025-11-11,P0010,LED Lamp,Home,4,299,0.05,49,Debit Card,South,Email,Tablet,Completed
ORD002791,CUST00091,2026-04-24,P0009,Sunglasses,Fashion,1,1499,0.0,79,UPI,East,Social Media,Desktop,Completed
ORD002792,CUST00035,2026-05-21,P0014,Wall Clock,Home,1,299,0.0,0,Wallet,East,Referral,Mobile,Completed
ORD002793,CUST00620,2025-10-30,P0014,Wall Clock,Home,1,499,0.15,0,Credit Card,North,Social Media,Desktop,Completed
ORD002794,CUST00345,2026-04-16,P0012,Coffee Mug,Home,4,1499,0.1,0,Wallet,South,Social Media,Mobile,Completed
ORD002795,CUST00200,2026-08-16,P0006,Sneakers,Fashion,2,2499,0.05,0,Cash on Delivery,East,Email,Mobile,Completed
ORD002796,CUST00286,2026-04-27,P0002,Smart Watch,Electronics,2,1499,0.0,79,UPI,North,Referral,Mobile,Returned
ORD002797,CUST00592,2026-05-03,P0017,Hair Oil,Beauty,3,399,0.15,0,Credit Card,North,Direct,Desktop,Returned
ORD002798,CUST00370,2025-10-29,P0008,Backpack,Fashion,2,1499,0.0,49,Credit Card,South,Organic Search,Mobile,Completed
ORD002799,CUST00687,2026-04-09,P0015,Face Serum,Beauty,3,299,0.0,99,Credit Card,South,Social Media,Desktop,Completed
ORD002800,CUST00579,2026-05-05,P0009,Sunglasses,Fashion,4,399,0.0,0,Cash on Delivery,Central,Referral,Mobile,Completed
ORD002801,CUST00779,2025-09-29,P0021,Dumbbell Set,Sports,2,299,0.2,0,UPI,North,Direct,Tablet,Completed
ORD002802,CUST00706,2025-12-11,P0017,Hair Oil,Beauty,4,2499,0.0,99,Credit Card,Central,Direct,Tablet,Cancelled
ORD002803,CUST00207,2026-07-08,P0010,LED Lamp,Home,3,499,0.15,0,Cash on Delivery,Central,Organic Search,Mobile,Completed
ORD002804,CUST00521,2026-08-19,P0008,Backpack,Fashion,2,999,0.0,0,Cash on Delivery,North,Social Media,Desktop,Completed
ORD002805,CUST00015,2025-10-22,P0018,Sunscreen,Beauty,4,1999,0.0,79,Credit Card,West,Direct,Desktop,Completed
ORD002806,CUST00790,2026-05-14,P0000,Wireless Earbuds,Electronics,2,2499,0.2,0,Wallet,South,Organic Search,Tablet,Completed
ORD002807,CUST00212,2026-02-19,P0001,Bluetooth Speaker,Electronics,1,2499,0.15,0,Debit Card,South,Direct,Mobile,Completed
ORD002808,CUST00526,2026-03-23,P0002,Smart Watch,Electronics,2,399,0.15,0,Credit Card,East,Email,Mobile,Returned
ORD002809,CUST00673,2026-02-22,P0008,Backpack,Fashion,4,699,0.05,99,Credit Card,East,Direct,Mobile,Completed
ORD002810,CUST00129,2026-07-02,P0012,Coffee Mug,Home,3,699,0.15,0,UPI,Central,Direct,Desktop,Completed
ORD002811,CUST00672,2026-01-29,P0007,Denim Jacket,Fashion,3,1999,0.0,49,Cash on Delivery,Central,Organic Search,Mobile,Completed
ORD002812,CUST00009,2026-03-23,P0004,Power Bank,Electronics,3,499,0.0,49,Cash on Delivery,North,Organic Search,Mobile,Completed
ORD002813,CUST00358,2026-04-21,P0007,Denim Jacket,Fashion,1,399,0.05,49,Wallet,North,Social Media,Desktop,Completed
ORD002814,CUST00375,2026-03-09,P0012,Coffee Mug,Home,1,1999,0.15,0,Cash on Delivery,East,Referral,Desktop,Cancelled
ORD002815,CUST00307,2026-07-07,P0007,Denim Jacket,Fashion,2,699,0.1,0,Debit Card,East,Referral,Mobile,Completed
ORD002816,CUST00465,2025-11-14,P0014,Wall Clock,Home,4,1499,0.0,99,Credit Card,Central,Direct,Mobile,Completed
ORD002817,CUST00731,2026-08-01,P0009,Sunglasses,Fashion,1,699,0.1,49,Credit Card,East,Paid Ads,Mobile,Completed
ORD002818,CUST00270,2026-04-24,P0023,Resistance Band,Sports,3,699,0.0,99,Credit Card,North,Referral,Mobile,Completed
ORD002819,CUST00460,2026-08-05,P0024,Running Shoes,Sports,4,299,0.05,49,Wallet,Central,Direct,Mobile,Cancelled
ORD002820,CUST00698,2026-01-03,P0016,Lip Balm,Beauty,1,299,0.0,0,Credit Card,East,Paid Ads,Mobile,Completed
ORD002821,CUST00608,2026-02-10,P0013,Storage Box,Home,1,299,0.05,0,UPI,East,Direct,Mobile,Cancelled
ORD002822,CUST00032,2025-09-04,P0000,Wireless Earbuds,Electronics,4,399,0.0,79,Wallet,North,Social Media,Tablet,Completed
ORD002823,CUST00754,2026-07-23,P0015,Face Serum,Beauty,1,499,0.2,0,Cash on Delivery,South,Social Media,Mobile,Completed
ORD002824,CUST00038,2026-06-13,P0009,Sunglasses,Fashion,3,299,0.15,49,Credit Card,South,Paid Ads,Mobile,Completed
ORD002825,CUST00467,2025-12-06,P0007,Denim Jacket,Fashion,4,399,0.2,99,Credit Card,Central,Email,Mobile,Completed
ORD002826,CUST00456,2025-09-07,P0019,Face Wash,Beauty,2,1999,0.15,99,Credit Card,West,Paid Ads,Desktop,Cancelled
ORD002827,CUST00616,2026-05-01,P0001,Bluetooth Speaker,Electronics,2,1999,0.1,0,Credit Card,South,Referral,Mobile,Completed
ORD002828,CUST00118,2026-04-22,P0006,Sneakers,Fashion,3,499,0.0,0,Debit Card,North,Organic Search,Mobile,Completed
ORD002829,CUST00144,2026-02-28,P0019,Face Wash,Beauty,3,2499,0.0,79,Debit Card,South,Paid Ads,Mobile,Completed
ORD002830,CUST00589,2025-10-16,P0023,Resistance Band,Sports,4,299,0.1,79,Cash on Delivery,West,Organic Search,Mobile,Completed
ORD002831,CUST00120,2026-07-21,P0012,Coffee Mug,Home,3,299,0.2,79,UPI,North,Paid Ads,Mobile,Returned
ORD002832,CUST00373,2026-01-24,P0013,Storage Box,Home,4,499,0.0,0,Debit Card,Central,Direct,Desktop,Cancelled
ORD002833,CUST00576,2026-05-11,P0024,Running Shoes,Sports,1,499,0.2,49,UPI,North,Referral,Mobile,Completed
ORD002834,CUST00516,2026-06-29,P0002,Smart Watch,Electronics,2,299,0.0,0,Wallet,East,Organic Search,Desktop,Completed
ORD002835,CUST00173,2026-03-08,P0012,Coffee Mug,Home,1,1999,0.0,99,Debit Card,North,Paid Ads,Mobile,Returned
ORD002836,CUST00250,2025-09-23,P0006,Sneakers,Fashion,3,2499,0.1,99,Credit Card,East,Organic Search,Desktop,Returned
ORD002837,CUST00774,2026-07-10,P0011,Cushion Cover,Home,1,499,0.05,79,UPI,South,Direct,Tablet,Cancelled
ORD002838,CUST00361,2026-04-20,P0022,Water Bottle,Sports,4,499,0.15,0,Wallet,West,Email,Mobile,Cancelled
ORD002839,CUST00035,2026-07-12,P0014,Wall Clock,Home,4,1499,0.0,79,Debit Card,East,Social Media,Desktop,Returned
ORD002840,CUST00181,2026-03-31,P0024,Running Shoes,Sports,4,2499,0.15,49,UPI,South,Direct,Mobile,Completed
ORD002841,CUST00281,2026-07-17,P0012,Coffee Mug,Home,4,499,0.0,79,Debit Card,South,Organic Search,Desktop,Completed
ORD002842,CUST00800,2026-07-02,P0021,Dumbbell Set,Sports,1,1499,0.0,0,Cash on Delivery,East,Direct,Mobile,Completed
ORD002843,CUST00249,2025-11-06,P0004,Power Bank,Electronics,3,299,0.05,49,Cash on Delivery,Central,Organic Search,Tablet,Completed
ORD002844,CUST00021,2025-10-22,P0008,Backpack,Fashion,3,999,0.05,99,Wallet,South,Email,Mobile,Completed
ORD002845,CUST00408,2025-10-17,P0006,Sneakers,Fashion,3,2499,0.05,0,Cash on Delivery,West,Organic Search,Mobile,Returned
ORD002846,CUST00069,2026-06-07,P0019,Face Wash,Beauty,4,699,0.0,0,Credit Card,North,Paid Ads,Mobile,Completed
ORD002847,CUST00221,2025-11-15,P0012,Coffee Mug,Home,3,1499,0.0,0,Wallet,South,Email,Mobile,Returned
ORD002848,CUST00792,2026-01-31,P0005,T-Shirt,Fashion,1,1499,0.0,0,UPI,North,Email,Desktop,Completed
ORD002849,CUST00554,2026-06-03,P0004,Power Bank,Electronics,4,1499,0.15,0,Wallet,West,Social Media,Desktop,Returned
ORD002850,CUST00041,2026-01-23,P0009,Sunglasses,Fashion,2,1499,0.0,79,Credit Card,North,Email,Mobile,Completed
ORD002851,CUST00361,2025-09-11,P0003,Phone Case,Electronics,2,2499,0.2,0,Credit Card,West,Referral,Desktop,Completed
ORD002852,CUST00136,2025-12-30,P0017,Hair Oil,Beauty,3,299,0.0,0,Debit Card,North,Paid Ads,Mobile,Completed
ORD002853,CUST00098,2025-09-23,P0021,Dumbbell Set,Sports,4,2499,0.1,99,UPI,North,Referral,Desktop,Completed
ORD002854,CUST00465,2026-01-07,P0024,Running Shoes,Sports,3,2499,0.0,0,Cash on Delivery,Central,Organic Search,Mobile,Completed
ORD002855,CUST00402,2026-05-15,P0005,T-Shirt,Fashion,1,2499,0.0,0,Cash on Delivery,West,Referral,Mobile,Cancelled
ORD002856,CUST00583,2026-02-25,P0010,LED Lamp,Home,3,499,0.0,79,UPI,East,Referral,Mobile,Completed
ORD002857,CUST00709,2026-04-23,P0012,Coffee Mug,Home,3,999,0.0,79,Credit Card,South,Social Media,Mobile,Completed
ORD002858,CUST00200,2025-09-27,P0012,Coffee Mug,Home,1,499,0.1,99,Cash on Delivery,East,Organic Search,Desktop,Completed
ORD002859,CUST00734,2026-05-20,P0011,Cushion Cover,Home,3,1999,0.2,0,UPI,South,Social Media,Tablet,Completed
ORD002860,CUST00411,2026-01-22,P0005,T-Shirt,Fashion,4,699,0.0,79,Credit Card,West,Paid Ads,Mobile,Completed
ORD002861,CUST00211,2025-12-02,P0002,Smart Watch,Electronics,4,499,0.05,79,Wallet,North,Email,Mobile,Completed
ORD002862,CUST00669,2026-04-14,P0010,LED Lamp,Home,2,1499,0.0,0,Cash on Delivery,Central,Paid Ads,Mobile,Cancelled
ORD002863,CUST00029,2025-10-08,P0002,Smart Watch,Electronics,3,299,0.05,99,Cash on Delivery,Central,Organic Search,Desktop,Completed
ORD002864,CUST00447,2026-02-17,P0001,Bluetooth Speaker,Electronics,4,699,0.2,0,Cash on Delivery,East,Referral,Mobile,Completed
ORD002865,CUST00567,2026-01-21,P0013,Storage Box,Home,3,399,0.05,49,Cash on Delivery,North,Referral,Desktop,Completed
ORD002866,CUST00226,2025-10-19,P0021,Dumbbell Set,Sports,2,499,0.2,79,Wallet,North,Email,Desktop,Completed
ORD002867,CUST00684,2026-08-02,P0013,Storage Box,Home,1,699,0.15,49,Wallet,East,Referral,Mobile,Completed
ORD002868,CUST00196,2025-12-30,P0000,Wireless Earbuds,Electronics,1,299,0.0,0,Credit Card,Central,Referral,Tablet,Cancelled
ORD002869,CUST00664,2025-09-03,P0021,Dumbbell Set,Sports,3,1999,0.0,0,Wallet,West,Referral,Mobile,Completed
ORD002870,CUST00064,2026-01-28,P0017,Hair Oil,Beauty,4,699,0.0,79,Cash on Delivery,North,Direct,Desktop,Completed
ORD002871,CUST00128,2026-08-07,P0007,Denim Jacket,Fashion,3,499,0.2,0,Cash on Delivery,East,Organic Search,Mobile,Completed
ORD002872,CUST00313,2026-04-21,P0006,Sneakers,Fashion,4,399,0.0,49,Cash on Delivery,South,Direct,Mobile,Completed
ORD002873,CUST00677,2026-04-09,P0022,Water Bottle,Sports,3,2499,0.0,79,Credit Card,West,Referral,Mobile,Completed
ORD002874,CUST00114,2026-07-14,P0011,Cushion Cover,Home,2,1999,0.2,99,Debit Card,South,Paid Ads,Desktop,Completed
ORD002875,CUST00695,2025-09-19,P0003,Phone Case,Electronics,3,699,0.0,99,Cash on Delivery,West,Organic Search,Mobile,Completed
ORD002876,CUST00190,2026-03-08,P0007,Denim Jacket,Fashion,2,499,0.0,0,Cash on Delivery,East,Social Media,Desktop,Completed
ORD002877,CUST00363,2025-12-15,P0006,Sneakers,Fashion,1,699,0.15,0,UPI,North,Direct,Mobile,Completed
ORD002878,CUST00289,2026-04-23,P0010,LED Lamp,Home,3,2499,0.0,99,Cash on Delivery,West,Direct,Mobile,Completed
ORD002879,CUST00095,2026-06-27,P0008,Backpack,Fashion,3,399,0.0,49,Wallet,East,Email,Desktop,Completed
ORD002880,CUST00754,2025-09-17,P0013,Storage Box,Home,4,1499,0.15,49,Debit Card,South,Referral,Mobile,Returned
ORD002881,CUST00354,2025-10-16,P0008,Backpack,Fashion,1,2499,0.0,99,UPI,East,Organic Search,Mobile,Returned
ORD002882,CUST00544,2026-08-03,P0016,Lip Balm,Beauty,2,1999,0.1,79,Debit Card,West,Referral,Mobile,Completed
ORD002883,CUST00456,2026-02-15,P0012,Coffee Mug,Home,1,1999,0.05,49,Wallet,West,Referral,Mobile,Cancelled
ORD002884,CUST00400,2025-12-13,P0023,Resistance Band,Sports,4,2499,0.0,0,Debit Card,East,Referral,Mobile,Completed
ORD002885,CUST00485,2025-10-14,P0020,Yoga Mat,Sports,4,299,0.1,0,Credit Card,West,Paid Ads,Mobile,Returned
ORD002886,CUST00714,2025-12-27,P0008,Backpack,Fashion,2,399,0.0,49,UPI,South,Email,Desktop,Completed
ORD002887,CUST00551,2025-08-21,P0001,Bluetooth Speaker,Electronics,4,399,0.2,0,UPI,East,Paid Ads,Desktop,Completed
ORD002888,CUST00422,2025-11-09,P0014,Wall Clock,Home,3,999,0.0,0,Cash on Delivery,North,Social Media,Mobile,Cancelled
ORD002889,CUST00510,2025-10-25,P0008,Backpack,Fashion,2,699,0.15,79,Credit Card,North,Referral,Desktop,Cancelled
ORD002890,CUST00479,2025-09-19,P0022,Water Bottle,Sports,2,299,0.0,0,Cash on Delivery,East,Email,Mobile,Completed
ORD002891,CUST00350,2026-08-08,P0010,LED Lamp,Home,3,999,0.15,99,Debit Card,North,Direct,Mobile,Completed
ORD002892,CUST00492,2026-06-04,P0007,Denim Jacket,Fashion,1,299,0.0,49,Credit Card,East,Social Media,Mobile,Cancelled
ORD002893,CUST00358,2026-07-29,P0008,Backpack,Fashion,1,699,0.05,99,UPI,North,Organic Search,Mobile,Returned
ORD002894,CUST00592,2025-11-15,P0021,Dumbbell Set,Sports,4,499,0.15,0,UPI,North,Organic Search,Mobile,Completed
ORD002895,CUST00774,2025-12-03,P0002,Smart Watch,Electronics,1,2499,0.2,49,Cash on Delivery,South,Direct,Mobile,Cancelled
ORD002896,CUST00766,2025-12-01,P0023,Resistance Band,Sports,1,1499,0.15,99,UPI,South,Paid Ads,Mobile,Cancelled
ORD002897,CUST00648,2026-03-11,P0005,T-Shirt,Fashion,4,999,0.1,79,Credit Card,South,Paid Ads,Mobile,Cancelled
ORD002898,CUST00475,2025-10-25,P0021,Dumbbell Set,Sports,4,1999,0.1,99,UPI,West,Organic Search,Mobile,Returned
ORD002899,CUST00587,2025-11-13,P0013,Storage Box,Home,4,399,0.0,79,Cash on Delivery,East,Direct,Mobile,Returned
ORD002900,CUST00143,2026-08-10,P0014,Wall Clock,Home,1,499,0.1,79,Wallet,South,Organic Search,Mobile,Completed
ORD002901,CUST00380,2025-12-26,P0005,T-Shirt,Fashion,4,1999,0.1,0,Debit Card,East,Email,Desktop,Completed
ORD002902,CUST00209,2026-06-01,P0018,Sunscreen,Beauty,2,1499,0.05,49,Wallet,East,Paid Ads,Mobile,Returned
ORD002903,CUST00003,2025-11-11,P0016,Lip Balm,Beauty,1,299,0.0,0,Wallet,Central,Referral,Mobile,Completed
ORD002904,CUST00771,2026-07-25,P0012,Coffee Mug,Home,4,399,0.0,0,Debit Card,North,Email,Mobile,Returned
ORD002905,CUST00685,2026-04-30,P0011,Cushion Cover,Home,2,399,0.0,0,UPI,West,Organic Search,Desktop,Returned
ORD002906,CUST00408,2026-06-30,P0014,Wall Clock,Home,3,299,0.15,0,Debit Card,West,Email,Desktop,Completed
ORD002907,CUST00206,2026-02-24,P0011,Cushion Cover,Home,1,1499,0.0,79,Credit Card,East,Organic Search,Desktop,Completed
ORD002908,CUST00546,2026-07-16,P0024,Running Shoes,Sports,1,299,0.0,0,Cash on Delivery,East,Email,Mobile,Completed
ORD002909,CUST00351,2025-12-30,P0001,Bluetooth Speaker,Electronics,4,1999,0.0,49,Debit Card,North,Paid Ads,Desktop,Completed
ORD002910,CUST00630,2026-02-10,P0006,Sneakers,Fashion,3,999,0.0,49,Debit Card,Central,Direct,Mobile,Completed
ORD002911,CUST00800,2025-09-11,P0021,Dumbbell Set,Sports,4,1999,0.15,0,Credit Card,East,Social Media,Desktop,Completed
ORD002912,CUST00286,2025-10-21,P0019,Face Wash,Beauty,1,699,0.0,99,UPI,North,Social Media,Desktop,Returned
ORD002913,CUST00198,2026-05-28,P0008,Backpack,Fashion,4,2499,0.05,79,Wallet,Central,Referral,Mobile,Completed
ORD002914,CUST00215,2025-12-17,P0012,Coffee Mug,Home,4,499,0.15,0,Cash on Delivery,South,Social Media,Tablet,Cancelled
ORD002915,CUST00076,2025-09-26,P0000,Wireless Earbuds,Electronics,4,999,0.1,0,Wallet,East,Paid Ads,Mobile,Completed
ORD002916,CUST00324,2025-12-04,P0004,Power Bank,Electronics,1,299,0.1,0,Cash on Delivery,South,Email,Tablet,Cancelled
ORD002917,CUST00013,2025-12-26,P0023,Resistance Band,Sports,1,1999,0.0,0,Cash on Delivery,East,Direct,Mobile,Cancelled
ORD002918,CUST00091,2026-05-08,P0016,Lip Balm,Beauty,3,999,0.05,0,Wallet,East,Organic Search,Mobile,Completed
ORD002919,CUST00219,2025-09-22,P0000,Wireless Earbuds,Electronics,1,399,0.15,0,Cash on Delivery,West,Paid Ads,Desktop,Cancelled
ORD002920,CUST00128,2025-08-29,P0019,Face Wash,Beauty,1,1999,0.05,49,Debit Card,East,Email,Mobile,Cancelled
ORD002921,CUST00576,2026-05-11,P0010,LED Lamp,Home,4,2499,0.1,49,Wallet,North,Paid Ads,Desktop,Completed
ORD002922,CUST00085,2025-10-10,P0014,Wall Clock,Home,3,299,0.15,0,Wallet,Central,Direct,Mobile,Completed
ORD002923,CUST00686,2026-01-20,P0021,Dumbbell Set,Sports,4,1999,0.0,49,UPI,Central,Organic Search,Mobile,Completed
ORD002924,CUST00182,2026-04-26,P0020,Yoga Mat,Sports,4,1499,0.0,49,Wallet,East,Paid Ads,Mobile,Completed
ORD002925,CUST00087,2026-02-23,P0003,Phone Case,Electronics,1,499,0.05,0,Wallet,North,Email,Tablet,Cancelled
ORD002926,CUST00007,2025-10-04,P0009,Sunglasses,Fashion,4,1499,0.0,0,UPI,North,Referral,Tablet,Completed
ORD002927,CUST00561,2026-05-10,P0006,Sneakers,Fashion,1,1999,0.0,79,Cash on Delivery,South,Social Media,Mobile,Completed
ORD002928,CUST00208,2025-09-06,P0022,Water Bottle,Sports,2,699,0.15,0,Credit Card,Central,Paid Ads,Mobile,Cancelled
ORD002929,CUST00405,2025-11-12,P0019,Face Wash,Beauty,2,1499,0.1,0,Debit Card,South,Referral,Mobile,Completed
ORD002930,CUST00088,2025-09-28,P0016,Lip Balm,Beauty,1,299,0.1,79,Debit Card,Central,Email,Mobile,Cancelled
ORD002931,CUST00786,2026-02-23,P0001,Bluetooth Speaker,Electronics,3,2499,0.1,79,Cash on Delivery,South,Paid Ads,Tablet,Cancelled
ORD002932,CUST00100,2026-04-29,P0020,Yoga Mat,Sports,1,2499,0.05,99,UPI,South,Referral,Desktop,Completed
ORD002933,CUST00336,2026-04-14,P0014,Wall Clock,Home,4,399,0.05,0,Cash on Delivery,East,Organic Search,Desktop,Completed
ORD002934,CUST00675,2025-10-09,P0006,Sneakers,Fashion,4,699,0.0,0,Cash on Delivery,South,Direct,Mobile,Cancelled
ORD002935,CUST00199,2025-12-23,P0011,Cushion Cover,Home,3,399,0.15,79,UPI,West,Referral,Desktop,Cancelled
ORD002936,CUST00215,2025-10-12,P0011,Cushion Cover,Home,1,699,0.2,0,Wallet,South,Email,Tablet,Returned
ORD002937,CUST00635,2025-12-23,P0007,Denim Jacket,Fashion,3,499,0.2,0,Debit Card,South,Referral,Tablet,Completed
ORD002938,CUST00221,2025-11-12,P0022,Water Bottle,Sports,3,1999,0.0,0,Credit Card,South,Email,Desktop,Completed
ORD002939,CUST00003,2026-05-17,P0022,Water Bottle,Sports,2,1499,0.0,99,UPI,Central,Email,Mobile,Completed
ORD002940,CUST00347,2026-05-21,P0001,Bluetooth Speaker,Electronics,2,1999,0.2,79,Debit Card,North,Organic Search,Tablet,Completed
ORD002941,CUST00010,2026-06-14,P0023,Resistance Band,Sports,2,1999,0.1,99,Wallet,North,Paid Ads,Mobile,Completed
ORD002942,CUST00728,2025-11-01,P0010,LED Lamp,Home,4,1499,0.15,49,UPI,South,Direct,Mobile,Completed
ORD002943,CUST00508,2025-08-24,P0019,Face Wash,Beauty,1,399,0.0,49,Credit Card,East,Direct,Mobile,Completed
ORD002944,CUST00463,2025-09-01,P0019,Face Wash,Beauty,3,1999,0.2,49,UPI,Central,Email,Desktop,Completed
ORD002945,CUST00167,2026-06-23,P0014,Wall Clock,Home,2,1999,0.15,0,UPI,South,Paid Ads,Desktop,Completed
ORD002946,CUST00551,2026-07-16,P0018,Sunscreen,Beauty,3,299,0.0,49,Credit Card,East,Organic Search,Tablet,Cancelled
ORD002947,CUST00535,2025-11-05,P0017,Hair Oil,Beauty,1,299,0.05,0,UPI,West,Organic Search,Tablet,Completed
ORD002948,CUST00048,2026-07-05,P0021,Dumbbell Set,Sports,4,1999,0.05,99,Cash on Delivery,North,Organic Search,Desktop,Completed
ORD002949,CUST00700,2026-03-01,P0010,LED Lamp,Home,2,699,0.1,0,Cash on Delivery,East,Paid Ads,Tablet,Completed
ORD002950,CUST00460,2025-10-26,P0018,Sunscreen,Beauty,4,499,0.0,0,Cash on Delivery,Central,Referral,Mobile,Completed
ORD002951,CUST00621,2025-12-12,P0024,Running Shoes,Sports,1,699,0.0,99,Cash on Delivery,South,Direct,Mobile,Completed
ORD002952,CUST00214,2025-11-24,P0023,Resistance Band,Sports,3,1999,0.0,0,Cash on Delivery,North,Paid Ads,Mobile,Completed
ORD002953,CUST00096,2026-05-25,P0003,Phone Case,Electronics,3,499,0.05,49,Credit Card,South,Paid Ads,Desktop,Completed
ORD002954,CUST00552,2025-10-27,P0012,Coffee Mug,Home,4,499,0.0,0,UPI,East,Referral,Tablet,Completed
ORD002955,CUST00622,2025-10-25,P0012,Coffee Mug,Home,1,699,0.05,0,UPI,North,Social Media,Desktop,Completed
ORD002956,CUST00318,2026-05-09,P0015,Face Serum,Beauty,3,299,0.0,49,Cash on Delivery,North,Paid Ads,Tablet,Completed
ORD002957,CUST00019,2025-12-08,P0016,Lip Balm,Beauty,1,299,0.1,79,Debit Card,East,Paid Ads,Mobile,Completed
ORD002958,CUST00646,2025-11-19,P0021,Dumbbell Set,Sports,2,699,0.0,0,Wallet,North,Social Media,Desktop,Completed
ORD002959,CUST00169,2026-06-10,P0013,Storage Box,Home,1,299,0.0,79,Wallet,South,Email,Mobile,Completed
ORD002960,CUST00278,2026-07-25,P0017,Hair Oil,Beauty,1,1999,0.1,99,UPI,West,Email,Desktop,Returned
ORD002961,CUST00494,2026-03-10,P0022,Water Bottle,Sports,4,699,0.0,0,Debit Card,North,Email,Desktop,Completed
ORD002962,CUST00080,2026-06-18,P0002,Smart Watch,Electronics,3,999,0.0,79,Credit Card,Central,Email,Mobile,Completed
ORD002963,CUST00057,2026-06-23,P0016,Lip Balm,Beauty,4,499,0.1,99,UPI,East,Paid Ads,Mobile,Completed
ORD002964,CUST00020,2026-03-22,P0009,Sunglasses,Fashion,3,1999,0.0,99,Credit Card,East,Social Media,Mobile,Completed
ORD002965,CUST00732,2026-06-18,P0022,Water Bottle,Sports,3,699,0.0,79,Wallet,Central,Direct,Desktop,Completed
ORD002966,CUST00258,2025-08-23,P0013,Storage Box,Home,1,299,0.0,99,Debit Card,East,Social Media,Desktop,Cancelled
ORD002967,CUST00523,2025-09-01,P0015,Face Serum,Beauty,4,699,0.0,79,Cash on Delivery,West,Referral,Mobile,Returned
ORD002968,CUST00789,2026-07-08,P0018,Sunscreen,Beauty,1,399,0.1,49,Cash on Delivery,South,Social Media,Tablet,Completed
ORD002969,CUST00529,2025-10-10,P0006,Sneakers,Fashion,1,999,0.1,0,Cash on Delivery,North,Social Media,Mobile,Completed
ORD002970,CUST00416,2026-05-12,P0013,Storage Box,Home,3,999,0.0,99,Wallet,North,Direct,Mobile,Cancelled
ORD002971,CUST00414,2026-01-20,P0019,Face Wash,Beauty,3,699,0.15,0,Credit Card,East,Social Media,Desktop,Completed
ORD002972,CUST00310,2026-06-03,P0019,Face Wash,Beauty,1,699,0.15,79,Cash on Delivery,North,Social Media,Mobile,Completed
ORD002973,CUST00473,2026-04-19,P0005,T-Shirt,Fashion,3,999,0.0,79,Credit Card,East,Social Media,Mobile,Completed
ORD002974,CUST00765,2025-09-15,P0020,Yoga Mat,Sports,3,1499,0.0,0,UPI,South,Email,Desktop,Cancelled
ORD002975,CUST00618,2025-12-20,P0004,Power Bank,Electronics,2,2499,0.15,79,Cash on Delivery,Central,Organic Search,Mobile,Returned
ORD002976,CUST00345,2026-05-05,P0006,Sneakers,Fashion,3,2499,0.1,79,Credit Card,South,Social Media,Mobile,Completed
ORD002977,CUST00274,2026-07-22,P0021,Dumbbell Set,Sports,3,299,0.0,79,UPI,Central,Direct,Mobile,Completed
ORD002978,CUST00702,2026-06-09,P0015,Face Serum,Beauty,2,1499,0.15,99,UPI,East,Paid Ads,Desktop,Cancelled
ORD002979,CUST00107,2026-07-11,P0013,Storage Box,Home,1,299,0.1,0,Credit Card,East,Email,Mobile,Completed
ORD002980,CUST00673,2026-08-04,P0013,Storage Box,Home,2,699,0.05,79,Credit Card,East,Paid Ads,Desktop,Completed
ORD002981,CUST00207,2026-07-12,P0024,Running Shoes,Sports,4,1499,0.0,0,Cash on Delivery,Central,Referral,Desktop,Cancelled
ORD002982,CUST00561,2026-03-19,P0005,T-Shirt,Fashion,2,999,0.1,79,Cash on Delivery,South,Paid Ads,Mobile,Completed
ORD002983,CUST00632,2025-12-20,P0007,Denim Jacket,Fashion,3,1999,0.0,0,Credit Card,East,Direct,Mobile,Completed
ORD002984,CUST00380,2026-02-21,P0012,Coffee Mug,Home,2,2499,0.2,0,Debit Card,East,Direct,Mobile,Completed
ORD002985,CUST00157,2026-06-06,P0021,Dumbbell Set,Sports,3,2499,0.0,0,Debit Card,South,Social Media,Desktop,Cancelled
ORD002986,CUST00669,2026-01-22,P0013,Storage Box,Home,3,1499,0.0,99,Credit Card,Central,Referral,Mobile,Completed
ORD002987,CUST00301,2026-06-19,P0018,Sunscreen,Beauty,2,1499,0.0,0,Credit Card,West,Referral,Desktop,Completed
ORD002988,CUST00266,2026-05-02,P0020,Yoga Mat,Sports,3,1999,0.0,0,UPI,West,Organic Search,Desktop,Completed
ORD002989,CUST00406,2025-11-04,P0022,Water Bottle,Sports,4,399,0.0,0,UPI,West,Email,Mobile,Completed
ORD002990,CUST00351,2026-07-22,P0011,Cushion Cover,Home,4,499,0.2,79,Cash on Delivery,North,Paid Ads,Desktop,Completed
ORD002991,CUST00539,2026-06-24,P0011,Cushion Cover,Home,4,499,0.0,99,Debit Card,North,Referral,Mobile,Completed
ORD002992,CUST00109,2026-03-26,P0002,Smart Watch,Electronics,1,1499,0.15,79,UPI,Central,Referral,Desktop,Completed
ORD002993,CUST00351,2025-10-29,P0002,Smart Watch,Electronics,4,499,0.0,0,Debit Card,North,Social Media,Mobile,Returned
ORD002994,CUST00708,2025-11-10,P0012,Coffee Mug,Home,3,399,0.1,49,Credit Card,South,Social Media,Mobile,Completed
ORD002995,CUST00029,2026-06-22,P0018,Sunscreen,Beauty,2,1999,0.0,0,Wallet,Central,Direct,Desktop,Completed
ORD002996,CUST00365,2025-08-26,P0020,Yoga Mat,Sports,2,1499,0.0,0,Wallet,North,Social Media,Mobile,Completed
ORD002997,CUST00523,2026-02-12,P0010,LED Lamp,Home,1,999,0.0,0,Wallet,West,Direct,Desktop,Completed
ORD002998,CUST00705,2026-04-02,P0014,Wall Clock,Home,4,2499,0.0,79,Credit Card,East,Email,Desktop,Cancelled
ORD002999,CUST00470,2025-11-12,P0020,Yoga Mat,Sports,4,1999,0.05,99,Wallet,East,Paid Ads,Desktop,Completed
ORD003000,CUST00651,2026-07-01,P0007,Denim Jacket,Fashion,1,2499,0.2,0,Wallet,South,Social Media,Mobile,Returned
ORD003001,CUST00183,2026-02-26,P0003,Phone Case,Electronics,3,499,0.15,99,UPI,West,Referral,Tablet,Completed
ORD003002,CUST00289,2025-09-13,P0023,Resistance Band,Sports,3,299,0.1,0,Wallet,West,Social Media,Tablet,Completed
ORD003003,CUST00752,2025-12-14,P0013,Storage Box,Home,1,499,0.05,0,Credit Card,North,Social Media,Mobile,Returned
ORD003004,CUST00704,2026-01-12,P0003,Phone Case,Electronics,3,1999,0.0,0,Debit Card,North,Referral,Mobile,Completed
ORD003005,CUST00445,2025-11-09,P0006,Sneakers,Fashion,4,2499,0.0,0,Credit Card,West,Email,Tablet,Completed
ORD003006,CUST00379,2026-07-29,P0008,Backpack,Fashion,2,299,0.0,79,UPI,East,Email,Mobile,Completed
ORD003007,CUST00362,2025-12-29,P0005,T-Shirt,Fashion,3,1999,0.1,49,Cash on Delivery,West,Social Media,Mobile,Returned
ORD003008,CUST00047,2026-02-19,P0010,LED Lamp,Home,4,699,0.15,0,Credit Card,South,Direct,Tablet,Cancelled
ORD003009,CUST00709,2026-03-03,P0020,Yoga Mat,Sports,2,1999,0.05,49,UPI,South,Organic Search,Mobile,Completed
ORD003010,CUST00646,2025-11-08,P0018,Sunscreen,Beauty,1,1499,0.1,0,Debit Card,North,Paid Ads,Tablet,Returned
ORD003011,CUST00365,2026-03-15,P0022,Water Bottle,Sports,2,299,0.0,0,Cash on Delivery,North,Direct,Mobile,Completed
ORD003012,CUST00226,2025-12-27,P0020,Yoga Mat,Sports,1,699,0.2,99,Wallet,North,Paid Ads,Mobile,Completed
ORD003013,CUST00282,2025-08-23,P0007,Denim Jacket,Fashion,2,299,0.2,49,Debit Card,North,Referral,Mobile,Completed
ORD003014,CUST00098,2026-01-15,P0001,Bluetooth Speaker,Electronics,3,499,0.0,49,Debit Card,North,Referral,Mobile,Completed
ORD003015,CUST00567,2026-03-21,P0003,Phone Case,Electronics,1,1999,0.15,79,UPI,North,Social Media,Tablet,Returned
ORD003016,CUST00445,2025-10-01,P0019,Face Wash,Beauty,3,1499,0.0,99,Credit Card,West,Referral,Desktop,Completed
ORD003017,CUST00192,2026-05-31,P0008,Backpack,Fashion,4,1499,0.0,79,Credit Card,Central,Direct,Tablet,Completed
ORD003018,CUST00491,2026-04-18,P0018,Sunscreen,Beauty,2,1499,0.0,49,Wallet,Central,Direct,Mobile,Completed
ORD003019,CUST00783,2025-12-11,P0011,Cushion Cover,Home,4,299,0.15,0,Cash on Delivery,West,Social Media,Tablet,Completed
ORD003020,CUST00097,2026-03-24,P0022,Water Bottle,Sports,2,999,0.05,0,Wallet,West,Organic Search,Desktop,Completed
ORD003021,CUST00367,2025-12-08,P0012,Coffee Mug,Home,3,699,0.2,0,Credit Card,South,Email,Mobile,Cancelled
ORD003022,CUST00394,2026-04-13,P0022,Water Bottle,Sports,1,999,0.0,79,Cash on Delivery,East,Direct,Mobile,Cancelled
ORD003023,CUST00132,2025-10-15,P0006,Sneakers,Fashion,2,399,0.05,79,Debit Card,South,Organic Search,Mobile,Completed
ORD003024,CUST00420,2026-03-30,P0019,Face Wash,Beauty,4,1499,0.0,0,Cash on Delivery,West,Organic Search,Mobile,Completed
ORD003025,CUST00478,2025-09-09,P0013,Storage Box,Home,3,999,0.15,99,Debit Card,North,Direct,Tablet,Completed
ORD003026,CUST00127,2025-08-26,P0004,Power Bank,Electronics,3,699,0.0,99,UPI,North,Email,Tablet,Completed
ORD003027,CUST00124,2025-11-20,P0005,T-Shirt,Fashion,3,299,0.0,79,Cash on Delivery,West,Email,Mobile,Completed
ORD003028,CUST00679,2025-10-22,P0007,Denim Jacket,Fashion,1,299,0.0,0,UPI,North,Direct,Mobile,Cancelled
ORD003029,CUST00258,2026-02-15,P0003,Phone Case,Electronics,4,499,0.1,49,Wallet,East,Direct,Mobile,Completed
ORD003030,CUST00496,2025-10-19,P0023,Resistance Band,Sports,2,999,0.15,99,UPI,North,Social Media,Desktop,Cancelled
ORD003031,CUST00493,2025-11-17,P0005,T-Shirt,Fashion,1,2499,0.2,49,Credit Card,East,Email,Desktop,Returned
ORD003032,CUST00664,2025-09-24,P0014,Wall Clock,Home,4,1499,0.0,49,Wallet,West,Social Media,Desktop,Completed
ORD003033,CUST00582,2026-07-09,P0014,Wall Clock,Home,1,699,0.1,49,Debit Card,South,Paid Ads,Desktop,Completed
ORD003034,CUST00665,2026-05-15,P0013,Storage Box,Home,4,499,0.05,99,UPI,East,Direct,Tablet,Cancelled
ORD003035,CUST00492,2025-11-07,P0015,Face Serum,Beauty,2,399,0.15,49,Debit Card,East,Social Media,Mobile,Completed
ORD003036,CUST00361,2025-10-02,P0022,Water Bottle,Sports,1,399,0.1,0,Cash on Delivery,West,Referral,Mobile,Completed
ORD003037,CUST00323,2026-06-26,P0024,Running Shoes,Sports,1,299,0.0,49,UPI,North,Social Media,Desktop,Returned
ORD003038,CUST00312,2026-04-20,P0021,Dumbbell Set,Sports,3,2499,0.0,79,Wallet,East,Paid Ads,Tablet,Completed
ORD003039,CUST00341,2026-07-09,P0011,Cushion Cover,Home,3,299,0.1,99,UPI,North,Direct,Desktop,Completed
ORD003040,CUST00103,2025-10-24,P0018,Sunscreen,Beauty,1,1999,0.05,0,Debit Card,North,Organic Search,Desktop,Completed
ORD003041,CUST00345,2025-12-28,P0004,Power Bank,Electronics,2,999,0.2,99,UPI,South,Referral,Desktop,Returned
ORD003042,CUST00321,2025-10-02,P0022,Water Bottle,Sports,1,999,0.15,99,Wallet,North,Email,Mobile,Completed
ORD003043,CUST00028,2026-01-21,P0004,Power Bank,Electronics,3,2499,0.0,79,Credit Card,East,Social Media,Desktop,Completed
ORD003044,CUST00222,2025-10-18,P0002,Smart Watch,Electronics,4,1999,0.1,0,Credit Card,West,Paid Ads,Desktop,Completed
ORD003045,CUST00588,2025-08-21,P0020,Yoga Mat,Sports,2,399,0.0,0,Credit Card,South,Paid Ads,Mobile,Completed
ORD003046,CUST00459,2026-02-21,P0018,Sunscreen,Beauty,4,2499,0.05,49,Cash on Delivery,South,Paid Ads,Desktop,Cancelled
ORD003047,CUST00632,2026-08-12,P0003,Phone Case,Electronics,2,399,0.0,0,UPI,East,Direct,Mobile,Cancelled
ORD003048,CUST00432,2026-04-12,P0024,Running Shoes,Sports,1,999,0.15,79,Debit Card,Central,Paid Ads,Desktop,Returned
ORD003049,CUST00677,2026-05-23,P0002,Smart Watch,Electronics,2,1499,0.0,79,Credit Card,West,Organic Search,Mobile,Cancelled
ORD003050,CUST00624,2026-06-12,P0001,Bluetooth Speaker,Electronics,4,399,0.2,49,Wallet,Central,Paid Ads,Mobile,Completed
ORD003051,CUST00079,2026-08-09,P0023,Resistance Band,Sports,4,1499,0.2,79,UPI,North,Email,Desktop,Returned
ORD003052,CUST00781,2025-10-05,P0005,T-Shirt,Fashion,3,1499,0.15,79,Wallet,Central,Social Media,Desktop,Completed
ORD003053,CUST00011,2025-11-19,P0005,T-Shirt,Fashion,2,2499,0.0,99,Wallet,North,Social Media,Mobile,Returned
ORD003054,CUST00471,2026-04-01,P0019,Face Wash,Beauty,4,2499,0.0,79,Credit Card,Central,Referral,Mobile,Completed
ORD003055,CUST00621,2026-06-15,P0015,Face Serum,Beauty,3,699,0.0,0,Wallet,South,Social Media,Desktop,Completed
ORD003056,CUST00273,2026-05-29,P0013,Storage Box,Home,4,1499,0.1,0,Wallet,South,Direct,Tablet,Completed
ORD003057,CUST00472,2026-05-12,P0024,Running Shoes,Sports,3,1999,0.2,99,Debit Card,West,Organic Search,Desktop,Completed
ORD003058,CUST00298,2025-12-12,P0002,Smart Watch,Electronics,3,299,0.05,79,Debit Card,Central,Email,Mobile,Cancelled
ORD003059,CUST00048,2025-12-31,P0023,Resistance Band,Sports,4,1499,0.0,99,UPI,North,Organic Search,Desktop,Completed
ORD003060,CUST00006,2025-09-18,P0006,Sneakers,Fashion,4,2499,0.0,49,Debit Card,West,Organic Search,Desktop,Completed
ORD003061,CUST00077,2025-12-12,P0015,Face Serum,Beauty,3,299,0.0,0,Cash on Delivery,West,Direct,Mobile,Completed
ORD003062,CUST00079,2025-10-15,P0008,Backpack,Fashion,1,1999,0.05,49,Credit Card,North,Direct,Mobile,Completed
ORD003063,CUST00482,2026-07-28,P0007,Denim Jacket,Fashion,2,299,0.0,79,Credit Card,East,Email,Mobile,Completed
ORD003064,CUST00417,2025-09-22,P0008,Backpack,Fashion,3,699,0.15,0,Cash on Delivery,Central,Social Media,Mobile,Completed
ORD003065,CUST00364,2025-12-30,P0013,Storage Box,Home,3,1999,0.0,49,Wallet,West,Paid Ads,Desktop,Returned
ORD003066,CUST00544,2026-07-09,P0021,Dumbbell Set,Sports,2,2499,0.0,49,Cash on Delivery,West,Direct,Mobile,Returned
ORD003067,CUST00012,2026-08-03,P0002,Smart Watch,Electronics,1,1499,0.0,0,Credit Card,East,Paid Ads,Mobile,Completed
ORD003068,CUST00219,2026-01-04,P0016,Lip Balm,Beauty,4,1499,0.2,99,Credit Card,West,Social Media,Mobile,Completed
ORD003069,CUST00610,2026-02-05,P0021,Dumbbell Set,Sports,4,499,0.0,49,Cash on Delivery,West,Referral,Desktop,Completed
ORD003070,CUST00728,2026-02-27,P0018,Sunscreen,Beauty,1,1999,0.2,99,Cash on Delivery,South,Direct,Desktop,Completed
ORD003071,CUST00355,2026-06-16,P0024,Running Shoes,Sports,2,1499,0.1,0,Cash on Delivery,East,Referral,Mobile,Cancelled
ORD003072,CUST00067,2026-05-27,P0000,Wireless Earbuds,Electronics,2,2499,0.0,99,Cash on Delivery,Central,Paid Ads,Mobile,Completed
ORD003073,CUST00625,2026-02-27,P0009,Sunglasses,Fashion,4,999,0.1,79,Debit Card,East,Organic Search,Mobile,Completed
ORD003074,CUST00703,2026-01-02,P0010,LED Lamp,Home,4,299,0.0,79,Credit Card,South,Direct,Desktop,Completed
ORD003075,CUST00337,2026-01-02,P0013,Storage Box,Home,2,999,0.2,0,Debit Card,West,Email,Mobile,Completed
ORD003076,CUST00198,2026-04-13,P0007,Denim Jacket,Fashion,2,1999,0.2,0,Cash on Delivery,Central,Direct,Mobile,Completed
ORD003077,CUST00035,2026-06-20,P0006,Sneakers,Fashion,2,1999,0.0,0,UPI,East,Referral,Mobile,Completed
ORD003078,CUST00468,2025-09-16,P0021,Dumbbell Set,Sports,1,699,0.0,49,Credit Card,North,Social Media,Mobile,Completed
ORD003079,CUST00728,2026-05-27,P0005,T-Shirt,Fashion,2,399,0.0,0,Wallet,South,Organic Search,Mobile,Completed
ORD003080,CUST00535,2026-02-11,P0023,Resistance Band,Sports,2,1999,0.15,0,Cash on Delivery,West,Referral,Desktop,Completed
ORD003081,CUST00264,2025-10-11,P0000,Wireless Earbuds,Electronics,1,1999,0.1,0,Credit Card,South,Paid Ads,Mobile,Completed
ORD003082,CUST00509,2025-09-24,P0010,LED Lamp,Home,3,2499,0.0,79,UPI,Central,Organic Search,Desktop,Completed
ORD003083,CUST00659,2025-12-21,P0015,Face Serum,Beauty,4,1499,0.0,79,Wallet,North,Email,Mobile,Completed
ORD003084,CUST00379,2025-11-18,P0024,Running Shoes,Sports,2,1999,0.0,0,Cash on Delivery,East,Organic Search,Desktop,Completed
ORD003085,CUST00647,2025-09-27,P0019,Face Wash,Beauty,2,699,0.15,79,Wallet,South,Organic Search,Mobile,Cancelled
ORD003086,CUST00322,2025-12-05,P0000,Wireless Earbuds,Electronics,2,1999,0.0,99,Debit Card,Central,Direct,Desktop,Completed
ORD003087,CUST00286,2026-06-20,P0018,Sunscreen,Beauty,1,699,0.2,99,Cash on Delivery,North,Organic Search,Mobile,Completed
ORD003088,CUST00463,2026-05-08,P0008,Backpack,Fashion,3,1999,0.0,0,Debit Card,Central,Email,Mobile,Returned
ORD003089,CUST00370,2025-11-04,P0021,Dumbbell Set,Sports,2,399,0.2,49,Wallet,South,Social Media,Desktop,Cancelled
ORD003090,CUST00781,2026-04-23,P0019,Face Wash,Beauty,4,499,0.2,0,Cash on Delivery,Central,Organic Search,Mobile,Cancelled
ORD003091,CUST00410,2026-01-31,P0004,Power Bank,Electronics,2,399,0.15,0,UPI,South,Referral,Mobile,Completed
ORD003092,CUST00317,2026-05-19,P0009,Sunglasses,Fashion,4,699,0.0,99,Wallet,North,Organic Search,Mobile,Completed
ORD003093,CUST00325,2025-11-18,P0020,Yoga Mat,Sports,2,1999,0.0,99,Cash on Delivery,North,Email,Tablet,Completed
ORD003094,CUST00435,2025-09-11,P0023,Resistance Band,Sports,1,299,0.0,0,Wallet,Central,Organic Search,Tablet,Completed
ORD003095,CUST00291,2025-12-12,P0015,Face Serum,Beauty,2,1499,0.1,49,UPI,East,Email,Desktop,Completed
ORD003096,CUST00567,2026-08-17,P0005,T-Shirt,Fashion,4,1999,0.1,0,Wallet,North,Paid Ads,Mobile,Completed
ORD003097,CUST00313,2026-03-10,P0009,Sunglasses,Fashion,2,1499,0.2,99,UPI,South,Referral,Mobile,Returned
ORD003098,CUST00316,2025-09-08,P0019,Face Wash,Beauty,4,1499,0.2,49,Wallet,North,Social Media,Desktop,Returned
ORD003099,CUST00485,2026-08-11,P0014,Wall Clock,Home,3,399,0.0,0,Credit Card,West,Organic Search,Mobile,Completed
ORD003100,CUST00048,2026-06-17,P0005,T-Shirt,Fashion,3,999,0.0,99,Credit Card,North,Organic Search,Mobile,Completed
ORD003101,CUST00519,2026-03-06,P0007,Denim Jacket,Fashion,4,399,0.15,0,UPI,East,Email,Desktop,Completed
ORD003102,CUST00401,2026-05-17,P0004,Power Bank,Electronics,3,399,0.15,0,Credit Card,East,Email,Mobile,Completed
ORD003103,CUST00363,2025-10-26,P0011,Cushion Cover,Home,3,1999,0.0,79,Wallet,North,Paid Ads,Desktop,Returned
ORD003104,CUST00565,2026-03-23,P0011,Cushion Cover,Home,1,999,0.0,49,Credit Card,West,Email,Desktop,Cancelled
ORD003105,CUST00593,2026-07-19,P0013,Storage Box,Home,3,2499,0.0,79,UPI,North,Direct,Desktop,Completed
ORD003106,CUST00670,2026-01-27,P0023,Resistance Band,Sports,3,699,0.15,0,Credit Card,South,Direct,Desktop,Completed
ORD003107,CUST00308,2025-09-03,P0016,Lip Balm,Beauty,1,499,0.0,79,Cash on Delivery,South,Direct,Mobile,Returned
ORD003108,CUST00270,2026-05-23,P0014,Wall Clock,Home,3,2499,0.15,49,Cash on Delivery,North,Referral,Desktop,Completed
ORD003109,CUST00560,2026-05-13,P0009,Sunglasses,Fashion,3,999,0.15,0,Credit Card,North,Paid Ads,Desktop,Completed
ORD003110,CUST00461,2026-05-17,P0015,Face Serum,Beauty,2,1999,0.2,0,Debit Card,East,Organic Search,Desktop,Completed
ORD003111,CUST00498,2026-04-13,P0023,Resistance Band,Sports,1,299,0.05,0,Cash on Delivery,East,Organic Search,Desktop,Cancelled
ORD003112,CUST00444,2025-10-09,P0000,Wireless Earbuds,Electronics,1,999,0.1,49,UPI,East,Organic Search,Tablet,Completed
ORD003113,CUST00608,2025-09-30,P0008,Backpack,Fashion,1,1999,0.0,49,Cash on Delivery,East,Paid Ads,Desktop,Cancelled
ORD003114,CUST00153,2026-06-05,P0001,Bluetooth Speaker,Electronics,1,1999,0.2,49,Credit Card,Central,Organic Search,Tablet,Completed
ORD003115,CUST00444,2026-06-28,P0005,T-Shirt,Fashion,1,1499,0.2,0,UPI,East,Referral,Mobile,Completed
ORD003116,CUST00128,2025-09-17,P0001,Bluetooth Speaker,Electronics,3,399,0.0,99,Cash on Delivery,East,Social Media,Tablet,Returned
ORD003117,CUST00331,2026-03-20,P0014,Wall Clock,Home,2,999,0.0,79,Credit Card,Central,Paid Ads,Tablet,Completed
ORD003118,CUST00526,2026-02-18,P0020,Yoga Mat,Sports,1,299,0.15,79,Credit Card,East,Email,Mobile,Completed
ORD003119,CUST00391,2025-12-25,P0023,Resistance Band,Sports,1,1999,0.0,0,Wallet,South,Social Media,Desktop,Cancelled
ORD003120,CUST00312,2026-04-12,P0005,T-Shirt,Fashion,3,1499,0.15,79,Credit Card,East,Organic Search,Mobile,Returned
ORD003121,CUST00703,2026-07-19,P0017,Hair Oil,Beauty,4,399,0.0,0,Debit Card,South,Referral,Desktop,Cancelled
ORD003122,CUST00608,2026-06-15,P0008,Backpack,Fashion,4,1499,0.0,49,Cash on Delivery,East,Direct,Mobile,Completed
ORD003123,CUST00417,2025-10-14,P0007,Denim Jacket,Fashion,4,1499,0.15,0,Cash on Delivery,Central,Direct,Mobile,Completed
ORD003124,CUST00758,2026-02-05,P0015,Face Serum,Beauty,2,299,0.2,0,Credit Card,Central,Referral,Mobile,Returned
ORD003125,CUST00345,2026-07-27,P0016,Lip Balm,Beauty,3,299,0.0,79,UPI,South,Referral,Mobile,Returned
ORD003126,CUST00618,2025-11-14,P0014,Wall Clock,Home,1,399,0.15,0,Wallet,Central,Paid Ads,Tablet,Completed
ORD003127,CUST00133,2026-06-27,P0002,Smart Watch,Electronics,1,299,0.0,79,Debit Card,Central,Direct,Mobile,Completed
ORD003128,CUST00232,2026-02-15,P0010,LED Lamp,Home,1,999,0.2,49,Debit Card,West,Organic Search,Mobile,Cancelled
ORD003129,CUST00277,2026-02-26,P0007,Denim Jacket,Fashion,1,2499,0.0,99,UPI,South,Social Media,Desktop,Returned
ORD003130,CUST00085,2025-11-19,P0000,Wireless Earbuds,Electronics,2,299,0.0,0,Wallet,Central,Direct,Mobile,Cancelled
ORD003131,CUST00400,2026-07-21,P0001,Bluetooth Speaker,Electronics,1,999,0.15,99,Credit Card,East,Direct,Mobile,Cancelled
ORD003132,CUST00157,2026-02-28,P0011,Cushion Cover,Home,4,699,0.15,0,Credit Card,South,Direct,Mobile,Completed
ORD003133,CUST00501,2026-03-17,P0002,Smart Watch,Electronics,3,1999,0.0,49,Credit Card,West,Direct,Tablet,Returned
ORD003134,CUST00153,2026-02-04,P0018,Sunscreen,Beauty,3,699,0.0,0,Debit Card,Central,Organic Search,Desktop,Completed
ORD003135,CUST00099,2025-09-21,P0001,Bluetooth Speaker,Electronics,1,1499,0.2,79,Debit Card,North,Email,Desktop,Completed
ORD003136,CUST00774,2026-05-31,P0005,T-Shirt,Fashion,4,2499,0.2,0,UPI,South,Email,Mobile,Returned
ORD003137,CUST00521,2025-12-17,P0024,Running Shoes,Sports,1,399,0.05,0,Debit Card,North,Organic Search,Mobile,Completed
ORD003138,CUST00746,2025-11-15,P0017,Hair Oil,Beauty,4,499,0.0,0,Wallet,North,Paid Ads,Desktop,Completed
ORD003139,CUST00390,2026-06-01,P0013,Storage Box,Home,3,499,0.2,99,Debit Card,Central,Social Media,Mobile,Returned
ORD003140,CUST00027,2025-10-31,P0000,Wireless Earbuds,Electronics,1,399,0.1,49,Cash on Delivery,Central,Email,Mobile,Completed
ORD003141,CUST00456,2026-04-26,P0001,Bluetooth Speaker,Electronics,1,1499,0.05,0,Debit Card,West,Referral,Mobile,Returned
ORD003142,CUST00446,2026-02-09,P0022,Water Bottle,Sports,3,299,0.0,79,Debit Card,East,Direct,Tablet,Returned
ORD003143,CUST00011,2026-06-07,P0019,Face Wash,Beauty,4,699,0.2,0,Cash on Delivery,North,Referral,Desktop,Completed
ORD003144,CUST00684,2025-09-07,P0023,Resistance Band,Sports,2,299,0.15,0,Wallet,East,Paid Ads,Mobile,Returned
ORD003145,CUST00488,2026-05-29,P0020,Yoga Mat,Sports,1,999,0.0,49,Credit Card,North,Social Media,Tablet,Completed
ORD003146,CUST00584,2025-11-11,P0000,Wireless Earbuds,Electronics,2,1999,0.0,79,Credit Card,South,Paid Ads,Mobile,Completed
ORD003147,CUST00393,2026-07-03,P0020,Yoga Mat,Sports,2,699,0.0,99,Credit Card,South,Referral,Desktop,Returned
ORD003148,CUST00487,2025-12-27,P0011,Cushion Cover,Home,2,699,0.2,0,Wallet,Central,Email,Mobile,Cancelled
ORD003149,CUST00209,2025-08-22,P0017,Hair Oil,Beauty,4,699,0.05,99,Wallet,East,Email,Tablet,Returned
ORD003150,CUST00778,2026-02-13,P0010,LED Lamp,Home,2,399,0.2,99,Cash on Delivery,South,Email,Mobile,Returned
ORD003151,CUST00328,2025-09-08,P0018,Sunscreen,Beauty,1,699,0.1,0,Debit Card,West,Paid Ads,Tablet,Cancelled
ORD003152,CUST00129,2025-11-26,P0021,Dumbbell Set,Sports,3,2499,0.0,49,Credit Card,Central,Referral,Desktop,Completed
ORD003153,CUST00045,2026-05-08,P0024,Running Shoes,Sports,3,299,0.0,0,UPI,Central,Email,Mobile,Completed
ORD003154,CUST00502,2026-03-12,P0013,Storage Box,Home,3,1999,0.15,49,Credit Card,West,Email,Mobile,Completed
ORD003155,CUST00785,2026-05-05,P0006,Sneakers,Fashion,3,399,0.05,79,Credit Card,South,Direct,Desktop,Completed
ORD003156,CUST00712,2026-07-06,P0015,Face Serum,Beauty,2,299,0.1,79,Wallet,East,Direct,Mobile,Completed
ORD003157,CUST00552,2026-02-06,P0012,Coffee Mug,Home,2,499,0.0,49,Debit Card,East,Social Media,Mobile,Completed
ORD003158,,2026-03-06,P0005,T-Shirt,Fashion,1,499,0.0,49,Cash on Delivery,South,Direct,Desktop,Completed
ORD003159,CUST00567,2025-09-10,P0018,Sunscreen,Beauty,1,499,0.1,49,UPI,North,Direct,Mobile,Cancelled
ORD003160,CUST00278,2025-12-02,P0001,Bluetooth Speaker,Electronics,3,1999,0.0,49,Wallet,West,Email,Mobile,Completed
ORD003161,CUST00475,2026-05-11,P0010,LED Lamp,Home,2,2499,0.15,0,Cash on Delivery,West,Organic Search,Desktop,Completed
ORD003162,CUST00065,2025-09-11,P0017,Hair Oil,Beauty,3,1499,0.0,0,UPI,North,Paid Ads,Mobile,Returned
ORD003163,CUST00182,2025-12-29,P0023,Resistance Band,Sports,4,399,0.15,79,Debit Card,East,Organic Search,Mobile,Completed
ORD003164,CUST00341,2025-10-08,P0015,Face Serum,Beauty,3,2499,0.0,99,Wallet,North,Paid Ads,Mobile,Cancelled
ORD003165,CUST00167,2026-06-28,P0024,Running Shoes,Sports,1,1999,0.0,99,Cash on Delivery,South,Organic Search,Tablet,Completed
ORD003166,CUST00761,2026-03-12,P0020,Yoga Mat,Sports,1,299,0.05,99,Debit Card,South,Email,Mobile,Cancelled
ORD003167,CUST00795,2026-04-12,P0005,T-Shirt,Fashion,1,699,0.0,79,Cash on Delivery,North,Referral,Desktop,Cancelled
ORD003168,CUST00304,2026-04-26,P0021,Dumbbell Set,Sports,2,1999,0.05,49,Cash on Delivery,East,Organic Search,Desktop,Completed
ORD003169,CUST00558,2025-11-09,P0008,Backpack,Fashion,1,299,0.2,79,Credit Card,Central,Paid Ads,Desktop,Returned
ORD003170,CUST00331,2025-09-07,P0015,Face Serum,Beauty,4,299,0.05,99,Cash on Delivery,Central,Organic Search,Mobile,Completed
ORD003171,CUST00110,2026-01-12,P0005,T-Shirt,Fashion,2,999,0.05,0,Credit Card,South,Organic Search,Mobile,Completed
ORD003172,CUST00276,2025-10-26,P0013,Storage Box,Home,3,499,0.2,0,Cash on Delivery,South,Organic Search,Mobile,Completed
ORD003173,CUST00192,2025-12-15,P0016,Lip Balm,Beauty,1,699,0.2,0,Cash on Delivery,Central,Email,Desktop,Cancelled
ORD003174,CUST00271,2025-12-14,P0022,Water Bottle,Sports,1,1999,0.0,49,Cash on Delivery,North,Referral,Desktop,Cancelled
ORD003175,CUST00176,2026-06-01,P0023,Resistance Band,Sports,1,999,0.15,79,Debit Card,North,Direct,Mobile,Returned
ORD003176,CUST00089,2025-12-14,P0020,Yoga Mat,Sports,2,1499,0.15,49,Cash on Delivery,Central,Direct,Desktop,Completed
ORD003177,CUST00177,2025-10-14,P0013,Storage Box,Home,2,399,0.2,99,UPI,Central,Organic Search,Mobile,Cancelled
ORD003178,CUST00722,2026-08-04,P0022,Water Bottle,Sports,2,299,0.15,0,Credit Card,North,Referral,Mobile,Completed
ORD003179,CUST00070,2025-09-06,P0002,Smart Watch,Electronics,4,499,0.0,49,Cash on Delivery,North,Email,Desktop,Completed
ORD003180,CUST00269,2025-11-02,P0024,Running Shoes,Sports,3,399,0.15,99,Cash on Delivery,West,Referral,Mobile,Cancelled
ORD003181,CUST00419,2025-12-24,P0005,T-Shirt,Fashion,3,499,0.15,0,Debit Card,East,Social Media,Tablet,Completed
ORD003182,CUST00290,2025-09-11,P0010,LED Lamp,Home,1,1999,0.05,99,Debit Card,Central,Direct,Desktop,Completed
ORD003183,CUST00411,2026-07-14,P0022,Water Bottle,Sports,2,399,0.0,0,UPI,West,Social Media,Mobile,Cancelled
ORD003184,CUST00034,2025-12-26,P0017,Hair Oil,Beauty,3,399,0.0,99,Debit Card,Central,Email,Mobile,Completed
ORD003185,CUST00513,2026-06-01,P0021,Dumbbell Set,Sports,3,399,0.0,0,Wallet,South,Organic Search,Desktop,Completed
ORD003186,CUST00449,2025-10-08,P0017,Hair Oil,Beauty,4,499,0.2,79,Debit Card,West,Social Media,Desktop,Completed
ORD003187,CUST00537,2026-02-26,P0015,Face Serum,Beauty,2,399,0.0,79,Debit Card,South,Paid Ads,Mobile,Completed
ORD003188,CUST00451,2025-10-05,P0004,Power Bank,Electronics,2,399,0.15,0,Debit Card,East,Direct,Mobile,Returned
ORD003189,CUST00354,2025-11-12,P0024,Running Shoes,Sports,4,999,0.0,49,Wallet,East,Direct,Desktop,Completed
ORD003190,CUST00287,2026-01-15,P0015,Face Serum,Beauty,2,299,0.15,79,UPI,Central,Referral,Mobile,Completed
ORD003191,CUST00186,2026-06-30,P0016,Lip Balm,Beauty,3,399,0.0,99,Credit Card,North,Social Media,Mobile,Returned
ORD003192,CUST00398,2025-12-09,P0010,LED Lamp,Home,1,1999,0.0,0,UPI,Central,Direct,Mobile,Completed
ORD003193,CUST00020,2026-05-22,P0023,Resistance Band,Sports,1,299,0.0,49,Wallet,East,Referral,Mobile,Cancelled
ORD003194,CUST00271,2025-09-22,P0011,Cushion Cover,Home,1,299,0.05,99,Credit Card,North,Social Media,Mobile,Returned
ORD003195,CUST00535,2025-11-19,P0004,Power Bank,Electronics,2,299,0.15,49,Debit Card,West,Referral,Mobile,Completed
ORD003196,CUST00087,2026-03-28,P0004,Power Bank,Electronics,4,999,0.0,0,Debit Card,North,Direct,Mobile,Returned
ORD003197,CUST00051,2026-02-06,P0017,Hair Oil,Beauty,1,1499,0.05,0,Cash on Delivery,South,Paid Ads,Mobile,Completed
ORD003198,CUST00517,2026-02-19,P0018,Sunscreen,Beauty,4,1499,0.1,99,Debit Card,East,Social Media,Tablet,Completed
ORD003199,CUST00326,2026-04-24,P0005,T-Shirt,Fashion,4,1499,0.05,49,Cash on Delivery,West,Organic Search,Mobile,Returned
ORD003200,CUST00628,2025-09-17,P0017,Hair Oil,Beauty,1,299,0.15,79,Wallet,Central,Social Media,Mobile,Cancelled
ORD003201,CUST00747,2026-04-30,P0024,Running Shoes,Sports,1,499,0.0,99,Cash on Delivery,Central,Social Media,Desktop,Returned
ORD003202,CUST00763,2026-06-30,P0013,Storage Box,Home,4,1499,0.0,0,UPI,South,Paid Ads,Tablet,Returned
ORD003203,CUST00346,2026-05-26,P0024,Running Shoes,Sports,3,1499,0.0,49,Debit Card,Central,Social Media,Desktop,Completed
ORD003204,CUST00214,2025-12-01,P0003,Phone Case,Electronics,1,499,0.0,0,Wallet,North,Organic Search,Mobile,Completed
ORD003205,CUST00479,2025-12-26,P0010,LED Lamp,Home,4,1999,0.0,99,Credit Card,East,Social Media,Desktop,Cancelled
ORD003206,CUST00494,2026-08-05,P0013,Storage Box,Home,3,1999,0.0,49,Wallet,North,Paid Ads,Desktop,Cancelled
ORD003207,CUST00491,2026-06-04,P0008,Backpack,Fashion,3,1999,0.0,99,Debit Card,Central,Paid Ads,Desktop,Cancelled
ORD003208,CUST00267,2026-07-26,P0002,Smart Watch,Electronics,3,1999,0.0,0,Wallet,North,Direct,Mobile,Completed
ORD003209,CUST00051,2026-07-19,P0011,Cushion Cover,Home,1,2499,0.1,0,UPI,South,Referral,Mobile,Cancelled
ORD003210,CUST00173,2026-01-25,P0008,Backpack,Fashion,2,1999,0.0,99,Debit Card,North,Paid Ads,Mobile,Cancelled
ORD003211,CUST00124,2025-10-06,P0005,T-Shirt,Fashion,1,999,0.1,79,UPI,West,Email,Desktop,Completed
ORD003212,CUST00099,2025-11-11,P0009,Sunglasses,Fashion,3,699,0.0,0,UPI,North,Referral,Mobile,Completed
ORD003213,CUST00737,2025-12-05,P0010,LED Lamp,Home,4,499,0.15,79,Wallet,Central,Email,Mobile,Completed
ORD003214,CUST00010,2026-06-20,P0022,Water Bottle,Sports,3,1999,0.0,49,UPI,North,Organic Search,Desktop,Cancelled
ORD003215,CUST00475,2025-11-28,P0012,Coffee Mug,Home,3,499,0.05,0,Credit Card,West,Direct,Desktop,Completed
ORD003216,CUST00756,2025-12-29,P0010,LED Lamp,Home,1,1499,0.1,0,Credit Card,Central,Organic Search,Tablet,Cancelled
ORD003217,CUST00297,2026-06-26,P0009,Sunglasses,Fashion,3,999,0.2,79,Wallet,Central,Email,Desktop,Returned
ORD003218,CUST00418,2025-10-18,P0014,Wall Clock,Home,4,699,0.15,0,Cash on Delivery,Central,Social Media,Mobile,Completed
ORD003219,CUST00548,2026-04-19,P0006,Sneakers,Fashion,1,699,0.0,0,UPI,Central,Email,Desktop,Cancelled
ORD003220,CUST00264,2026-03-09,P0021,Dumbbell Set,Sports,1,299,0.0,0,Credit Card,South,Paid Ads,Mobile,Cancelled
ORD003221,CUST00380,2026-08-14,P0010,LED Lamp,Home,3,1499,0.0,79,Credit Card,East,Referral,Mobile,Completed
ORD003222,CUST00645,2026-02-14,P0010,LED Lamp,Home,1,299,0.0,99,Cash on Delivery,East,Organic Search,Mobile,Completed
ORD003223,CUST00584,2026-02-26,P0001,Bluetooth Speaker,Electronics,1,299,0.0,79,Wallet,South,Referral,Desktop,Cancelled
ORD003224,CUST00635,2026-06-26,P0022,Water Bottle,Sports,4,499,0.15,79,Credit Card,South,Organic Search,Mobile,Completed
ORD003225,CUST00787,2026-08-16,P0011,Cushion Cover,Home,1,999,0.0,0,Debit Card,Central,Paid Ads,Mobile,Completed
ORD003226,CUST00303,2026-05-13,P0003,Phone Case,Electronics,2,499,0.0,99,Wallet,North,Email,Mobile,Returned
ORD003227,CUST00585,2026-05-01,P0004,Power Bank,Electronics,2,2499,0.0,0,Wallet,North,Email,Desktop,Cancelled
ORD003228,CUST00476,2026-07-05,P0009,Sunglasses,Fashion,2,2499,0.0,49,Debit Card,Central,Paid Ads,Desktop,Returned
ORD003229,CUST00527,2026-08-12,P0019,Face Wash,Beauty,2,699,0.0,99,Wallet,Central,Paid Ads,Mobile,Completed
ORD003230,CUST00582,2026-05-15,P0002,Smart Watch,Electronics,2,2499,0.05,0,Cash on Delivery,South,Email,Mobile,Cancelled
ORD003231,CUST00587,2025-12-04,P0003,Phone Case,Electronics,4,299,0.0,0,Cash on Delivery,East,Organic Search,Desktop,Completed
ORD003232,CUST00704,2026-04-11,P0014,Wall Clock,Home,1,399,0.2,0,Cash on Delivery,North,Organic Search,Mobile,Returned
ORD003233,CUST00287,2025-11-14,P0012,Coffee Mug,Home,1,499,0.1,0,Debit Card,Central,Social Media,Mobile,Completed
ORD003234,CUST00518,2026-02-18,P0023,Resistance Band,Sports,2,2499,0.0,49,Credit Card,Central,Organic Search,Desktop,Completed
ORD003235,CUST00226,2026-01-29,P0018,Sunscreen,Beauty,4,999,0.05,49,Debit Card,North,Organic Search,Desktop,Completed
ORD003236,CUST00470,2026-08-15,P0016,Lip Balm,Beauty,2,1499,0.2,0,Credit Card,East,Organic Search,Desktop,Completed
ORD003237,CUST00588,2026-03-10,P0008,Backpack,Fashion,1,1499,0.0,0,UPI,South,Direct,Mobile,Completed
ORD003238,CUST00620,2026-08-05,P0015,Face Serum,Beauty,3,699,0.0,0,Wallet,North,Organic Search,Desktop,Returned
ORD003239,CUST00343,2026-06-10,P0014,Wall Clock,Home,3,2499,0.05,0,Debit Card,West,Paid Ads,Mobile,Cancelled
ORD003240,CUST00404,2026-06-25,P0006,Sneakers,Fashion,2,2499,0.0,79,Credit Card,West,Direct,Tablet,Returned
ORD003241,CUST00274,2025-10-20,P0009,Sunglasses,Fashion,1,699,0.05,0,UPI,Central,Social Media,Mobile,Cancelled
ORD003242,CUST00134,2026-05-29,P0023,Resistance Band,Sports,4,1499,0.0,0,Credit Card,North,Social Media,Mobile,Completed
ORD003243,CUST00212,2025-11-19,P0013,Storage Box,Home,4,999,0.2,49,Debit Card,South,Email,Mobile,Cancelled
ORD003244,CUST00729,2026-03-18,P0011,Cushion Cover,Home,4,999,0.15,49,Cash on Delivery,South,Email,Mobile,Completed
ORD003245,CUST00256,2026-02-13,P0019,Face Wash,Beauty,4,299,0.0,99,Cash on Delivery,North,Social Media,Mobile,Cancelled
ORD003246,CUST00779,2025-11-22,P0006,Sneakers,Fashion,2,399,0.05,49,Wallet,North,Referral,Desktop,Cancelled
ORD003247,CUST00196,2026-08-14,P0005,T-Shirt,Fashion,2,2499,0.0,99,Debit Card,Central,Paid Ads,Desktop,Completed
ORD003248,CUST00568,2026-07-05,P0024,Running Shoes,Sports,4,399,0.1,79,Credit Card,East,Paid Ads,Mobile,Completed
ORD003249,CUST00455,2026-03-17,P0020,Yoga Mat,Sports,2,1499,0.05,49,Wallet,West,Email,Desktop,Returned
ORD003250,CUST00549,2025-08-23,P0010,LED Lamp,Home,4,2499,0.2,0,UPI,East,Referral,Desktop,Cancelled
ORD003251,CUST00510,2025-10-25,P0023,Resistance Band,Sports,3,999,0.0,0,Wallet,North,Referral,Tablet,Completed
ORD003252,CUST00556,2025-11-11,P0009,Sunglasses,Fashion,4,399,0.05,79,Credit Card,East,Direct,Mobile,Completed
ORD003253,CUST00722,2026-08-09,P0016,Lip Balm,Beauty,1,1999,0.2,99,Cash on Delivery,North,Organic Search,Mobile,Completed
ORD003254,CUST00449,2026-01-14,P0000,Wireless Earbuds,Electronics,3,299,0.0,0,Cash on Delivery,West,Direct,Tablet,Completed
ORD003255,CUST00054,2025-09-06,P0017,Hair Oil,Beauty,4,1499,0.0,0,UPI,Central,Organic Search,Desktop,Completed
ORD003256,CUST00219,2026-03-21,P0004,Power Bank,Electronics,1,499,0.15,0,Credit Card,West,Referral,Mobile,Completed
ORD003257,CUST00557,2026-08-01,P0006,Sneakers,Fashion,3,1499,0.0,49,UPI,North,Organic Search,Mobile,Cancelled
ORD003258,CUST00393,2026-03-12,P0020,Yoga Mat,Sports,1,699,0.0,0,Debit Card,South,Organic Search,Mobile,Cancelled
ORD003259,CUST00436,2026-01-29,P0005,T-Shirt,Fashion,4,999,0.2,0,Wallet,East,Email,Mobile,Completed
ORD003260,CUST00471,2025-10-23,P0012,Coffee Mug,Home,4,699,0.1,0,Debit Card,Central,Email,Mobile,Returned
ORD003261,CUST00315,2026-07-06,P0023,Resistance Band,Sports,1,999,0.0,0,Credit Card,West,Social Media,Desktop,Completed
ORD003262,CUST00609,2025-09-27,P0023,Resistance Band,Sports,3,2499,0.15,49,Cash on Delivery,West,Social Media,Mobile,Completed
ORD003263,CUST00569,2026-07-26,P0011,Cushion Cover,Home,2,1999,0.05,49,Debit Card,East,Direct,Mobile,Completed
ORD003264,CUST00560,2025-11-09,P0002,Smart Watch,Electronics,4,699,0.05,79,Credit Card,North,Email,Mobile,Returned
ORD003265,CUST00561,2025-10-09,P0007,Denim Jacket,Fashion,2,2499,0.2,49,Cash on Delivery,South,Direct,Mobile,Completed
ORD003266,CUST00707,2025-12-25,P0015,Face Serum,Beauty,3,2499,0.0,79,Wallet,North,Paid Ads,Mobile,Completed
ORD003267,CUST00470,2025-08-21,P0008,Backpack,Fashion,1,1499,0.0,0,Debit Card,East,Email,Mobile,Cancelled
ORD003268,CUST00771,2025-08-25,P0017,Hair Oil,Beauty,1,999,0.1,0,UPI,North,Organic Search,Desktop,Completed
ORD003269,CUST00096,2025-10-27,P0024,Running Shoes,Sports,4,299,0.0,49,Wallet,South,Paid Ads,Mobile,Completed
ORD003270,CUST00498,2026-04-29,P0015,Face Serum,Beauty,2,999,0.0,0,Cash on Delivery,East,Referral,Mobile,Returned
ORD003271,CUST00562,2026-06-13,P0015,Face Serum,Beauty,4,399,0.0,79,Debit Card,Central,Organic Search,Mobile,Completed
ORD003272,CUST00380,2025-11-18,P0013,Storage Box,Home,4,399,0.0,0,Debit Card,East,Social Media,Desktop,Completed
ORD003273,CUST00233,2026-04-12,P0004,Power Bank,Electronics,4,1999,0.0,99,Credit Card,Central,Social Media,Mobile,Returned
ORD003274,CUST00438,2025-12-26,P0014,Wall Clock,Home,1,499,0.05,99,Cash on Delivery,North,Paid Ads,Desktop,Completed
ORD003275,CUST00300,2026-01-25,P0023,Resistance Band,Sports,1,999,0.2,49,Cash on Delivery,South,Organic Search,Mobile,Cancelled
ORD003276,CUST00726,2025-12-20,P0017,Hair Oil,Beauty,3,1999,0.0,0,Cash on Delivery,South,Organic Search,Mobile,Cancelled
ORD003277,CUST00294,2026-07-11,P0018,Sunscreen,Beauty,4,999,0.0,0,Wallet,East,Direct,Mobile,Completed
ORD003278,CUST00141,2026-02-22,P0021,Dumbbell Set,Sports,4,1999,0.0,49,Debit Card,South,Email,Desktop,Completed
ORD003279,CUST00457,2026-02-20,P0009,Sunglasses,Fashion,3,1999,0.0,49,Debit Card,North,Email,Desktop,Returned
ORD003280,CUST00325,2026-06-29,P0008,Backpack,Fashion,1,699,0.1,0,Debit Card,North,Organic Search,Desktop,Returned
ORD003281,CUST00077,2026-04-16,P0024,Running Shoes,Sports,3,2499,0.05,0,UPI,West,Email,Mobile,Completed
ORD003282,CUST00449,2025-10-13,P0011,Cushion Cover,Home,2,2499,0.0,79,Cash on Delivery,West,Paid Ads,Mobile,Completed
ORD003283,CUST00428,2025-10-27,P0018,Sunscreen,Beauty,4,499,0.15,0,Wallet,West,Paid Ads,Desktop,Returned
ORD003284,CUST00138,2025-12-22,P0015,Face Serum,Beauty,3,1999,0.0,49,UPI,North,Referral,Mobile,Completed
ORD003285,CUST00472,2025-09-24,P0003,Phone Case,Electronics,1,399,0.1,99,Wallet,West,Social Media,Desktop,Completed
ORD003286,CUST00452,2026-04-29,P0007,Denim Jacket,Fashion,4,299,0.2,0,Cash on Delivery,South,Organic Search,Mobile,Completed
ORD003287,CUST00608,2026-02-16,P0008,Backpack,Fashion,4,999,0.0,99,UPI,East,Email,Mobile,Returned
ORD003288,CUST00298,2025-09-05,P0004,Power Bank,Electronics,3,999,0.0,49,Cash on Delivery,Central,Paid Ads,Desktop,Completed
ORD003289,CUST00201,2026-01-13,P0019,Face Wash,Beauty,4,999,0.0,49,Credit Card,East,Organic Search,Mobile,Completed
ORD003290,CUST00759,2026-06-18,P0024,Running Shoes,Sports,1,1999,0.0,79,Debit Card,South,Direct,Desktop,Cancelled
ORD003291,CUST00448,2026-07-17,P0024,Running Shoes,Sports,2,699,0.15,79,Credit Card,Central,Email,Desktop,Cancelled
ORD003292,CUST00021,2026-08-06,P0004,Power Bank,Electronics,1,1999,0.2,49,Credit Card,South,Paid Ads,Mobile,Completed
ORD003293,CUST00647,2026-07-22,P0011,Cushion Cover,Home,2,2499,0.05,0,Debit Card,South,Direct,Mobile,Completed
ORD003294,CUST00161,2026-03-29,P0005,T-Shirt,Fashion,2,299,0.0,99,Debit Card,North,Paid Ads,Mobile,Returned
ORD003295,CUST00616,2026-07-24,P0001,Bluetooth Speaker,Electronics,2,699,0.15,0,Wallet,South,Email,Mobile,Cancelled
ORD003296,CUST00554,2026-08-04,P0015,Face Serum,Beauty,2,399,0.2,99,UPI,West,Email,Mobile,Completed
ORD003297,CUST00773,2026-04-08,P0021,Dumbbell Set,Sports,3,1499,0.0,49,UPI,Central,Organic Search,Mobile,Completed
ORD003298,CUST00771,2026-01-17,P0001,Bluetooth Speaker,Electronics,1,699,0.1,49,UPI,North,Direct,Desktop,Completed
ORD003299,CUST00221,2026-08-07,P0016,Lip Balm,Beauty,2,499,0.1,79,Credit Card,South,Email,Mobile,Completed
ORD003300,CUST00598,2026-01-18,P0000,Wireless Earbuds,Electronics,4,499,0.05,99,Wallet,East,Social Media,Mobile,Completed
ORD003301,CUST00263,2025-10-19,P0021,Dumbbell Set,Sports,3,499,0.0,0,Wallet,West,Direct,Mobile,Completed
ORD003302,CUST00496,2025-09-27,P0001,Bluetooth Speaker,Electronics,1,299,0.0,99,UPI,North,Direct,Desktop,Completed
ORD003303,CUST00472,2026-03-15,P0010,LED Lamp,Home,2,299,0.0,79,Cash on Delivery,West,Social Media,Mobile,Cancelled
ORD003304,CUST00043,2025-09-01,P0003,Phone Case,Electronics,4,1499,0.0,0,Cash on Delivery,South,Direct,Tablet,Completed
ORD003305,CUST00004,2025-10-02,P0010,LED Lamp,Home,1,2499,0.15,49,Cash on Delivery,West,Organic Search,Desktop,Cancelled
ORD003306,CUST00047,2025-11-17,P0010,LED Lamp,Home,4,999,0.15,79,Credit Card,South,Email,Desktop,Completed
ORD003307,CUST00102,2026-03-01,P0013,Storage Box,Home,2,2499,0.0,0,Credit Card,South,Paid Ads,Desktop,Completed
ORD003308,CUST00209,2026-02-10,P0020,Yoga Mat,Sports,3,399,0.0,49,UPI,East,Email,Desktop,Completed
ORD003309,CUST00723,2026-02-22,P0024,Running Shoes,Sports,2,2499,0.05,79,Credit Card,West,Email,Mobile,Completed
ORD003310,CUST00412,2026-02-21,P0008,Backpack,Fashion,3,999,0.15,49,Credit Card,East,Direct,Desktop,Completed
ORD003311,CUST00624,2026-08-17,P0023,Resistance Band,Sports,4,1499,0.05,49,Credit Card,Central,Email,Mobile,Completed
ORD003312,CUST00662,2025-11-07,P0010,LED Lamp,Home,1,299,0.15,49,Credit Card,West,Organic Search,Mobile,Returned
ORD003313,CUST00579,2026-02-09,P0002,Smart Watch,Electronics,2,999,0.1,49,Debit Card,Central,Referral,Tablet,Completed
ORD003314,CUST00322,2026-03-31,P0015,Face Serum,Beauty,3,699,0.1,99,Debit Card,Central,Email,Mobile,Completed
ORD003315,CUST00685,2025-11-27,P0018,Sunscreen,Beauty,2,2499,0.05,99,Cash on Delivery,West,Organic Search,Mobile,Returned
ORD003316,CUST00583,2025-10-25,P0007,Denim Jacket,Fashion,2,1999,0.0,99,Cash on Delivery,East,Organic Search,Mobile,Completed
ORD003317,CUST00583,2025-09-06,P0014,Wall Clock,Home,4,1999,0.0,0,Credit Card,East,Organic Search,Mobile,Completed
ORD003318,CUST00718,2025-12-17,P0010,LED Lamp,Home,1,2499,0.15,0,Debit Card,Central,Paid Ads,Desktop,Completed
ORD003319,CUST00473,2025-11-20,P0003,Phone Case,Electronics,1,1499,0.0,99,UPI,East,Paid Ads,Desktop,Returned
ORD003320,CUST00419,2025-10-30,P0009,Sunglasses,Fashion,3,399,0.15,79,Debit Card,East,Referral,Mobile,Returned
ORD003321,CUST00706,2025-11-27,P0010,LED Lamp,Home,1,499,0.0,0,Debit Card,Central,Direct,Mobile,Completed
ORD003322,CUST00364,2026-05-01,P0008,Backpack,Fashion,1,1999,0.0,79,Wallet,West,Organic Search,Mobile,Completed
ORD003323,CUST00639,2026-06-18,P0022,Water Bottle,Sports,4,999,0.1,49,UPI,Central,Social Media,Desktop,Completed
ORD003324,CUST00042,2026-02-24,P0009,Sunglasses,Fashion,2,2499,0.2,99,Wallet,West,Paid Ads,Mobile,Completed
ORD003325,CUST00002,2025-09-13,P0015,Face Serum,Beauty,1,1999,0.05,49,Credit Card,North,Social Media,Desktop,Completed
ORD003326,CUST00418,2026-05-15,P0000,Wireless Earbuds,Electronics,3,999,0.0,49,UPI,Central,Organic Search,Desktop,Completed
ORD003327,CUST00059,2025-10-14,P0007,Denim Jacket,Fashion,2,399,0.0,79,Debit Card,West,Paid Ads,Mobile,Cancelled
ORD003328,CUST00781,2025-09-09,P0022,Water Bottle,Sports,2,2499,0.2,0,Debit Card,Central,Email,Mobile,Cancelled
ORD003329,CUST00005,2026-03-15,P0022,Water Bottle,Sports,2,399,0.0,79,UPI,North,Email,Mobile,Completed
ORD003330,CUST00563,2026-01-22,P0024,Running Shoes,Sports,1,399,0.0,0,Debit Card,South,Referral,Desktop,Completed
ORD003331,CUST00198,2025-12-11,P0001,Bluetooth Speaker,Electronics,4,399,0.15,0,Wallet,Central,Referral,Desktop,Completed
ORD003332,CUST00772,2026-08-07,P0021,Dumbbell Set,Sports,1,299,0.0,0,Credit Card,East,Social Media,Tablet,Cancelled
ORD003333,CUST00314,2025-09-22,P0006,Sneakers,Fashion,2,699,0.0,0,Cash on Delivery,South,Direct,Mobile,Completed
ORD003334,CUST00021,2025-09-08,P0000,Wireless Earbuds,Electronics,2,1999,0.1,0,Debit Card,South,Referral,Tablet,Completed
ORD003335,CUST00021,2026-03-22,P0002,Smart Watch,Electronics,3,1999,0.0,0,UPI,South,Social Media,Mobile,Cancelled
ORD003336,CUST00441,2026-01-19,P0018,Sunscreen,Beauty,3,699,0.0,0,Credit Card,Central,Social Media,Mobile,Returned
ORD003337,CUST00787,2026-06-08,P0014,Wall Clock,Home,2,499,0.0,99,Cash on Delivery,Central,Email,Mobile,Completed
ORD003338,CUST00783,2025-09-03,P0014,Wall Clock,Home,3,499,0.0,0,Wallet,West,Referral,Mobile,Returned
ORD003339,CUST00277,2026-01-20,P0022,Water Bottle,Sports,1,2499,0.0,79,Wallet,South,Direct,Mobile,Completed
ORD003340,CUST00384,2025-10-12,P0002,Smart Watch,Electronics,1,299,0.0,99,Cash on Delivery,East,Referral,Mobile,Cancelled
ORD003341,CUST00081,2025-09-04,P0002,Smart Watch,Electronics,4,299,0.0,99,Cash on Delivery,East,Direct,Desktop,Completed
ORD003342,CUST00415,2026-02-04,P0023,Resistance Band,Sports,3,299,0.15,0,Debit Card,Central,Paid Ads,Desktop,Cancelled
ORD003343,CUST00473,2026-05-15,P0015,Face Serum,Beauty,3,2499,0.0,0,Debit Card,East,Paid Ads,Desktop,Completed
ORD003344,CUST00203,2025-10-16,P0019,Face Wash,Beauty,4,299,0.0,0,Debit Card,East,Referral,Desktop,Completed
ORD003345,CUST00482,2026-06-23,P0013,Storage Box,Home,4,2499,0.2,79,UPI,East,Social Media,Desktop,Returned
ORD003346,CUST00716,2026-02-25,P0003,Phone Case,Electronics,3,399,0.1,79,Cash on Delivery,North,Paid Ads,Tablet,Cancelled
ORD003347,CUST00001,2026-02-11,P0013,Storage Box,Home,4,999,0.2,0,Wallet,North,Paid Ads,Mobile,Cancelled
ORD003348,CUST00190,2026-07-22,P0024,Running Shoes,Sports,3,2499,0.1,0,UPI,East,Social Media,Tablet,Completed
ORD003349,CUST00173,2025-12-18,P0002,Smart Watch,Electronics,1,299,0.05,79,UPI,North,Email,Mobile,Completed
ORD003350,CUST00099,2025-11-01,P0003,Phone Case,Electronics,3,499,0.05,79,Wallet,North,Paid Ads,Mobile,Cancelled
ORD003351,CUST00132,2026-06-02,P0008,Backpack,Fashion,4,1499,0.0,0,UPI,South,Paid Ads,Desktop,Completed
ORD003352,CUST00493,2025-09-28,P0011,Cushion Cover,Home,4,1999,0.0,99,Cash on Delivery,East,Social Media,Mobile,Completed
ORD003353,CUST00082,2026-07-04,P0015,Face Serum,Beauty,3,2499,0.05,99,UPI,West,Paid Ads,Mobile,Completed
ORD003354,CUST00582,2026-06-17,P0003,Phone Case,Electronics,4,299,0.0,0,Wallet,South,Referral,Mobile,Cancelled
ORD003355,CUST00704,2026-08-11,P0023,Resistance Band,Sports,1,1999,0.15,49,Wallet,North,Organic Search,Desktop,Completed
ORD003356,CUST00737,2026-02-03,P0003,Phone Case,Electronics,1,499,0.2,49,Wallet,Central,Direct,Desktop,Completed
ORD003357,CUST00522,2026-04-04,P0005,T-Shirt,Fashion,2,999,0.05,79,UPI,South,Paid Ads,Mobile,Returned
ORD003358,CUST00161,2026-07-08,P0024,Running Shoes,Sports,1,2499,0.15,0,Debit Card,North,Email,Mobile,Completed
ORD003359,CUST00070,2025-10-07,P0009,Sunglasses,Fashion,4,2499,0.0,0,UPI,North,Paid Ads,Desktop,Completed
ORD003360,CUST00191,2025-12-09,P0014,Wall Clock,Home,1,399,0.2,49,Cash on Delivery,South,Referral,Mobile,Completed
ORD003361,CUST00767,2026-02-08,P0010,LED Lamp,Home,3,699,0.1,0,Credit Card,South,Referral,Mobile,Completed
ORD003362,CUST00768,2026-04-06,P0006,Sneakers,Fashion,4,499,0.15,49,Wallet,North,Social Media,Mobile,Completed
ORD003363,CUST00315,2026-04-24,P0012,Coffee Mug,Home,1,999,0.1,99,Cash on Delivery,West,Organic Search,Desktop,Completed
ORD003364,CUST00270,2026-07-23,P0019,Face Wash,Beauty,1,1999,0.15,0,Credit Card,North,Paid Ads,Mobile,Completed
ORD003365,CUST00406,2026-02-14,P0000,Wireless Earbuds,Electronics,3,499,0.05,99,Wallet,West,Direct,Mobile,Completed
ORD003366,CUST00236,2025-10-21,P0021,Dumbbell Set,Sports,4,299,0.2,49,UPI,Central,Direct,Mobile,Cancelled
ORD003367,CUST00783,2025-10-28,P0004,Power Bank,Electronics,1,299,0.1,0,Debit Card,West,Organic Search,Mobile,Completed
ORD003368,CUST00182,2026-06-08,P0022,Water Bottle,Sports,1,299,0.05,49,Credit Card,East,Organic Search,Mobile,Completed
ORD003369,CUST00302,2026-02-04,P0024,Running Shoes,Sports,4,499,0.0,49,Wallet,North,Social Media,Desktop,Completed
ORD003370,CUST00347,2026-04-07,P0023,Resistance Band,Sports,3,2499,0.2,0,UPI,North,Direct,Desktop,Returned
ORD003371,CUST00100,2026-03-13,P0016,Lip Balm,Beauty,3,499,0.0,49,Wallet,South,Direct,Mobile,Returned
ORD003372,CUST00315,2026-06-12,P0022,Water Bottle,Sports,2,699,0.0,0,Credit Card,West,Organic Search,Mobile,Cancelled
ORD003373,CUST00679,2025-11-07,P0021,Dumbbell Set,Sports,2,1499,0.0,79,Cash on Delivery,North,Referral,Mobile,Cancelled
ORD003374,CUST00111,2025-10-21,P0015,Face Serum,Beauty,2,1499,0.0,49,Wallet,Central,Paid Ads,Tablet,Returned
ORD003375,CUST00464,2026-05-14,P0022,Water Bottle,Sports,1,499,0.0,0,UPI,West,Paid Ads,Mobile,Completed
ORD003376,CUST00331,2026-01-25,P0008,Backpack,Fashion,2,399,0.05,0,UPI,Central,Social Media,Desktop,Returned
ORD003377,CUST00135,2026-06-13,P0020,Yoga Mat,Sports,4,399,0.0,49,Cash on Delivery,East,Direct,Desktop,Returned
ORD003378,CUST00009,2025-10-06,P0023,Resistance Band,Sports,3,399,0.05,79,UPI,North,Paid Ads,Tablet,Completed
ORD003379,CUST00221,2025-11-27,P0015,Face Serum,Beauty,4,299,0.05,49,UPI,South,Email,Desktop,Completed
ORD003380,CUST00050,2026-08-05,P0003,Phone Case,Electronics,2,699,0.05,99,Wallet,East,Paid Ads,Mobile,Returned
ORD003381,CUST00309,2026-06-23,P0005,T-Shirt,Fashion,4,1499,0.0,0,Debit Card,East,Organic Search,Desktop,Cancelled
ORD003382,CUST00638,2025-09-11,P0004,Power Bank,Electronics,2,1499,0.05,79,Debit Card,East,Organic Search,Tablet,Completed
ORD003383,CUST00565,2026-06-14,P0013,Storage Box,Home,3,2499,0.0,49,Wallet,West,Social Media,Desktop,Returned
ORD003384,CUST00756,2025-09-12,P0010,LED Lamp,Home,3,499,0.05,0,Debit Card,Central,Organic Search,Desktop,Completed
ORD003385,CUST00347,2025-10-02,P0020,Yoga Mat,Sports,4,1499,0.0,0,Credit Card,North,Email,Tablet,Cancelled
ORD003386,CUST00556,2026-07-13,P0007,Denim Jacket,Fashion,4,2499,0.2,49,UPI,East,Direct,Desktop,Completed
ORD003387,CUST00526,2025-10-04,P0004,Power Bank,Electronics,1,299,0.15,0,Credit Card,East,Email,Desktop,Completed
ORD003388,CUST00177,2025-12-07,P0015,Face Serum,Beauty,4,1999,0.0,79,UPI,Central,Social Media,Desktop,Completed
ORD003389,CUST00250,2025-10-08,P0003,Phone Case,Electronics,3,299,0.0,49,Wallet,East,Paid Ads,Mobile,Completed
ORD003390,CUST00420,2026-03-25,P0022,Water Bottle,Sports,3,999,0.0,79,Cash on Delivery,West,Organic Search,Mobile,Completed
ORD003391,CUST00624,2025-09-09,P0002,Smart Watch,Electronics,1,1999,0.2,49,Wallet,Central,Organic Search,Desktop,Completed
ORD003392,CUST00369,2025-12-02,P0012,Coffee Mug,Home,2,699,0.1,99,Debit Card,East,Organic Search,Tablet,Completed
ORD003393,CUST00188,2025-12-17,P0023,Resistance Band,Sports,4,999,0.05,0,Wallet,Central,Email,Tablet,Completed
ORD003394,CUST00792,2026-04-13,P0013,Storage Box,Home,4,999,0.1,49,UPI,North,Paid Ads,Mobile,Returned
ORD003395,CUST00092,2026-02-17,P0020,Yoga Mat,Sports,1,999,0.0,49,Wallet,South,Email,Desktop,Completed
ORD003396,CUST00762,2025-10-29,P0010,LED Lamp,Home,2,1499,0.15,0,Cash on Delivery,South,Social Media,Mobile,Completed
ORD003397,CUST00636,2026-02-05,P0018,Sunscreen,Beauty,4,1999,0.1,79,Credit Card,North,Paid Ads,Desktop,Completed
ORD003398,CUST00663,2026-02-03,P0017,Hair Oil,Beauty,4,399,0.0,0,Wallet,East,Social Media,Tablet,Returned
ORD003399,CUST00622,2025-12-27,P0012,Coffee Mug,Home,2,699,0.1,79,Cash on Delivery,North,Social Media,Tablet,Completed
ORD003400,CUST00171,2026-03-02,P0002,Smart Watch,Electronics,4,1999,0.0,99,Debit Card,South,Organic Search,Desktop,Cancelled
ORD003401,CUST00499,2025-12-17,P0024,Running Shoes,Sports,4,699,0.05,99,UPI,North,Organic Search,Desktop,Cancelled
ORD003402,CUST00592,2025-12-19,P0001,Bluetooth Speaker,Electronics,1,699,0.2,79,UPI,North,Referral,Mobile,Returned
ORD003403,CUST00585,2026-06-01,P0008,Backpack,Fashion,1,1499,0.15,79,Debit Card,North,Organic Search,Desktop,Completed
ORD003404,CUST00219,2025-11-19,P0016,Lip Balm,Beauty,1,2499,0.0,99,Cash on Delivery,West,Paid Ads,Mobile,Cancelled
ORD003405,CUST00145,2025-12-18,P0019,Face Wash,Beauty,1,499,0.1,99,Debit Card,East,Social Media,Mobile,Cancelled
ORD003406,CUST00271,2025-10-10,P0013,Storage Box,Home,3,2499,0.1,79,UPI,North,Social Media,Desktop,Returned
ORD003407,CUST00381,2026-05-01,P0010,LED Lamp,Home,2,1499,0.05,99,UPI,South,Direct,Mobile,Cancelled
ORD003408,CUST00455,2026-05-04,P0010,LED Lamp,Home,3,299,0.0,99,Debit Card,West,Direct,Desktop,Completed
ORD003409,CUST00661,2026-04-24,P0024,Running Shoes,Sports,1,1999,0.1,0,Wallet,Central,Email,Mobile,Completed
ORD003410,CUST00604,2025-10-20,P0008,Backpack,Fashion,3,699,0.0,49,UPI,Central,Paid Ads,Mobile,Completed
ORD003411,CUST00535,2026-01-31,P0021,Dumbbell Set,Sports,3,499,0.2,0,Credit Card,West,Referral,Mobile,Completed
ORD003412,CUST00214,2025-12-04,P0001,Bluetooth Speaker,Electronics,4,999,0.15,99,Credit Card,North,Organic Search,Mobile,Completed
ORD003413,CUST00380,2026-05-25,P0016,Lip Balm,Beauty,2,999,0.2,79,Credit Card,East,Paid Ads,Mobile,Cancelled
ORD003414,CUST00275,2025-12-20,P0017,Hair Oil,Beauty,3,999,0.0,99,UPI,East,Social Media,Desktop,Completed
ORD003415,CUST00192,2026-01-18,P0016,Lip Balm,Beauty,2,299,0.1,0,Cash on Delivery,Central,Social Media,Desktop,Completed
ORD003416,CUST00007,2026-02-01,P0010,LED Lamp,Home,2,1999,0.0,99,Cash on Delivery,North,Email,Mobile,Completed
ORD003417,CUST00278,2026-05-24,P0017,Hair Oil,Beauty,3,499,0.15,0,Wallet,West,Organic Search,Desktop,Completed
ORD003418,CUST00208,2026-05-03,P0011,Cushion Cover,Home,3,399,0.15,99,Cash on Delivery,Central,Referral,Desktop,Completed
ORD003419,CUST00454,2026-06-15,P0014,Wall Clock,Home,4,999,0.15,0,Cash on Delivery,Central,Organic Search,Desktop,Returned
ORD003420,CUST00050,2026-01-23,P0022,Water Bottle,Sports,1,999,0.0,49,Wallet,East,Social Media,Desktop,Returned
ORD003421,CUST00219,2026-06-15,P0016,Lip Balm,Beauty,1,299,0.05,79,Debit Card,West,Email,Desktop,Completed
ORD003422,CUST00035,2026-07-03,P0018,Sunscreen,Beauty,3,2499,0.0,79,Cash on Delivery,East,Referral,Mobile,Completed
ORD003423,CUST00508,2026-02-27,P0024,Running Shoes,Sports,3,999,0.2,0,Wallet,East,Email,Mobile,Cancelled
ORD003424,CUST00452,2026-04-25,P0005,T-Shirt,Fashion,4,2499,0.05,49,Cash on Delivery,South,Email,Mobile,Returned
ORD003425,CUST00277,2026-07-17,P0014,Wall Clock,Home,3,1499,0.1,49,Debit Card,South,Paid Ads,Desktop,Returned
ORD003426,CUST00117,2026-06-22,P0016,Lip Balm,Beauty,1,299,0.05,79,Cash on Delivery,South,Direct,Mobile,Completed
ORD003427,CUST00764,2025-11-28,P0017,Hair Oil,Beauty,2,399,0.0,0,UPI,East,Email,Tablet,Completed
ORD003428,CUST00464,2026-05-08,P0003,Phone Case,Electronics,4,2499,0.1,79,Cash on Delivery,West,Organic Search,Mobile,Completed
ORD003429,CUST00535,2026-01-29,P0019,Face Wash,Beauty,4,999,0.1,79,Debit Card,West,Social Media,Mobile,Completed
ORD003430,CUST00420,2025-10-13,P0004,Power Bank,Electronics,4,299,0.0,79,Cash on Delivery,West,Referral,Mobile,Completed
ORD003431,CUST00632,2026-01-02,P0010,LED Lamp,Home,2,299,0.1,99,Wallet,East,Referral,Desktop,Completed
ORD003432,CUST00713,2026-08-11,P0017,Hair Oil,Beauty,1,999,0.0,49,Debit Card,West,Paid Ads,Mobile,Returned
ORD003433,CUST00315,2026-08-04,P0006,Sneakers,Fashion,1,999,0.1,49,Credit Card,West,Direct,Desktop,Completed
ORD003434,CUST00544,2026-06-03,P0003,Phone Case,Electronics,4,399,0.0,79,Credit Card,West,Paid Ads,Desktop,Completed
ORD003435,CUST00190,2026-08-16,P0016,Lip Balm,Beauty,2,399,0.15,79,Debit Card,East,Direct,Mobile,Returned
ORD003436,CUST00517,2026-03-17,P0007,Denim Jacket,Fashion,4,999,0.2,99,Credit Card,East,Email,Desktop,Completed
ORD003437,CUST00327,2026-05-23,P0020,Yoga Mat,Sports,1,699,0.05,49,UPI,West,Paid Ads,Desktop,Completed
ORD003438,CUST00005,2025-10-19,P0022,Water Bottle,Sports,2,299,0.0,79,Wallet,North,Referral,Desktop,Returned
ORD003439,CUST00762,2025-12-07,P0008,Backpack,Fashion,4,299,0.1,0,Wallet,South,Paid Ads,Mobile,Completed
ORD003440,CUST00687,2025-10-22,P0018,Sunscreen,Beauty,1,399,0.2,49,Cash on Delivery,South,Social Media,Desktop,Completed
ORD003441,CUST00235,2026-07-28,P0005,T-Shirt,Fashion,1,999,0.1,0,Cash on Delivery,East,Referral,Desktop,Cancelled
ORD003442,CUST00798,2026-04-01,P0023,Resistance Band,Sports,2,499,0.0,99,Cash on Delivery,East,Paid Ads,Tablet,Returned
ORD003443,CUST00263,2026-07-26,P0006,Sneakers,Fashion,1,299,0.05,0,Wallet,West,Paid Ads,Mobile,Completed
ORD003444,CUST00367,2026-01-18,P0022,Water Bottle,Sports,3,2499,0.0,79,Cash on Delivery,South,Referral,Tablet,Completed
ORD003445,CUST00675,2026-01-14,P0019,Face Wash,Beauty,1,1499,0.15,99,Wallet,South,Social Media,Desktop,Cancelled
ORD003446,CUST00251,2026-04-23,P0007,Denim Jacket,Fashion,1,999,0.15,49,Cash on Delivery,West,Direct,Mobile,Completed
ORD003447,,2026-03-15,P0020,Yoga Mat,Sports,3,399,0.1,79,UPI,West,Organic Search,Desktop,Returned
ORD003448,CUST00526,2026-01-02,P0015,Face Serum,Beauty,2,1499,0.0,49,UPI,East,Email,Mobile,Completed
ORD003449,CUST00104,2025-12-13,P0016,Lip Balm,Beauty,3,2499,0.0,79,Cash on Delivery,South,Organic Search,Mobile,Completed
ORD003450,CUST00344,2026-02-23,P0009,Sunglasses,Fashion,4,1499,0.1,79,UPI,West,Social Media,Desktop,Cancelled
ORD003451,CUST00257,2025-09-16,P0005,T-Shirt,Fashion,4,499,0.0,0,Wallet,East,Paid Ads,Mobile,Completed
ORD003452,CUST00535,2025-10-27,P0017,Hair Oil,Beauty,3,699,0.2,79,Wallet,West,Social Media,Mobile,Cancelled
ORD003453,CUST00108,2025-09-04,P0001,Bluetooth Speaker,Electronics,4,2499,0.0,99,Credit Card,Central,Social Media,Desktop,Returned
ORD003454,CUST00192,2025-10-15,P0008,Backpack,Fashion,3,299,0.15,0,Credit Card,Central,Referral,Tablet,Completed
ORD003455,CUST00559,2025-10-31,P0003,Phone Case,Electronics,1,399,0.15,0,Wallet,Central,Email,Mobile,Cancelled
ORD003456,CUST00125,2025-09-16,P0000,Wireless Earbuds,Electronics,4,299,0.05,0,Wallet,Central,Organic Search,Mobile,Completed
ORD003457,CUST00344,2025-09-09,P0000,Wireless Earbuds,Electronics,3,1499,0.2,99,UPI,West,Social Media,Mobile,Completed
ORD003458,CUST00560,2026-06-15,P0002,Smart Watch,Electronics,1,699,0.15,99,Wallet,North,Direct,Mobile,Completed
ORD003459,CUST00597,2025-10-25,P0023,Resistance Band,Sports,3,399,0.0,0,Credit Card,West,Social Media,Tablet,Completed
ORD003460,CUST00077,2026-03-10,P0019,Face Wash,Beauty,1,2499,0.0,99,Credit Card,West,Email,Mobile,Completed
ORD003461,CUST00675,2025-09-24,P0024,Running Shoes,Sports,3,999,0.15,79,Wallet,South,Email,Desktop,Completed
ORD003462,CUST00569,2026-07-31,P0002,Smart Watch,Electronics,3,399,0.15,49,Wallet,East,Referral,Mobile,Completed
ORD003463,CUST00278,2025-11-15,P0024,Running Shoes,Sports,1,2499,0.0,99,Credit Card,West,Email,Tablet,Completed
ORD003464,CUST00595,2026-05-20,P0014,Wall Clock,Home,2,1499,0.0,99,UPI,West,Email,Mobile,Completed
ORD003465,CUST00573,2026-04-11,P0019,Face Wash,Beauty,1,399,0.2,99,Credit Card,North,Referral,Tablet,Completed
ORD003466,CUST00475,2026-05-27,P0021,Dumbbell Set,Sports,1,1999,0.0,49,Wallet,West,Paid Ads,Desktop,Completed
ORD003467,CUST00446,2026-04-06,P0006,Sneakers,Fashion,1,299,0.2,0,Credit Card,East,Direct,Tablet,Returned
ORD003468,CUST00578,2026-02-21,P0018,Sunscreen,Beauty,4,2499,0.05,0,Cash on Delivery,South,Direct,Mobile,Completed
ORD003469,CUST00800,2026-05-28,P0016,Lip Balm,Beauty,2,699,0.15,99,Debit Card,East,Social Media,Desktop,Completed
ORD003470,CUST00459,2026-06-13,P0010,LED Lamp,Home,1,499,0.0,79,Debit Card,South,Referral,Mobile,Completed
ORD003471,CUST00636,2026-01-05,P0012,Coffee Mug,Home,3,299,0.0,79,Cash on Delivery,North,Paid Ads,Desktop,Returned
ORD003472,CUST00584,2026-07-29,P0005,T-Shirt,Fashion,3,2499,0.15,0,Cash on Delivery,South,Referral,Desktop,Completed
ORD003473,CUST00678,2026-08-15,P0004,Power Bank,Electronics,1,999,0.0,99,Debit Card,East,Organic Search,Mobile,Completed
ORD003474,CUST00761,2026-05-10,P0023,Resistance Band,Sports,3,999,0.0,0,Credit Card,South,Paid Ads,Mobile,Returned
ORD003475,CUST00157,2026-07-25,P0018,Sunscreen,Beauty,1,1999,0.1,49,Credit Card,South,Paid Ads,Mobile,Completed
ORD003476,CUST00132,2025-09-27,P0014,Wall Clock,Home,3,999,0.0,99,Debit Card,South,Social Media,Tablet,Cancelled
ORD003477,CUST00465,2026-03-05,P0017,Hair Oil,Beauty,4,499,0.2,0,UPI,Central,Social Media,Mobile,Completed
ORD003478,CUST00361,2026-04-14,P0010,LED Lamp,Home,2,1999,0.1,49,UPI,West,Direct,Mobile,Cancelled
ORD003479,CUST00453,2026-07-24,P0006,Sneakers,Fashion,3,999,0.1,99,Cash on Delivery,East,Social Media,Desktop,Cancelled
ORD003480,CUST00625,2025-10-02,P0023,Resistance Band,Sports,1,399,0.05,0,Cash on Delivery,East,Email,Desktop,Cancelled
ORD003481,CUST00741,2026-06-10,P0024,Running Shoes,Sports,2,1999,0.1,0,Debit Card,West,Organic Search,Mobile,Cancelled
ORD003482,CUST00341,2025-09-17,P0005,T-Shirt,Fashion,4,1999,0.2,49,Cash on Delivery,North,Organic Search,Mobile,Completed
ORD003483,CUST00563,2025-12-28,P0020,Yoga Mat,Sports,1,399,0.0,79,UPI,South,Social Media,Desktop,Completed
ORD003484,CUST00161,2026-04-29,P0011,Cushion Cover,Home,4,1499,0.0,49,Credit Card,North,Organic Search,Desktop,Returned
ORD003485,CUST00424,2025-12-04,P0017,Hair Oil,Beauty,1,2499,0.1,49,Cash on Delivery,Central,Organic Search,Mobile,Completed
ORD003486,CUST00016,2026-06-20,P0002,Smart Watch,Electronics,2,1999,0.0,79,Wallet,West,Organic Search,Mobile,Completed
ORD003487,CUST00401,2026-07-25,P0011,Cushion Cover,Home,1,399,0.0,0,Debit Card,East,Paid Ads,Desktop,Completed
ORD003488,CUST00434,2025-10-16,P0003,Phone Case,Electronics,1,1999,0.0,0,Cash on Delivery,East,Paid Ads,Mobile,Completed
ORD003489,CUST00580,2025-11-22,P0020,Yoga Mat,Sports,2,299,0.0,99,Cash on Delivery,East,Organic Search,Desktop,Completed
ORD003490,CUST00513,2025-09-16,P0009,Sunglasses,Fashion,3,999,0.05,0,Cash on Delivery,South,Paid Ads,Desktop,Cancelled
ORD003491,CUST00294,2026-05-06,P0006,Sneakers,Fashion,3,999,0.1,99,Cash on Delivery,East,Paid Ads,Desktop,Completed
ORD003492,CUST00005,2026-07-09,P0017,Hair Oil,Beauty,2,299,0.0,49,Debit Card,North,Referral,Mobile,Returned
ORD003493,CUST00092,2026-03-27,P0023,Resistance Band,Sports,2,1499,0.2,99,UPI,South,Email,Mobile,Completed
ORD003494,CUST00778,2025-10-07,P0008,Backpack,Fashion,1,499,0.15,79,Credit Card,South,Direct,Desktop,Completed
ORD003495,CUST00734,2025-10-22,P0017,Hair Oil,Beauty,3,1999,0.1,49,Wallet,South,Direct,Mobile,Completed
ORD003496,CUST00269,2025-09-01,P0017,Hair Oil,Beauty,1,2499,0.0,99,UPI,West,Organic Search,Mobile,Returned
ORD003497,CUST00211,2026-02-14,P0012,Coffee Mug,Home,4,999,0.05,0,Cash on Delivery,North,Social Media,Mobile,Cancelled
ORD003498,CUST00353,2026-05-10,P0020,Yoga Mat,Sports,1,1499,0.2,0,Cash on Delivery,South,Email,Mobile,Completed
ORD003499,CUST00544,2025-10-13,P0003,Phone Case,Electronics,3,299,0.0,79,Debit Card,West,Referral,Mobile,Returned
ORD003500,CUST00294,2026-06-25,P0021,Dumbbell Set,Sports,2,2499,0.05,99,Debit Card,East,Social Media,Mobile,Completed
ORD003501,CUST00053,2025-11-20,P0010,LED Lamp,Home,4,1499,0.05,0,Credit Card,North,Paid Ads,Mobile,Returned
ORD003502,CUST00328,2026-02-23,P0001,Bluetooth Speaker,Electronics,2,699,0.1,99,UPI,West,Direct,Desktop,Returned
ORD003503,CUST00212,2026-04-20,P0024,Running Shoes,Sports,4,299,0.2,49,Debit Card,South,Paid Ads,Mobile,Returned
ORD003504,CUST00269,2026-03-05,P0019,Face Wash,Beauty,4,999,0.0,0,Cash on Delivery,West,Referral,Desktop,Completed
ORD003505,CUST00129,2026-02-10,P0020,Yoga Mat,Sports,2,2499,0.0,0,Cash on Delivery,Central,Social Media,Desktop,Completed
ORD003506,CUST00521,2025-12-20,P0003,Phone Case,Electronics,2,1999,0.0,0,UPI,North,Organic Search,Desktop,Returned
ORD003507,CUST00417,2026-01-23,P0018,Sunscreen,Beauty,2,299,0.0,49,UPI,Central,Social Media,Tablet,Completed
ORD003508,CUST00219,2025-11-15,P0017,Hair Oil,Beauty,2,1999,0.0,79,Wallet,West,Referral,Tablet,Cancelled
ORD003509,CUST00442,2025-12-05,P0022,Water Bottle,Sports,2,299,0.2,0,Cash on Delivery,West,Social Media,Mobile,Completed
ORD003510,CUST00391,2026-05-22,P0009,Sunglasses,Fashion,1,699,0.05,99,Cash on Delivery,South,Organic Search,Mobile,Completed
ORD003511,CUST00624,2026-07-08,P0023,Resistance Band,Sports,2,699,0.15,49,UPI,Central,Social Media,Desktop,Completed
ORD003512,CUST00762,2026-06-25,P0017,Hair Oil,Beauty,4,299,0.1,0,Debit Card,South,Direct,Desktop,Returned
ORD003513,CUST00104,2025-12-18,P0006,Sneakers,Fashion,4,399,0.2,99,Wallet,South,Organic Search,Mobile,Completed
ORD003514,CUST00702,2025-12-15,P0005,T-Shirt,Fashion,1,2499,0.0,0,Debit Card,East,Referral,Tablet,Completed
ORD003515,CUST00554,2025-09-10,P0022,Water Bottle,Sports,3,1499,0.1,79,Credit Card,West,Direct,Desktop,Completed
ORD003516,CUST00546,2025-11-27,P0016,Lip Balm,Beauty,1,1999,0.0,79,Debit Card,East,Direct,Desktop,Cancelled
ORD003517,CUST00307,2026-03-21,P0002,Smart Watch,Electronics,3,999,0.0,99,Debit Card,East,Direct,Mobile,Completed
ORD003518,CUST00283,2025-11-25,P0003,Phone Case,Electronics,3,699,0.2,99,Wallet,South,Organic Search,Mobile,Cancelled
ORD003519,CUST00005,2026-05-14,P0020,Yoga Mat,Sports,4,299,0.0,99,Wallet,North,Direct,Mobile,Completed
ORD003520,CUST00784,2025-09-07,P0004,Power Bank,Electronics,3,999,0.0,0,Credit Card,Central,Paid Ads,Mobile,Cancelled
ORD003521,CUST00479,2026-01-17,P0005,T-Shirt,Fashion,4,1999,0.0,0,Credit Card,East,Organic Search,Mobile,Cancelled
ORD003522,CUST00328,2025-11-30,P0015,Face Serum,Beauty,4,399,0.0,0,Credit Card,West,Organic Search,Mobile,Returned
ORD003523,CUST00433,2026-02-16,P0021,Dumbbell Set,Sports,3,699,0.15,0,Cash on Delivery,Central,Organic Search,Desktop,Completed
ORD003524,CUST00032,2025-08-29,P0008,Backpack,Fashion,2,699,0.0,0,Debit Card,North,Organic Search,Mobile,Completed
ORD003525,CUST00139,2026-01-19,P0016,Lip Balm,Beauty,2,1999,0.05,0,UPI,North,Referral,Desktop,Completed
ORD003526,CUST00491,2026-06-03,P0017,Hair Oil,Beauty,2,399,0.0,99,UPI,Central,Organic Search,Mobile,Completed
ORD003527,CUST00409,2026-06-28,P0015,Face Serum,Beauty,2,299,0.2,99,Debit Card,West,Email,Tablet,Cancelled
ORD003528,CUST00618,2025-11-21,P0017,Hair Oil,Beauty,2,399,0.0,79,Cash on Delivery,Central,Organic Search,Tablet,Completed
ORD003529,CUST00521,2026-01-23,P0005,T-Shirt,Fashion,2,399,0.15,49,Credit Card,North,Referral,Desktop,Completed
ORD003530,CUST00475,2026-04-28,P0015,Face Serum,Beauty,3,1999,0.1,49,UPI,West,Email,Mobile,Cancelled
ORD003531,CUST00644,2026-02-05,P0000,Wireless Earbuds,Electronics,2,499,0.2,79,UPI,North,Email,Mobile,Completed
ORD003532,CUST00054,2026-03-06,P0018,Sunscreen,Beauty,2,499,0.1,99,Wallet,Central,Organic Search,Desktop,Completed
ORD003533,CUST00544,2025-12-22,P0019,Face Wash,Beauty,3,499,0.2,49,Credit Card,West,Referral,Desktop,Completed
ORD003534,CUST00561,2026-06-21,P0019,Face Wash,Beauty,2,1999,0.1,49,Cash on Delivery,South,Social Media,Tablet,Completed
ORD003535,CUST00222,2026-04-07,P0000,Wireless Earbuds,Electronics,1,1499,0.0,99,Wallet,West,Organic Search,Mobile,Completed
ORD003536,CUST00159,2026-08-05,P0022,Water Bottle,Sports,1,699,0.0,99,Wallet,Central,Direct,Mobile,Completed
ORD003537,CUST00175,2026-05-31,P0010,LED Lamp,Home,4,1999,0.15,0,UPI,East,Referral,Mobile,Completed
ORD003538,CUST00162,2026-01-01,P0002,Smart Watch,Electronics,4,299,0.0,0,Wallet,South,Organic Search,Mobile,Returned
ORD003539,CUST00416,2025-12-17,P0013,Storage Box,Home,3,1499,0.0,0,Debit Card,North,Paid Ads,Desktop,Completed
ORD003540,CUST00107,2025-09-21,P0014,Wall Clock,Home,1,499,0.15,0,Credit Card,East,Email,Mobile,Completed
ORD003541,CUST00521,2026-04-04,P0010,LED Lamp,Home,3,699,0.0,79,Wallet,North,Organic Search,Desktop,Completed
ORD003542,CUST00084,2026-05-20,P0018,Sunscreen,Beauty,2,399,0.0,49,UPI,Central,Direct,Mobile,Returned
ORD003543,CUST00021,2025-12-27,P0013,Storage Box,Home,2,299,0.0,0,Debit Card,South,Email,Mobile,Cancelled
ORD003544,CUST00265,2025-08-27,P0005,T-Shirt,Fashion,4,1499,0.0,0,Debit Card,East,Email,Mobile,Completed
ORD003545,CUST00156,2026-06-17,P0015,Face Serum,Beauty,4,1999,0.15,49,Wallet,South,Paid Ads,Desktop,Completed
ORD003546,CUST00789,2025-11-09,P0006,Sneakers,Fashion,3,2499,0.05,99,UPI,South,Social Media,Desktop,Returned
ORD003547,CUST00249,2026-03-20,P0002,Smart Watch,Electronics,3,399,0.2,79,Wallet,Central,Organic Search,Desktop,Completed
ORD003548,CUST00182,2025-09-08,P0006,Sneakers,Fashion,3,1999,0.15,49,Cash on Delivery,East,Direct,Mobile,Cancelled
ORD003549,CUST00161,2025-09-11,P0022,Water Bottle,Sports,4,299,0.0,0,Cash on Delivery,North,Email,Mobile,Completed
ORD003550,CUST00307,2026-07-13,P0014,Wall Clock,Home,3,1999,0.0,0,Debit Card,East,Email,Desktop,Completed
ORD003551,CUST00478,2026-04-22,P0007,Denim Jacket,Fashion,3,999,0.2,79,Debit Card,North,Direct,Tablet,Completed
ORD003552,CUST00612,2025-08-21,P0009,Sunglasses,Fashion,1,1999,0.2,79,Credit Card,South,Email,Mobile,Completed
ORD003553,CUST00300,2025-09-25,P0021,Dumbbell Set,Sports,4,299,0.0,99,UPI,South,Social Media,Mobile,Completed
ORD003554,CUST00493,2026-02-15,P0016,Lip Balm,Beauty,4,1999,0.0,49,Cash on Delivery,East,Direct,Mobile,Returned
ORD003555,CUST00384,2026-04-25,P0019,Face Wash,Beauty,2,699,0.15,0,Debit Card,East,Referral,Desktop,Completed
ORD003556,CUST00670,2026-01-21,P0015,Face Serum,Beauty,2,999,0.2,49,Cash on Delivery,South,Referral,Mobile,Returned
ORD003557,CUST00453,2026-07-04,P0024,Running Shoes,Sports,4,999,0.2,99,UPI,East,Email,Mobile,Cancelled
ORD003558,CUST00234,2026-04-15,P0016,Lip Balm,Beauty,4,1499,0.0,0,Wallet,North,Social Media,Mobile,Completed
ORD003559,CUST00553,2026-04-01,P0010,LED Lamp,Home,2,999,0.2,99,Debit Card,East,Organic Search,Desktop,Completed
ORD003560,CUST00647,2025-12-03,P0006,Sneakers,Fashion,1,699,0.15,99,Credit Card,South,Social Media,Mobile,Returned
ORD003561,CUST00370,2026-04-25,P0001,Bluetooth Speaker,Electronics,4,699,0.05,99,UPI,South,Direct,Mobile,Completed
ORD003562,CUST00787,2026-07-04,P0019,Face Wash,Beauty,3,299,0.0,79,UPI,Central,Direct,Desktop,Returned
ORD003563,CUST00699,2025-09-06,P0023,Resistance Band,Sports,4,1499,0.15,49,UPI,West,Organic Search,Mobile,Returned
ORD003564,CUST00161,2026-05-15,P0016,Lip Balm,Beauty,3,1499,0.15,99,UPI,North,Email,Mobile,Completed
ORD003565,CUST00616,2026-07-07,P0012,Coffee Mug,Home,3,999,0.2,0,Wallet,South,Direct,Mobile,Completed
ORD003566,CUST00475,2026-01-24,P0003,Phone Case,Electronics,1,1499,0.05,79,Wallet,West,Direct,Mobile,Completed
ORD003567,CUST00424,2026-05-26,P0016,Lip Balm,Beauty,3,499,0.0,49,Credit Card,Central,Referral,Mobile,Cancelled
ORD003568,CUST00408,2025-12-28,P0005,T-Shirt,Fashion,2,399,0.2,49,Wallet,West,Organic Search,Mobile,Cancelled
ORD003569,CUST00676,2025-10-29,P0015,Face Serum,Beauty,1,2499,0.0,49,Debit Card,South,Social Media,Mobile,Returned
ORD003570,CUST00482,2026-06-13,P0007,Denim Jacket,Fashion,4,2499,0.15,0,Cash on Delivery,East,Organic Search,Desktop,Completed
ORD003571,CUST00426,2025-12-11,P0021,Dumbbell Set,Sports,2,1999,0.05,99,UPI,West,Direct,Desktop,Cancelled
ORD003572,CUST00039,2026-05-23,P0023,Resistance Band,Sports,1,299,0.1,79,Debit Card,Central,Email,Mobile,Cancelled
ORD003573,CUST00361,2025-12-13,P0005,T-Shirt,Fashion,4,999,0.0,79,Credit Card,West,Social Media,Desktop,Cancelled
ORD003574,CUST00725,2026-01-12,P0008,Backpack,Fashion,4,1499,0.0,0,Cash on Delivery,South,Direct,Mobile,Completed
ORD003575,CUST00559,2026-04-27,P0023,Resistance Band,Sports,2,299,0.1,79,Wallet,Central,Referral,Desktop,Cancelled
ORD003576,CUST00041,2025-12-22,P0000,Wireless Earbuds,Electronics,2,2499,0.0,99,Debit Card,North,Paid Ads,Mobile,Completed
ORD003577,CUST00702,2026-06-10,P0012,Coffee Mug,Home,1,1999,0.1,99,UPI,East,Direct,Mobile,Completed
ORD003578,CUST00653,2025-09-03,P0003,Phone Case,Electronics,3,499,0.2,0,Credit Card,South,Referral,Mobile,Completed
ORD003579,CUST00435,2025-08-24,P0010,LED Lamp,Home,3,999,0.0,0,Cash on Delivery,Central,Organic Search,Mobile,Completed
ORD003580,CUST00017,2025-09-18,P0000,Wireless Earbuds,Electronics,3,2499,0.2,0,Cash on Delivery,West,Direct,Mobile,Cancelled
ORD003581,CUST00448,2025-11-21,P0003,Phone Case,Electronics,4,1999,0.0,0,Cash on Delivery,Central,Organic Search,Mobile,Completed
ORD003582,CUST00043,2025-09-08,P0010,LED Lamp,Home,2,1999,0.0,49,UPI,South,Direct,Desktop,Completed
ORD003583,CUST00266,2026-01-05,P0001,Bluetooth Speaker,Electronics,3,2499,0.15,49,Credit Card,West,Direct,Mobile,Completed
ORD003584,CUST00495,2025-08-28,P0019,Face Wash,Beauty,3,1499,0.0,49,UPI,Central,Referral,Mobile,Completed
ORD003585,CUST00729,2026-05-23,P0014,Wall Clock,Home,4,2499,0.1,99,UPI,South,Email,Desktop,Returned
ORD003586,CUST00294,2025-10-14,P0011,Cushion Cover,Home,3,2499,0.0,79,Debit Card,East,Paid Ads,Mobile,Completed
ORD003587,CUST00682,2026-08-09,P0011,Cushion Cover,Home,1,299,0.0,49,Debit Card,West,Direct,Mobile,Returned
ORD003588,CUST00732,2026-06-28,P0020,Yoga Mat,Sports,3,1499,0.0,79,Credit Card,Central,Paid Ads,Mobile,Completed
ORD003589,CUST00015,2026-04-30,P0021,Dumbbell Set,Sports,4,499,0.05,0,UPI,West,Organic Search,Mobile,Completed
ORD003590,CUST00195,2026-06-07,P0001,Bluetooth Speaker,Electronics,3,699,0.0,79,Credit Card,North,Organic Search,Desktop,Returned
ORD003591,CUST00558,2026-05-29,P0017,Hair Oil,Beauty,3,399,0.0,99,Cash on Delivery,Central,Referral,Mobile,Completed
ORD003592,CUST00592,2026-06-24,P0011,Cushion Cover,Home,3,1499,0.15,99,Wallet,North,Social Media,Mobile,Completed
ORD003593,CUST00323,2026-03-10,P0019,Face Wash,Beauty,3,1999,0.0,49,Wallet,North,Organic Search,Desktop,Completed
ORD003594,CUST00520,2026-04-04,P0019,Face Wash,Beauty,2,699,0.0,49,Debit Card,South,Organic Search,Desktop,Completed
ORD003595,CUST00482,2026-02-07,P0017,Hair Oil,Beauty,4,1499,0.0,0,Wallet,East,Organic Search,Desktop,Completed
ORD003596,CUST00582,2026-04-04,P0016,Lip Balm,Beauty,1,499,0.2,49,Cash on Delivery,South,Direct,Mobile,Completed
ORD003597,CUST00563,2026-01-06,P0005,T-Shirt,Fashion,4,1499,0.05,99,Wallet,South,Organic Search,Mobile,Completed
ORD003598,CUST00070,2025-10-04,P0021,Dumbbell Set,Sports,1,299,0.2,99,Wallet,North,Direct,Tablet,Completed
ORD003599,CUST00128,2026-07-25,P0017,Hair Oil,Beauty,1,2499,0.15,79,Cash on Delivery,East,Email,Mobile,Completed
ORD003600,CUST00106,2026-05-02,P0006,Sneakers,Fashion,3,699,0.0,0,Cash on Delivery,East,Paid Ads,Tablet,Completed
ORD003601,CUST00742,2026-05-04,P0005,T-Shirt,Fashion,3,999,0.15,0,Credit Card,South,Referral,Desktop,Cancelled
ORD003602,CUST00730,2025-11-30,P0012,Coffee Mug,Home,4,1999,0.05,0,Cash on Delivery,South,Social Media,Desktop,Completed
ORD003603,CUST00625,2026-05-28,P0008,Backpack,Fashion,2,299,0.05,0,Wallet,East,Social Media,Mobile,Completed
ORD003604,CUST00094,2026-02-25,P0016,Lip Balm,Beauty,1,2499,0.05,0,Wallet,Central,Direct,Tablet,Cancelled
ORD003605,CUST00455,2025-09-16,P0010,LED Lamp,Home,2,999,0.15,79,Debit Card,West,Email,Desktop,Returned
ORD003606,CUST00150,2026-08-03,P0004,Power Bank,Electronics,3,2499,0.0,79,UPI,West,Direct,Desktop,Completed
ORD003607,CUST00301,2026-08-17,P0009,Sunglasses,Fashion,2,999,0.0,0,Cash on Delivery,West,Email,Tablet,Completed
ORD003608,CUST00215,2026-07-03,P0020,Yoga Mat,Sports,2,399,0.15,79,Cash on Delivery,South,Referral,Desktop,Completed
ORD003609,CUST00656,2026-02-09,P0020,Yoga Mat,Sports,4,999,0.2,0,Credit Card,South,Social Media,Desktop,Cancelled
ORD003610,CUST00114,2025-11-13,P0007,Denim Jacket,Fashion,3,999,0.1,0,UPI,South,Paid Ads,Desktop,Completed
ORD003611,CUST00512,2025-08-24,P0019,Face Wash,Beauty,3,2499,0.0,0,Wallet,South,Organic Search,Desktop,Completed
ORD003612,CUST00785,2026-05-15,P0002,Smart Watch,Electronics,3,999,0.0,0,Credit Card,South,Paid Ads,Desktop,Returned
ORD003613,CUST00542,2026-07-11,P0024,Running Shoes,Sports,2,699,0.05,79,Debit Card,South,Direct,Desktop,Completed
ORD003614,CUST00065,2025-09-26,P0019,Face Wash,Beauty,3,399,0.2,0,UPI,North,Referral,Desktop,Completed
ORD003615,CUST00725,2026-04-26,P0001,Bluetooth Speaker,Electronics,4,499,0.1,49,Wallet,South,Paid Ads,Desktop,Completed
ORD003616,CUST00509,2025-08-29,P0017,Hair Oil,Beauty,3,999,0.0,49,Credit Card,Central,Organic Search,Mobile,Cancelled
ORD003617,,2026-05-30,P0012,Coffee Mug,Home,2,499,0.1,49,UPI,North,Direct,Desktop,Completed
ORD003618,CUST00522,2025-08-30,P0022,Water Bottle,Sports,4,499,0.0,0,Wallet,South,Direct,Desktop,Returned
ORD003619,CUST00699,2026-08-11,P0005,T-Shirt,Fashion,1,299,0.05,49,Cash on Delivery,West,Organic Search,Desktop,Completed
ORD003620,CUST00380,2025-10-21,P0022,Water Bottle,Sports,1,2499,0.2,79,Cash on Delivery,East,Organic Search,Mobile,Completed
ORD003621,CUST00420,2026-01-13,P0021,Dumbbell Set,Sports,2,1999,0.1,0,Debit Card,West,Social Media,Mobile,Cancelled
ORD003622,CUST00363,2026-04-30,P0006,Sneakers,Fashion,3,499,0.0,99,Wallet,North,Social Media,Mobile,Completed
ORD003623,CUST00058,2026-06-24,P0010,LED Lamp,Home,2,399,0.0,49,UPI,East,Organic Search,Desktop,Returned
ORD003624,CUST00618,2025-12-30,P0016,Lip Balm,Beauty,2,1999,0.0,79,Debit Card,Central,Email,Desktop,Cancelled
ORD003625,CUST00101,2026-08-12,P0006,Sneakers,Fashion,2,1999,0.0,0,UPI,East,Social Media,Desktop,Completed
ORD003626,CUST00325,2025-08-25,P0024,Running Shoes,Sports,4,2499,0.0,99,Credit Card,North,Direct,Desktop,Returned
ORD003627,CUST00319,2026-02-08,P0004,Power Bank,Electronics,2,999,0.2,49,Credit Card,Central,Referral,Mobile,Returned
ORD003628,CUST00226,2026-08-15,P0006,Sneakers,Fashion,4,1499,0.0,99,Debit Card,North,Organic Search,Desktop,Completed
ORD003629,CUST00328,2025-11-28,P0012,Coffee Mug,Home,2,1499,0.0,79,Debit Card,West,Social Media,Desktop,Completed
ORD003630,CUST00487,2026-03-02,P0011,Cushion Cover,Home,1,399,0.05,79,Credit Card,Central,Direct,Desktop,Completed
ORD003631,CUST00258,2026-01-29,P0001,Bluetooth Speaker,Electronics,1,999,0.15,0,Credit Card,East,Organic Search,Mobile,Completed
ORD003632,CUST00138,2026-01-10,P0022,Water Bottle,Sports,1,499,0.1,49,UPI,North,Referral,Mobile,Cancelled
ORD003633,CUST00688,2026-05-27,P0006,Sneakers,Fashion,4,1999,0.2,79,Credit Card,West,Social Media,Desktop,Returned
ORD003634,CUST00776,2026-02-25,P0002,Smart Watch,Electronics,2,2499,0.0,99,Wallet,West,Direct,Mobile,Completed
ORD003635,CUST00367,2026-05-07,P0012,Coffee Mug,Home,3,299,0.05,0,Credit Card,South,Email,Desktop,Returned
ORD003636,CUST00270,2026-02-25,P0023,Resistance Band,Sports,4,299,0.05,49,Wallet,North,Referral,Tablet,Cancelled
ORD003637,CUST00038,2026-08-19,P0000,Wireless Earbuds,Electronics,1,499,0.0,0,Credit Card,South,Organic Search,Desktop,Cancelled
ORD003638,CUST00030,2026-02-07,P0012,Coffee Mug,Home,1,299,0.0,49,Wallet,East,Referral,Mobile,Completed
ORD003639,CUST00323,2026-06-06,P0022,Water Bottle,Sports,4,299,0.15,49,Credit Card,North,Email,Mobile,Cancelled
ORD003640,CUST00740,2026-03-31,P0022,Water Bottle,Sports,3,2499,0.0,0,UPI,South,Direct,Desktop,Returned
ORD003641,CUST00575,2026-06-08,P0004,Power Bank,Electronics,3,999,0.1,99,Wallet,Central,Direct,Desktop,Completed
ORD003642,CUST00287,2026-07-09,P0015,Face Serum,Beauty,2,1999,0.2,79,Credit Card,Central,Email,Mobile,Completed
ORD003643,CUST00772,2025-11-10,P0020,Yoga Mat,Sports,4,999,0.0,0,Credit Card,East,Social Media,Mobile,Completed
ORD003644,CUST00347,2025-12-08,P0016,Lip Balm,Beauty,3,1499,0.15,99,Wallet,North,Direct,Desktop,Completed
ORD003645,CUST00223,2025-12-08,P0016,Lip Balm,Beauty,2,1499,0.0,79,Wallet,Central,Email,Mobile,Returned
ORD003646,CUST00347,2026-02-13,P0019,Face Wash,Beauty,3,399,0.15,79,UPI,North,Referral,Mobile,Cancelled
ORD003647,CUST00174,2026-02-15,P0011,Cushion Cover,Home,1,399,0.0,99,Credit Card,Central,Direct,Tablet,Cancelled
ORD003648,CUST00704,2025-08-21,P0001,Bluetooth Speaker,Electronics,1,699,0.0,49,Debit Card,North,Email,Mobile,Completed
ORD003649,CUST00298,2026-07-12,P0015,Face Serum,Beauty,1,499,0.05,0,Debit Card,Central,Email,Mobile,Returned
ORD003650,CUST00521,2026-06-29,P0015,Face Serum,Beauty,4,1999,0.05,79,Wallet,North,Paid Ads,Mobile,Completed
ORD003651,CUST00320,2026-03-27,P0021,Dumbbell Set,Sports,3,499,0.0,99,Debit Card,South,Direct,Mobile,Completed
ORD003652,CUST00718,2025-12-09,P0023,Resistance Band,Sports,1,499,0.15,99,Debit Card,Central,Paid Ads,Mobile,Completed
ORD003653,CUST00509,2026-06-17,P0008,Backpack,Fashion,4,999,0.0,79,Debit Card,Central,Email,Mobile,Returned
ORD003654,CUST00388,2025-11-27,P0023,Resistance Band,Sports,4,399,0.2,79,Credit Card,Central,Direct,Mobile,Completed
ORD003655,CUST00105,2025-12-09,P0000,Wireless Earbuds,Electronics,2,1999,0.0,0,Cash on Delivery,South,Social Media,Desktop,Completed
ORD003656,CUST00719,2026-08-19,P0024,Running Shoes,Sports,1,299,0.1,49,UPI,West,Referral,Mobile,Completed
ORD003657,CUST00435,2026-07-23,P0003,Phone Case,Electronics,2,1999,0.1,0,UPI,Central,Organic Search,Desktop,Returned
ORD003658,CUST00231,2026-03-21,P0016,Lip Balm,Beauty,3,999,0.05,0,Debit Card,East,Paid Ads,Tablet,Returned
ORD003659,CUST00698,2025-10-20,P0017,Hair Oil,Beauty,3,2499,0.05,99,Credit Card,East,Paid Ads,Tablet,Completed
ORD003660,CUST00043,2025-10-03,P0015,Face Serum,Beauty,2,499,0.0,0,Wallet,South,Referral,Mobile,Cancelled
ORD003661,CUST00260,2026-08-06,P0024,Running Shoes,Sports,1,2499,0.2,99,Wallet,North,Email,Mobile,Completed
ORD003662,CUST00426,2025-11-24,P0013,Storage Box,Home,3,1999,0.0,99,Credit Card,West,Paid Ads,Desktop,Completed
ORD003663,CUST00278,2026-04-25,P0003,Phone Case,Electronics,3,699,0.1,49,Cash on Delivery,West,Referral,Mobile,Completed
ORD003664,CUST00380,2025-12-26,P0015,Face Serum,Beauty,2,499,0.0,0,Cash on Delivery,East,Social Media,Desktop,Completed
ORD003665,CUST00214,2026-02-17,P0007,Denim Jacket,Fashion,3,399,0.15,79,Cash on Delivery,North,Paid Ads,Desktop,Completed
ORD003666,CUST00104,2026-08-14,P0015,Face Serum,Beauty,3,399,0.0,99,UPI,South,Referral,Mobile,Completed
ORD003667,CUST00030,2026-03-24,P0009,Sunglasses,Fashion,3,999,0.05,49,Wallet,East,Organic Search,Mobile,Completed
ORD003668,CUST00127,2026-01-24,P0001,Bluetooth Speaker,Electronics,1,2499,0.0,0,Credit Card,North,Referral,Desktop,Completed
ORD003669,CUST00761,2026-01-18,P0015,Face Serum,Beauty,2,999,0.0,49,UPI,South,Organic Search,Desktop,Cancelled
ORD003670,CUST00456,2025-11-11,P0002,Smart Watch,Electronics,2,2499,0.05,99,Credit Card,West,Email,Desktop,Completed
ORD003671,CUST00389,2026-03-11,P0008,Backpack,Fashion,4,1999,0.15,49,Cash on Delivery,North,Email,Desktop,Cancelled
ORD003672,CUST00316,2026-03-15,P0015,Face Serum,Beauty,4,1499,0.1,49,Cash on Delivery,North,Referral,Mobile,Completed
ORD003673,CUST00557,2025-09-23,P0022,Water Bottle,Sports,4,1499,0.0,49,Credit Card,North,Referral,Mobile,Completed
ORD003674,CUST00111,2026-01-14,P0007,Denim Jacket,Fashion,2,2499,0.1,79,UPI,Central,Referral,Desktop,Cancelled
ORD003675,CUST00222,2026-04-12,P0007,Denim Jacket,Fashion,2,1999,0.0,0,UPI,West,Referral,Mobile,Returned
ORD003676,,2025-09-09,P0007,Denim Jacket,Fashion,2,399,0.05,79,Wallet,South,Referral,Desktop,Returned
ORD003677,CUST00380,2026-08-11,P0014,Wall Clock,Home,4,999,0.05,99,UPI,East,Email,Mobile,Completed
ORD003678,CUST00605,2026-06-30,P0004,Power Bank,Electronics,3,699,0.0,79,Cash on Delivery,Central,Referral,Tablet,Completed
ORD003679,CUST00713,2026-04-09,P0013,Storage Box,Home,3,2499,0.0,99,Debit Card,West,Direct,Desktop,Returned
ORD003680,CUST00649,2025-08-25,P0020,Yoga Mat,Sports,2,399,0.05,79,Debit Card,West,Social Media,Mobile,Completed
ORD003681,CUST00147,2026-02-25,P0002,Smart Watch,Electronics,3,1999,0.1,99,Wallet,Central,Referral,Desktop,Returned
ORD003682,CUST00075,2026-07-13,P0024,Running Shoes,Sports,4,699,0.2,0,UPI,Central,Organic Search,Desktop,Completed
ORD003683,CUST00134,2025-08-28,P0013,Storage Box,Home,3,2499,0.05,0,Credit Card,North,Organic Search,Desktop,Completed
ORD003684,CUST00615,2026-06-05,P0015,Face Serum,Beauty,2,1999,0.05,0,Wallet,North,Organic Search,Mobile,Completed
ORD003685,CUST00730,2026-06-22,P0015,Face Serum,Beauty,4,499,0.05,99,Debit Card,South,Email,Mobile,Completed
ORD003686,CUST00736,2025-09-16,P0023,Resistance Band,Sports,4,1999,0.2,0,Cash on Delivery,South,Organic Search,Desktop,Returned
ORD003687,CUST00242,2025-11-12,P0016,Lip Balm,Beauty,4,399,0.0,99,Cash on Delivery,Central,Paid Ads,Mobile,Completed
ORD003688,CUST00665,2026-05-11,P0022,Water Bottle,Sports,4,299,0.0,79,UPI,East,Paid Ads,Desktop,Completed
ORD003689,CUST00425,2026-07-18,P0007,Denim Jacket,Fashion,2,999,0.0,0,Cash on Delivery,South,Paid Ads,Mobile,Cancelled
ORD003690,CUST00649,2026-05-28,P0005,T-Shirt,Fashion,2,699,0.1,79,Cash on Delivery,West,Organic Search,Desktop,Returned
ORD003691,CUST00436,2026-02-27,P0016,Lip Balm,Beauty,1,399,0.1,0,Wallet,East,Paid Ads,Tablet,Completed
ORD003692,CUST00115,2026-03-27,P0003,Phone Case,Electronics,2,2499,0.05,0,Wallet,West,Paid Ads,Mobile,Completed
ORD003693,CUST00065,2026-02-27,P0002,Smart Watch,Electronics,3,299,0.0,99,Cash on Delivery,North,Direct,Mobile,Completed
ORD003694,CUST00763,2026-03-18,P0005,T-Shirt,Fashion,3,999,0.1,79,Cash on Delivery,South,Email,Mobile,Completed
ORD003695,CUST00346,2026-05-28,P0006,Sneakers,Fashion,1,499,0.0,79,UPI,Central,Paid Ads,Desktop,Completed
ORD003696,CUST00287,2025-09-07,P0002,Smart Watch,Electronics,4,499,0.2,0,Credit Card,Central,Organic Search,Mobile,Cancelled
ORD003697,CUST00293,2025-11-04,P0018,Sunscreen,Beauty,1,399,0.1,79,Wallet,West,Email,Desktop,Cancelled
ORD003698,CUST00312,2025-09-10,P0014,Wall Clock,Home,1,699,0.05,0,UPI,East,Paid Ads,Desktop,Completed
ORD003699,CUST00754,2026-06-06,P0005,T-Shirt,Fashion,3,1499,0.0,79,Debit Card,South,Direct,Mobile,Cancelled
ORD003700,CUST00051,2026-05-12,P0007,Denim Jacket,Fashion,1,499,0.15,0,Credit Card,South,Paid Ads,Desktop,Cancelled
ORD003701,CUST00096,2025-09-08,P0023,Resistance Band,Sports,4,1499,0.1,79,Wallet,South,Referral,Mobile,Completed
ORD003702,CUST00619,2025-09-27,P0022,Water Bottle,Sports,1,699,0.2,79,Cash on Delivery,East,Organic Search,Mobile,Cancelled
ORD003703,CUST00437,2025-11-24,P0003,Phone Case,Electronics,1,1999,0.1,0,UPI,South,Referral,Desktop,Completed
ORD003704,CUST00102,2025-11-16,P0015,Face Serum,Beauty,4,699,0.15,0,Debit Card,South,Direct,Mobile,Completed
ORD003705,CUST00028,2026-02-25,P0008,Backpack,Fashion,2,499,0.0,0,Credit Card,East,Direct,Mobile,Completed
ORD003706,CUST00185,2026-02-18,P0008,Backpack,Fashion,3,999,0.0,99,Wallet,West,Referral,Desktop,Completed
ORD003707,CUST00212,2025-12-28,P0014,Wall Clock,Home,3,1499,0.1,99,Credit Card,South,Social Media,Desktop,Completed
ORD003708,CUST00010,2025-10-18,P0024,Running Shoes,Sports,1,699,0.0,79,Credit Card,North,Direct,Desktop,Completed
ORD003709,CUST00177,2026-04-14,P0014,Wall Clock,Home,3,2499,0.2,0,Credit Card,Central,Email,Mobile,Completed
ORD003710,CUST00582,2026-06-04,P0023,Resistance Band,Sports,3,999,0.2,49,Debit Card,South,Direct,Desktop,Returned
ORD003711,CUST00678,2026-04-10,P0020,Yoga Mat,Sports,1,499,0.1,49,Debit Card,East,Email,Mobile,Completed
ORD003712,CUST00714,2026-06-10,P0019,Face Wash,Beauty,4,299,0.15,0,Debit Card,South,Referral,Mobile,Returned
ORD003713,CUST00321,2026-07-19,P0019,Face Wash,Beauty,4,699,0.0,0,Credit Card,North,Paid Ads,Mobile,Completed
ORD003714,CUST00265,2026-06-23,P0019,Face Wash,Beauty,4,299,0.2,79,Wallet,East,Direct,Desktop,Completed
ORD003715,CUST00800,2026-04-14,P0006,Sneakers,Fashion,1,299,0.0,99,Cash on Delivery,East,Organic Search,Desktop,Completed
ORD003716,CUST00605,2025-09-07,P0024,Running Shoes,Sports,1,499,0.0,99,Debit Card,Central,Organic Search,Mobile,Cancelled
ORD003717,CUST00426,2025-12-20,P0022,Water Bottle,Sports,4,499,0.1,0,Debit Card,West,Direct,Mobile,Completed
ORD003718,CUST00207,2026-01-23,P0015,Face Serum,Beauty,2,2499,0.15,49,Cash on Delivery,Central,Paid Ads,Desktop,Cancelled
ORD003719,CUST00267,2026-05-07,P0017,Hair Oil,Beauty,3,1499,0.0,49,Cash on Delivery,North,Organic Search,Mobile,Completed
ORD003720,CUST00410,2026-06-25,P0022,Water Bottle,Sports,2,1999,0.15,0,Wallet,South,Email,Mobile,Returned
ORD003721,CUST00432,2026-04-10,P0003,Phone Case,Electronics,1,999,0.05,49,UPI,Central,Email,Desktop,Cancelled
ORD003722,CUST00010,2025-12-30,P0001,Bluetooth Speaker,Electronics,3,299,0.2,0,Cash on Delivery,North,Email,Mobile,Completed
ORD003723,CUST00765,2026-06-03,P0024,Running Shoes,Sports,1,1999,0.0,0,Wallet,South,Social Media,Mobile,Completed
ORD003724,CUST00456,2026-04-30,P0013,Storage Box,Home,1,699,0.1,49,Wallet,West,Direct,Desktop,Returned
ORD003725,CUST00467,2026-06-07,P0018,Sunscreen,Beauty,3,699,0.0,0,Credit Card,Central,Organic Search,Mobile,Cancelled
ORD003726,CUST00174,2026-03-23,P0012,Coffee Mug,Home,1,999,0.0,0,Wallet,Central,Organic Search,Desktop,Cancelled
ORD003727,CUST00596,2026-04-13,P0012,Coffee Mug,Home,1,399,0.1,79,Debit Card,West,Social Media,Desktop,Cancelled
ORD003728,CUST00581,2025-12-24,P0000,Wireless Earbuds,Electronics,4,699,0.1,79,Wallet,South,Referral,Mobile,Completed
ORD003729,CUST00077,2026-01-12,P0007,Denim Jacket,Fashion,3,999,0.0,0,UPI,West,Direct,Desktop,Completed
ORD003730,CUST00470,2025-11-28,P0002,Smart Watch,Electronics,3,1499,0.1,0,Credit Card,East,Email,Desktop,Completed
ORD003731,CUST00521,2025-11-21,P0010,LED Lamp,Home,1,999,0.2,0,UPI,North,Referral,Tablet,Completed
ORD003732,CUST00661,2026-04-15,P0000,Wireless Earbuds,Electronics,1,2499,0.0,99,UPI,Central,Referral,Desktop,Completed
ORD003733,CUST00169,2026-01-07,P0020,Yoga Mat,Sports,2,2499,0.05,99,Credit Card,South,Organic Search,Mobile,Cancelled
ORD003734,CUST00698,2025-10-07,P0007,Denim Jacket,Fashion,2,299,0.0,49,Cash on Delivery,East,Email,Desktop,Completed
ORD003735,CUST00368,2025-09-01,P0018,Sunscreen,Beauty,2,299,0.05,99,Cash on Delivery,South,Referral,Desktop,Completed
ORD003736,CUST00078,2026-06-29,P0001,Bluetooth Speaker,Electronics,1,999,0.2,79,Credit Card,West,Paid Ads,Desktop,Returned
ORD003737,CUST00085,2026-01-25,P0000,Wireless Earbuds,Electronics,4,1999,0.1,99,Credit Card,Central,Organic Search,Mobile,Completed
ORD003738,CUST00162,2026-03-18,P0010,LED Lamp,Home,2,999,0.0,99,Credit Card,South,Social Media,Desktop,Cancelled
ORD003739,CUST00228,2026-07-16,P0019,Face Wash,Beauty,4,399,0.15,49,UPI,North,Referral,Mobile,Completed
ORD003740,CUST00395,2025-09-29,P0020,Yoga Mat,Sports,2,999,0.0,49,Wallet,South,Paid Ads,Tablet,Returned
ORD003741,CUST00586,2026-07-28,P0013,Storage Box,Home,2,2499,0.0,79,Debit Card,Central,Email,Mobile,Returned
ORD003742,CUST00148,2026-05-03,P0015,Face Serum,Beauty,1,399,0.1,0,Cash on Delivery,East,Paid Ads,Mobile,Completed
ORD003743,CUST00792,2026-04-10,P0017,Hair Oil,Beauty,3,699,0.0,0,Debit Card,North,Direct,Mobile,Cancelled
ORD003744,CUST00129,2026-01-24,P0016,Lip Balm,Beauty,1,1499,0.2,49,Debit Card,Central,Referral,Tablet,Returned
ORD003745,CUST00473,2026-05-04,P0018,Sunscreen,Beauty,3,699,0.2,0,UPI,East,Organic Search,Desktop,Completed
ORD003746,CUST00738,2025-11-02,P0000,Wireless Earbuds,Electronics,4,299,0.1,49,Cash on Delivery,South,Social Media,Mobile,Returned
ORD003747,CUST00659,2025-12-08,P0010,LED Lamp,Home,2,1499,0.1,99,Debit Card,North,Email,Tablet,Cancelled
ORD003748,CUST00513,2026-08-05,P0020,Yoga Mat,Sports,4,1499,0.0,79,Debit Card,South,Paid Ads,Mobile,Completed
ORD003749,CUST00561,2025-11-28,P0010,LED Lamp,Home,3,1499,0.0,99,Debit Card,South,Email,Mobile,Completed
ORD003750,CUST00106,2026-05-09,P0003,Phone Case,Electronics,1,1499,0.0,99,UPI,East,Social Media,Mobile,Completed
ORD003751,CUST00007,2026-07-25,P0016,Lip Balm,Beauty,1,1499,0.05,0,UPI,North,Organic Search,Mobile,Completed
ORD003752,CUST00351,2026-03-24,P0007,Denim Jacket,Fashion,3,499,0.0,79,Cash on Delivery,North,Email,Mobile,Cancelled
ORD003753,CUST00074,2025-12-06,P0012,Coffee Mug,Home,3,299,0.2,0,Credit Card,North,Organic Search,Mobile,Completed
ORD003754,CUST00294,2026-06-25,P0012,Coffee Mug,Home,1,2499,0.0,99,UPI,East,Paid Ads,Mobile,Completed
ORD003755,CUST00185,2026-06-17,P0017,Hair Oil,Beauty,3,399,0.0,0,Debit Card,West,Organic Search,Mobile,Completed
ORD003756,CUST00732,2026-03-06,P0023,Resistance Band,Sports,4,1999,0.15,0,UPI,Central,Organic Search,Mobile,Completed
ORD003757,CUST00699,2025-09-30,P0017,Hair Oil,Beauty,1,999,0.15,99,Wallet,West,Social Media,Desktop,Cancelled
ORD003758,CUST00647,2026-01-28,P0024,Running Shoes,Sports,4,999,0.0,0,Cash on Delivery,South,Referral,Mobile,Cancelled
ORD003759,CUST00560,2026-01-24,P0000,Wireless Earbuds,Electronics,3,299,0.0,79,UPI,North,Paid Ads,Mobile,Completed
ORD003760,CUST00123,2025-10-28,P0019,Face Wash,Beauty,3,2499,0.0,0,Debit Card,East,Paid Ads,Mobile,Completed
ORD003761,CUST00039,2026-01-13,P0010,LED Lamp,Home,1,999,0.05,0,Cash on Delivery,Central,Direct,Desktop,Completed
ORD003762,CUST00519,2025-10-14,P0018,Sunscreen,Beauty,3,1999,0.2,79,Credit Card,East,Referral,Desktop,Completed
ORD003763,CUST00509,2026-04-29,P0002,Smart Watch,Electronics,2,1999,0.0,79,Credit Card,Central,Paid Ads,Mobile,Returned
ORD003764,CUST00303,2026-01-24,P0013,Storage Box,Home,2,399,0.0,0,Cash on Delivery,North,Organic Search,Desktop,Returned
ORD003765,CUST00375,2026-05-13,P0000,Wireless Earbuds,Electronics,4,2499,0.0,99,Cash on Delivery,East,Direct,Tablet,Completed
ORD003766,CUST00389,2026-02-02,P0016,Lip Balm,Beauty,1,999,0.0,0,UPI,North,Email,Desktop,Completed
ORD003767,CUST00196,2026-05-07,P0005,T-Shirt,Fashion,1,399,0.0,0,Debit Card,Central,Referral,Mobile,Completed
ORD003768,CUST00260,2026-05-14,P0003,Phone Case,Electronics,2,999,0.05,99,Cash on Delivery,North,Email,Desktop,Completed
ORD003769,CUST00341,2025-10-17,P0001,Bluetooth Speaker,Electronics,3,999,0.15,0,Cash on Delivery,North,Referral,Mobile,Completed
ORD003770,CUST00476,2026-01-28,P0006,Sneakers,Fashion,1,1499,0.0,0,Cash on Delivery,Central,Organic Search,Mobile,Completed
ORD003771,CUST00762,2026-05-20,P0023,Resistance Band,Sports,4,499,0.05,0,Wallet,South,Organic Search,Desktop,Completed
ORD003772,CUST00428,2026-03-24,P0024,Running Shoes,Sports,3,2499,0.0,0,UPI,West,Email,Mobile,Cancelled
ORD003773,CUST00575,2025-11-08,P0002,Smart Watch,Electronics,4,399,0.05,0,Debit Card,Central,Direct,Desktop,Returned
ORD003774,CUST00633,2026-06-19,P0024,Running Shoes,Sports,2,699,0.2,0,UPI,West,Social Media,Mobile,Completed
ORD003775,CUST00090,2025-10-31,P0014,Wall Clock,Home,1,1999,0.15,0,UPI,East,Social Media,Mobile,Cancelled
ORD003776,CUST00517,2026-08-17,P0008,Backpack,Fashion,1,299,0.15,0,UPI,East,Social Media,Mobile,Completed
ORD003777,CUST00384,2026-05-05,P0023,Resistance Band,Sports,3,699,0.0,79,Cash on Delivery,East,Organic Search,Desktop,Returned
ORD003778,CUST00455,2025-12-15,P0006,Sneakers,Fashion,3,699,0.15,0,Credit Card,West,Referral,Mobile,Completed
ORD003779,CUST00030,2025-10-30,P0004,Power Bank,Electronics,3,1999,0.2,49,Credit Card,East,Referral,Mobile,Completed
ORD003780,CUST00722,2026-07-15,P0005,T-Shirt,Fashion,4,1999,0.1,0,UPI,North,Referral,Desktop,Cancelled
ORD003781,CUST00761,2026-02-27,P0003,Phone Case,Electronics,4,1999,0.15,79,Debit Card,South,Email,Mobile,Completed
ORD003782,CUST00003,2026-06-10,P0012,Coffee Mug,Home,3,499,0.0,0,Cash on Delivery,Central,Paid Ads,Mobile,Cancelled
ORD003783,CUST00174,2026-06-19,P0003,Phone Case,Electronics,1,699,0.15,49,Cash on Delivery,Central,Social Media,Desktop,Returned
ORD003784,CUST00144,2025-09-13,P0005,T-Shirt,Fashion,3,299,0.15,99,Cash on Delivery,South,Direct,Mobile,Completed
ORD003785,CUST00612,2026-04-26,P0009,Sunglasses,Fashion,4,1999,0.0,0,Debit Card,South,Paid Ads,Mobile,Cancelled
ORD003786,CUST00472,2025-12-19,P0016,Lip Balm,Beauty,4,499,0.05,49,Cash on Delivery,West,Organic Search,Mobile,Completed
ORD003787,CUST00142,2026-07-17,P0021,Dumbbell Set,Sports,4,699,0.0,49,Credit Card,East,Referral,Mobile,Completed
ORD003788,CUST00642,2025-11-07,P0001,Bluetooth Speaker,Electronics,1,1499,0.0,79,Cash on Delivery,Central,Organic Search,Mobile,Completed
ORD003789,CUST00290,2025-09-01,P0015,Face Serum,Beauty,2,1999,0.0,49,Debit Card,Central,Email,Desktop,Completed
ORD003790,CUST00368,2026-04-19,P0002,Smart Watch,Electronics,3,299,0.0,79,Credit Card,South,Organic Search,Mobile,Completed
ORD003791,CUST00319,2026-03-09,P0024,Running Shoes,Sports,1,1999,0.0,79,Cash on Delivery,Central,Organic Search,Mobile,Cancelled
ORD003792,CUST00414,2026-03-10,P0006,Sneakers,Fashion,2,699,0.05,79,UPI,East,Email,Mobile,Completed
ORD003793,CUST00382,2025-11-24,P0021,Dumbbell Set,Sports,1,699,0.0,79,UPI,East,Paid Ads,Tablet,Completed
ORD003794,CUST00221,2026-02-16,P0019,Face Wash,Beauty,1,399,0.0,99,Debit Card,South,Direct,Desktop,Cancelled
ORD003795,CUST00345,2026-08-06,P0008,Backpack,Fashion,1,1499,0.1,0,UPI,South,Direct,Mobile,Completed
ORD003796,CUST00725,2026-05-25,P0008,Backpack,Fashion,4,699,0.0,49,Wallet,South,Email,Desktop,Cancelled
ORD003797,CUST00401,2026-08-14,P0007,Denim Jacket,Fashion,4,299,0.0,99,Credit Card,East,Paid Ads,Mobile,Completed
ORD003798,CUST00732,2025-12-19,P0011,Cushion Cover,Home,2,399,0.0,0,Cash on Delivery,Central,Referral,Mobile,Completed
ORD003799,CUST00438,2026-07-03,P0011,Cushion Cover,Home,1,1499,0.05,99,Wallet,North,Social Media,Mobile,Cancelled
ORD003800,CUST00604,2026-01-06,P0016,Lip Balm,Beauty,2,299,0.05,0,Cash on Delivery,Central,Direct,Desktop,Returned
ORD003801,CUST00237,2026-07-27,P0011,Cushion Cover,Home,2,999,0.0,79,Credit Card,East,Paid Ads,Mobile,Returned
ORD003802,CUST00620,2026-07-01,P0019,Face Wash,Beauty,1,1499,0.0,0,Cash on Delivery,North,Organic Search,Mobile,Completed
ORD003803,CUST00214,2025-10-19,P0011,Cushion Cover,Home,3,2499,0.05,79,Cash on Delivery,North,Direct,Desktop,Completed
ORD003804,CUST00014,2026-08-09,P0007,Denim Jacket,Fashion,4,399,0.05,99,Debit Card,South,Paid Ads,Desktop,Cancelled
ORD003805,CUST00129,2026-03-29,P0008,Backpack,Fashion,4,499,0.15,99,UPI,Central,Email,Desktop,Cancelled
ORD003806,CUST00016,2026-05-30,P0018,Sunscreen,Beauty,4,399,0.0,49,UPI,West,Email,Desktop,Returned
ORD003807,CUST00756,2026-03-19,P0003,Phone Case,Electronics,4,2499,0.0,99,Cash on Delivery,Central,Organic Search,Desktop,Cancelled
ORD003808,CUST00800,2025-11-07,P0007,Denim Jacket,Fashion,1,999,0.1,0,Debit Card,East,Paid Ads,Mobile,Completed
ORD003809,CUST00595,2026-08-14,P0007,Denim Jacket,Fashion,3,2499,0.2,0,Cash on Delivery,West,Paid Ads,Mobile,Completed
ORD003810,CUST00087,2025-09-30,P0016,Lip Balm,Beauty,3,299,0.0,0,UPI,North,Organic Search,Desktop,Completed
ORD003811,CUST00716,2026-06-11,P0003,Phone Case,Electronics,1,1499,0.0,79,Credit Card,North,Referral,Mobile,Cancelled
ORD003812,CUST00584,2025-11-04,P0011,Cushion Cover,Home,1,299,0.0,99,Debit Card,South,Organic Search,Desktop,Completed
ORD003813,CUST00273,2026-06-02,P0016,Lip Balm,Beauty,3,299,0.05,99,Credit Card,South,Direct,Mobile,Completed
ORD003814,CUST00400,2026-01-21,P0023,Resistance Band,Sports,3,699,0.1,49,Cash on Delivery,East,Social Media,Mobile,Returned
ORD003815,CUST00524,2025-11-14,P0010,LED Lamp,Home,1,499,0.0,0,UPI,East,Paid Ads,Mobile,Returned
ORD003816,CUST00019,2025-11-14,P0024,Running Shoes,Sports,2,499,0.1,0,UPI,East,Email,Desktop,Completed
ORD003817,CUST00400,2025-12-14,P0015,Face Serum,Beauty,1,299,0.0,79,Debit Card,East,Referral,Mobile,Completed
ORD003818,CUST00576,2026-07-14,P0019,Face Wash,Beauty,1,999,0.0,99,Wallet,North,Email,Desktop,Completed
ORD003819,CUST00151,2026-05-27,P0006,Sneakers,Fashion,3,499,0.2,99,Cash on Delivery,North,Organic Search,Mobile,Completed
ORD003820,CUST00358,2026-04-21,P0022,Water Bottle,Sports,3,2499,0.05,79,Cash on Delivery,North,Direct,Desktop,Completed
ORD003821,CUST00422,2026-04-06,P0006,Sneakers,Fashion,4,1999,0.0,99,Cash on Delivery,North,Direct,Desktop,Completed
ORD003822,CUST00580,2026-01-19,P0003,Phone Case,Electronics,4,699,0.15,49,Debit Card,East,Referral,Tablet,Completed
ORD003823,CUST00770,2026-07-15,P0001,Bluetooth Speaker,Electronics,1,1999,0.15,0,Wallet,South,Paid Ads,Mobile,Completed
ORD003824,CUST00673,2025-11-27,P0016,Lip Balm,Beauty,2,999,0.0,49,Wallet,East,Referral,Mobile,Completed
ORD003825,CUST00490,2026-07-30,P0015,Face Serum,Beauty,4,699,0.2,0,Debit Card,Central,Social Media,Mobile,Cancelled
ORD003826,CUST00463,2026-01-05,P0004,Power Bank,Electronics,1,2499,0.05,79,Cash on Delivery,Central,Social Media,Mobile,Cancelled
ORD003827,CUST00476,2025-12-22,P0021,Dumbbell Set,Sports,4,999,0.0,0,Cash on Delivery,Central,Email,Desktop,Cancelled
ORD003828,CUST00434,2026-02-09,P0006,Sneakers,Fashion,4,699,0.05,0,Cash on Delivery,East,Email,Mobile,Completed
ORD003829,CUST00048,2026-05-20,P0015,Face Serum,Beauty,1,999,0.0,0,Cash on Delivery,North,Paid Ads,Tablet,Completed
ORD003830,CUST00550,2026-05-07,P0013,Storage Box,Home,1,1999,0.15,99,Credit Card,West,Paid Ads,Mobile,Completed
ORD003831,CUST00561,2026-05-26,P0014,Wall Clock,Home,3,1499,0.0,49,Credit Card,South,Email,Desktop,Completed
ORD003832,CUST00408,2025-09-21,P0018,Sunscreen,Beauty,2,999,0.05,79,Wallet,West,Referral,Desktop,Completed
ORD003833,CUST00689,2025-10-17,P0023,Resistance Band,Sports,4,399,0.0,49,Wallet,Central,Paid Ads,Tablet,Completed
ORD003834,CUST00531,2026-06-25,P0018,Sunscreen,Beauty,3,1499,0.2,79,UPI,South,Email,Mobile,Completed
ORD003835,CUST00298,2026-08-13,P0022,Water Bottle,Sports,3,699,0.0,49,Credit Card,Central,Paid Ads,Desktop,Cancelled
ORD003836,CUST00014,2025-10-05,P0021,Dumbbell Set,Sports,1,2499,0.1,79,Debit Card,South,Paid Ads,Mobile,Completed
ORD003837,CUST00048,2026-07-16,P0008,Backpack,Fashion,2,2499,0.0,0,Credit Card,North,Direct,Mobile,Completed
ORD003838,CUST00288,2025-11-23,P0013,Storage Box,Home,1,299,0.05,99,Credit Card,Central,Direct,Desktop,Completed
ORD003839,CUST00369,2026-08-12,P0004,Power Bank,Electronics,1,2499,0.05,49,Credit Card,East,Social Media,Mobile,Completed
ORD003840,CUST00132,2026-08-17,P0023,Resistance Band,Sports,1,2499,0.0,0,UPI,South,Social Media,Desktop,Completed
ORD003841,CUST00152,2026-04-09,P0024,Running Shoes,Sports,4,2499,0.05,99,UPI,West,Social Media,Mobile,Returned
ORD003842,CUST00190,2025-10-28,P0022,Water Bottle,Sports,1,699,0.1,0,Debit Card,East,Referral,Mobile,Returned
ORD003843,CUST00612,2026-06-03,P0018,Sunscreen,Beauty,3,499,0.0,49,UPI,South,Referral,Desktop,Completed
ORD003844,CUST00606,2025-09-25,P0021,Dumbbell Set,Sports,3,999,0.0,79,Wallet,South,Organic Search,Mobile,Completed
ORD003845,CUST00315,2025-12-19,P0019,Face Wash,Beauty,1,2499,0.0,0,Credit Card,West,Direct,Desktop,Completed
ORD003846,CUST00138,2026-04-10,P0005,T-Shirt,Fashion,4,699,0.0,0,Debit Card,North,Social Media,Tablet,Completed
ORD003847,CUST00088,2025-09-13,P0006,Sneakers,Fashion,3,2499,0.0,0,Debit Card,Central,Email,Mobile,Completed
ORD003848,CUST00071,2026-01-10,P0013,Storage Box,Home,1,499,0.0,79,Credit Card,West,Referral,Mobile,Cancelled
ORD003849,CUST00322,2026-06-06,P0010,LED Lamp,Home,1,1999,0.1,49,Credit Card,Central,Social Media,Mobile,Cancelled
ORD003850,CUST00035,2025-09-22,P0018,Sunscreen,Beauty,3,299,0.1,49,Wallet,East,Social Media,Mobile,Completed
ORD003851,CUST00274,2025-12-31,P0018,Sunscreen,Beauty,3,1999,0.2,49,Cash on Delivery,Central,Email,Desktop,Completed
ORD003852,CUST00767,2025-08-21,P0024,Running Shoes,Sports,2,2499,0.15,0,Credit Card,South,Paid Ads,Tablet,Returned
ORD003853,CUST00403,2026-04-17,P0019,Face Wash,Beauty,2,1499,0.0,99,Wallet,North,Paid Ads,Mobile,Cancelled
ORD003854,CUST00649,2025-09-17,P0000,Wireless Earbuds,Electronics,1,999,0.2,0,Debit Card,West,Email,Mobile,Completed
ORD003855,CUST00103,2025-11-30,P0008,Backpack,Fashion,1,699,0.2,99,Credit Card,North,Paid Ads,Mobile,Returned
ORD003856,CUST00215,2026-02-26,P0008,Backpack,Fashion,3,1999,0.0,79,Debit Card,South,Email,Mobile,Completed
ORD003857,CUST00755,2025-11-06,P0015,Face Serum,Beauty,2,399,0.0,0,Cash on Delivery,Central,Paid Ads,Mobile,Cancelled
ORD003858,CUST00315,2025-11-12,P0008,Backpack,Fashion,2,499,0.2,0,Debit Card,West,Organic Search,Tablet,Returned
ORD003859,CUST00513,2026-06-20,P0024,Running Shoes,Sports,2,399,0.2,49,Wallet,South,Organic Search,Mobile,Completed
ORD003860,CUST00780,2026-05-30,P0007,Denim Jacket,Fashion,3,499,0.15,0,UPI,South,Paid Ads,Desktop,Completed
ORD003861,CUST00439,2025-09-18,P0010,LED Lamp,Home,2,999,0.05,99,UPI,West,Organic Search,Mobile,Completed
ORD003862,CUST00252,2026-06-28,P0020,Yoga Mat,Sports,2,499,0.2,49,Cash on Delivery,North,Paid Ads,Desktop,Returned
ORD003863,CUST00421,2026-02-06,P0009,Sunglasses,Fashion,2,699,0.15,99,Cash on Delivery,South,Social Media,Desktop,Cancelled
ORD003864,CUST00043,2025-10-11,P0001,Bluetooth Speaker,Electronics,3,399,0.15,0,Wallet,South,Paid Ads,Desktop,Completed
ORD003865,CUST00089,2026-07-16,P0008,Backpack,Fashion,1,499,0.1,0,Cash on Delivery,Central,Email,Mobile,Completed
ORD003866,CUST00006,2025-12-21,P0008,Backpack,Fashion,4,699,0.0,79,Credit Card,West,Social Media,Mobile,Completed
ORD003867,CUST00702,2025-12-16,P0015,Face Serum,Beauty,3,399,0.15,99,Cash on Delivery,East,Organic Search,Mobile,Completed
ORD003868,CUST00531,2025-10-12,P0017,Hair Oil,Beauty,1,2499,0.2,99,Credit Card,South,Social Media,Mobile,Completed
ORD003869,CUST00242,2026-07-09,P0013,Storage Box,Home,4,2499,0.2,79,Credit Card,Central,Organic Search,Desktop,Returned
ORD003870,CUST00182,2025-12-02,P0010,LED Lamp,Home,4,2499,0.1,79,Cash on Delivery,East,Direct,Tablet,Completed
ORD003871,CUST00539,2026-03-24,P0012,Coffee Mug,Home,1,299,0.0,0,UPI,North,Social Media,Desktop,Completed
ORD003872,CUST00733,2025-11-15,P0003,Phone Case,Electronics,1,699,0.15,79,Debit Card,West,Email,Mobile,Cancelled
ORD003873,CUST00243,2026-07-12,P0004,Power Bank,Electronics,1,1999,0.0,79,Credit Card,Central,Organic Search,Mobile,Cancelled
ORD003874,CUST00267,2026-06-03,P0015,Face Serum,Beauty,1,499,0.0,0,Debit Card,North,Social Media,Desktop,Completed
ORD003875,CUST00678,2026-02-19,P0021,Dumbbell Set,Sports,3,399,0.0,99,Cash on Delivery,East,Direct,Mobile,Cancelled
ORD003876,CUST00709,2025-12-24,P0013,Storage Box,Home,1,999,0.0,99,Credit Card,South,Paid Ads,Mobile,Completed
ORD003877,CUST00730,2026-04-16,P0001,Bluetooth Speaker,Electronics,2,299,0.05,99,Cash on Delivery,South,Referral,Mobile,Cancelled
ORD003878,CUST00237,2026-02-16,P0024,Running Shoes,Sports,4,999,0.0,99,Wallet,East,Social Media,Desktop,Completed
ORD003879,CUST00096,2026-07-29,P0008,Backpack,Fashion,3,699,0.0,49,Debit Card,South,Organic Search,Mobile,Completed
ORD003880,CUST00355,2026-04-22,P0018,Sunscreen,Beauty,3,1499,0.05,99,Wallet,East,Paid Ads,Tablet,Completed
ORD003881,CUST00238,2025-08-29,P0022,Water Bottle,Sports,1,1499,0.05,0,UPI,East,Social Media,Mobile,Completed
ORD003882,CUST00702,2026-06-16,P0024,Running Shoes,Sports,4,999,0.0,0,Debit Card,East,Referral,Desktop,Completed
ORD003883,CUST00030,2025-10-29,P0002,Smart Watch,Electronics,1,999,0.05,79,UPI,East,Social Media,Desktop,Completed
ORD003884,CUST00501,2025-12-07,P0004,Power Bank,Electronics,3,299,0.2,0,Credit Card,West,Paid Ads,Desktop,Completed
ORD003885,CUST00722,2026-01-26,P0016,Lip Balm,Beauty,3,2499,0.0,99,Cash on Delivery,North,Social Media,Mobile,Returned
ORD003886,CUST00781,2025-11-04,P0019,Face Wash,Beauty,2,299,0.0,0,Wallet,Central,Referral,Mobile,Completed
ORD003887,CUST00514,2026-07-29,P0020,Yoga Mat,Sports,4,2499,0.15,0,Credit Card,Central,Referral,Mobile,Cancelled
ORD003888,CUST00758,2026-08-12,P0013,Storage Box,Home,4,2499,0.0,0,Credit Card,Central,Email,Mobile,Cancelled
ORD003889,CUST00061,2025-10-15,P0003,Phone Case,Electronics,1,1499,0.15,49,UPI,East,Referral,Mobile,Completed
ORD003890,CUST00295,2025-12-14,P0017,Hair Oil,Beauty,4,1499,0.0,0,UPI,North,Direct,Desktop,Returned
ORD003891,CUST00006,2026-01-02,P0016,Lip Balm,Beauty,1,299,0.15,99,Wallet,West,Social Media,Mobile,Completed
ORD003892,CUST00784,2026-04-21,P0011,Cushion Cover,Home,4,2499,0.0,99,Cash on Delivery,Central,Referral,Tablet,Completed
ORD003893,CUST00719,2026-03-26,P0015,Face Serum,Beauty,4,999,0.0,79,Credit Card,West,Organic Search,Desktop,Completed
ORD003894,CUST00022,2026-04-24,P0005,T-Shirt,Fashion,3,499,0.0,0,Debit Card,East,Direct,Desktop,Completed
ORD003895,CUST00013,2025-08-31,P0020,Yoga Mat,Sports,4,1499,0.0,0,UPI,East,Email,Desktop,Completed
ORD003896,CUST00301,2026-02-23,P0001,Bluetooth Speaker,Electronics,4,999,0.15,0,Debit Card,West,Email,Mobile,Completed
ORD003897,CUST00211,2025-11-04,P0020,Yoga Mat,Sports,3,499,0.1,79,Cash on Delivery,North,Referral,Mobile,Completed
ORD003898,CUST00670,2025-11-11,P0020,Yoga Mat,Sports,1,499,0.2,99,Wallet,South,Paid Ads,Mobile,Completed
ORD003899,CUST00129,2026-05-29,P0017,Hair Oil,Beauty,2,299,0.1,99,Debit Card,Central,Paid Ads,Tablet,Cancelled
ORD003900,CUST00620,2025-10-10,P0020,Yoga Mat,Sports,4,2499,0.0,99,Wallet,North,Email,Mobile,Completed
ORD003901,CUST00443,2025-08-31,P0022,Water Bottle,Sports,1,1499,0.0,79,UPI,North,Direct,Mobile,Completed
ORD003902,CUST00311,2026-02-13,P0004,Power Bank,Electronics,4,499,0.0,0,UPI,East,Organic Search,Desktop,Completed
ORD003903,CUST00115,2026-05-15,P0013,Storage Box,Home,1,1499,0.2,0,Wallet,West,Social Media,Mobile,Returned
ORD003904,CUST00798,2026-02-22,P0016,Lip Balm,Beauty,3,1499,0.15,0,UPI,East,Social Media,Tablet,Completed
ORD003905,CUST00487,2025-10-17,P0023,Resistance Band,Sports,3,399,0.15,0,Wallet,Central,Direct,Tablet,Completed
ORD003906,CUST00355,2026-05-29,P0018,Sunscreen,Beauty,1,399,0.0,99,UPI,East,Referral,Mobile,Completed
ORD003907,CUST00304,2026-01-06,P0014,Wall Clock,Home,2,399,0.05,49,UPI,East,Organic Search,Desktop,Returned
ORD003908,CUST00722,2026-05-06,P0013,Storage Box,Home,1,299,0.1,99,UPI,North,Email,Mobile,Completed
ORD003909,CUST00648,2025-11-01,P0003,Phone Case,Electronics,2,1999,0.2,99,UPI,South,Direct,Mobile,Completed
ORD003910,CUST00638,2026-07-18,P0007,Denim Jacket,Fashion,4,399,0.1,79,Debit Card,East,Paid Ads,Desktop,Returned
ORD003911,CUST00485,2025-12-01,P0010,LED Lamp,Home,1,1999,0.0,0,Credit Card,West,Referral,Mobile,Completed
ORD003912,CUST00705,2026-08-09,P0022,Water Bottle,Sports,4,999,0.15,49,Debit Card,East,Referral,Tablet,Returned
ORD003913,CUST00244,2026-01-04,P0021,Dumbbell Set,Sports,3,299,0.2,49,Debit Card,Central,Paid Ads,Tablet,Completed
ORD003914,CUST00553,2026-05-12,P0016,Lip Balm,Beauty,3,1999,0.0,79,Debit Card,East,Organic Search,Desktop,Completed
ORD003915,CUST00329,2026-02-19,P0002,Smart Watch,Electronics,2,399,0.0,49,UPI,South,Email,Mobile,Returned
ORD003916,CUST00473,2025-09-16,P0018,Sunscreen,Beauty,4,2499,0.2,79,UPI,East,Referral,Mobile,Completed
ORD003917,CUST00799,2025-09-24,P0011,Cushion Cover,Home,2,299,0.2,0,Debit Card,West,Direct,Mobile,Completed
ORD003918,CUST00786,2026-01-14,P0016,Lip Balm,Beauty,3,999,0.2,0,Debit Card,South,Direct,Mobile,Completed
ORD003919,CUST00408,2025-10-29,P0010,LED Lamp,Home,1,499,0.2,99,Debit Card,West,Direct,Mobile,Cancelled
ORD003920,CUST00455,2026-03-30,P0018,Sunscreen,Beauty,4,999,0.0,49,UPI,West,Organic Search,Mobile,Completed
ORD003921,CUST00713,2025-10-09,P0005,T-Shirt,Fashion,3,1999,0.0,99,UPI,West,Organic Search,Desktop,Returned
ORD003922,CUST00786,2026-03-23,P0003,Phone Case,Electronics,1,1999,0.05,99,Wallet,South,Organic Search,Mobile,Cancelled
ORD003923,CUST00611,2025-11-02,P0005,T-Shirt,Fashion,3,499,0.1,0,UPI,South,Referral,Mobile,Returned
ORD003924,CUST00052,2025-10-25,P0023,Resistance Band,Sports,1,299,0.0,79,Cash on Delivery,North,Referral,Desktop,Cancelled
ORD003925,CUST00268,2025-12-31,P0001,Bluetooth Speaker,Electronics,2,499,0.0,0,UPI,West,Referral,Mobile,Cancelled
ORD003926,CUST00713,2026-03-20,P0007,Denim Jacket,Fashion,3,1999,0.0,0,Wallet,West,Organic Search,Mobile,Completed
ORD003927,CUST00602,2026-01-12,P0008,Backpack,Fashion,4,999,0.1,0,UPI,Central,Referral,Mobile,Cancelled
ORD003928,CUST00583,2025-12-25,P0020,Yoga Mat,Sports,2,1999,0.2,79,Wallet,East,Referral,Mobile,Completed
ORD003929,CUST00528,2025-12-22,P0008,Backpack,Fashion,1,699,0.15,0,UPI,Central,Direct,Mobile,Completed
ORD003930,CUST00339,2025-12-21,P0022,Water Bottle,Sports,2,999,0.0,79,Credit Card,North,Social Media,Mobile,Completed
ORD003931,CUST00329,2026-01-14,P0024,Running Shoes,Sports,4,299,0.0,0,Wallet,South,Organic Search,Mobile,Returned
ORD003932,CUST00636,2026-06-20,P0016,Lip Balm,Beauty,4,299,0.0,0,Wallet,North,Social Media,Mobile,Cancelled
ORD003933,CUST00237,2026-03-18,P0008,Backpack,Fashion,1,1499,0.15,0,UPI,East,Paid Ads,Mobile,Completed
ORD003934,CUST00540,2026-01-21,P0014,Wall Clock,Home,1,399,0.0,0,UPI,East,Email,Desktop,Completed
ORD003935,CUST00570,2026-05-20,P0016,Lip Balm,Beauty,4,499,0.1,0,Credit Card,Central,Referral,Desktop,Completed
ORD003936,CUST00668,2026-02-28,P0002,Smart Watch,Electronics,3,499,0.1,0,Cash on Delivery,North,Social Media,Mobile,Cancelled
ORD003937,CUST00265,2026-08-01,P0020,Yoga Mat,Sports,3,1499,0.1,49,Wallet,East,Organic Search,Tablet,Completed
ORD003938,CUST00583,2026-03-13,P0010,LED Lamp,Home,1,2499,0.2,99,Cash on Delivery,East,Social Media,Desktop,Cancelled
ORD003939,CUST00085,2025-11-06,P0021,Dumbbell Set,Sports,2,1999,0.1,49,UPI,Central,Direct,Desktop,Completed
ORD003940,CUST00109,2026-03-13,P0015,Face Serum,Beauty,4,1499,0.1,0,Debit Card,Central,Email,Mobile,Completed
ORD003941,CUST00341,2026-05-29,P0021,Dumbbell Set,Sports,1,1999,0.05,79,Debit Card,North,Organic Search,Mobile,Completed
ORD003942,CUST00043,2025-11-05,P0002,Smart Watch,Electronics,1,999,0.1,99,Cash on Delivery,South,Social Media,Mobile,Returned
ORD003943,CUST00756,2025-11-01,P0001,Bluetooth Speaker,Electronics,2,399,0.0,49,Credit Card,Central,Social Media,Mobile,Completed
ORD003944,CUST00719,2026-03-26,P0002,Smart Watch,Electronics,3,699,0.0,49,Wallet,West,Organic Search,Tablet,Cancelled
ORD003945,CUST00039,2026-07-08,P0021,Dumbbell Set,Sports,4,2499,0.0,79,Credit Card,Central,Social Media,Tablet,Completed
ORD003946,CUST00662,2025-12-20,P0024,Running Shoes,Sports,3,1999,0.15,99,Wallet,West,Direct,Mobile,Completed
ORD003947,CUST00404,2026-02-20,P0024,Running Shoes,Sports,2,499,0.1,0,UPI,West,Organic Search,Tablet,Completed
ORD003948,CUST00552,2026-04-16,P0008,Backpack,Fashion,2,499,0.0,99,UPI,East,Email,Desktop,Completed
ORD003949,CUST00704,2026-04-19,P0006,Sneakers,Fashion,1,2499,0.15,99,Wallet,North,Email,Desktop,Cancelled
ORD003950,CUST00458,2025-10-12,P0008,Backpack,Fashion,2,299,0.05,99,Debit Card,Central,Direct,Tablet,Completed
ORD003951,CUST00093,2026-01-11,P0020,Yoga Mat,Sports,1,2499,0.0,49,UPI,North,Paid Ads,Mobile,Returned
ORD003952,CUST00003,2026-08-17,P0006,Sneakers,Fashion,1,1499,0.1,99,Cash on Delivery,Central,Email,Mobile,Completed
ORD003953,CUST00395,2026-07-10,P0013,Storage Box,Home,3,1999,0.0,0,UPI,South,Direct,Desktop,Returned
ORD003954,CUST00757,2026-05-28,P0016,Lip Balm,Beauty,2,499,0.2,49,Credit Card,East,Email,Mobile,Completed
ORD003955,CUST00455,2025-08-28,P0009,Sunglasses,Fashion,3,1499,0.15,99,Cash on Delivery,West,Referral,Desktop,Completed
ORD003956,CUST00306,2026-01-19,P0011,Cushion Cover,Home,1,499,0.15,0,UPI,South,Paid Ads,Desktop,Completed
ORD003957,CUST00025,2025-09-07,P0016,Lip Balm,Beauty,3,299,0.1,79,UPI,South,Organic Search,Desktop,Cancelled
ORD003958,CUST00731,2025-12-07,P0019,Face Wash,Beauty,1,699,0.1,0,Credit Card,East,Referral,Mobile,Cancelled
ORD003959,CUST00271,2026-07-01,P0004,Power Bank,Electronics,3,2499,0.15,49,Credit Card,North,Direct,Desktop,Completed
ORD003960,CUST00554,2026-01-08,P0012,Coffee Mug,Home,3,399,0.05,79,Debit Card,West,Social Media,Mobile,Completed
ORD003961,CUST00546,2025-10-20,P0003,Phone Case,Electronics,2,399,0.15,99,Cash on Delivery,East,Email,Desktop,Returned
ORD003962,CUST00206,2026-05-10,P0000,Wireless Earbuds,Electronics,1,2499,0.0,0,Wallet,East,Referral,Mobile,Completed
ORD003963,CUST00051,2026-05-24,P0016,Lip Balm,Beauty,4,2499,0.1,79,UPI,South,Referral,Desktop,Completed
ORD003964,CUST00317,2026-04-16,P0012,Coffee Mug,Home,1,1999,0.05,49,Wallet,North,Direct,Desktop,Returned
ORD003965,CUST00263,2026-06-11,P0006,Sneakers,Fashion,1,2499,0.0,0,Debit Card,West,Email,Mobile,Cancelled
ORD003966,CUST00552,2026-05-03,P0001,Bluetooth Speaker,Electronics,2,2499,0.1,0,Cash on Delivery,East,Direct,Mobile,Completed
ORD003967,CUST00647,2026-04-08,P0023,Resistance Band,Sports,4,2499,0.0,0,Debit Card,South,Email,Mobile,Completed
ORD003968,CUST00183,2026-07-10,P0020,Yoga Mat,Sports,2,2499,0.1,79,Wallet,West,Social Media,Desktop,Completed
ORD003969,CUST00418,2025-12-16,P0023,Resistance Band,Sports,2,1499,0.05,0,UPI,Central,Direct,Desktop,Returned
ORD003970,CUST00032,2026-02-02,P0002,Smart Watch,Electronics,3,499,0.1,0,Wallet,North,Organic Search,Desktop,Returned
ORD003971,CUST00175,2026-03-13,P0000,Wireless Earbuds,Electronics,2,699,0.1,0,Credit Card,East,Direct,Mobile,Cancelled
ORD003972,CUST00594,2026-04-21,P0005,T-Shirt,Fashion,3,699,0.0,0,Cash on Delivery,West,Paid Ads,Mobile,Completed
ORD003973,CUST00622,2026-02-09,P0002,Smart Watch,Electronics,2,999,0.1,0,Debit Card,North,Email,Mobile,Returned
ORD003974,CUST00610,2026-01-28,P0011,Cushion Cover,Home,3,1499,0.0,49,UPI,West,Email,Mobile,Completed
ORD003975,CUST00112,2025-10-19,P0016,Lip Balm,Beauty,2,399,0.15,99,Wallet,East,Paid Ads,Desktop,Completed
ORD003976,CUST00439,2026-04-09,P0004,Power Bank,Electronics,2,299,0.0,49,Wallet,West,Paid Ads,Mobile,Completed
ORD003977,CUST00345,2025-10-04,P0009,Sunglasses,Fashion,2,999,0.0,79,UPI,South,Paid Ads,Mobile,Completed
ORD003978,CUST00791,2026-02-09,P0013,Storage Box,Home,2,2499,0.1,99,Cash on Delivery,Central,Organic Search,Desktop,Cancelled
ORD003979,CUST00519,2026-01-16,P0007,Denim Jacket,Fashion,4,1999,0.0,99,Cash on Delivery,East,Referral,Mobile,Completed
ORD003980,CUST00744,2026-05-30,P0011,Cushion Cover,Home,2,299,0.2,79,Wallet,North,Email,Desktop,Cancelled
ORD003981,CUST00114,2026-02-09,P0014,Wall Clock,Home,4,999,0.0,0,Credit Card,South,Direct,Mobile,Completed
ORD003982,CUST00362,2025-08-21,P0023,Resistance Band,Sports,3,999,0.05,79,Wallet,West,Organic Search,Mobile,Completed
ORD003983,CUST00606,2026-02-20,P0007,Denim Jacket,Fashion,3,699,0.2,79,UPI,South,Referral,Mobile,Completed
ORD003984,CUST00301,2025-11-06,P0002,Smart Watch,Electronics,2,1499,0.1,0,UPI,West,Paid Ads,Mobile,Completed
ORD003985,CUST00499,2026-01-05,P0021,Dumbbell Set,Sports,2,699,0.1,0,Cash on Delivery,North,Social Media,Desktop,Cancelled
ORD003986,CUST00407,2025-12-06,P0014,Wall Clock,Home,4,2499,0.1,0,UPI,South,Email,Desktop,Returned
ORD003987,CUST00792,2025-10-19,P0011,Cushion Cover,Home,1,2499,0.1,0,Cash on Delivery,North,Direct,Mobile,Cancelled
ORD003988,CUST00139,2026-07-31,P0018,Sunscreen,Beauty,3,1499,0.0,79,Wallet,North,Organic Search,Desktop,Completed
ORD003989,CUST00744,2025-11-20,P0024,Running Shoes,Sports,4,699,0.0,99,Credit Card,North,Referral,Mobile,Returned
ORD003990,CUST00328,2026-02-21,P0003,Phone Case,Electronics,3,999,0.0,0,Wallet,West,Organic Search,Desktop,Cancelled
ORD003991,CUST00372,2026-06-18,P0021,Dumbbell Set,Sports,1,2499,0.0,49,UPI,Central,Email,Mobile,Returned
ORD003992,CUST00419,2025-12-30,P0015,Face Serum,Beauty,3,499,0.0,99,UPI,East,Paid Ads,Desktop,Completed
ORD003993,CUST00215,2026-07-28,P0014,Wall Clock,Home,1,1999,0.1,0,Debit Card,South,Referral,Desktop,Cancelled
ORD003994,CUST00770,2026-01-14,P0021,Dumbbell Set,Sports,4,999,0.2,99,Credit Card,South,Email,Desktop,Completed
ORD003995,CUST00728,2026-07-31,P0007,Denim Jacket,Fashion,2,299,0.05,0,Wallet,South,Referral,Mobile,Cancelled
ORD003996,CUST00778,2026-01-31,P0019,Face Wash,Beauty,2,1499,0.0,0,Debit Card,South,Referral,Mobile,Returned
ORD003997,CUST00798,2025-08-25,P0014,Wall Clock,Home,4,399,0.1,0,Credit Card,East,Paid Ads,Mobile,Completed
ORD003998,CUST00529,2026-07-02,P0023,Resistance Band,Sports,2,999,0.05,79,UPI,North,Paid Ads,Desktop,Cancelled
ORD003999,CUST00363,2026-07-01,P0011,Cushion Cover,Home,1,2499,0.15,49,Wallet,North,Organic Search,Desktop,Returned
ORD004000,CUST00675,2026-08-06,P0018,Sunscreen,Beauty,4,1999,0.0,49,Debit Card,South,Direct,Desktop,Completed
ORD004001,CUST00019,2025-10-04,P0012,Coffee Mug,Home,3,1499,0.05,49,Debit Card,East,Organic Search,Mobile,Cancelled
ORD004002,CUST00661,2026-06-24,P0009,Sunglasses,Fashion,3,299,0.1,0,UPI,Central,Paid Ads,Mobile,Cancelled
ORD004003,CUST00395,2025-12-22,P0009,Sunglasses,Fashion,1,1999,0.1,79,Cash on Delivery,South,Referral,Mobile,Completed
ORD004004,CUST00532,2026-06-23,P0023,Resistance Band,Sports,2,499,0.0,49,Credit Card,Central,Email,Desktop,Completed
ORD004005,CUST00307,2026-08-06,P0020,Yoga Mat,Sports,2,299,0.1,79,Cash on Delivery,East,Social Media,Mobile,Completed
ORD004006,CUST00301,2025-10-31,P0005,T-Shirt,Fashion,2,2499,0.2,79,Credit Card,West,Organic Search,Tablet,Completed
ORD004007,CUST00025,2026-01-02,P0021,Dumbbell Set,Sports,3,399,0.0,79,UPI,South,Referral,Mobile,Completed
ORD004008,CUST00345,2025-11-26,P0014,Wall Clock,Home,1,499,0.0,99,Cash on Delivery,South,Referral,Desktop,Completed
ORD004009,CUST00331,2025-12-09,P0002,Smart Watch,Electronics,2,399,0.05,49,Cash on Delivery,Central,Organic Search,Mobile,Completed
ORD004010,CUST00185,2026-03-25,P0019,Face Wash,Beauty,4,999,0.2,0,UPI,West,Direct,Desktop,Completed
ORD004011,CUST00200,2026-01-17,P0004,Power Bank,Electronics,3,1999,0.2,79,UPI,East,Paid Ads,Desktop,Completed
ORD004012,CUST00464,2026-04-16,P0021,Dumbbell Set,Sports,2,999,0.1,79,Wallet,West,Direct,Mobile,Completed
ORD004013,CUST00264,2026-04-23,P0011,Cushion Cover,Home,1,1999,0.05,49,Cash on Delivery,South,Paid Ads,Mobile,Completed
ORD004014,CUST00657,2025-11-01,P0022,Water Bottle,Sports,1,2499,0.0,0,Credit Card,East,Organic Search,Tablet,Completed
ORD004015,CUST00088,2025-09-05,P0012,Coffee Mug,Home,2,1999,0.05,99,Debit Card,Central,Direct,Desktop,Completed
ORD004016,CUST00459,2026-05-19,P0002,Smart Watch,Electronics,1,399,0.15,0,Debit Card,South,Referral,Mobile,Cancelled
ORD004017,CUST00128,2025-10-25,P0019,Face Wash,Beauty,1,399,0.05,0,Cash on Delivery,East,Direct,Desktop,Completed
ORD004018,CUST00418,2025-10-31,P0018,Sunscreen,Beauty,4,499,0.05,79,Credit Card,Central,Organic Search,Mobile,Completed
ORD004019,CUST00441,2026-03-27,P0007,Denim Jacket,Fashion,4,1499,0.15,0,Credit Card,Central,Social Media,Mobile,Returned
ORD004020,CUST00509,2025-11-23,P0005,T-Shirt,Fashion,3,1999,0.0,79,Credit Card,Central,Email,Desktop,Completed
ORD004021,CUST00347,2025-10-28,P0021,Dumbbell Set,Sports,4,499,0.2,99,Cash on Delivery,North,Direct,Tablet,Completed
ORD004022,CUST00405,2025-12-09,P0019,Face Wash,Beauty,2,1499,0.1,79,Credit Card,South,Direct,Mobile,Completed
ORD004023,CUST00145,2026-02-26,P0007,Denim Jacket,Fashion,3,399,0.1,0,Debit Card,East,Referral,Mobile,Completed
ORD004024,CUST00370,2026-06-24,P0017,Hair Oil,Beauty,4,999,0.1,99,UPI,South,Email,Mobile,Returned
ORD004025,CUST00306,2026-08-15,P0006,Sneakers,Fashion,1,1999,0.1,0,Debit Card,South,Referral,Desktop,Completed
ORD004026,CUST00526,2026-05-14,P0004,Power Bank,Electronics,2,699,0.05,0,Credit Card,East,Direct,Desktop,Cancelled
ORD004027,CUST00351,2026-07-14,P0016,Lip Balm,Beauty,1,399,0.0,0,UPI,North,Paid Ads,Tablet,Completed
ORD004028,CUST00612,2026-03-01,P0020,Yoga Mat,Sports,4,699,0.15,49,Wallet,South,Direct,Mobile,Returned
ORD004029,CUST00346,2026-01-16,P0022,Water Bottle,Sports,4,1999,0.0,79,Debit Card,Central,Organic Search,Mobile,Cancelled
ORD004030,CUST00193,2026-06-15,P0011,Cushion Cover,Home,3,2499,0.1,0,UPI,North,Direct,Desktop,Cancelled
ORD004031,CUST00221,2025-12-08,P0003,Phone Case,Electronics,3,999,0.05,99,UPI,South,Paid Ads,Mobile,Completed
ORD004032,CUST00035,2026-06-12,P0013,Storage Box,Home,2,1499,0.0,99,Debit Card,East,Paid Ads,Mobile,Completed
ORD004033,CUST00430,2026-08-19,P0017,Hair Oil,Beauty,1,699,0.15,0,Credit Card,South,Email,Mobile,Cancelled
ORD004034,CUST00658,2026-01-09,P0024,Running Shoes,Sports,4,2499,0.0,0,Cash on Delivery,West,Social Media,Desktop,Completed
ORD004035,CUST00604,2026-04-08,P0002,Smart Watch,Electronics,4,1999,0.1,79,Cash on Delivery,Central,Email,Desktop,Completed
ORD004036,CUST00354,2026-06-01,P0016,Lip Balm,Beauty,4,2499,0.0,0,UPI,East,Email,Desktop,Returned
ORD004037,CUST00159,2026-06-01,P0012,Coffee Mug,Home,2,1999,0.0,0,Cash on Delivery,Central,Email,Mobile,Returned
ORD004038,CUST00684,2025-11-03,P0014,Wall Clock,Home,1,999,0.1,79,Debit Card,East,Email,Desktop,Cancelled
ORD004039,CUST00046,2026-08-06,P0002,Smart Watch,Electronics,3,2499,0.2,0,Cash on Delivery,North,Paid Ads,Mobile,Returned
ORD004040,CUST00327,2026-02-19,P0000,Wireless Earbuds,Electronics,1,999,0.0,0,UPI,West,Direct,Mobile,Completed
ORD004041,CUST00679,2025-09-04,P0015,Face Serum,Beauty,1,999,0.0,99,Cash on Delivery,North,Referral,Desktop,Cancelled
ORD004042,CUST00323,2025-10-02,P0004,Power Bank,Electronics,4,1499,0.0,79,Wallet,North,Email,Desktop,Completed
ORD004043,CUST00095,2026-05-12,P0015,Face Serum,Beauty,4,399,0.05,79,Cash on Delivery,East,Email,Mobile,Returned
ORD004044,CUST00215,2026-01-22,P0000,Wireless Earbuds,Electronics,2,1999,0.15,99,UPI,South,Direct,Desktop,Completed
ORD004045,CUST00473,2025-09-28,P0020,Yoga Mat,Sports,3,499,0.1,79,Cash on Delivery,East,Organic Search,Desktop,Cancelled
ORD004046,CUST00122,2026-02-25,P0008,Backpack,Fashion,3,1499,0.0,49,Cash on Delivery,East,Organic Search,Desktop,Completed
ORD004047,CUST00519,2026-03-26,P0011,Cushion Cover,Home,1,1999,0.15,79,Wallet,East,Email,Desktop,Completed
ORD004048,CUST00354,2025-09-18,P0008,Backpack,Fashion,1,299,0.0,49,Debit Card,East,Social Media,Desktop,Returned
ORD004049,CUST00275,2025-12-25,P0010,LED Lamp,Home,2,499,0.05,0,Credit Card,East,Direct,Desktop,Returned
ORD004050,CUST00196,2026-02-04,P0013,Storage Box,Home,4,2499,0.15,99,UPI,Central,Referral,Mobile,Completed
ORD004051,CUST00649,2026-05-31,P0016,Lip Balm,Beauty,2,499,0.15,49,Wallet,West,Direct,Mobile,Completed
ORD004052,CUST00326,2026-04-14,P0017,Hair Oil,Beauty,3,1499,0.1,79,Cash on Delivery,West,Paid Ads,Desktop,Completed
ORD004053,CUST00582,2025-09-20,P0024,Running Shoes,Sports,1,999,0.0,49,Wallet,South,Paid Ads,Tablet,Completed
ORD004054,CUST00356,2026-04-01,P0004,Power Bank,Electronics,4,1999,0.15,0,Wallet,West,Organic Search,Desktop,Completed
ORD004055,CUST00075,2026-07-15,P0021,Dumbbell Set,Sports,4,999,0.0,0,UPI,Central,Organic Search,Desktop,Completed
ORD004056,CUST00356,2025-09-08,P0015,Face Serum,Beauty,2,699,0.0,99,Cash on Delivery,West,Direct,Desktop,Completed
ORD004057,CUST00403,2026-08-15,P0007,Denim Jacket,Fashion,1,299,0.05,49,Debit Card,North,Direct,Desktop,Returned
ORD004058,CUST00366,2025-09-23,P0022,Water Bottle,Sports,4,699,0.1,49,Wallet,West,Paid Ads,Mobile,Cancelled
ORD004059,CUST00644,2026-04-04,P0017,Hair Oil,Beauty,4,999,0.0,0,UPI,North,Direct,Mobile,Cancelled
ORD004060,CUST00728,2025-12-26,P0004,Power Bank,Electronics,3,1499,0.2,79,UPI,South,Social Media,Desktop,Completed
ORD004061,CUST00616,2026-05-13,P0004,Power Bank,Electronics,2,1999,0.2,0,Debit Card,South,Referral,Mobile,Completed
ORD004062,CUST00463,2026-06-23,P0016,Lip Balm,Beauty,3,1999,0.0,49,Wallet,Central,Direct,Desktop,Completed
ORD004063,CUST00432,2026-06-26,P0018,Sunscreen,Beauty,2,699,0.0,0,Cash on Delivery,Central,Paid Ads,Tablet,Completed
ORD004064,CUST00510,2026-07-03,P0001,Bluetooth Speaker,Electronics,3,299,0.0,0,UPI,North,Social Media,Desktop,Returned
ORD004065,CUST00233,2026-06-13,P0015,Face Serum,Beauty,4,499,0.0,0,Credit Card,Central,Paid Ads,Desktop,Completed
ORD004066,,2025-12-11,P0013,Storage Box,Home,2,699,0.0,99,Credit Card,Central,Referral,Desktop,Completed
ORD004067,CUST00679,2026-02-05,P0024,Running Shoes,Sports,1,2499,0.2,0,Credit Card,North,Email,Desktop,Completed
ORD004068,CUST00215,2026-05-09,P0018,Sunscreen,Beauty,3,1999,0.2,0,UPI,South,Referral,Desktop,Completed
ORD004069,CUST00719,2025-10-20,P0022,Water Bottle,Sports,4,2499,0.15,0,Credit Card,West,Email,Mobile,Completed
ORD004070,CUST00673,2026-03-18,P0000,Wireless Earbuds,Electronics,1,2499,0.0,99,Debit Card,East,Email,Desktop,Completed
ORD004071,CUST00345,2026-03-01,P0019,Face Wash,Beauty,4,399,0.1,79,Wallet,South,Paid Ads,Mobile,Completed
ORD004072,CUST00726,2026-08-13,P0008,Backpack,Fashion,2,299,0.05,99,Wallet,South,Referral,Desktop,Completed
ORD004073,CUST00096,2025-09-07,P0013,Storage Box,Home,3,999,0.0,0,Wallet,South,Direct,Mobile,Cancelled
ORD004074,CUST00022,2025-09-23,P0021,Dumbbell Set,Sports,3,499,0.05,99,Wallet,East,Paid Ads,Mobile,Completed
ORD004075,CUST00286,2025-08-30,P0021,Dumbbell Set,Sports,1,1999,0.0,0,Credit Card,North,Referral,Mobile,Completed
ORD004076,CUST00450,2026-03-07,P0005,T-Shirt,Fashion,1,699,0.2,0,Cash on Delivery,West,Paid Ads,Desktop,Completed
ORD004077,CUST00287,2026-03-09,P0006,Sneakers,Fashion,4,299,0.0,49,Debit Card,Central,Organic Search,Desktop,Completed
ORD004078,CUST00752,2026-03-24,P0018,Sunscreen,Beauty,3,399,0.0,49,Credit Card,North,Direct,Mobile,Completed
ORD004079,CUST00207,2025-11-16,P0021,Dumbbell Set,Sports,3,499,0.0,0,Cash on Delivery,Central,Direct,Mobile,Completed
ORD004080,CUST00227,2025-12-10,P0015,Face Serum,Beauty,2,299,0.05,0,UPI,West,Email,Tablet,Returned
ORD004081,CUST00501,2026-01-19,P0001,Bluetooth Speaker,Electronics,1,499,0.1,0,Debit Card,West,Direct,Mobile,Returned
ORD004082,CUST00003,2025-09-06,P0004,Power Bank,Electronics,2,999,0.2,0,Debit Card,Central,Paid Ads,Desktop,Completed
ORD004083,CUST00572,2026-05-21,P0018,Sunscreen,Beauty,3,2499,0.0,79,UPI,South,Paid Ads,Desktop,Cancelled
ORD004084,CUST00311,2025-09-08,P0018,Sunscreen,Beauty,3,1499,0.0,0,UPI,East,Social Media,Desktop,Completed
ORD004085,CUST00781,2026-04-20,P0022,Water Bottle,Sports,2,299,0.0,0,Credit Card,Central,Paid Ads,Mobile,Completed
ORD004086,CUST00544,2026-02-01,P0013,Storage Box,Home,1,699,0.1,49,Credit Card,West,Paid Ads,Desktop,Cancelled
ORD004087,CUST00041,2026-08-19,P0010,LED Lamp,Home,1,1999,0.2,49,Cash on Delivery,North,Organic Search,Tablet,Returned
ORD004088,CUST00076,2026-04-29,P0002,Smart Watch,Electronics,4,499,0.0,49,UPI,East,Paid Ads,Mobile,Completed
ORD004089,CUST00072,2026-02-09,P0019,Face Wash,Beauty,3,999,0.2,0,Cash on Delivery,South,Email,Desktop,Returned
ORD004090,CUST00761,2026-05-02,P0023,Resistance Band,Sports,4,2499,0.0,99,Wallet,South,Social Media,Mobile,Returned
ORD004091,CUST00539,2025-10-01,P0001,Bluetooth Speaker,Electronics,1,399,0.2,49,Wallet,North,Social Media,Tablet,Completed
ORD004092,CUST00347,2025-10-25,P0012,Coffee Mug,Home,2,699,0.0,0,Debit Card,North,Referral,Mobile,Completed
ORD004093,CUST00166,2026-02-18,P0008,Backpack,Fashion,2,999,0.2,79,Cash on Delivery,West,Organic Search,Mobile,Completed
ORD004094,CUST00693,2026-06-29,P0018,Sunscreen,Beauty,2,1999,0.0,49,Wallet,South,Referral,Mobile,Completed
ORD004095,CUST00167,2026-06-15,P0019,Face Wash,Beauty,2,1999,0.0,0,Wallet,South,Organic Search,Tablet,Completed
ORD004096,CUST00556,2026-01-04,P0005,T-Shirt,Fashion,1,499,0.0,79,Debit Card,East,Email,Desktop,Returned
ORD004097,CUST00595,2025-12-01,P0023,Resistance Band,Sports,1,699,0.0,0,UPI,West,Organic Search,Mobile,Completed
ORD004098,CUST00238,2026-08-06,P0003,Phone Case,Electronics,4,1999,0.15,0,Debit Card,East,Social Media,Mobile,Completed
ORD004099,CUST00401,2026-03-14,P0019,Face Wash,Beauty,2,1999,0.0,79,Cash on Delivery,East,Referral,Desktop,Completed
ORD004100,CUST00183,2025-10-02,P0018,Sunscreen,Beauty,1,1999,0.05,79,Cash on Delivery,West,Organic Search,Mobile,Completed
ORD004101,CUST00312,2025-11-10,P0004,Power Bank,Electronics,2,1499,0.2,99,Debit Card,East,Email,Desktop,Completed
ORD004102,CUST00771,2026-06-21,P0016,Lip Balm,Beauty,4,499,0.0,79,Credit Card,North,Social Media,Desktop,Completed
ORD004103,CUST00546,2026-07-13,P0006,Sneakers,Fashion,2,499,0.15,0,Debit Card,East,Social Media,Desktop,Completed
ORD004104,CUST00670,2026-07-17,P0006,Sneakers,Fashion,4,1499,0.1,79,Debit Card,South,Email,Desktop,Completed
ORD004105,CUST00430,2025-08-22,P0002,Smart Watch,Electronics,1,499,0.15,79,Credit Card,South,Paid Ads,Desktop,Completed
ORD004106,CUST00195,2026-06-16,P0018,Sunscreen,Beauty,1,1499,0.2,79,Cash on Delivery,North,Direct,Mobile,Returned
ORD004107,CUST00560,2025-09-29,P0020,Yoga Mat,Sports,3,999,0.0,79,UPI,North,Paid Ads,Mobile,Completed
ORD004108,CUST00399,2026-06-11,P0012,Coffee Mug,Home,3,699,0.0,99,Credit Card,Central,Social Media,Mobile,Returned
ORD004109,CUST00141,2026-07-07,P0019,Face Wash,Beauty,4,499,0.0,49,Wallet,South,Social Media,Mobile,Returned
ORD004110,CUST00336,2025-12-29,P0008,Backpack,Fashion,2,1999,0.0,99,Debit Card,East,Referral,Desktop,Returned
ORD004111,CUST00501,2025-10-29,P0014,Wall Clock,Home,1,699,0.0,79,Credit Card,West,Email,Desktop,Completed
ORD004112,CUST00580,2026-05-07,P0019,Face Wash,Beauty,3,499,0.0,0,UPI,East,Referral,Tablet,Cancelled
ORD004113,CUST00198,2025-09-13,P0010,LED Lamp,Home,2,699,0.2,0,UPI,Central,Organic Search,Tablet,Completed
ORD004114,CUST00696,2026-03-19,P0015,Face Serum,Beauty,1,699,0.2,49,Wallet,Central,Organic Search,Mobile,Completed
ORD004115,CUST00312,2025-12-19,P0003,Phone Case,Electronics,1,999,0.1,49,Debit Card,East,Email,Desktop,Returned
ORD004116,CUST00219,2026-01-21,P0012,Coffee Mug,Home,3,2499,0.15,99,Wallet,West,Referral,Desktop,Completed
ORD004117,CUST00159,2026-06-17,P0021,Dumbbell Set,Sports,3,499,0.0,79,Wallet,Central,Paid Ads,Tablet,Completed
ORD004118,CUST00631,2026-08-17,P0019,Face Wash,Beauty,1,399,0.05,0,Wallet,South,Paid Ads,Mobile,Completed
ORD004119,CUST00290,2026-01-13,P0007,Denim Jacket,Fashion,3,2499,0.2,49,Cash on Delivery,Central,Organic Search,Desktop,Completed
ORD004120,CUST00384,2025-12-04,P0013,Storage Box,Home,4,399,0.0,49,Cash on Delivery,East,Referral,Mobile,Cancelled
ORD004121,CUST00183,2026-06-20,P0015,Face Serum,Beauty,4,2499,0.0,99,UPI,West,Organic Search,Mobile,Returned
ORD004122,CUST00541,2026-01-17,P0023,Resistance Band,Sports,2,399,0.05,79,Debit Card,South,Email,Desktop,Cancelled
ORD004123,CUST00612,2025-10-31,P0020,Yoga Mat,Sports,1,499,0.0,0,UPI,South,Social Media,Mobile,Completed
ORD004124,CUST00278,2026-07-15,P0020,Yoga Mat,Sports,3,2499,0.1,0,UPI,West,Social Media,Mobile,Cancelled
ORD004125,CUST00754,2026-08-16,P0018,Sunscreen,Beauty,3,399,0.1,0,Credit Card,South,Direct,Desktop,Cancelled
ORD004126,CUST00025,2025-12-03,P0008,Backpack,Fashion,4,399,0.0,49,Cash on Delivery,South,Social Media,Mobile,Completed
ORD004127,CUST00106,2025-10-16,P0009,Sunglasses,Fashion,3,999,0.0,0,UPI,East,Organic Search,Mobile,Completed
ORD004128,CUST00467,2025-10-14,P0011,Cushion Cover,Home,3,399,0.0,79,Credit Card,Central,Email,Desktop,Completed
ORD004129,CUST00552,2026-03-26,P0010,LED Lamp,Home,3,299,0.05,0,Cash on Delivery,East,Organic Search,Desktop,Cancelled
ORD004130,CUST00203,2025-12-11,P0023,Resistance Band,Sports,3,1499,0.0,0,Cash on Delivery,East,Referral,Desktop,Cancelled
ORD004131,CUST00442,2026-04-04,P0021,Dumbbell Set,Sports,2,2499,0.0,0,UPI,West,Referral,Tablet,Completed
ORD004132,CUST00265,2026-05-24,P0022,Water Bottle,Sports,2,1999,0.1,0,Cash on Delivery,East,Referral,Mobile,Returned
ORD004133,CUST00442,2025-08-22,P0015,Face Serum,Beauty,2,2499,0.2,49,Cash on Delivery,West,Social Media,Mobile,Completed
ORD004134,CUST00521,2026-06-29,P0004,Power Bank,Electronics,2,999,0.2,99,Cash on Delivery,North,Social Media,Mobile,Completed
ORD004135,CUST00778,2025-08-30,P0003,Phone Case,Electronics,4,999,0.0,99,Cash on Delivery,South,Email,Mobile,Completed
ORD004136,CUST00364,2025-09-30,P0006,Sneakers,Fashion,2,2499,0.0,99,Credit Card,West,Referral,Mobile,Completed
ORD004137,CUST00513,2026-05-11,P0016,Lip Balm,Beauty,2,999,0.05,79,Credit Card,South,Direct,Tablet,Cancelled
ORD004138,CUST00459,2026-04-03,P0009,Sunglasses,Fashion,4,299,0.2,49,UPI,South,Social Media,Mobile,Returned
ORD004139,CUST00264,2026-08-12,P0016,Lip Balm,Beauty,1,399,0.1,0,Wallet,South,Direct,Mobile,Completed
ORD004140,CUST00205,2026-03-15,P0021,Dumbbell Set,Sports,2,999,0.05,49,Cash on Delivery,Central,Social Media,Desktop,Cancelled
ORD004141,CUST00788,2026-01-19,P0008,Backpack,Fashion,2,1999,0.2,99,Wallet,East,Direct,Desktop,Returned
ORD004142,CUST00170,2026-04-21,P0023,Resistance Band,Sports,2,999,0.1,0,Debit Card,North,Paid Ads,Desktop,Cancelled
ORD004143,CUST00620,2026-05-25,P0012,Coffee Mug,Home,2,699,0.2,99,Cash on Delivery,North,Social Media,Mobile,Completed
ORD004144,CUST00116,2026-04-21,P0020,Yoga Mat,Sports,4,499,0.2,99,UPI,Central,Direct,Mobile,Returned
ORD004145,CUST00631,2026-01-02,P0001,Bluetooth Speaker,Electronics,2,1499,0.2,0,Wallet,South,Paid Ads,Desktop,Completed
ORD004146,CUST00147,2026-08-05,P0006,Sneakers,Fashion,2,2499,0.05,0,Debit Card,Central,Email,Mobile,Cancelled
ORD004147,CUST00771,2025-12-08,P0023,Resistance Band,Sports,2,499,0.0,0,Wallet,North,Paid Ads,Mobile,Cancelled
ORD004148,CUST00541,2025-12-24,P0022,Water Bottle,Sports,4,999,0.0,99,Credit Card,South,Social Media,Desktop,Completed
ORD004149,CUST00075,2025-11-29,P0014,Wall Clock,Home,4,699,0.15,49,Cash on Delivery,Central,Paid Ads,Mobile,Completed
ORD004150,CUST00546,2025-12-07,P0000,Wireless Earbuds,Electronics,1,399,0.0,79,Cash on Delivery,East,Email,Mobile,Cancelled
ORD004151,CUST00476,2025-11-05,P0001,Bluetooth Speaker,Electronics,1,699,0.0,79,Wallet,Central,Direct,Mobile,Completed
ORD004152,CUST00277,2026-03-20,P0010,LED Lamp,Home,1,299,0.15,0,Cash on Delivery,South,Referral,Desktop,Completed
ORD004153,CUST00212,2026-05-12,P0022,Water Bottle,Sports,2,999,0.0,79,Cash on Delivery,South,Social Media,Mobile,Completed
ORD004154,CUST00564,2026-01-23,P0009,Sunglasses,Fashion,3,299,0.05,79,Credit Card,Central,Paid Ads,Mobile,Completed
ORD004155,CUST00583,2026-07-22,P0022,Water Bottle,Sports,1,699,0.15,99,Debit Card,East,Referral,Desktop,Cancelled
ORD004156,CUST00271,2026-02-08,P0013,Storage Box,Home,3,2499,0.0,99,Credit Card,North,Social Media,Mobile,Completed
ORD004157,CUST00696,2026-02-06,P0003,Phone Case,Electronics,2,399,0.15,49,Debit Card,Central,Email,Desktop,Completed
ORD004158,CUST00217,2025-09-14,P0014,Wall Clock,Home,4,499,0.1,99,UPI,South,Social Media,Mobile,Cancelled
ORD004159,CUST00055,2026-07-15,P0009,Sunglasses,Fashion,3,1499,0.05,0,Credit Card,Central,Referral,Desktop,Returned
ORD004160,CUST00473,2025-10-13,P0005,T-Shirt,Fashion,2,2499,0.0,79,Credit Card,East,Organic Search,Mobile,Completed
ORD004161,CUST00085,2025-10-19,P0016,Lip Balm,Beauty,3,2499,0.15,49,Wallet,Central,Organic Search,Mobile,Completed
ORD004162,CUST00223,2026-07-27,P0005,T-Shirt,Fashion,1,299,0.0,0,Wallet,Central,Social Media,Mobile,Returned
ORD004163,CUST00402,2026-02-25,P0022,Water Bottle,Sports,2,399,0.1,49,Debit Card,West,Social Media,Desktop,Completed
ORD004164,CUST00232,2025-09-13,P0020,Yoga Mat,Sports,2,2499,0.15,79,Wallet,West,Direct,Mobile,Completed
ORD004165,CUST00175,2026-01-28,P0019,Face Wash,Beauty,1,999,0.0,49,UPI,East,Social Media,Desktop,Cancelled
ORD004166,CUST00553,2026-03-23,P0001,Bluetooth Speaker,Electronics,2,1999,0.0,79,UPI,East,Paid Ads,Desktop,Completed
ORD004167,CUST00435,2025-08-23,P0024,Running Shoes,Sports,3,299,0.1,79,Credit Card,Central,Organic Search,Desktop,Completed
ORD004168,CUST00664,2026-05-22,P0012,Coffee Mug,Home,3,299,0.0,49,Wallet,West,Direct,Desktop,Completed
ORD004169,CUST00461,2026-04-21,P0018,Sunscreen,Beauty,4,399,0.0,0,Wallet,East,Email,Mobile,Completed
ORD004170,CUST00385,2025-08-24,P0004,Power Bank,Electronics,2,299,0.0,0,Credit Card,Central,Referral,Desktop,Completed
ORD004171,CUST00213,2026-04-02,P0019,Face Wash,Beauty,3,2499,0.05,79,Credit Card,Central,Paid Ads,Mobile,Completed
ORD004172,CUST00621,2025-11-09,P0007,Denim Jacket,Fashion,3,1999,0.2,99,Debit Card,South,Paid Ads,Tablet,Completed
ORD004173,CUST00161,2026-05-15,P0017,Hair Oil,Beauty,4,699,0.15,49,Credit Card,North,Paid Ads,Tablet,Completed
ORD004174,CUST00197,2026-01-04,P0006,Sneakers,Fashion,4,299,0.0,49,Cash on Delivery,East,Social Media,Mobile,Cancelled
ORD004175,CUST00665,2025-11-01,P0023,Resistance Band,Sports,3,299,0.0,99,Cash on Delivery,East,Organic Search,Tablet,Completed
ORD004176,CUST00583,2026-02-20,P0017,Hair Oil,Beauty,2,499,0.0,0,Credit Card,East,Organic Search,Mobile,Completed
ORD004177,CUST00483,2026-01-28,P0011,Cushion Cover,Home,3,1499,0.2,99,Debit Card,Central,Direct,Desktop,Completed
ORD004178,CUST00030,2025-12-22,P0011,Cushion Cover,Home,3,1999,0.0,0,Debit Card,East,Direct,Desktop,Completed
ORD004179,CUST00101,2026-07-06,P0000,Wireless Earbuds,Electronics,4,999,0.2,0,Cash on Delivery,East,Email,Mobile,Completed
ORD004180,CUST00398,2026-04-13,P0007,Denim Jacket,Fashion,1,2499,0.0,0,Wallet,Central,Social Media,Mobile,Returned
ORD004181,CUST00585,2026-02-13,P0019,Face Wash,Beauty,4,2499,0.05,0,Cash on Delivery,North,Social Media,Desktop,Completed
ORD004182,CUST00370,2025-11-10,P0020,Yoga Mat,Sports,4,1999,0.0,49,Debit Card,South,Email,Mobile,Cancelled
ORD004183,CUST00013,2026-03-15,P0024,Running Shoes,Sports,1,299,0.05,0,Credit Card,East,Paid Ads,Mobile,Completed
ORD004184,CUST00147,2025-08-29,P0002,Smart Watch,Electronics,2,2499,0.0,0,UPI,Central,Direct,Desktop,Cancelled
ORD004185,CUST00467,2026-07-08,P0006,Sneakers,Fashion,1,2499,0.0,79,Cash on Delivery,Central,Organic Search,Mobile,Completed
ORD004186,CUST00546,2025-08-20,P0019,Face Wash,Beauty,3,999,0.0,49,Cash on Delivery,East,Direct,Mobile,Cancelled
ORD004187,CUST00027,2026-05-02,P0009,Sunglasses,Fashion,1,999,0.1,0,UPI,Central,Direct,Tablet,Completed
ORD004188,CUST00034,2025-12-24,P0006,Sneakers,Fashion,2,1999,0.1,0,Debit Card,Central,Email,Desktop,Completed
ORD004189,CUST00213,2026-05-09,P0007,Denim Jacket,Fashion,1,999,0.05,99,Credit Card,Central,Paid Ads,Desktop,Completed
ORD004190,CUST00069,2025-12-30,P0022,Water Bottle,Sports,1,499,0.0,0,UPI,North,Referral,Mobile,Completed
ORD004191,CUST00432,2025-08-29,P0021,Dumbbell Set,Sports,2,1499,0.0,0,UPI,Central,Direct,Tablet,Completed
ORD004192,CUST00099,2026-08-01,P0000,Wireless Earbuds,Electronics,2,1999,0.0,0,Credit Card,North,Referral,Mobile,Completed
ORD004193,CUST00513,2026-05-26,P0021,Dumbbell Set,Sports,3,399,0.2,99,Cash on Delivery,South,Organic Search,Mobile,Cancelled
ORD004194,CUST00610,2025-09-05,P0013,Storage Box,Home,1,1499,0.1,0,Wallet,West,Email,Mobile,Completed
ORD004195,CUST00776,2025-08-31,P0021,Dumbbell Set,Sports,2,399,0.0,79,Debit Card,West,Organic Search,Desktop,Completed
ORD004196,CUST00757,2026-03-01,P0015,Face Serum,Beauty,4,999,0.0,49,Debit Card,East,Organic Search,Mobile,Completed
ORD004197,CUST00221,2026-08-04,P0017,Hair Oil,Beauty,4,299,0.0,99,Debit Card,South,Organic Search,Mobile,Completed
ORD004198,CUST00023,2026-03-18,P0014,Wall Clock,Home,2,2499,0.0,49,Cash on Delivery,North,Direct,Mobile,Completed
ORD004199,CUST00272,2025-08-23,P0018,Sunscreen,Beauty,1,1499,0.0,99,Wallet,Central,Direct,Desktop,Completed
ORD004200,CUST00557,2026-05-02,P0020,Yoga Mat,Sports,4,699,0.2,79,Credit Card,North,Referral,Mobile,Returned
ORD004201,CUST00048,2026-01-23,P0012,Coffee Mug,Home,3,999,0.0,49,Debit Card,North,Email,Desktop,Cancelled
ORD004202,CUST00297,2026-04-10,P0002,Smart Watch,Electronics,2,999,0.1,49,Wallet,Central,Email,Mobile,Completed
ORD004203,CUST00242,2025-12-25,P0002,Smart Watch,Electronics,3,299,0.05,79,Debit Card,Central,Paid Ads,Mobile,Returned
ORD004204,CUST00181,2025-08-22,P0010,LED Lamp,Home,1,999,0.1,79,Cash on Delivery,South,Direct,Mobile,Completed
ORD004205,CUST00556,2025-08-26,P0011,Cushion Cover,Home,2,1499,0.05,79,UPI,East,Referral,Tablet,Completed
ORD004206,,2026-04-07,P0021,Dumbbell Set,Sports,2,499,0.05,0,Wallet,North,Social Media,Desktop,Cancelled
ORD004207,CUST00424,2026-04-08,P0000,Wireless Earbuds,Electronics,3,699,0.0,0,UPI,Central,Direct,Mobile,Completed
ORD004208,CUST00728,2025-12-15,P0022,Water Bottle,Sports,1,499,0.2,49,Wallet,South,Email,Mobile,Completed
ORD004209,CUST00083,2025-09-19,P0001,Bluetooth Speaker,Electronics,2,399,0.0,49,UPI,South,Email,Mobile,Completed
ORD004210,CUST00120,2026-05-29,P0012,Coffee Mug,Home,4,2499,0.0,0,Debit Card,North,Direct,Mobile,Completed
ORD004211,CUST00315,2025-10-14,P0010,LED Lamp,Home,1,999,0.0,0,Cash on Delivery,West,Paid Ads,Desktop,Completed
ORD004212,CUST00520,2025-10-27,P0013,Storage Box,Home,1,699,0.0,49,UPI,South,Referral,Mobile,Completed
ORD004213,CUST00464,2026-02-01,P0001,Bluetooth Speaker,Electronics,4,499,0.0,49,Credit Card,West,Referral,Tablet,Completed
ORD004214,CUST00059,2026-05-08,P0019,Face Wash,Beauty,4,1499,0.15,79,Debit Card,West,Organic Search,Mobile,Cancelled
ORD004215,CUST00764,2026-08-18,P0003,Phone Case,Electronics,2,299,0.0,0,UPI,East,Email,Mobile,Completed
ORD004216,CUST00252,2026-04-05,P0019,Face Wash,Beauty,1,999,0.0,79,Debit Card,North,Organic Search,Mobile,Completed
ORD004217,CUST00294,2026-08-05,P0014,Wall Clock,Home,3,399,0.05,0,Cash on Delivery,East,Social Media,Mobile,Completed
ORD004218,CUST00492,2026-04-15,P0022,Water Bottle,Sports,2,2499,0.05,49,UPI,East,Social Media,Desktop,Completed
ORD004219,CUST00754,2026-06-25,P0024,Running Shoes,Sports,3,1999,0.05,99,Debit Card,South,Email,Mobile,Completed
ORD004220,CUST00524,2025-10-23,P0021,Dumbbell Set,Sports,1,1999,0.0,0,Wallet,East,Social Media,Desktop,Cancelled
ORD004221,CUST00761,2025-09-09,P0011,Cushion Cover,Home,4,399,0.0,0,Wallet,South,Social Media,Mobile,Completed
ORD004222,CUST00151,2026-04-21,P0010,LED Lamp,Home,3,299,0.0,0,UPI,North,Direct,Mobile,Completed
ORD004223,CUST00487,2026-08-10,P0016,Lip Balm,Beauty,3,699,0.15,79,Cash on Delivery,Central,Direct,Mobile,Completed
ORD004224,CUST00656,2026-05-15,P0016,Lip Balm,Beauty,3,499,0.1,99,Cash on Delivery,South,Organic Search,Mobile,Completed
ORD004225,CUST00404,2025-12-23,P0019,Face Wash,Beauty,1,1499,0.15,49,UPI,West,Social Media,Mobile,Completed
ORD004226,CUST00298,2026-02-14,P0012,Coffee Mug,Home,4,1499,0.05,0,Wallet,Central,Direct,Mobile,Completed
ORD004227,CUST00786,2025-09-29,P0011,Cushion Cover,Home,2,699,0.0,99,Credit Card,South,Organic Search,Tablet,Cancelled
ORD004228,CUST00111,2025-12-22,P0002,Smart Watch,Electronics,2,399,0.05,0,UPI,Central,Email,Desktop,Completed
ORD004229,CUST00333,2026-04-26,P0004,Power Bank,Electronics,4,499,0.0,49,UPI,North,Social Media,Mobile,Completed
ORD004230,CUST00693,2025-10-19,P0020,Yoga Mat,Sports,1,999,0.0,0,UPI,South,Direct,Desktop,Completed
ORD004231,CUST00716,2026-02-11,P0024,Running Shoes,Sports,1,499,0.1,0,Cash on Delivery,North,Direct,Mobile,Completed
ORD004232,CUST00784,2025-12-03,P0015,Face Serum,Beauty,4,499,0.0,99,UPI,Central,Email,Desktop,Completed
ORD004233,CUST00703,2026-02-15,P0008,Backpack,Fashion,2,399,0.0,0,UPI,South,Social Media,Tablet,Completed
ORD004234,CUST00041,2026-05-25,P0001,Bluetooth Speaker,Electronics,3,299,0.1,99,UPI,North,Direct,Mobile,Completed
ORD004235,CUST00739,2026-07-08,P0001,Bluetooth Speaker,Electronics,3,999,0.0,49,Wallet,East,Social Media,Tablet,Completed
ORD004236,CUST00347,2026-01-16,P0016,Lip Balm,Beauty,4,2499,0.0,0,Debit Card,North,Social Media,Mobile,Cancelled
ORD004237,CUST00516,2026-06-17,P0016,Lip Balm,Beauty,3,2499,0.0,99,Debit Card,East,Social Media,Mobile,Completed
ORD004238,CUST00324,2026-05-03,P0007,Denim Jacket,Fashion,2,2499,0.1,0,UPI,South,Social Media,Desktop,Completed
ORD004239,CUST00642,2026-07-22,P0004,Power Bank,Electronics,3,1499,0.15,79,Debit Card,Central,Email,Desktop,Returned
ORD004240,CUST00457,2026-05-17,P0001,Bluetooth Speaker,Electronics,3,1499,0.05,79,Wallet,North,Email,Mobile,Completed
ORD004241,CUST00669,2026-03-09,P0017,Hair Oil,Beauty,2,299,0.0,0,Cash on Delivery,Central,Referral,Mobile,Completed
ORD004242,CUST00157,2026-04-23,P0015,Face Serum,Beauty,1,399,0.0,0,Debit Card,South,Social Media,Mobile,Completed
ORD004243,CUST00147,2025-12-13,P0008,Backpack,Fashion,2,1499,0.0,0,UPI,Central,Direct,Mobile,Completed
ORD004244,CUST00356,2026-04-22,P0018,Sunscreen,Beauty,4,2499,0.0,0,Debit Card,West,Paid Ads,Mobile,Cancelled
ORD004245,CUST00004,2026-05-05,P0021,Dumbbell Set,Sports,1,2499,0.1,0,Wallet,West,Referral,Mobile,Completed
ORD004246,CUST00546,2026-03-30,P0012,Coffee Mug,Home,1,1499,0.15,49,Debit Card,East,Referral,Tablet,Completed
ORD004247,CUST00239,2025-09-26,P0006,Sneakers,Fashion,4,299,0.1,49,UPI,East,Email,Desktop,Completed
ORD004248,CUST00445,2026-02-25,P0000,Wireless Earbuds,Electronics,4,2499,0.0,49,Debit Card,West,Direct,Tablet,Cancelled
ORD004249,CUST00055,2026-05-06,P0019,Face Wash,Beauty,1,499,0.0,79,Wallet,Central,Email,Mobile,Completed
ORD004250,CUST00135,2025-10-31,P0014,Wall Clock,Home,1,299,0.0,0,Debit Card,East,Paid Ads,Mobile,Completed
ORD004251,CUST00491,2026-06-03,P0008,Backpack,Fashion,3,1999,0.15,79,Debit Card,Central,Referral,Mobile,Cancelled
ORD004252,CUST00252,2026-06-23,P0000,Wireless Earbuds,Electronics,4,399,0.2,79,Wallet,North,Direct,Desktop,Completed
ORD004253,CUST00175,2026-03-04,P0020,Yoga Mat,Sports,3,499,0.0,99,UPI,East,Social Media,Desktop,Completed
ORD004254,CUST00190,2026-08-06,P0023,Resistance Band,Sports,4,1499,0.0,79,Wallet,East,Paid Ads,Mobile,Completed
ORD004255,CUST00175,2026-06-29,P0012,Coffee Mug,Home,3,2499,0.0,0,Wallet,East,Direct,Desktop,Completed
ORD004256,CUST00491,2026-02-06,P0006,Sneakers,Fashion,4,2499,0.15,49,Debit Card,Central,Social Media,Mobile,Returned
ORD004257,,2026-07-08,P0015,Face Serum,Beauty,3,399,0.0,79,Debit Card,Central,Direct,Mobile,Returned
ORD004258,CUST00298,2026-07-26,P0021,Dumbbell Set,Sports,2,399,0.0,0,Cash on Delivery,Central,Paid Ads,Mobile,Completed
ORD004259,CUST00543,2025-09-28,P0014,Wall Clock,Home,3,1999,0.0,0,Credit Card,North,Email,Mobile,Completed
ORD004260,CUST00408,2026-08-19,P0000,Wireless Earbuds,Electronics,2,499,0.0,0,Wallet,West,Organic Search,Mobile,Completed
ORD004261,CUST00471,2025-08-21,P0004,Power Bank,Electronics,3,299,0.0,0,Debit Card,Central,Direct,Tablet,Completed
ORD004262,CUST00203,2026-02-13,P0002,Smart Watch,Electronics,4,999,0.05,99,Credit Card,East,Social Media,Desktop,Completed
ORD004263,CUST00742,2026-07-28,P0010,LED Lamp,Home,4,1499,0.0,0,Cash on Delivery,South,Paid Ads,Mobile,Completed
ORD004264,CUST00337,2026-05-11,P0011,Cushion Cover,Home,3,2499,0.0,0,Cash on Delivery,West,Email,Mobile,Completed
ORD004265,CUST00232,2025-11-25,P0013,Storage Box,Home,1,699,0.0,49,Debit Card,West,Email,Mobile,Returned
ORD004266,CUST00720,2026-04-11,P0018,Sunscreen,Beauty,3,1999,0.15,0,Wallet,North,Paid Ads,Tablet,Completed
ORD004267,CUST00519,2025-11-06,P0002,Smart Watch,Electronics,2,999,0.1,99,Wallet,East,Referral,Desktop,Cancelled
ORD004268,CUST00484,2025-11-14,P0023,Resistance Band,Sports,1,2499,0.0,0,UPI,East,Organic Search,Mobile,Completed
ORD004269,CUST00704,2026-07-18,P0006,Sneakers,Fashion,4,699,0.2,99,Cash on Delivery,North,Paid Ads,Tablet,Completed
ORD004270,CUST00047,2025-09-06,P0013,Storage Box,Home,2,1499,0.05,0,Debit Card,South,Paid Ads,Mobile,Cancelled
ORD004271,CUST00661,2026-08-06,P0005,T-Shirt,Fashion,4,2499,0.15,0,Credit Card,Central,Referral,Desktop,Returned
ORD004272,CUST00535,2026-02-01,P0008,Backpack,Fashion,2,2499,0.15,49,Cash on Delivery,West,Paid Ads,Mobile,Returned
ORD004273,CUST00297,2025-09-12,P0020,Yoga Mat,Sports,3,699,0.0,99,Debit Card,Central,Paid Ads,Desktop,Completed
ORD004274,CUST00208,2026-06-03,P0001,Bluetooth Speaker,Electronics,3,999,0.1,0,Credit Card,Central,Email,Tablet,Completed
ORD004275,CUST00084,2025-09-06,P0012,Coffee Mug,Home,4,999,0.1,0,Cash on Delivery,Central,Paid Ads,Mobile,Completed
ORD004276,CUST00751,2025-12-16,P0014,Wall Clock,Home,1,299,0.05,79,UPI,East,Paid Ads,Mobile,Completed
ORD004277,CUST00111,2025-11-15,P0014,Wall Clock,Home,3,399,0.1,79,Cash on Delivery,Central,Paid Ads,Mobile,Completed
ORD004278,CUST00211,2026-06-02,P0009,Sunglasses,Fashion,2,1499,0.0,0,Cash on Delivery,North,Email,Mobile,Completed
ORD004279,CUST00544,2026-01-11,P0009,Sunglasses,Fashion,2,299,0.0,0,Debit Card,West,Direct,Mobile,Completed
ORD004280,CUST00559,2026-04-16,P0022,Water Bottle,Sports,4,999,0.0,79,Cash on Delivery,Central,Social Media,Mobile,Returned
ORD004281,CUST00129,2025-09-15,P0006,Sneakers,Fashion,1,699,0.05,99,UPI,Central,Referral,Mobile,Completed
ORD004282,CUST00642,2026-04-30,P0012,Coffee Mug,Home,3,699,0.2,79,Wallet,Central,Paid Ads,Mobile,Completed
ORD004283,CUST00406,2026-05-06,P0009,Sunglasses,Fashion,2,1999,0.0,99,Debit Card,West,Referral,Tablet,Cancelled
ORD004284,CUST00673,2025-12-02,P0019,Face Wash,Beauty,4,499,0.1,0,Credit Card,East,Direct,Mobile,Completed
ORD004285,CUST00071,2026-07-07,P0020,Yoga Mat,Sports,1,1999,0.0,99,Credit Card,West,Organic Search,Mobile,Completed
ORD004286,CUST00033,2026-02-07,P0021,Dumbbell Set,Sports,1,1999,0.1,99,Debit Card,North,Direct,Mobile,Completed
ORD004287,CUST00503,2026-04-20,P0002,Smart Watch,Electronics,1,2499,0.0,99,UPI,South,Referral,Tablet,Returned
ORD004288,CUST00120,2025-10-25,P0002,Smart Watch,Electronics,2,1999,0.05,99,Cash on Delivery,North,Direct,Mobile,Completed
ORD004289,CUST00416,2026-07-26,P0009,Sunglasses,Fashion,1,999,0.15,0,Credit Card,North,Paid Ads,Mobile,Returned
ORD004290,CUST00010,2025-11-18,P0011,Cushion Cover,Home,3,499,0.0,0,Wallet,North,Social Media,Mobile,Completed
ORD004291,CUST00612,2026-04-05,P0001,Bluetooth Speaker,Electronics,1,1999,0.2,79,Wallet,South,Referral,Mobile,Cancelled
ORD004292,CUST00716,2025-09-21,P0022,Water Bottle,Sports,2,2499,0.0,79,Cash on Delivery,North,Paid Ads,Tablet,Returned
ORD004293,CUST00663,2025-09-05,P0022,Water Bottle,Sports,3,499,0.0,79,Cash on Delivery,East,Social Media,Mobile,Cancelled
ORD004294,CUST00764,2025-10-05,P0010,LED Lamp,Home,3,499,0.0,79,Credit Card,East,Email,Mobile,Completed
ORD004295,CUST00720,2026-07-30,P0019,Face Wash,Beauty,1,699,0.0,0,Debit Card,North,Direct,Mobile,Completed
ORD004296,CUST00358,2025-11-04,P0014,Wall Clock,Home,1,299,0.0,79,Cash on Delivery,North,Referral,Mobile,Completed
ORD004297,CUST00326,2026-07-07,P0016,Lip Balm,Beauty,2,499,0.2,49,Wallet,West,Direct,Mobile,Completed
ORD004298,CUST00712,2026-03-19,P0021,Dumbbell Set,Sports,3,399,0.0,0,Debit Card,East,Social Media,Mobile,Completed
ORD004299,CUST00737,2025-09-21,P0002,Smart Watch,Electronics,4,1999,0.0,99,Cash on Delivery,Central,Social Media,Desktop,Returned
ORD004300,CUST00778,2026-01-28,P0005,T-Shirt,Fashion,1,699,0.0,0,Debit Card,South,Email,Mobile,Completed
ORD004301,CUST00602,2026-02-10,P0010,LED Lamp,Home,1,999,0.15,0,Debit Card,Central,Organic Search,Mobile,Completed
ORD004302,CUST00167,2025-11-25,P0022,Water Bottle,Sports,3,299,0.05,0,Cash on Delivery,South,Social Media,Desktop,Completed
ORD004303,CUST00754,2026-03-28,P0014,Wall Clock,Home,4,999,0.0,79,Cash on Delivery,South,Social Media,Desktop,Returned
ORD004304,CUST00756,2026-06-30,P0009,Sunglasses,Fashion,4,1499,0.05,0,UPI,Central,Referral,Mobile,Completed
ORD004305,CUST00526,2026-07-08,P0000,Wireless Earbuds,Electronics,3,1499,0.0,0,Wallet,East,Referral,Desktop,Cancelled
ORD004306,CUST00679,2026-02-27,P0014,Wall Clock,Home,1,1999,0.0,0,Wallet,North,Paid Ads,Desktop,Cancelled
ORD004307,CUST00448,2026-07-12,P0006,Sneakers,Fashion,3,299,0.0,49,Debit Card,Central,Email,Tablet,Cancelled
ORD004308,CUST00754,2026-07-22,P0008,Backpack,Fashion,2,999,0.15,99,UPI,South,Social Media,Mobile,Returned
ORD004309,CUST00076,2025-09-21,P0024,Running Shoes,Sports,2,699,0.0,0,Credit Card,East,Direct,Tablet,Returned
ORD004310,CUST00685,2026-04-08,P0013,Storage Box,Home,2,2499,0.1,0,Cash on Delivery,West,Social Media,Desktop,Completed
ORD004311,CUST00045,2026-05-29,P0003,Phone Case,Electronics,3,1499,0.15,49,Cash on Delivery,Central,Email,Desktop,Completed
ORD004312,CUST00278,2025-08-25,P0001,Bluetooth Speaker,Electronics,3,2499,0.0,0,Credit Card,West,Direct,Desktop,Completed
ORD004313,CUST00107,2026-03-28,P0009,Sunglasses,Fashion,1,299,0.2,99,Wallet,East,Direct,Mobile,Completed
ORD004314,CUST00380,2026-07-19,P0001,Bluetooth Speaker,Electronics,1,699,0.15,0,Credit Card,East,Direct,Desktop,Returned
ORD004315,CUST00191,2025-11-25,P0010,LED Lamp,Home,1,1499,0.0,0,Credit Card,South,Paid Ads,Desktop,Completed
ORD004316,CUST00760,2026-06-28,P0010,LED Lamp,Home,2,299,0.05,49,Wallet,West,Direct,Tablet,Cancelled
ORD004317,CUST00447,2026-07-26,P0021,Dumbbell Set,Sports,3,1499,0.1,0,Wallet,East,Paid Ads,Mobile,Completed
ORD004318,CUST00713,2026-04-08,P0008,Backpack,Fashion,4,399,0.05,79,Cash on Delivery,West,Direct,Tablet,Completed
ORD004319,CUST00223,2026-04-06,P0006,Sneakers,Fashion,2,299,0.15,99,Debit Card,Central,Referral,Mobile,Completed
ORD004320,CUST00020,2026-03-03,P0015,Face Serum,Beauty,3,1499,0.2,99,Cash on Delivery,East,Social Media,Tablet,Cancelled
ORD004321,CUST00610,2026-01-16,P0015,Face Serum,Beauty,4,699,0.0,99,UPI,West,Referral,Desktop,Cancelled
ORD004322,CUST00552,2026-02-01,P0000,Wireless Earbuds,Electronics,3,699,0.0,49,Debit Card,East,Organic Search,Desktop,Completed
ORD004323,CUST00434,2026-02-26,P0002,Smart Watch,Electronics,3,499,0.05,79,Debit Card,East,Social Media,Desktop,Completed
ORD004324,CUST00644,2026-02-11,P0004,Power Bank,Electronics,2,1499,0.1,0,Wallet,North,Referral,Tablet,Returned
ORD004325,CUST00664,2026-06-17,P0019,Face Wash,Beauty,1,999,0.15,99,Debit Card,West,Direct,Mobile,Returned
ORD004326,CUST00465,2026-05-27,P0005,T-Shirt,Fashion,4,1499,0.0,0,Debit Card,Central,Paid Ads,Mobile,Completed
ORD004327,CUST00771,2025-12-24,P0024,Running Shoes,Sports,3,1999,0.2,0,Debit Card,North,Email,Desktop,Returned
ORD004328,CUST00565,2026-02-23,P0011,Cushion Cover,Home,1,999,0.0,99,Debit Card,West,Organic Search,Mobile,Returned
ORD004329,CUST00535,2025-11-06,P0023,Resistance Band,Sports,2,299,0.1,0,Debit Card,West,Direct,Desktop,Completed
ORD004330,CUST00298,2025-10-23,P0006,Sneakers,Fashion,1,399,0.05,0,Credit Card,Central,Organic Search,Mobile,Completed
ORD004331,CUST00002,2026-01-01,P0010,LED Lamp,Home,4,2499,0.1,79,Cash on Delivery,North,Email,Desktop,Completed
ORD004332,CUST00196,2025-09-10,P0003,Phone Case,Electronics,3,499,0.0,0,Debit Card,Central,Social Media,Tablet,Cancelled
ORD004333,CUST00595,2026-06-27,P0021,Dumbbell Set,Sports,4,699,0.2,79,UPI,West,Email,Mobile,Returned
ORD004334,CUST00558,2025-10-05,P0014,Wall Clock,Home,2,699,0.0,49,Credit Card,Central,Social Media,Desktop,Completed
ORD004335,CUST00273,2025-12-17,P0001,Bluetooth Speaker,Electronics,1,2499,0.15,79,UPI,South,Organic Search,Mobile,Completed
ORD004336,CUST00493,2025-11-19,P0018,Sunscreen,Beauty,3,1999,0.05,0,Debit Card,East,Email,Desktop,Completed
ORD004337,CUST00159,2025-11-03,P0022,Water Bottle,Sports,3,699,0.05,79,Credit Card,Central,Referral,Mobile,Completed
ORD004338,CUST00214,2026-01-01,P0017,Hair Oil,Beauty,1,1499,0.0,0,Debit Card,North,Email,Mobile,Completed
ORD004339,CUST00756,2026-05-09,P0020,Yoga Mat,Sports,3,999,0.0,49,Cash on Delivery,Central,Organic Search,Mobile,Completed
ORD004340,CUST00336,2026-07-11,P0006,Sneakers,Fashion,1,1499,0.05,99,Cash on Delivery,East,Organic Search,Mobile,Returned
ORD004341,CUST00199,2025-10-27,P0010,LED Lamp,Home,3,2499,0.0,49,Wallet,West,Paid Ads,Desktop,Completed
ORD004342,CUST00388,2025-11-15,P0021,Dumbbell Set,Sports,3,1499,0.0,0,Debit Card,Central,Paid Ads,Mobile,Cancelled
ORD004343,CUST00319,2026-02-07,P0015,Face Serum,Beauty,1,299,0.0,49,Wallet,Central,Organic Search,Tablet,Completed
ORD004344,CUST00574,2025-12-14,P0015,Face Serum,Beauty,2,999,0.0,0,Cash on Delivery,West,Referral,Desktop,Completed
ORD004345,CUST00767,2026-06-07,P0019,Face Wash,Beauty,1,1999,0.15,49,Wallet,South,Direct,Desktop,Cancelled
ORD004346,CUST00469,2025-11-09,P0015,Face Serum,Beauty,3,299,0.05,0,Cash on Delivery,North,Direct,Desktop,Completed
ORD004347,CUST00468,2026-01-13,P0003,Phone Case,Electronics,1,499,0.05,79,Debit Card,North,Referral,Tablet,Completed
ORD004348,CUST00300,2026-03-07,P0005,T-Shirt,Fashion,3,399,0.05,0,UPI,South,Referral,Desktop,Completed
ORD004349,CUST00449,2026-01-06,P0019,Face Wash,Beauty,2,1499,0.0,49,Debit Card,West,Paid Ads,Desktop,Completed
ORD004350,CUST00265,2026-04-02,P0006,Sneakers,Fashion,1,399,0.15,99,Wallet,East,Organic Search,Mobile,Completed
ORD004351,CUST00002,2026-06-07,P0016,Lip Balm,Beauty,4,999,0.1,79,Credit Card,North,Direct,Desktop,Completed
ORD004352,CUST00686,2026-03-02,P0011,Cushion Cover,Home,3,299,0.2,79,Debit Card,Central,Referral,Desktop,Completed
ORD004353,CUST00347,2026-02-02,P0015,Face Serum,Beauty,2,2499,0.05,79,Wallet,North,Direct,Mobile,Completed
ORD004354,CUST00391,2026-08-02,P0005,T-Shirt,Fashion,4,499,0.0,99,Credit Card,South,Referral,Mobile,Cancelled
ORD004355,CUST00069,2026-08-13,P0007,Denim Jacket,Fashion,3,699,0.1,99,Debit Card,North,Email,Mobile,Returned
ORD004356,CUST00661,2026-08-18,P0017,Hair Oil,Beauty,4,1999,0.0,99,Wallet,Central,Social Media,Desktop,Completed
ORD004357,CUST00134,2025-08-26,P0004,Power Bank,Electronics,1,699,0.0,0,Debit Card,North,Organic Search,Desktop,Completed
ORD004358,CUST00332,2026-06-21,P0007,Denim Jacket,Fashion,1,299,0.15,79,Wallet,Central,Direct,Mobile,Completed
ORD004359,CUST00664,2026-07-14,P0024,Running Shoes,Sports,1,2499,0.1,99,UPI,West,Paid Ads,Mobile,Completed
ORD004360,CUST00366,2026-06-09,P0003,Phone Case,Electronics,3,299,0.1,49,UPI,West,Paid Ads,Tablet,Completed
ORD004361,CUST00741,2026-05-20,P0014,Wall Clock,Home,4,699,0.1,0,Debit Card,West,Referral,Mobile,Completed
ORD004362,CUST00172,2025-12-31,P0003,Phone Case,Electronics,4,299,0.2,49,Cash on Delivery,East,Email,Desktop,Completed
ORD004363,CUST00561,2026-05-11,P0017,Hair Oil,Beauty,4,1499,0.1,0,Wallet,South,Social Media,Mobile,Completed
ORD004364,CUST00782,2026-03-19,P0003,Phone Case,Electronics,3,499,0.1,79,Wallet,West,Direct,Mobile,Completed
ORD004365,CUST00438,2026-06-19,P0014,Wall Clock,Home,3,2499,0.15,99,Wallet,North,Direct,Mobile,Cancelled
ORD004366,CUST00544,2025-12-26,P0010,LED Lamp,Home,2,399,0.15,79,UPI,West,Social Media,Mobile,Cancelled
ORD004367,CUST00323,2026-05-18,P0017,Hair Oil,Beauty,1,1499,0.1,49,Credit Card,North,Referral,Desktop,Returned
ORD004368,CUST00588,2026-06-02,P0000,Wireless Earbuds,Electronics,1,299,0.0,49,Credit Card,South,Organic Search,Mobile,Completed
ORD004369,CUST00726,2026-06-20,P0012,Coffee Mug,Home,1,299,0.0,49,UPI,South,Social Media,Desktop,Cancelled
ORD004370,CUST00553,2025-10-21,P0013,Storage Box,Home,3,499,0.0,49,Cash on Delivery,East,Social Media,Tablet,Completed
ORD004371,CUST00746,2026-07-01,P0006,Sneakers,Fashion,3,2499,0.2,0,UPI,North,Organic Search,Desktop,Returned
ORD004372,CUST00466,2025-11-07,P0007,Denim Jacket,Fashion,4,2499,0.1,79,Cash on Delivery,West,Direct,Mobile,Completed
ORD004373,CUST00458,2026-07-28,P0017,Hair Oil,Beauty,1,999,0.05,0,UPI,Central,Organic Search,Mobile,Returned
ORD004374,CUST00251,2025-09-03,P0013,Storage Box,Home,4,499,0.05,0,Wallet,West,Direct,Mobile,Completed
ORD004375,CUST00558,2025-11-09,P0014,Wall Clock,Home,3,499,0.1,99,Credit Card,Central,Direct,Desktop,Completed
ORD004376,CUST00700,2026-03-30,P0023,Resistance Band,Sports,4,399,0.15,49,Wallet,East,Social Media,Mobile,Cancelled
ORD004377,CUST00512,2026-03-06,P0010,LED Lamp,Home,3,499,0.0,49,Cash on Delivery,South,Paid Ads,Desktop,Completed
ORD004378,CUST00192,2026-04-28,P0021,Dumbbell Set,Sports,2,699,0.2,49,UPI,Central,Referral,Desktop,Cancelled
ORD004379,CUST00433,2026-01-14,P0024,Running Shoes,Sports,3,1499,0.15,0,Cash on Delivery,Central,Direct,Mobile,Completed
ORD004380,CUST00591,2025-08-21,P0014,Wall Clock,Home,3,399,0.0,49,Debit Card,North,Organic Search,Mobile,Cancelled
ORD004381,CUST00749,2026-04-02,P0005,T-Shirt,Fashion,1,299,0.1,49,UPI,West,Direct,Desktop,Returned
ORD004382,,2026-02-22,P0010,LED Lamp,Home,1,999,0.0,49,Cash on Delivery,West,Organic Search,Desktop,Completed
ORD004383,CUST00101,2026-02-21,P0001,Bluetooth Speaker,Electronics,3,399,0.0,0,Wallet,East,Email,Mobile,Returned
ORD004384,CUST00336,2026-01-04,P0017,Hair Oil,Beauty,1,699,0.2,79,Wallet,East,Paid Ads,Desktop,Completed
ORD004385,CUST00100,2026-07-11,P0006,Sneakers,Fashion,1,1499,0.0,79,UPI,South,Email,Mobile,Completed
ORD004386,CUST00784,2026-06-05,P0023,Resistance Band,Sports,1,2499,0.15,79,UPI,Central,Direct,Tablet,Completed
ORD004387,CUST00345,2025-10-25,P0016,Lip Balm,Beauty,3,999,0.1,49,Debit Card,South,Direct,Desktop,Completed
ORD004388,CUST00423,2025-09-03,P0012,Coffee Mug,Home,4,2499,0.15,0,Wallet,East,Direct,Desktop,Completed
ORD004389,CUST00187,2025-10-25,P0004,Power Bank,Electronics,2,499,0.15,99,Credit Card,West,Direct,Mobile,Returned
ORD004390,CUST00361,2025-09-06,P0002,Smart Watch,Electronics,1,1499,0.1,0,UPI,West,Direct,Tablet,Completed
ORD004391,CUST00786,2026-05-05,P0016,Lip Balm,Beauty,3,2499,0.0,49,Cash on Delivery,South,Referral,Desktop,Cancelled
ORD004392,,2026-04-03,P0019,Face Wash,Beauty,2,399,0.2,0,Credit Card,North,Referral,Mobile,Cancelled
ORD004393,CUST00006,2026-02-04,P0006,Sneakers,Fashion,3,1499,0.1,0,UPI,West,Direct,Desktop,Completed
ORD004394,CUST00197,2026-03-23,P0000,Wireless Earbuds,Electronics,2,699,0.0,0,Wallet,East,Social Media,Mobile,Returned
ORD004395,CUST00782,2026-06-11,P0007,Denim Jacket,Fashion,3,2499,0.0,49,Credit Card,West,Paid Ads,Desktop,Completed
ORD004396,CUST00789,2026-06-19,P0019,Face Wash,Beauty,2,499,0.0,0,Credit Card,South,Paid Ads,Desktop,Cancelled
ORD004397,CUST00173,2026-01-25,P0014,Wall Clock,Home,4,2499,0.0,0,Credit Card,North,Email,Mobile,Completed
ORD004398,CUST00485,2026-03-24,P0002,Smart Watch,Electronics,3,1999,0.0,79,Debit Card,West,Email,Mobile,Completed
ORD004399,CUST00061,2026-03-18,P0002,Smart Watch,Electronics,2,1499,0.2,79,Cash on Delivery,East,Social Media,Desktop,Completed
ORD004400,CUST00458,2026-08-01,P0002,Smart Watch,Electronics,1,299,0.05,79,Credit Card,Central,Social Media,Desktop,Cancelled
ORD004401,CUST00100,2026-05-24,P0018,Sunscreen,Beauty,3,299,0.1,99,Wallet,South,Direct,Mobile,Completed
ORD004402,CUST00646,2025-12-12,P0019,Face Wash,Beauty,2,1499,0.15,0,Debit Card,North,Email,Desktop,Completed
ORD004403,CUST00750,2026-07-09,P0010,LED Lamp,Home,1,699,0.2,79,UPI,Central,Organic Search,Mobile,Completed
ORD004404,CUST00138,2026-01-12,P0017,Hair Oil,Beauty,2,499,0.05,99,Cash on Delivery,North,Organic Search,Mobile,Returned
ORD004405,CUST00370,2026-05-23,P0000,Wireless Earbuds,Electronics,2,1999,0.0,0,Cash on Delivery,South,Paid Ads,Tablet,Completed
ORD004406,CUST00082,2026-08-11,P0014,Wall Clock,Home,4,699,0.1,0,Credit Card,West,Social Media,Desktop,Completed
ORD004407,CUST00278,2026-06-11,P0006,Sneakers,Fashion,3,699,0.2,49,Credit Card,West,Direct,Mobile,Completed
ORD004408,CUST00052,2025-09-28,P0020,Yoga Mat,Sports,3,499,0.0,79,Debit Card,North,Social Media,Mobile,Cancelled
ORD004409,CUST00214,2025-11-03,P0012,Coffee Mug,Home,3,2499,0.0,0,Cash on Delivery,North,Social Media,Mobile,Completed
ORD004410,CUST00790,2026-06-06,P0021,Dumbbell Set,Sports,4,499,0.15,49,Wallet,South,Organic Search,Mobile,Completed
ORD004411,CUST00035,2025-10-04,P0014,Wall Clock,Home,1,499,0.1,0,Wallet,East,Organic Search,Tablet,Completed
ORD004412,CUST00681,2025-08-24,P0011,Cushion Cover,Home,2,1499,0.0,79,Cash on Delivery,East,Referral,Mobile,Completed
ORD004413,CUST00061,2025-11-22,P0023,Resistance Band,Sports,3,299,0.0,0,Credit Card,East,Referral,Mobile,Completed
ORD004414,CUST00419,2026-02-13,P0024,Running Shoes,Sports,1,999,0.05,0,Wallet,East,Organic Search,Desktop,Completed
ORD004415,CUST00363,2025-10-05,P0011,Cushion Cover,Home,2,999,0.0,0,Cash on Delivery,North,Social Media,Mobile,Cancelled
ORD004416,CUST00741,2025-10-14,P0008,Backpack,Fashion,2,399,0.0,0,Cash on Delivery,West,Referral,Mobile,Completed
ORD004417,CUST00164,2025-12-21,P0016,Lip Balm,Beauty,4,1999,0.0,79,Wallet,South,Direct,Desktop,Completed
ORD004418,CUST00144,2026-03-26,P0004,Power Bank,Electronics,4,299,0.05,0,Wallet,South,Organic Search,Mobile,Completed
ORD004419,CUST00586,2026-03-06,P0009,Sunglasses,Fashion,1,2499,0.15,49,Debit Card,Central,Social Media,Mobile,Completed
ORD004420,CUST00570,2026-06-07,P0021,Dumbbell Set,Sports,1,1999,0.05,79,Wallet,Central,Referral,Desktop,Completed
ORD004421,CUST00551,2026-08-12,P0022,Water Bottle,Sports,4,399,0.15,79,Debit Card,East,Paid Ads,Tablet,Cancelled
ORD004422,CUST00021,2025-09-01,P0010,LED Lamp,Home,1,699,0.1,99,UPI,South,Email,Desktop,Completed
ORD004423,CUST00211,2026-04-28,P0009,Sunglasses,Fashion,2,399,0.0,0,Credit Card,North,Paid Ads,Mobile,Completed
ORD004424,CUST00664,2025-10-18,P0021,Dumbbell Set,Sports,4,999,0.05,79,Debit Card,West,Paid Ads,Desktop,Returned
ORD004425,CUST00475,2025-12-29,P0005,T-Shirt,Fashion,4,499,0.0,0,Credit Card,West,Referral,Desktop,Cancelled
ORD004426,CUST00475,2025-12-23,P0001,Bluetooth Speaker,Electronics,4,699,0.2,79,UPI,West,Paid Ads,Mobile,Completed
ORD004427,CUST00239,2026-05-02,P0001,Bluetooth Speaker,Electronics,1,2499,0.0,0,Credit Card,East,Email,Mobile,Returned
ORD004428,CUST00211,2025-11-21,P0002,Smart Watch,Electronics,1,999,0.2,0,Wallet,North,Social Media,Desktop,Completed
ORD004429,CUST00755,2026-07-12,P0021,Dumbbell Set,Sports,1,1999,0.1,99,Wallet,Central,Email,Mobile,Cancelled
ORD004430,CUST00572,2026-01-06,P0001,Bluetooth Speaker,Electronics,4,1499,0.0,79,Wallet,South,Direct,Tablet,Completed
ORD004431,CUST00101,2026-06-13,P0008,Backpack,Fashion,1,699,0.05,0,Wallet,East,Email,Mobile,Returned
ORD004432,CUST00747,2026-08-02,P0015,Face Serum,Beauty,2,299,0.0,99,Wallet,Central,Organic Search,Mobile,Cancelled
ORD004433,CUST00462,2026-02-22,P0015,Face Serum,Beauty,4,299,0.1,49,Wallet,Central,Paid Ads,Desktop,Returned
ORD004434,CUST00274,2025-09-25,P0020,Yoga Mat,Sports,2,999,0.0,49,Wallet,Central,Paid Ads,Desktop,Returned
ORD004435,CUST00326,2026-05-03,P0024,Running Shoes,Sports,4,999,0.1,0,Credit Card,West,Direct,Mobile,Returned
ORD004436,CUST00570,2026-01-21,P0010,LED Lamp,Home,2,999,0.0,49,Wallet,Central,Direct,Desktop,Completed
ORD004437,CUST00309,2025-12-21,P0005,T-Shirt,Fashion,2,1999,0.0,99,UPI,East,Organic Search,Desktop,Returned
ORD004438,CUST00459,2026-02-02,P0002,Smart Watch,Electronics,4,299,0.0,0,Credit Card,South,Email,Mobile,Returned
ORD004439,CUST00559,2025-12-07,P0022,Water Bottle,Sports,3,1499,0.0,49,UPI,Central,Social Media,Desktop,Returned
ORD004440,CUST00159,2025-11-30,P0009,Sunglasses,Fashion,1,1499,0.2,0,Debit Card,Central,Social Media,Desktop,Completed
ORD004441,CUST00754,2026-08-16,P0022,Water Bottle,Sports,3,1499,0.2,0,Credit Card,South,Referral,Mobile,Returned
ORD004442,CUST00293,2025-11-29,P0008,Backpack,Fashion,4,399,0.2,0,UPI,West,Organic Search,Tablet,Completed
ORD004443,CUST00343,2026-02-03,P0018,Sunscreen,Beauty,4,699,0.15,0,Cash on Delivery,West,Direct,Tablet,Completed
ORD004444,CUST00550,2026-05-07,P0016,Lip Balm,Beauty,1,299,0.0,79,Credit Card,West,Email,Mobile,Completed
ORD004445,CUST00479,2025-11-08,P0017,Hair Oil,Beauty,1,399,0.15,79,Credit Card,East,Paid Ads,Mobile,Completed
ORD004446,CUST00356,2026-04-02,P0016,Lip Balm,Beauty,3,1999,0.15,79,Cash on Delivery,West,Paid Ads,Tablet,Returned
ORD004447,CUST00514,2026-07-12,P0007,Denim Jacket,Fashion,3,999,0.0,0,Wallet,Central,Organic Search,Mobile,Completed
ORD004448,CUST00719,2026-06-12,P0002,Smart Watch,Electronics,3,1999,0.15,0,Debit Card,West,Email,Mobile,Returned
ORD004449,CUST00627,2025-08-30,P0000,Wireless Earbuds,Electronics,2,1499,0.2,99,Debit Card,West,Email,Desktop,Completed
ORD004450,CUST00651,2026-01-14,P0010,LED Lamp,Home,4,399,0.0,99,Credit Card,South,Paid Ads,Desktop,Completed
ORD004451,CUST00210,2025-08-20,P0022,Water Bottle,Sports,3,1999,0.1,79,Cash on Delivery,East,Social Media,Mobile,Completed
ORD004452,CUST00343,2026-03-29,P0016,Lip Balm,Beauty,4,1499,0.2,99,Wallet,West,Referral,Mobile,Completed
ORD004453,CUST00442,2025-12-16,P0016,Lip Balm,Beauty,2,399,0.0,99,Debit Card,West,Direct,Desktop,Cancelled
ORD004454,CUST00035,2026-07-12,P0006,Sneakers,Fashion,4,299,0.2,49,Credit Card,East,Email,Tablet,Completed
ORD004455,CUST00605,2025-10-23,P0012,Coffee Mug,Home,1,1999,0.0,49,Wallet,Central,Organic Search,Mobile,Completed
ORD004456,CUST00268,2026-06-26,P0010,LED Lamp,Home,3,1499,0.2,99,UPI,West,Email,Mobile,Completed
ORD004457,CUST00228,2025-12-22,P0003,Phone Case,Electronics,3,299,0.0,79,Wallet,North,Social Media,Mobile,Completed
ORD004458,CUST00211,2026-07-21,P0015,Face Serum,Beauty,2,699,0.15,99,Debit Card,North,Referral,Mobile,Completed
ORD004459,CUST00229,2025-10-31,P0009,Sunglasses,Fashion,1,2499,0.05,0,Cash on Delivery,North,Paid Ads,Mobile,Returned
ORD004460,CUST00277,2025-11-26,P0010,LED Lamp,Home,4,1999,0.0,0,Credit Card,South,Referral,Desktop,Returned
ORD004461,CUST00477,2025-12-26,P0014,Wall Clock,Home,1,1999,0.05,79,Credit Card,Central,Referral,Mobile,Completed
ORD004462,CUST00463,2026-08-14,P0000,Wireless Earbuds,Electronics,2,699,0.0,99,Wallet,Central,Direct,Desktop,Returned
ORD004463,CUST00208,2026-05-14,P0023,Resistance Band,Sports,1,299,0.1,79,UPI,Central,Email,Desktop,Completed
ORD004464,CUST00169,2026-06-13,P0005,T-Shirt,Fashion,2,499,0.2,49,Debit Card,South,Email,Desktop,Completed
ORD004465,CUST00653,2026-03-09,P0016,Lip Balm,Beauty,4,1499,0.1,0,Wallet,South,Referral,Mobile,Completed
ORD004466,CUST00076,2026-06-06,P0019,Face Wash,Beauty,3,1999,0.0,0,UPI,East,Referral,Desktop,Completed
ORD004467,CUST00408,2026-04-05,P0003,Phone Case,Electronics,1,1499,0.1,0,UPI,West,Direct,Mobile,Completed
ORD004468,CUST00414,2026-04-20,P0006,Sneakers,Fashion,2,299,0.05,0,Debit Card,East,Paid Ads,Mobile,Completed
ORD004469,CUST00455,2026-06-21,P0010,LED Lamp,Home,1,999,0.2,79,Wallet,West,Social Media,Desktop,Returned
ORD004470,CUST00704,2026-08-13,P0020,Yoga Mat,Sports,3,399,0.0,79,UPI,North,Direct,Desktop,Returned
ORD004471,CUST00492,2026-03-18,P0015,Face Serum,Beauty,1,999,0.05,0,Cash on Delivery,East,Organic Search,Desktop,Cancelled
ORD004472,CUST00778,2026-01-28,P0011,Cushion Cover,Home,2,699,0.05,99,UPI,South,Direct,Mobile,Cancelled
ORD004473,CUST00691,2026-04-15,P0021,Dumbbell Set,Sports,1,999,0.2,0,Debit Card,North,Social Media,Desktop,Completed
ORD004474,CUST00175,2026-05-17,P0011,Cushion Cover,Home,1,999,0.0,49,Credit Card,East,Email,Mobile,Returned
ORD004475,CUST00196,2026-08-15,P0022,Water Bottle,Sports,1,1499,0.1,49,Debit Card,Central,Referral,Desktop,Completed
ORD004476,CUST00284,2026-05-02,P0019,Face Wash,Beauty,4,299,0.15,49,Wallet,East,Referral,Mobile,Cancelled
ORD004477,CUST00322,2026-08-03,P0004,Power Bank,Electronics,4,2499,0.0,0,Debit Card,Central,Social Media,Desktop,Completed
ORD004478,CUST00441,2026-05-14,P0009,Sunglasses,Fashion,4,999,0.05,0,UPI,Central,Direct,Tablet,Completed
ORD004479,CUST00192,2026-08-02,P0000,Wireless Earbuds,Electronics,3,999,0.0,79,Debit Card,Central,Organic Search,Mobile,Cancelled
ORD004480,CUST00182,2026-05-21,P0005,T-Shirt,Fashion,2,699,0.0,99,Cash on Delivery,East,Direct,Desktop,Completed
ORD004481,CUST00314,2026-07-09,P0000,Wireless Earbuds,Electronics,1,299,0.2,49,Cash on Delivery,South,Organic Search,Desktop,Returned
ORD004482,CUST00531,2025-10-28,P0002,Smart Watch,Electronics,4,1499,0.0,0,Cash on Delivery,South,Referral,Desktop,Cancelled
ORD004483,CUST00543,2026-08-17,P0000,Wireless Earbuds,Electronics,4,499,0.0,99,Wallet,North,Paid Ads,Mobile,Completed
ORD004484,CUST00780,2025-12-25,P0016,Lip Balm,Beauty,2,2499,0.1,49,UPI,South,Direct,Mobile,Completed
ORD004485,CUST00167,2026-06-07,P0010,LED Lamp,Home,1,1499,0.05,49,Credit Card,South,Email,Mobile,Completed
ORD004486,CUST00323,2026-01-10,P0011,Cushion Cover,Home,2,699,0.15,49,Credit Card,North,Paid Ads,Mobile,Cancelled
ORD004487,CUST00770,2026-02-03,P0019,Face Wash,Beauty,2,299,0.0,99,UPI,South,Referral,Desktop,Completed
ORD004488,CUST00544,2026-05-20,P0020,Yoga Mat,Sports,4,999,0.2,0,Wallet,West,Paid Ads,Mobile,Cancelled
ORD004489,CUST00469,2026-03-05,P0013,Storage Box,Home,1,1999,0.1,0,Credit Card,North,Referral,Mobile,Cancelled
ORD004490,CUST00430,2026-05-08,P0011,Cushion Cover,Home,3,699,0.15,99,UPI,South,Email,Desktop,Completed
ORD004491,CUST00061,2025-09-17,P0016,Lip Balm,Beauty,4,1499,0.0,0,Cash on Delivery,East,Social Media,Desktop,Cancelled
ORD004492,CUST00709,2026-06-20,P0010,LED Lamp,Home,4,299,0.05,99,Cash on Delivery,South,Paid Ads,Mobile,Completed
ORD004493,CUST00493,2026-01-16,P0011,Cushion Cover,Home,1,699,0.0,0,UPI,East,Organic Search,Desktop,Completed
ORD004494,CUST00454,2026-06-03,P0007,Denim Jacket,Fashion,2,1999,0.15,49,UPI,Central,Direct,Mobile,Returned
ORD004495,CUST00430,2025-12-02,P0004,Power Bank,Electronics,2,699,0.0,0,Credit Card,South,Direct,Desktop,Completed
ORD004496,CUST00322,2026-03-25,P0004,Power Bank,Electronics,2,2499,0.05,79,Credit Card,Central,Referral,Mobile,Completed
ORD004497,CUST00207,2026-03-22,P0016,Lip Balm,Beauty,1,699,0.0,0,Debit Card,Central,Referral,Mobile,Completed
ORD004498,CUST00591,2025-10-10,P0020,Yoga Mat,Sports,1,1999,0.1,99,Cash on Delivery,North,Paid Ads,Tablet,Completed
ORD004499,CUST00405,2026-02-09,P0010,LED Lamp,Home,1,1499,0.2,0,Credit Card,South,Email,Mobile,Completed
ORD004500,CUST00028,2026-04-08,P0002,Smart Watch,Electronics,4,2499,0.1,0,Wallet,East,Referral,Mobile,Completed
ORD004501,CUST00327,2026-06-21,P0015,Face Serum,Beauty,2,999,0.0,49,Debit Card,West,Email,Mobile,Returned
ORD004502,CUST00738,2026-07-09,P0022,Water Bottle,Sports,1,699,0.0,0,Credit Card,South,Direct,Mobile,Completed
ORD004503,CUST00307,2026-01-07,P0013,Storage Box,Home,4,499,0.0,0,Credit Card,East,Direct,Desktop,Cancelled
ORD004504,CUST00336,2026-04-11,P0000,Wireless Earbuds,Electronics,2,1499,0.05,79,Wallet,East,Referral,Mobile,Completed
ORD004505,CUST00492,2025-10-22,P0002,Smart Watch,Electronics,2,2499,0.0,49,Credit Card,East,Social Media,Mobile,Completed
ORD004506,CUST00628,2026-07-12,P0013,Storage Box,Home,1,399,0.1,49,UPI,Central,Paid Ads,Desktop,Completed
ORD004507,CUST00528,2026-07-02,P0021,Dumbbell Set,Sports,2,2499,0.05,0,Cash on Delivery,Central,Referral,Mobile,Returned
ORD004508,CUST00674,2026-08-19,P0001,Bluetooth Speaker,Electronics,3,2499,0.0,79,UPI,West,Social Media,Mobile,Completed
ORD004509,CUST00090,2026-02-13,P0018,Sunscreen,Beauty,3,1999,0.2,0,Debit Card,East,Paid Ads,Mobile,Completed
ORD004510,CUST00736,2025-12-29,P0019,Face Wash,Beauty,2,999,0.15,49,Cash on Delivery,South,Email,Desktop,Returned
ORD004511,CUST00720,2026-05-23,P0001,Bluetooth Speaker,Electronics,3,1999,0.1,79,Credit Card,North,Referral,Mobile,Cancelled
ORD004512,CUST00413,2026-05-11,P0005,T-Shirt,Fashion,4,499,0.0,79,Debit Card,South,Direct,Desktop,Completed
ORD004513,CUST00492,2025-11-05,P0000,Wireless Earbuds,Electronics,4,1499,0.0,0,Credit Card,East,Social Media,Desktop,Completed
ORD004514,CUST00174,2026-03-05,P0014,Wall Clock,Home,3,1999,0.1,0,Credit Card,Central,Referral,Mobile,Returned
ORD004515,CUST00361,2026-04-11,P0004,Power Bank,Electronics,1,1999,0.15,99,Cash on Delivery,West,Organic Search,Desktop,Cancelled
ORD004516,CUST00167,2026-02-02,P0022,Water Bottle,Sports,1,999,0.15,0,Debit Card,South,Referral,Tablet,Cancelled
ORD004517,CUST00016,2026-01-02,P0002,Smart Watch,Electronics,1,699,0.15,49,Credit Card,West,Paid Ads,Desktop,Completed
ORD004518,CUST00784,2025-11-15,P0016,Lip Balm,Beauty,1,2499,0.0,0,Cash on Delivery,Central,Paid Ads,Desktop,Returned
ORD004519,CUST00211,2026-01-17,P0019,Face Wash,Beauty,3,1499,0.2,0,Cash on Delivery,North,Paid Ads,Mobile,Completed
ORD004520,CUST00470,2025-11-17,P0004,Power Bank,Electronics,1,1999,0.0,49,Debit Card,East,Social Media,Mobile,Cancelled
ORD004521,CUST00245,2025-12-07,P0006,Sneakers,Fashion,1,999,0.0,49,UPI,East,Organic Search,Desktop,Returned
ORD004522,CUST00304,2025-10-26,P0019,Face Wash,Beauty,3,2499,0.05,79,Wallet,East,Direct,Mobile,Completed
ORD004523,CUST00326,2026-01-04,P0002,Smart Watch,Electronics,2,699,0.05,79,UPI,West,Organic Search,Mobile,Cancelled
ORD004524,CUST00275,2026-04-07,P0011,Cushion Cover,Home,4,999,0.0,99,Wallet,East,Organic Search,Mobile,Completed
ORD004525,CUST00503,2026-01-04,P0006,Sneakers,Fashion,1,1999,0.0,99,Debit Card,South,Organic Search,Mobile,Completed
ORD004526,CUST00767,2025-10-10,P0000,Wireless Earbuds,Electronics,2,999,0.0,49,Cash on Delivery,South,Referral,Desktop,Completed
ORD004527,CUST00347,2026-06-08,P0011,Cushion Cover,Home,1,399,0.05,0,UPI,North,Organic Search,Mobile,Completed
ORD004528,CUST00778,2026-01-24,P0012,Coffee Mug,Home,3,1999,0.15,79,Credit Card,South,Direct,Desktop,Cancelled
ORD004529,CUST00528,2026-03-21,P0008,Backpack,Fashion,1,699,0.1,49,Wallet,Central,Email,Mobile,Completed
ORD004530,CUST00479,2026-02-27,P0020,Yoga Mat,Sports,1,299,0.0,0,Credit Card,East,Direct,Desktop,Completed
ORD004531,CUST00194,2026-02-20,P0002,Smart Watch,Electronics,3,499,0.0,0,Cash on Delivery,South,Social Media,Mobile,Completed
ORD004532,CUST00051,2026-01-26,P0010,LED Lamp,Home,4,299,0.1,49,Cash on Delivery,South,Referral,Mobile,Completed
ORD004533,CUST00675,2026-05-22,P0004,Power Bank,Electronics,3,2499,0.15,49,Credit Card,South,Social Media,Mobile,Completed
ORD004534,CUST00455,2026-06-28,P0018,Sunscreen,Beauty,4,2499,0.0,99,UPI,West,Paid Ads,Mobile,Returned
ORD004535,CUST00337,2026-07-15,P0013,Storage Box,Home,4,499,0.0,99,Debit Card,West,Referral,Mobile,Cancelled
ORD004536,CUST00639,2026-01-28,P0017,Hair Oil,Beauty,4,2499,0.0,0,Credit Card,Central,Social Media,Desktop,Returned
ORD004537,CUST00258,2025-12-22,P0002,Smart Watch,Electronics,4,1499,0.05,0,Wallet,East,Organic Search,Tablet,Completed
ORD004538,CUST00615,2025-09-19,P0011,Cushion Cover,Home,1,2499,0.0,79,Credit Card,North,Email,Desktop,Completed
ORD004539,CUST00271,2026-01-28,P0001,Bluetooth Speaker,Electronics,1,399,0.0,49,Credit Card,North,Paid Ads,Mobile,Completed
ORD004540,CUST00733,2026-08-17,P0008,Backpack,Fashion,2,299,0.2,0,Cash on Delivery,West,Direct,Desktop,Completed
ORD004541,CUST00215,2025-11-22,P0023,Resistance Band,Sports,3,2499,0.15,79,Debit Card,South,Organic Search,Mobile,Returned
ORD004542,CUST00109,2026-06-24,P0018,Sunscreen,Beauty,4,499,0.05,0,Cash on Delivery,Central,Direct,Desktop,Cancelled
ORD004543,CUST00550,2026-05-23,P0001,Bluetooth Speaker,Electronics,1,999,0.15,0,UPI,West,Direct,Desktop,Cancelled
ORD004544,CUST00129,2026-04-17,P0009,Sunglasses,Fashion,1,2499,0.0,79,UPI,Central,Organic Search,Mobile,Returned
ORD004545,CUST00758,2026-03-14,P0021,Dumbbell Set,Sports,2,499,0.2,79,UPI,Central,Email,Desktop,Completed
ORD004546,CUST00519,2026-05-23,P0004,Power Bank,Electronics,3,299,0.0,79,Debit Card,East,Email,Mobile,Completed
ORD004547,CUST00191,2025-09-24,P0018,Sunscreen,Beauty,4,1999,0.0,0,Debit Card,South,Referral,Mobile,Returned
ORD004548,CUST00171,2025-10-05,P0008,Backpack,Fashion,4,699,0.05,49,Wallet,South,Paid Ads,Desktop,Completed
ORD004549,CUST00735,2025-10-30,P0011,Cushion Cover,Home,3,299,0.1,49,Wallet,Central,Social Media,Desktop,Completed
ORD004550,CUST00479,2026-05-26,P0021,Dumbbell Set,Sports,4,499,0.1,99,Credit Card,East,Social Media,Desktop,Returned
ORD004551,CUST00710,2026-01-24,P0016,Lip Balm,Beauty,2,999,0.15,0,Debit Card,Central,Social Media,Mobile,Returned
ORD004552,CUST00088,2025-11-03,P0007,Denim Jacket,Fashion,3,2499,0.0,99,Cash on Delivery,Central,Referral,Desktop,Completed
ORD004553,CUST00736,2025-09-05,P0000,Wireless Earbuds,Electronics,1,399,0.1,0,UPI,South,Email,Tablet,Returned
ORD004554,CUST00414,2026-02-14,P0005,T-Shirt,Fashion,3,999,0.0,79,Debit Card,East,Organic Search,Mobile,Cancelled
ORD004555,CUST00528,2026-01-12,P0010,LED Lamp,Home,2,399,0.0,49,Debit Card,Central,Referral,Mobile,Completed
ORD004556,CUST00306,2025-10-23,P0003,Phone Case,Electronics,4,499,0.05,0,Credit Card,South,Organic Search,Mobile,Completed
ORD004557,CUST00048,2025-08-28,P0022,Water Bottle,Sports,2,499,0.05,0,Cash on Delivery,North,Referral,Desktop,Completed
ORD004558,CUST00764,2026-05-22,P0001,Bluetooth Speaker,Electronics,2,999,0.1,0,Debit Card,East,Social Media,Mobile,Completed
ORD004559,CUST00793,2026-05-31,P0013,Storage Box,Home,2,1499,0.0,79,Debit Card,North,Direct,Desktop,Completed
ORD004560,CUST00300,2025-11-17,P0024,Running Shoes,Sports,4,299,0.15,79,Credit Card,South,Referral,Mobile,Completed
ORD004561,CUST00754,2026-02-16,P0008,Backpack,Fashion,4,299,0.05,79,Cash on Delivery,South,Referral,Mobile,Completed
ORD004562,CUST00133,2025-11-20,P0013,Storage Box,Home,2,1499,0.1,79,Debit Card,Central,Organic Search,Mobile,Cancelled
ORD004563,CUST00124,2026-01-16,P0001,Bluetooth Speaker,Electronics,4,499,0.15,0,Wallet,West,Social Media,Mobile,Completed
ORD004564,CUST00058,2025-09-28,P0018,Sunscreen,Beauty,4,999,0.1,0,Wallet,East,Organic Search,Desktop,Completed
ORD004565,CUST00322,2026-07-31,P0024,Running Shoes,Sports,4,299,0.05,0,Debit Card,Central,Email,Mobile,Completed
ORD004566,CUST00041,2026-05-10,P0019,Face Wash,Beauty,4,999,0.05,0,UPI,North,Social Media,Mobile,Returned
ORD004567,CUST00325,2026-07-14,P0003,Phone Case,Electronics,2,2499,0.0,0,Credit Card,North,Referral,Desktop,Completed
ORD004568,CUST00109,2025-12-05,P0008,Backpack,Fashion,3,699,0.05,0,Wallet,Central,Email,Mobile,Completed
ORD004569,CUST00575,2026-07-04,P0018,Sunscreen,Beauty,2,999,0.0,99,Wallet,Central,Social Media,Desktop,Completed
ORD004570,CUST00660,2026-02-25,P0019,Face Wash,Beauty,2,499,0.1,0,Debit Card,Central,Organic Search,Mobile,Returned
ORD004571,CUST00543,2025-10-31,P0010,LED Lamp,Home,2,499,0.0,49,Credit Card,North,Paid Ads,Tablet,Completed
ORD004572,CUST00166,2025-12-19,P0024,Running Shoes,Sports,1,299,0.0,49,Debit Card,West,Direct,Mobile,Completed
ORD004573,CUST00598,2026-06-12,P0005,T-Shirt,Fashion,1,699,0.05,79,Wallet,East,Organic Search,Mobile,Completed
ORD004574,CUST00203,2026-05-29,P0018,Sunscreen,Beauty,4,2499,0.2,99,UPI,East,Referral,Desktop,Completed
ORD004575,CUST00594,2026-05-09,P0012,Coffee Mug,Home,1,299,0.05,79,Credit Card,West,Email,Mobile,Completed
ORD004576,CUST00452,2025-11-10,P0017,Hair Oil,Beauty,3,699,0.0,79,UPI,South,Email,Mobile,Returned
ORD004577,CUST00301,2026-04-13,P0014,Wall Clock,Home,4,1999,0.05,0,Wallet,West,Social Media,Mobile,Completed
ORD004578,CUST00069,2026-07-29,P0010,LED Lamp,Home,2,699,0.1,99,Credit Card,North,Organic Search,Mobile,Completed
ORD004579,CUST00655,2025-09-06,P0020,Yoga Mat,Sports,2,1999,0.0,0,UPI,South,Paid Ads,Desktop,Completed
ORD004580,CUST00750,2025-12-15,P0021,Dumbbell Set,Sports,4,699,0.05,79,Cash on Delivery,Central,Email,Mobile,Completed
ORD004581,CUST00526,2025-09-18,P0020,Yoga Mat,Sports,4,999,0.0,0,Debit Card,East,Social Media,Desktop,Completed
ORD004582,CUST00770,2025-09-26,P0002,Smart Watch,Electronics,4,2499,0.15,0,Credit Card,South,Paid Ads,Mobile,Completed
ORD004583,CUST00743,2026-08-19,P0010,LED Lamp,Home,3,999,0.1,99,Cash on Delivery,Central,Direct,Desktop,Completed
ORD004584,CUST00158,2025-11-15,P0018,Sunscreen,Beauty,4,1999,0.0,79,Credit Card,East,Social Media,Mobile,Cancelled
ORD004585,CUST00575,2025-10-24,P0021,Dumbbell Set,Sports,2,1499,0.05,79,Credit Card,Central,Social Media,Mobile,Cancelled
ORD004586,CUST00287,2025-09-15,P0009,Sunglasses,Fashion,3,299,0.2,99,Debit Card,Central,Direct,Desktop,Cancelled
ORD004587,CUST00388,2026-08-13,P0018,Sunscreen,Beauty,3,399,0.2,0,Wallet,Central,Organic Search,Desktop,Completed
ORD004588,CUST00126,2026-02-07,P0014,Wall Clock,Home,4,999,0.0,79,Wallet,West,Organic Search,Desktop,Returned
ORD004589,CUST00779,2026-06-04,P0005,T-Shirt,Fashion,2,499,0.0,0,Debit Card,North,Paid Ads,Mobile,Completed
ORD004590,CUST00570,2025-11-19,P0022,Water Bottle,Sports,4,699,0.0,49,Credit Card,Central,Organic Search,Desktop,Completed
ORD004591,CUST00215,2026-04-10,P0011,Cushion Cover,Home,3,699,0.0,49,Cash on Delivery,South,Social Media,Tablet,Completed
ORD004592,CUST00305,2026-07-09,P0015,Face Serum,Beauty,1,1999,0.2,79,Credit Card,Central,Organic Search,Tablet,Completed
ORD004593,CUST00345,2026-04-21,P0007,Denim Jacket,Fashion,3,2499,0.1,0,Cash on Delivery,South,Email,Mobile,Completed
ORD004594,CUST00586,2026-02-24,P0000,Wireless Earbuds,Electronics,4,2499,0.0,0,UPI,Central,Organic Search,Mobile,Completed
ORD004595,CUST00736,2025-11-04,P0011,Cushion Cover,Home,2,299,0.0,0,Credit Card,South,Paid Ads,Desktop,Completed
ORD004596,CUST00267,2025-11-13,P0018,Sunscreen,Beauty,3,1499,0.1,0,Debit Card,North,Paid Ads,Mobile,Returned
ORD004597,CUST00375,2026-03-25,P0008,Backpack,Fashion,4,1499,0.1,49,Debit Card,East,Email,Desktop,Completed
ORD004598,CUST00470,2026-01-31,P0023,Resistance Band,Sports,4,1999,0.05,0,Credit Card,East,Social Media,Mobile,Completed
ORD004599,CUST00323,2025-09-05,P0018,Sunscreen,Beauty,2,699,0.0,99,UPI,North,Direct,Desktop,Completed
ORD004600,CUST00401,2025-10-30,P0016,Lip Balm,Beauty,4,999,0.2,49,Wallet,East,Direct,Mobile,Completed
ORD004601,CUST00085,2026-01-24,P0020,Yoga Mat,Sports,3,699,0.05,0,UPI,Central,Social Media,Desktop,Completed
ORD004602,CUST00133,2025-10-24,P0021,Dumbbell Set,Sports,3,499,0.15,99,Wallet,Central,Organic Search,Desktop,Completed
ORD004603,CUST00328,2026-03-10,P0018,Sunscreen,Beauty,3,399,0.2,0,Cash on Delivery,West,Referral,Mobile,Completed
ORD004604,CUST00731,2025-12-07,P0020,Yoga Mat,Sports,2,1499,0.0,0,Credit Card,East,Social Media,Mobile,Completed
ORD004605,CUST00287,2025-12-04,P0017,Hair Oil,Beauty,2,299,0.15,0,Wallet,Central,Email,Mobile,Completed
ORD004606,CUST00203,2025-09-28,P0021,Dumbbell Set,Sports,1,1499,0.15,0,Debit Card,East,Referral,Desktop,Cancelled
ORD004607,CUST00583,2026-02-19,P0002,Smart Watch,Electronics,4,1999,0.0,79,Credit Card,East,Email,Mobile,Completed
ORD004608,CUST00757,2025-10-27,P0008,Backpack,Fashion,2,399,0.0,79,Debit Card,East,Email,Desktop,Completed
ORD004609,CUST00367,2026-04-07,P0022,Water Bottle,Sports,3,399,0.0,0,Debit Card,South,Social Media,Mobile,Cancelled
ORD004610,CUST00006,2026-07-28,P0011,Cushion Cover,Home,3,999,0.1,99,Cash on Delivery,West,Direct,Desktop,Completed
ORD004611,CUST00543,2026-07-18,P0000,Wireless Earbuds,Electronics,3,1999,0.15,0,Debit Card,North,Paid Ads,Mobile,Cancelled
ORD004612,CUST00339,2026-04-20,P0021,Dumbbell Set,Sports,4,299,0.15,49,Wallet,North,Social Media,Tablet,Completed
ORD004613,CUST00532,2026-06-10,P0016,Lip Balm,Beauty,4,699,0.0,79,Cash on Delivery,Central,Social Media,Desktop,Completed
ORD004614,CUST00223,2026-07-22,P0022,Water Bottle,Sports,1,399,0.1,0,Debit Card,Central,Organic Search,Desktop,Completed
ORD004615,CUST00003,2026-04-25,P0000,Wireless Earbuds,Electronics,4,1999,0.0,99,Credit Card,Central,Paid Ads,Desktop,Cancelled
ORD004616,CUST00284,2025-11-21,P0003,Phone Case,Electronics,1,2499,0.1,49,Cash on Delivery,East,Paid Ads,Mobile,Cancelled
ORD004617,CUST00554,2026-02-18,P0012,Coffee Mug,Home,3,299,0.05,99,UPI,West,Organic Search,Mobile,Completed
ORD004618,CUST00323,2026-06-28,P0004,Power Bank,Electronics,3,399,0.15,79,UPI,North,Direct,Mobile,Cancelled
ORD004619,CUST00181,2026-04-20,P0013,Storage Box,Home,1,399,0.2,0,Wallet,South,Direct,Mobile,Completed
ORD004620,CUST00370,2025-12-30,P0008,Backpack,Fashion,2,1999,0.05,99,Debit Card,South,Referral,Mobile,Completed
ORD004621,CUST00589,2025-10-20,P0005,T-Shirt,Fashion,4,2499,0.1,0,UPI,West,Organic Search,Desktop,Completed
ORD004622,CUST00096,2025-10-11,P0019,Face Wash,Beauty,1,499,0.2,0,Cash on Delivery,South,Social Media,Mobile,Completed
ORD004623,CUST00544,2026-01-04,P0000,Wireless Earbuds,Electronics,1,399,0.0,79,Credit Card,West,Email,Desktop,Completed
ORD004624,CUST00528,2026-06-09,P0021,Dumbbell Set,Sports,1,1499,0.0,99,Wallet,Central,Social Media,Mobile,Returned
ORD004625,CUST00304,2026-03-09,P0003,Phone Case,Electronics,1,2499,0.05,0,Debit Card,East,Organic Search,Mobile,Completed
ORD004626,CUST00775,2025-09-10,P0014,Wall Clock,Home,3,2499,0.0,79,UPI,Central,Social Media,Mobile,Completed
ORD004627,CUST00711,2026-07-21,P0024,Running Shoes,Sports,4,699,0.1,79,Cash on Delivery,East,Organic Search,Mobile,Completed
ORD004628,CUST00262,2026-01-14,P0002,Smart Watch,Electronics,3,1999,0.15,79,Wallet,South,Organic Search,Desktop,Cancelled
ORD004629,CUST00025,2026-01-09,P0023,Resistance Band,Sports,2,2499,0.05,99,UPI,South,Direct,Desktop,Completed
ORD004630,CUST00255,2026-06-15,P0007,Denim Jacket,Fashion,4,1999,0.0,0,Cash on Delivery,Central,Organic Search,Mobile,Cancelled
ORD004631,CUST00168,2026-01-04,P0018,Sunscreen,Beauty,2,699,0.05,0,Wallet,West,Paid Ads,Desktop,Completed
ORD004632,CUST00435,2026-04-02,P0021,Dumbbell Set,Sports,2,499,0.05,99,Credit Card,Central,Referral,Mobile,Completed
ORD004633,CUST00732,2026-07-22,P0005,T-Shirt,Fashion,3,499,0.0,49,Credit Card,Central,Referral,Mobile,Completed
ORD004634,CUST00688,2026-02-25,P0008,Backpack,Fashion,1,499,0.15,49,Debit Card,West,Organic Search,Mobile,Completed
ORD004635,CUST00252,2026-04-01,P0021,Dumbbell Set,Sports,2,2499,0.0,49,Wallet,North,Social Media,Mobile,Completed
ORD004636,CUST00347,2025-12-27,P0002,Smart Watch,Electronics,4,1499,0.05,0,UPI,North,Social Media,Desktop,Completed
ORD004637,CUST00030,2026-07-11,P0002,Smart Watch,Electronics,3,1999,0.2,0,Credit Card,East,Email,Desktop,Completed
ORD004638,CUST00433,2025-09-16,P0007,Denim Jacket,Fashion,4,1999,0.0,0,Cash on Delivery,Central,Direct,Desktop,Completed
ORD004639,CUST00051,2025-11-28,P0015,Face Serum,Beauty,4,699,0.0,0,Credit Card,South,Organic Search,Mobile,Completed
ORD004640,CUST00748,2026-08-16,P0020,Yoga Mat,Sports,2,1999,0.0,0,Credit Card,East,Social Media,Mobile,Cancelled
ORD004641,CUST00686,2026-02-12,P0014,Wall Clock,Home,4,1499,0.05,99,Debit Card,Central,Paid Ads,Mobile,Completed
ORD004642,CUST00175,2025-10-22,P0012,Coffee Mug,Home,4,1499,0.0,0,Credit Card,East,Referral,Mobile,Cancelled
ORD004643,CUST00551,2026-01-18,P0021,Dumbbell Set,Sports,3,499,0.2,79,UPI,East,Paid Ads,Desktop,Completed
ORD004644,CUST00452,2025-11-21,P0004,Power Bank,Electronics,4,399,0.0,0,UPI,South,Organic Search,Mobile,Completed
ORD004645,CUST00628,2026-02-27,P0022,Water Bottle,Sports,3,399,0.1,79,Cash on Delivery,Central,Email,Mobile,Completed
ORD004646,CUST00379,2025-11-14,P0007,Denim Jacket,Fashion,4,499,0.0,0,Credit Card,East,Referral,Desktop,Returned
ORD004647,CUST00156,2026-01-12,P0006,Sneakers,Fashion,1,2499,0.05,79,Debit Card,South,Direct,Mobile,Completed
ORD004648,CUST00506,2026-07-17,P0023,Resistance Band,Sports,2,2499,0.15,49,Wallet,South,Organic Search,Desktop,Returned
ORD004649,CUST00066,2025-09-19,P0016,Lip Balm,Beauty,2,399,0.1,79,Wallet,West,Direct,Desktop,Completed
ORD004650,CUST00464,2026-05-25,P0010,LED Lamp,Home,1,999,0.0,79,Debit Card,West,Paid Ads,Desktop,Completed
ORD004651,CUST00174,2025-09-17,P0008,Backpack,Fashion,3,2499,0.2,49,Cash on Delivery,Central,Organic Search,Tablet,Cancelled
ORD004652,CUST00540,2026-02-02,P0011,Cushion Cover,Home,1,1999,0.15,79,Cash on Delivery,East,Email,Desktop,Completed
ORD004653,CUST00656,2026-04-20,P0019,Face Wash,Beauty,1,999,0.0,99,Wallet,South,Direct,Desktop,Completed
ORD004654,CUST00088,2026-08-03,P0003,Phone Case,Electronics,4,999,0.2,49,Wallet,Central,Referral,Desktop,Completed
ORD004655,CUST00328,2025-11-19,P0004,Power Bank,Electronics,1,499,0.0,0,UPI,West,Email,Desktop,Completed
ORD004656,CUST00577,2025-09-08,P0007,Denim Jacket,Fashion,4,2499,0.0,0,UPI,South,Social Media,Mobile,Returned
ORD004657,CUST00131,2026-05-21,P0012,Coffee Mug,Home,1,299,0.2,49,UPI,South,Email,Mobile,Completed
ORD004658,CUST00451,2026-07-12,P0020,Yoga Mat,Sports,2,1999,0.2,49,Cash on Delivery,East,Paid Ads,Mobile,Completed
ORD004659,CUST00531,2026-03-14,P0005,T-Shirt,Fashion,1,1999,0.15,79,Credit Card,South,Organic Search,Desktop,Completed
ORD004660,CUST00290,2025-09-11,P0019,Face Wash,Beauty,1,499,0.0,79,Credit Card,Central,Social Media,Mobile,Cancelled
ORD004661,CUST00659,2026-02-18,P0022,Water Bottle,Sports,4,999,0.0,0,UPI,North,Paid Ads,Tablet,Returned
ORD004662,CUST00407,2026-01-09,P0010,LED Lamp,Home,1,2499,0.1,79,UPI,South,Organic Search,Desktop,Returned
ORD004663,CUST00493,2026-01-31,P0024,Running Shoes,Sports,4,699,0.0,99,Credit Card,East,Direct,Mobile,Cancelled
ORD004664,CUST00111,2025-09-08,P0022,Water Bottle,Sports,3,499,0.2,0,Wallet,Central,Referral,Mobile,Cancelled
ORD004665,CUST00018,2025-12-13,P0019,Face Wash,Beauty,2,299,0.2,99,Credit Card,East,Direct,Desktop,Completed
ORD004666,CUST00041,2026-08-19,P0009,Sunglasses,Fashion,4,699,0.15,99,Debit Card,North,Referral,Desktop,Returned
ORD004667,CUST00720,2025-09-05,P0007,Denim Jacket,Fashion,2,499,0.2,49,UPI,North,Social Media,Desktop,Completed
ORD004668,CUST00700,2026-07-19,P0021,Dumbbell Set,Sports,2,1999,0.0,79,Credit Card,East,Direct,Mobile,Completed
ORD004669,CUST00634,2026-02-24,P0011,Cushion Cover,Home,2,1999,0.2,99,Wallet,South,Paid Ads,Desktop,Completed
ORD004670,CUST00165,2026-03-21,P0000,Wireless Earbuds,Electronics,3,499,0.0,99,UPI,East,Social Media,Tablet,Completed
ORD004671,CUST00417,2026-07-26,P0017,Hair Oil,Beauty,4,399,0.0,0,UPI,Central,Organic Search,Desktop,Completed
ORD004672,CUST00624,2025-11-07,P0008,Backpack,Fashion,3,499,0.0,79,UPI,Central,Email,Desktop,Completed
ORD004673,CUST00533,2026-08-14,P0023,Resistance Band,Sports,2,699,0.15,49,Wallet,East,Social Media,Mobile,Cancelled
ORD004674,CUST00092,2025-11-29,P0021,Dumbbell Set,Sports,4,1499,0.2,49,Wallet,South,Email,Tablet,Returned
ORD004675,CUST00712,2025-12-25,P0002,Smart Watch,Electronics,3,399,0.1,79,Wallet,East,Referral,Mobile,Completed
ORD004676,CUST00129,2026-01-31,P0022,Water Bottle,Sports,4,2499,0.0,99,Debit Card,Central,Organic Search,Mobile,Completed
ORD004677,CUST00137,2026-03-27,P0023,Resistance Band,Sports,2,1499,0.1,0,Wallet,Central,Social Media,Desktop,Completed
ORD004678,CUST00717,2025-12-15,P0018,Sunscreen,Beauty,1,399,0.05,99,Credit Card,North,Social Media,Mobile,Completed
ORD004679,CUST00386,2026-06-05,P0006,Sneakers,Fashion,4,499,0.05,0,Credit Card,Central,Direct,Desktop,Completed
ORD004680,CUST00306,2025-08-27,P0016,Lip Balm,Beauty,3,1499,0.0,99,Cash on Delivery,South,Email,Desktop,Cancelled
ORD004681,CUST00441,2026-04-20,P0021,Dumbbell Set,Sports,2,999,0.0,0,Credit Card,Central,Direct,Mobile,Completed
ORD004682,CUST00784,2026-04-16,P0020,Yoga Mat,Sports,4,999,0.0,99,Credit Card,Central,Referral,Desktop,Completed
ORD004683,CUST00096,2026-03-03,P0010,LED Lamp,Home,1,299,0.2,49,Debit Card,South,Paid Ads,Desktop,Completed
ORD004684,CUST00592,2026-03-31,P0017,Hair Oil,Beauty,4,699,0.0,99,Cash on Delivery,North,Social Media,Desktop,Completed
ORD004685,CUST00275,2026-05-19,P0009,Sunglasses,Fashion,3,999,0.0,49,Cash on Delivery,East,Social Media,Mobile,Returned
ORD004686,CUST00095,2026-07-16,P0006,Sneakers,Fashion,3,1499,0.0,79,Wallet,East,Direct,Mobile,Completed
ORD004687,CUST00344,2025-11-07,P0016,Lip Balm,Beauty,1,699,0.05,49,Credit Card,West,Social Media,Mobile,Completed
ORD004688,CUST00436,2026-02-10,P0011,Cushion Cover,Home,1,999,0.1,0,Wallet,East,Direct,Desktop,Completed
ORD004689,CUST00168,2026-03-13,P0005,T-Shirt,Fashion,3,399,0.1,0,Cash on Delivery,West,Paid Ads,Desktop,Completed
ORD004690,CUST00330,2025-12-23,P0016,Lip Balm,Beauty,3,1999,0.0,49,Debit Card,South,Referral,Mobile,Completed
ORD004691,CUST00501,2026-08-10,P0008,Backpack,Fashion,1,1499,0.0,49,Debit Card,West,Social Media,Mobile,Cancelled
ORD004692,CUST00457,2026-02-22,P0014,Wall Clock,Home,3,1499,0.05,79,Cash on Delivery,North,Referral,Desktop,Cancelled
ORD004693,CUST00568,2026-03-24,P0009,Sunglasses,Fashion,3,1499,0.0,99,Credit Card,East,Social Media,Desktop,Completed
ORD004694,CUST00661,2025-10-30,P0022,Water Bottle,Sports,2,2499,0.05,79,Cash on Delivery,Central,Organic Search,Mobile,Completed
ORD004695,CUST00332,2026-01-18,P0021,Dumbbell Set,Sports,3,2499,0.05,0,UPI,Central,Paid Ads,Mobile,Completed
ORD004696,CUST00345,2026-04-05,P0011,Cushion Cover,Home,4,1999,0.0,49,Wallet,South,Social Media,Mobile,Completed
ORD004697,CUST00395,2026-01-23,P0017,Hair Oil,Beauty,2,499,0.1,0,Debit Card,South,Organic Search,Desktop,Returned
ORD004698,CUST00451,2026-05-28,P0004,Power Bank,Electronics,1,299,0.15,49,Wallet,East,Direct,Desktop,Cancelled
ORD004699,CUST00087,2025-10-08,P0024,Running Shoes,Sports,4,299,0.0,49,Cash on Delivery,North,Social Media,Desktop,Returned
ORD004700,CUST00258,2025-10-15,P0005,T-Shirt,Fashion,4,1999,0.05,99,UPI,East,Direct,Mobile,Completed
ORD004701,CUST00137,2025-12-21,P0021,Dumbbell Set,Sports,2,2499,0.05,0,Debit Card,Central,Referral,Mobile,Completed
ORD004702,CUST00318,2025-12-14,P0021,Dumbbell Set,Sports,2,1499,0.05,49,Credit Card,North,Organic Search,Mobile,Completed
ORD004703,CUST00778,2026-06-13,P0004,Power Bank,Electronics,4,1499,0.0,49,Cash on Delivery,South,Paid Ads,Mobile,Cancelled
ORD004704,CUST00463,2026-07-02,P0000,Wireless Earbuds,Electronics,1,299,0.0,0,Cash on Delivery,Central,Email,Mobile,Completed
ORD004705,CUST00347,2026-02-08,P0018,Sunscreen,Beauty,2,999,0.0,0,Wallet,North,Referral,Mobile,Completed
ORD004706,CUST00450,2026-02-20,P0021,Dumbbell Set,Sports,3,999,0.0,79,Credit Card,West,Referral,Mobile,Returned
ORD004707,CUST00529,2025-12-05,P0017,Hair Oil,Beauty,3,399,0.0,0,Cash on Delivery,North,Paid Ads,Desktop,Completed
ORD004708,CUST00351,2026-03-02,P0001,Bluetooth Speaker,Electronics,3,1999,0.15,0,UPI,North,Paid Ads,Mobile,Returned
ORD004709,CUST00361,2026-05-04,P0016,Lip Balm,Beauty,2,499,0.0,99,Debit Card,West,Paid Ads,Mobile,Completed
ORD004710,CUST00552,2026-05-10,P0009,Sunglasses,Fashion,4,399,0.15,0,Debit Card,East,Social Media,Mobile,Completed
ORD004711,CUST00048,2026-08-08,P0022,Water Bottle,Sports,3,1499,0.2,99,Cash on Delivery,North,Email,Mobile,Completed
ORD004712,CUST00430,2026-03-18,P0020,Yoga Mat,Sports,3,699,0.0,79,Wallet,South,Social Media,Desktop,Cancelled
ORD004713,CUST00435,2025-12-22,P0019,Face Wash,Beauty,4,999,0.05,0,UPI,Central,Direct,Desktop,Returned
ORD004714,CUST00592,2025-09-14,P0010,LED Lamp,Home,1,999,0.0,99,Wallet,North,Social Media,Desktop,Completed
ORD004715,CUST00784,2026-04-28,P0008,Backpack,Fashion,3,999,0.0,79,Cash on Delivery,Central,Email,Desktop,Completed
ORD004716,CUST00623,2026-06-09,P0020,Yoga Mat,Sports,4,699,0.0,0,Wallet,East,Email,Mobile,Completed
ORD004717,CUST00401,2026-03-09,P0002,Smart Watch,Electronics,3,1999,0.0,49,Debit Card,East,Paid Ads,Mobile,Returned
ORD004718,CUST00134,2026-07-22,P0002,Smart Watch,Electronics,3,2499,0.1,0,Credit Card,North,Organic Search,Mobile,Completed
ORD004719,CUST00465,2025-12-13,P0001,Bluetooth Speaker,Electronics,2,699,0.0,99,Credit Card,Central,Paid Ads,Mobile,Completed
ORD004720,CUST00661,2025-09-08,P0012,Coffee Mug,Home,2,399,0.0,49,Debit Card,Central,Direct,Mobile,Returned
ORD004721,CUST00741,2026-04-08,P0001,Bluetooth Speaker,Electronics,3,499,0.0,0,Wallet,West,Direct,Desktop,Completed
ORD004722,CUST00652,2025-10-03,P0014,Wall Clock,Home,4,1999,0.2,79,Credit Card,South,Organic Search,Desktop,Cancelled
ORD004723,CUST00152,2025-09-19,P0004,Power Bank,Electronics,2,499,0.2,79,Credit Card,West,Social Media,Mobile,Completed
ORD004724,CUST00559,2026-05-03,P0022,Water Bottle,Sports,1,1999,0.0,0,Cash on Delivery,Central,Direct,Mobile,Completed
ORD004725,CUST00699,2026-01-25,P0010,LED Lamp,Home,2,1499,0.1,99,UPI,West,Direct,Desktop,Completed
ORD004726,CUST00537,2026-03-28,P0002,Smart Watch,Electronics,1,699,0.2,49,Credit Card,South,Organic Search,Desktop,Completed
ORD004727,CUST00540,2026-05-19,P0017,Hair Oil,Beauty,4,399,0.0,0,Cash on Delivery,East,Direct,Desktop,Completed
ORD004728,CUST00398,2026-01-06,P0008,Backpack,Fashion,3,999,0.0,79,Cash on Delivery,Central,Direct,Mobile,Completed
ORD004729,CUST00503,2026-03-31,P0006,Sneakers,Fashion,1,1499,0.0,0,UPI,South,Organic Search,Mobile,Completed
ORD004730,CUST00237,2026-03-04,P0016,Lip Balm,Beauty,3,399,0.0,99,Credit Card,East,Social Media,Desktop,Completed
ORD004731,CUST00073,2026-03-19,P0023,Resistance Band,Sports,3,1999,0.2,79,Wallet,South,Organic Search,Mobile,Completed
ORD004732,CUST00655,2026-05-03,P0024,Running Shoes,Sports,3,399,0.0,0,Cash on Delivery,South,Email,Mobile,Completed
ORD004733,CUST00754,2026-01-05,P0010,LED Lamp,Home,3,699,0.0,0,Cash on Delivery,South,Referral,Mobile,Cancelled
ORD004734,CUST00679,2026-02-20,P0021,Dumbbell Set,Sports,4,999,0.0,49,UPI,North,Paid Ads,Desktop,Returned
ORD004735,CUST00274,2026-03-23,P0005,T-Shirt,Fashion,4,1499,0.0,49,Cash on Delivery,Central,Social Media,Desktop,Completed
ORD004736,CUST00076,2025-10-10,P0021,Dumbbell Set,Sports,2,399,0.2,79,Cash on Delivery,East,Email,Mobile,Returned
ORD004737,CUST00226,2025-11-05,P0023,Resistance Band,Sports,1,499,0.0,0,Credit Card,North,Organic Search,Mobile,Completed
ORD004738,CUST00667,2025-09-21,P0012,Coffee Mug,Home,4,1999,0.05,0,Wallet,South,Paid Ads,Mobile,Returned
ORD004739,CUST00520,2025-10-31,P0013,Storage Box,Home,3,499,0.1,49,Wallet,South,Paid Ads,Desktop,Completed
ORD004740,CUST00771,2026-01-27,P0014,Wall Clock,Home,1,999,0.0,99,Wallet,North,Organic Search,Tablet,Cancelled
ORD004741,CUST00281,2026-07-28,P0001,Bluetooth Speaker,Electronics,3,699,0.0,99,UPI,South,Direct,Mobile,Completed
ORD004742,CUST00440,2026-07-22,P0021,Dumbbell Set,Sports,1,299,0.2,0,Wallet,West,Direct,Mobile,Completed
ORD004743,CUST00619,2026-05-25,P0018,Sunscreen,Beauty,1,999,0.0,0,UPI,East,Organic Search,Desktop,Completed
ORD004744,CUST00192,2026-03-11,P0021,Dumbbell Set,Sports,1,499,0.0,0,Debit Card,Central,Organic Search,Desktop,Completed
ORD004745,CUST00770,2025-11-01,P0002,Smart Watch,Electronics,2,499,0.0,49,UPI,South,Organic Search,Desktop,Completed
ORD004746,CUST00470,2025-12-28,P0020,Yoga Mat,Sports,1,1999,0.0,0,Cash on Delivery,East,Referral,Mobile,Returned
ORD004747,CUST00006,2026-05-26,P0009,Sunglasses,Fashion,4,1999,0.0,79,Cash on Delivery,West,Email,Mobile,Completed
ORD004748,CUST00020,2026-07-17,P0020,Yoga Mat,Sports,2,499,0.0,0,Wallet,East,Email,Tablet,Completed
ORD004749,CUST00700,2026-08-06,P0024,Running Shoes,Sports,3,999,0.05,49,Debit Card,East,Organic Search,Mobile,Completed
ORD004750,CUST00510,2026-01-08,P0021,Dumbbell Set,Sports,4,1499,0.05,79,Debit Card,North,Organic Search,Mobile,Completed
ORD004751,CUST00595,2026-02-13,P0022,Water Bottle,Sports,4,299,0.0,49,Debit Card,West,Referral,Desktop,Completed
ORD004752,CUST00615,2026-02-21,P0002,Smart Watch,Electronics,4,299,0.2,79,Debit Card,North,Referral,Desktop,Completed
ORD004753,CUST00343,2025-09-09,P0008,Backpack,Fashion,1,999,0.0,0,Cash on Delivery,West,Email,Mobile,Completed
ORD004754,CUST00625,2025-10-01,P0007,Denim Jacket,Fashion,3,2499,0.0,79,UPI,East,Organic Search,Tablet,Returned
ORD004755,CUST00747,2025-09-05,P0012,Coffee Mug,Home,4,2499,0.0,49,Debit Card,Central,Organic Search,Desktop,Completed
ORD004756,CUST00138,2026-05-16,P0024,Running Shoes,Sports,1,699,0.15,79,Cash on Delivery,North,Referral,Mobile,Completed
ORD004757,CUST00595,2025-11-09,P0017,Hair Oil,Beauty,4,1499,0.05,99,Debit Card,West,Email,Mobile,Completed
ORD004758,CUST00254,2026-05-02,P0013,Storage Box,Home,4,699,0.0,0,Wallet,West,Paid Ads,Desktop,Cancelled
ORD004759,CUST00267,2026-01-03,P0020,Yoga Mat,Sports,4,2499,0.0,0,Wallet,North,Organic Search,Desktop,Returned
ORD004760,CUST00336,2026-06-05,P0004,Power Bank,Electronics,2,999,0.0,99,Debit Card,East,Email,Mobile,Completed
ORD004761,CUST00685,2025-10-01,P0016,Lip Balm,Beauty,1,2499,0.0,79,Cash on Delivery,West,Referral,Mobile,Completed
ORD004762,CUST00016,2025-12-16,P0012,Coffee Mug,Home,3,499,0.1,99,Wallet,West,Referral,Mobile,Completed
ORD004763,CUST00351,2025-11-02,P0005,T-Shirt,Fashion,3,2499,0.1,0,Cash on Delivery,North,Direct,Mobile,Cancelled
ORD004764,CUST00537,2026-01-26,P0016,Lip Balm,Beauty,3,1499,0.15,0,Credit Card,South,Organic Search,Tablet,Returned
ORD004765,CUST00088,2026-03-13,P0021,Dumbbell Set,Sports,2,1999,0.0,0,Debit Card,Central,Direct,Mobile,Returned
ORD004766,CUST00621,2025-10-20,P0020,Yoga Mat,Sports,1,299,0.05,79,Debit Card,South,Direct,Desktop,Returned
ORD004767,CUST00752,2026-04-20,P0021,Dumbbell Set,Sports,4,1999,0.15,99,Wallet,North,Referral,Mobile,Completed
ORD004768,CUST00075,2026-08-07,P0020,Yoga Mat,Sports,3,399,0.0,99,Cash on Delivery,Central,Organic Search,Mobile,Completed
ORD004769,CUST00122,2025-09-04,P0011,Cushion Cover,Home,4,2499,0.1,0,Credit Card,East,Referral,Mobile,Completed
ORD004770,CUST00779,2025-09-20,P0001,Bluetooth Speaker,Electronics,4,399,0.0,49,Credit Card,North,Direct,Tablet,Completed
ORD004771,CUST00162,2026-08-02,P0024,Running Shoes,Sports,2,1999,0.2,49,Wallet,South,Direct,Mobile,Completed
ORD004772,CUST00064,2026-04-13,P0011,Cushion Cover,Home,2,1499,0.15,0,Debit Card,North,Organic Search,Mobile,Completed
ORD004773,CUST00760,2026-07-21,P0015,Face Serum,Beauty,4,699,0.1,0,Wallet,West,Referral,Mobile,Cancelled
ORD004774,CUST00709,2026-05-04,P0000,Wireless Earbuds,Electronics,3,2499,0.1,0,Credit Card,South,Organic Search,Desktop,Completed
ORD004775,CUST00519,2026-05-08,P0022,Water Bottle,Sports,3,699,0.1,49,UPI,East,Paid Ads,Mobile,Cancelled
ORD004776,CUST00440,2025-10-16,P0022,Water Bottle,Sports,4,299,0.0,99,Credit Card,West,Organic Search,Mobile,Completed
ORD004777,CUST00733,2026-02-22,P0023,Resistance Band,Sports,1,299,0.2,99,Cash on Delivery,West,Paid Ads,Mobile,Cancelled
ORD004778,CUST00519,2025-12-31,P0004,Power Bank,Electronics,2,1999,0.0,79,Credit Card,East,Email,Desktop,Returned
ORD004779,CUST00521,2026-06-20,P0021,Dumbbell Set,Sports,1,699,0.15,99,Credit Card,North,Referral,Desktop,Completed
ORD004780,CUST00668,2025-09-04,P0015,Face Serum,Beauty,2,1999,0.15,79,Credit Card,North,Referral,Tablet,Completed
ORD004781,CUST00517,2025-08-26,P0003,Phone Case,Electronics,2,299,0.15,49,Debit Card,East,Organic Search,Mobile,Returned
ORD004782,CUST00401,2026-03-11,P0014,Wall Clock,Home,2,299,0.0,99,UPI,East,Referral,Mobile,Completed
ORD004783,CUST00321,2026-08-09,P0011,Cushion Cover,Home,1,2499,0.05,99,Wallet,North,Organic Search,Mobile,Completed
ORD004784,CUST00401,2026-08-18,P0015,Face Serum,Beauty,4,399,0.1,0,Cash on Delivery,East,Direct,Desktop,Completed
ORD004785,,2026-03-24,P0002,Smart Watch,Electronics,2,1499,0.1,0,Cash on Delivery,Central,Paid Ads,Desktop,Completed
ORD004786,CUST00298,2026-01-23,P0014,Wall Clock,Home,2,499,0.1,99,Credit Card,Central,Direct,Desktop,Completed
ORD004787,CUST00361,2025-11-27,P0016,Lip Balm,Beauty,4,999,0.1,0,UPI,West,Social Media,Mobile,Returned
ORD004788,CUST00628,2026-08-16,P0017,Hair Oil,Beauty,2,299,0.0,49,Cash on Delivery,Central,Referral,Mobile,Completed
ORD004789,CUST00340,2025-10-25,P0019,Face Wash,Beauty,4,499,0.15,0,Credit Card,North,Email,Mobile,Completed
ORD004790,CUST00020,2025-10-05,P0015,Face Serum,Beauty,1,1999,0.05,79,Wallet,East,Email,Mobile,Completed
ORD004791,CUST00229,2026-02-21,P0017,Hair Oil,Beauty,4,999,0.2,99,UPI,North,Social Media,Mobile,Cancelled
ORD004792,CUST00191,2026-01-10,P0002,Smart Watch,Electronics,4,999,0.05,0,Credit Card,South,Paid Ads,Mobile,Cancelled
ORD004793,CUST00622,2026-02-16,P0019,Face Wash,Beauty,4,2499,0.05,0,Credit Card,North,Email,Mobile,Completed
ORD004794,CUST00361,2026-07-15,P0009,Sunglasses,Fashion,4,699,0.1,0,Debit Card,West,Email,Mobile,Cancelled
ORD004795,CUST00226,2025-11-26,P0013,Storage Box,Home,3,1999,0.2,79,Credit Card,North,Organic Search,Tablet,Completed
ORD004796,CUST00638,2026-07-05,P0013,Storage Box,Home,3,1499,0.2,0,Credit Card,East,Organic Search,Tablet,Completed
ORD004797,CUST00014,2025-11-05,P0024,Running Shoes,Sports,4,699,0.1,79,UPI,South,Social Media,Desktop,Cancelled
ORD004798,CUST00139,2025-12-16,P0008,Backpack,Fashion,4,499,0.05,0,Wallet,North,Direct,Desktop,Returned
ORD004799,,2025-08-21,P0009,Sunglasses,Fashion,3,499,0.0,79,UPI,West,Social Media,Mobile,Completed
ORD004800,CUST00439,2026-04-24,P0019,Face Wash,Beauty,3,1999,0.0,0,Wallet,West,Social Media,Mobile,Completed
ORD004801,CUST00608,2026-06-29,P0015,Face Serum,Beauty,1,499,0.15,0,Credit Card,East,Referral,Mobile,Cancelled
ORD004802,CUST00662,2026-07-09,P0007,Denim Jacket,Fashion,4,1499,0.0,0,Debit Card,West,Paid Ads,Mobile,Completed
ORD004803,CUST00752,2025-10-20,P0008,Backpack,Fashion,4,299,0.05,49,Wallet,North,Social Media,Desktop,Completed
ORD004804,CUST00051,2026-05-26,P0020,Yoga Mat,Sports,1,499,0.1,79,Credit Card,South,Referral,Mobile,Cancelled
ORD004805,CUST00626,2025-10-10,P0020,Yoga Mat,Sports,2,2499,0.0,79,UPI,Central,Email,Tablet,Completed
ORD004806,CUST00558,2026-04-06,P0003,Phone Case,Electronics,1,999,0.0,99,Credit Card,Central,Organic Search,Desktop,Completed
ORD004807,CUST00170,2026-05-03,P0009,Sunglasses,Fashion,2,1999,0.0,79,UPI,North,Paid Ads,Mobile,Completed
ORD004808,CUST00741,2025-10-14,P0019,Face Wash,Beauty,4,499,0.15,0,Wallet,West,Referral,Desktop,Returned
ORD004809,CUST00329,2025-09-29,P0002,Smart Watch,Electronics,2,1999,0.05,79,Cash on Delivery,South,Direct,Desktop,Completed
ORD004810,CUST00705,2025-09-15,P0004,Power Bank,Electronics,2,2499,0.0,0,Credit Card,East,Referral,Desktop,Completed
ORD004811,CUST00478,2026-05-05,P0003,Phone Case,Electronics,4,2499,0.1,49,UPI,North,Social Media,Mobile,Completed
ORD004812,CUST00417,2026-04-01,P0013,Storage Box,Home,2,699,0.0,49,UPI,Central,Email,Mobile,Returned
ORD004813,CUST00128,2025-10-02,P0011,Cushion Cover,Home,4,1499,0.15,0,Credit Card,East,Organic Search,Mobile,Completed
ORD004814,CUST00730,2026-02-18,P0008,Backpack,Fashion,4,2499,0.0,79,Wallet,South,Direct,Desktop,Completed
ORD004815,CUST00445,2026-06-06,P0003,Phone Case,Electronics,2,1999,0.0,79,Credit Card,West,Email,Mobile,Returned
ORD004816,CUST00005,2025-11-14,P0015,Face Serum,Beauty,3,2499,0.2,79,Wallet,North,Organic Search,Desktop,Completed
ORD004817,CUST00013,2026-03-29,P0020,Yoga Mat,Sports,2,299,0.15,49,Debit Card,East,Referral,Mobile,Completed
ORD004818,CUST00611,2025-12-04,P0005,T-Shirt,Fashion,2,999,0.1,99,Credit Card,South,Social Media,Tablet,Completed
ORD004819,CUST00129,2025-11-23,P0016,Lip Balm,Beauty,4,1999,0.1,79,Credit Card,Central,Referral,Mobile,Completed
ORD004820,CUST00473,2026-01-10,P0019,Face Wash,Beauty,2,1499,0.05,0,UPI,East,Referral,Desktop,Returned
ORD004821,CUST00537,2025-12-26,P0013,Storage Box,Home,1,399,0.0,79,Debit Card,South,Social Media,Mobile,Completed
ORD004822,CUST00226,2026-02-16,P0014,Wall Clock,Home,2,999,0.0,49,UPI,North,Organic Search,Desktop,Completed
ORD004823,CUST00453,2025-11-02,P0004,Power Bank,Electronics,3,399,0.2,0,Cash on Delivery,East,Organic Search,Desktop,Returned
ORD004824,CUST00196,2026-01-09,P0023,Resistance Band,Sports,1,299,0.2,99,Cash on Delivery,Central,Paid Ads,Mobile,Completed
ORD004825,CUST00755,2026-04-04,P0023,Resistance Band,Sports,3,299,0.15,79,Wallet,Central,Paid Ads,Mobile,Completed
ORD004826,CUST00682,2026-01-08,P0017,Hair Oil,Beauty,1,2499,0.2,79,UPI,West,Social Media,Tablet,Returned
ORD004827,CUST00233,2026-04-16,P0022,Water Bottle,Sports,1,499,0.15,79,Credit Card,Central,Referral,Tablet,Cancelled
ORD004828,CUST00419,2025-10-01,P0015,Face Serum,Beauty,3,699,0.0,49,UPI,East,Direct,Desktop,Completed
ORD004829,CUST00399,2025-10-09,P0016,Lip Balm,Beauty,1,499,0.15,0,Credit Card,Central,Paid Ads,Mobile,Completed
ORD004830,CUST00766,2026-07-01,P0020,Yoga Mat,Sports,4,2499,0.15,99,Credit Card,South,Direct,Mobile,Completed
ORD004831,CUST00324,2026-02-04,P0000,Wireless Earbuds,Electronics,1,2499,0.0,49,Debit Card,South,Organic Search,Mobile,Completed
ORD004832,CUST00448,2026-03-30,P0005,T-Shirt,Fashion,2,1499,0.2,0,Wallet,Central,Organic Search,Desktop,Completed
ORD004833,CUST00738,2026-05-17,P0005,T-Shirt,Fashion,1,1999,0.05,79,Wallet,South,Email,Mobile,Completed
ORD004834,CUST00129,2025-10-12,P0015,Face Serum,Beauty,2,299,0.0,0,Wallet,Central,Paid Ads,Mobile,Cancelled
ORD004835,CUST00439,2026-08-09,P0006,Sneakers,Fashion,4,2499,0.05,0,Debit Card,West,Social Media,Tablet,Completed
ORD004836,CUST00085,2026-01-21,P0009,Sunglasses,Fashion,3,699,0.0,0,Wallet,Central,Direct,Desktop,Returned
ORD004837,CUST00487,2026-07-10,P0012,Coffee Mug,Home,3,699,0.0,0,Cash on Delivery,Central,Social Media,Desktop,Returned
ORD004838,CUST00300,2026-01-19,P0018,Sunscreen,Beauty,1,399,0.05,99,Wallet,South,Paid Ads,Tablet,Cancelled
ORD004839,CUST00772,2026-01-15,P0012,Coffee Mug,Home,2,2499,0.2,49,Wallet,East,Referral,Mobile,Completed
ORD004840,CUST00339,2026-03-27,P0000,Wireless Earbuds,Electronics,2,399,0.0,99,Cash on Delivery,North,Paid Ads,Mobile,Completed
ORD004841,CUST00108,2025-10-28,P0017,Hair Oil,Beauty,3,1999,0.0,79,Wallet,Central,Email,Tablet,Cancelled
ORD004842,CUST00660,2026-03-30,P0010,LED Lamp,Home,1,1499,0.15,0,Cash on Delivery,Central,Organic Search,Tablet,Completed
ORD004843,CUST00648,2026-08-13,P0002,Smart Watch,Electronics,4,1999,0.0,0,Debit Card,South,Organic Search,Mobile,Cancelled
ORD004844,CUST00547,2026-04-12,P0016,Lip Balm,Beauty,3,299,0.05,49,Debit Card,East,Direct,Mobile,Completed
ORD004845,CUST00586,2025-09-14,P0006,Sneakers,Fashion,2,1499,0.0,0,Credit Card,Central,Referral,Mobile,Completed
ORD004846,CUST00214,2026-05-01,P0011,Cushion Cover,Home,1,2499,0.0,49,Credit Card,North,Organic Search,Mobile,Returned
ORD004847,CUST00508,2025-09-01,P0024,Running Shoes,Sports,3,699,0.0,49,UPI,East,Referral,Mobile,Returned
ORD004848,CUST00030,2025-09-26,P0005,T-Shirt,Fashion,2,699,0.0,0,Cash on Delivery,East,Paid Ads,Mobile,Cancelled
ORD004849,CUST00161,2025-12-01,P0022,Water Bottle,Sports,3,299,0.2,49,Debit Card,North,Referral,Desktop,Completed
ORD004850,CUST00741,2025-12-09,P0011,Cushion Cover,Home,3,699,0.1,99,Wallet,West,Email,Mobile,Cancelled
ORD004851,CUST00582,2025-08-21,P0023,Resistance Band,Sports,3,1499,0.1,99,Credit Card,South,Direct,Desktop,Returned
ORD004852,CUST00190,2025-08-26,P0021,Dumbbell Set,Sports,4,499,0.0,49,Cash on Delivery,East,Organic Search,Desktop,Completed
ORD004853,CUST00088,2026-06-04,P0020,Yoga Mat,Sports,3,1499,0.0,0,UPI,Central,Organic Search,Mobile,Completed
ORD004854,CUST00757,2026-02-01,P0005,T-Shirt,Fashion,3,299,0.0,99,UPI,East,Referral,Desktop,Completed
ORD004855,CUST00089,2025-10-31,P0019,Face Wash,Beauty,2,1499,0.2,49,Debit Card,Central,Organic Search,Desktop,Completed
ORD004856,CUST00209,2026-01-23,P0009,Sunglasses,Fashion,4,999,0.0,79,Cash on Delivery,East,Referral,Desktop,Cancelled
ORD004857,CUST00145,2026-04-29,P0022,Water Bottle,Sports,2,399,0.15,0,UPI,East,Organic Search,Desktop,Completed
ORD004858,CUST00006,2026-05-15,P0024,Running Shoes,Sports,3,499,0.15,0,Credit Card,West,Email,Desktop,Completed
ORD004859,CUST00260,2025-12-03,P0015,Face Serum,Beauty,4,399,0.0,0,UPI,North,Social Media,Desktop,Completed
ORD004860,CUST00779,2025-10-19,P0022,Water Bottle,Sports,2,999,0.0,79,UPI,North,Social Media,Desktop,Completed
ORD004861,CUST00281,2026-08-05,P0013,Storage Box,Home,1,1499,0.0,79,Wallet,South,Direct,Mobile,Completed
ORD004862,CUST00401,2026-04-07,P0000,Wireless Earbuds,Electronics,1,999,0.0,79,UPI,East,Organic Search,Desktop,Cancelled
ORD004863,CUST00585,2026-08-13,P0021,Dumbbell Set,Sports,1,399,0.15,0,Debit Card,North,Social Media,Desktop,Completed
ORD004864,CUST00439,2025-12-09,P0013,Storage Box,Home,1,399,0.15,0,Credit Card,West,Email,Tablet,Completed
ORD004865,CUST00583,2025-09-29,P0001,Bluetooth Speaker,Electronics,3,1999,0.1,0,Cash on Delivery,East,Social Media,Mobile,Returned
ORD004866,CUST00524,2026-01-06,P0001,Bluetooth Speaker,Electronics,2,699,0.0,0,Credit Card,East,Paid Ads,Mobile,Cancelled
ORD004867,CUST00479,2025-12-17,P0018,Sunscreen,Beauty,1,699,0.2,0,Debit Card,East,Organic Search,Mobile,Completed
ORD004868,CUST00513,2026-05-09,P0023,Resistance Band,Sports,1,499,0.1,99,Credit Card,South,Email,Mobile,Cancelled
ORD004869,CUST00626,2026-05-08,P0017,Hair Oil,Beauty,2,2499,0.15,79,Debit Card,Central,Organic Search,Mobile,Completed
ORD004870,CUST00559,2025-09-15,P0011,Cushion Cover,Home,2,399,0.0,79,Credit Card,Central,Organic Search,Desktop,Completed
ORD004871,CUST00620,2026-03-22,P0007,Denim Jacket,Fashion,4,1999,0.0,99,Debit Card,North,Paid Ads,Tablet,Completed
ORD004872,CUST00114,2025-12-23,P0010,LED Lamp,Home,3,1999,0.15,79,Cash on Delivery,South,Direct,Mobile,Cancelled
ORD004873,CUST00535,2026-04-01,P0008,Backpack,Fashion,3,399,0.0,0,Debit Card,West,Organic Search,Tablet,Cancelled
ORD004874,CUST00581,2026-01-09,P0006,Sneakers,Fashion,3,299,0.0,0,Cash on Delivery,South,Paid Ads,Desktop,Completed
ORD004875,CUST00245,2026-03-04,P0003,Phone Case,Electronics,4,399,0.0,0,Wallet,East,Organic Search,Mobile,Returned
ORD004876,CUST00695,2026-05-08,P0014,Wall Clock,Home,2,499,0.0,79,Cash on Delivery,West,Email,Mobile,Completed
ORD004877,CUST00251,2025-12-05,P0005,T-Shirt,Fashion,1,1499,0.05,99,Wallet,West,Paid Ads,Tablet,Completed
ORD004878,CUST00198,2025-10-31,P0003,Phone Case,Electronics,3,999,0.0,79,Cash on Delivery,Central,Organic Search,Desktop,Returned
ORD004879,CUST00686,2026-05-04,P0006,Sneakers,Fashion,1,699,0.2,49,UPI,Central,Paid Ads,Mobile,Completed
ORD004880,CUST00200,2026-07-31,P0019,Face Wash,Beauty,1,699,0.2,0,Cash on Delivery,East,Paid Ads,Desktop,Returned
ORD004881,CUST00339,2026-01-29,P0014,Wall Clock,Home,4,2499,0.0,49,Credit Card,North,Organic Search,Mobile,Completed
ORD004882,CUST00301,2026-08-19,P0012,Coffee Mug,Home,3,2499,0.15,0,Cash on Delivery,West,Social Media,Desktop,Completed
ORD004883,CUST00714,2025-10-26,P0014,Wall Clock,Home,3,299,0.0,0,Credit Card,South,Email,Mobile,Completed
ORD004884,CUST00364,2026-06-14,P0014,Wall Clock,Home,3,1999,0.0,49,Credit Card,West,Social Media,Mobile,Cancelled
ORD004885,CUST00546,2026-08-15,P0012,Coffee Mug,Home,3,499,0.1,0,Wallet,East,Social Media,Mobile,Completed
ORD004886,CUST00622,2025-12-07,P0021,Dumbbell Set,Sports,2,1999,0.0,79,Debit Card,North,Referral,Mobile,Completed
ORD004887,CUST00494,2025-10-12,P0018,Sunscreen,Beauty,1,2499,0.0,99,Credit Card,North,Paid Ads,Mobile,Completed
ORD004888,CUST00754,2026-04-19,P0004,Power Bank,Electronics,2,999,0.0,0,Cash on Delivery,South,Social Media,Desktop,Cancelled
ORD004889,CUST00629,2026-07-03,P0020,Yoga Mat,Sports,4,999,0.1,0,UPI,South,Email,Desktop,Completed
ORD004890,CUST00328,2025-09-19,P0004,Power Bank,Electronics,4,699,0.0,99,UPI,West,Organic Search,Desktop,Completed
ORD004891,CUST00759,2026-04-10,P0001,Bluetooth Speaker,Electronics,1,299,0.0,0,Debit Card,South,Referral,Tablet,Completed
ORD004892,CUST00416,2026-07-04,P0010,LED Lamp,Home,3,299,0.0,0,Wallet,North,Email,Desktop,Completed
ORD004893,CUST00017,2025-08-31,P0009,Sunglasses,Fashion,2,499,0.2,99,Debit Card,West,Direct,Mobile,Cancelled
ORD004894,CUST00211,2026-02-24,P0019,Face Wash,Beauty,3,1999,0.2,99,UPI,North,Paid Ads,Mobile,Completed
ORD004895,CUST00490,2025-09-17,P0017,Hair Oil,Beauty,1,499,0.15,49,Credit Card,Central,Direct,Desktop,Completed
ORD004896,CUST00126,2025-10-23,P0001,Bluetooth Speaker,Electronics,1,699,0.0,0,Debit Card,West,Referral,Desktop,Returned
ORD004897,CUST00464,2026-02-13,P0012,Coffee Mug,Home,1,999,0.0,79,Credit Card,West,Email,Tablet,Returned
ORD004898,CUST00298,2025-12-17,P0019,Face Wash,Beauty,1,499,0.2,79,Debit Card,Central,Paid Ads,Mobile,Returned
ORD004899,CUST00424,2025-09-20,P0018,Sunscreen,Beauty,1,699,0.05,49,Debit Card,Central,Direct,Mobile,Returned
ORD004900,CUST00002,2026-06-08,P0012,Coffee Mug,Home,2,999,0.0,49,Wallet,North,Referral,Desktop,Completed
ORD004901,CUST00673,2025-11-02,P0015,Face Serum,Beauty,3,1999,0.0,49,Cash on Delivery,East,Direct,Desktop,Completed
ORD004902,CUST00298,2026-07-03,P0014,Wall Clock,Home,4,1999,0.15,79,UPI,Central,Email,Mobile,Completed
ORD004903,CUST00111,2025-10-23,P0005,T-Shirt,Fashion,3,1999,0.2,49,Cash on Delivery,Central,Social Media,Mobile,Cancelled
ORD004904,CUST00354,2026-02-25,P0014,Wall Clock,Home,1,999,0.0,99,Debit Card,East,Paid Ads,Desktop,Completed
ORD004905,CUST00387,2026-05-12,P0016,Lip Balm,Beauty,2,1499,0.0,0,UPI,East,Direct,Mobile,Completed
ORD004906,CUST00503,2026-02-11,P0001,Bluetooth Speaker,Electronics,2,399,0.0,0,Wallet,South,Social Media,Desktop,Completed
ORD004907,CUST00416,2026-01-19,P0017,Hair Oil,Beauty,1,399,0.0,0,Credit Card,North,Paid Ads,Tablet,Completed
ORD004908,CUST00034,2026-05-21,P0006,Sneakers,Fashion,4,2499,0.15,0,UPI,Central,Social Media,Mobile,Completed
ORD004909,CUST00691,2025-08-24,P0000,Wireless Earbuds,Electronics,3,999,0.15,49,Cash on Delivery,North,Organic Search,Mobile,Cancelled
ORD004910,CUST00365,2026-06-17,P0018,Sunscreen,Beauty,2,299,0.0,0,UPI,North,Email,Tablet,Cancelled
ORD004911,CUST00061,2026-04-28,P0009,Sunglasses,Fashion,2,699,0.2,0,Cash on Delivery,East,Email,Mobile,Cancelled
ORD004912,CUST00608,2026-05-26,P0010,LED Lamp,Home,2,2499,0.2,49,Wallet,East,Social Media,Mobile,Completed
ORD004913,CUST00522,2026-01-20,P0015,Face Serum,Beauty,2,299,0.2,99,Credit Card,South,Direct,Mobile,Completed
ORD004914,CUST00513,2026-01-07,P0014,Wall Clock,Home,3,699,0.15,99,UPI,South,Email,Desktop,Completed
ORD004915,CUST00347,2026-03-16,P0015,Face Serum,Beauty,4,1999,0.1,0,Debit Card,North,Social Media,Mobile,Cancelled
ORD004916,CUST00332,2026-04-11,P0023,Resistance Band,Sports,2,2499,0.2,0,Cash on Delivery,Central,Direct,Desktop,Returned
ORD004917,CUST00426,2026-07-23,P0016,Lip Balm,Beauty,1,499,0.1,79,Debit Card,West,Organic Search,Mobile,Completed
ORD004918,CUST00041,2026-06-28,P0001,Bluetooth Speaker,Electronics,4,2499,0.15,79,UPI,North,Email,Mobile,Completed
ORD004919,CUST00243,2025-09-08,P0005,T-Shirt,Fashion,2,1499,0.0,99,Wallet,Central,Organic Search,Mobile,Completed
ORD004920,CUST00788,2025-10-14,P0011,Cushion Cover,Home,1,699,0.0,49,Cash on Delivery,East,Email,Mobile,Completed
ORD004921,CUST00524,2026-07-31,P0011,Cushion Cover,Home,3,1999,0.1,0,UPI,East,Organic Search,Desktop,Completed
ORD004922,CUST00342,2026-01-08,P0009,Sunglasses,Fashion,4,1999,0.0,99,Cash on Delivery,Central,Referral,Mobile,Returned
ORD004923,CUST00182,2026-03-19,P0004,Power Bank,Electronics,2,499,0.0,0,Credit Card,East,Organic Search,Desktop,Completed
ORD004924,CUST00584,2025-09-09,P0002,Smart Watch,Electronics,2,299,0.1,0,Cash on Delivery,South,Social Media,Mobile,Cancelled
ORD004925,CUST00211,2025-09-27,P0003,Phone Case,Electronics,2,1999,0.1,49,Debit Card,North,Email,Mobile,Completed
ORD004926,CUST00129,2026-01-16,P0023,Resistance Band,Sports,4,299,0.0,99,Wallet,Central,Social Media,Mobile,Completed
ORD004927,CUST00124,2026-05-08,P0009,Sunglasses,Fashion,4,1999,0.0,0,UPI,West,Paid Ads,Desktop,Completed
ORD004928,CUST00574,2026-05-28,P0024,Running Shoes,Sports,4,499,0.05,49,Wallet,West,Paid Ads,Desktop,Completed
ORD004929,CUST00509,2026-07-12,P0008,Backpack,Fashion,1,1499,0.0,49,Credit Card,Central,Referral,Desktop,Cancelled
ORD004930,CUST00055,2025-10-30,P0007,Denim Jacket,Fashion,4,999,0.0,99,UPI,Central,Organic Search,Mobile,Cancelled
ORD004931,CUST00091,2025-11-01,P0012,Coffee Mug,Home,2,299,0.0,99,Credit Card,East,Direct,Tablet,Cancelled
ORD004932,CUST00501,2026-03-05,P0023,Resistance Band,Sports,4,299,0.1,79,UPI,West,Paid Ads,Desktop,Completed
ORD004933,CUST00454,2026-03-07,P0014,Wall Clock,Home,4,1499,0.0,0,UPI,Central,Organic Search,Tablet,Completed
ORD004934,CUST00541,2025-09-02,P0000,Wireless Earbuds,Electronics,3,999,0.0,0,Debit Card,South,Social Media,Mobile,Completed
ORD004935,CUST00143,2026-01-30,P0006,Sneakers,Fashion,4,299,0.0,79,UPI,South,Organic Search,Mobile,Returned
ORD004936,CUST00571,2026-07-13,P0024,Running Shoes,Sports,1,2499,0.0,99,Debit Card,South,Direct,Desktop,Completed
ORD004937,CUST00746,2025-10-18,P0003,Phone Case,Electronics,3,399,0.1,79,Credit Card,North,Direct,Mobile,Completed
ORD004938,CUST00475,2026-06-15,P0020,Yoga Mat,Sports,1,1999,0.2,49,Credit Card,West,Paid Ads,Desktop,Returned
ORD004939,CUST00159,2026-01-30,P0023,Resistance Band,Sports,3,299,0.0,79,Debit Card,Central,Direct,Mobile,Completed
ORD004940,CUST00536,2026-02-27,P0005,T-Shirt,Fashion,2,399,0.15,0,Wallet,East,Direct,Desktop,Completed
ORD004941,CUST00282,2026-04-11,P0013,Storage Box,Home,4,999,0.1,79,UPI,North,Direct,Mobile,Completed
ORD004942,CUST00039,2026-05-04,P0014,Wall Clock,Home,2,999,0.0,49,Credit Card,Central,Organic Search,Mobile,Completed
ORD004943,CUST00248,2026-04-09,P0019,Face Wash,Beauty,4,999,0.05,79,UPI,South,Organic Search,Mobile,Completed
ORD004944,CUST00722,2025-09-26,P0019,Face Wash,Beauty,2,399,0.0,99,UPI,North,Organic Search,Tablet,Cancelled
ORD004945,CUST00334,2025-12-05,P0001,Bluetooth Speaker,Electronics,1,499,0.0,99,Debit Card,West,Direct,Mobile,Cancelled
ORD004946,CUST00685,2026-06-24,P0007,Denim Jacket,Fashion,3,499,0.15,79,Credit Card,West,Paid Ads,Desktop,Completed
ORD004947,CUST00404,2025-09-03,P0023,Resistance Band,Sports,1,699,0.15,79,Debit Card,West,Email,Mobile,Completed
ORD004948,CUST00411,2026-05-08,P0008,Backpack,Fashion,3,2499,0.0,0,Credit Card,West,Social Media,Mobile,Completed
ORD004949,CUST00005,2026-02-25,P0006,Sneakers,Fashion,2,699,0.2,0,Debit Card,North,Referral,Mobile,Returned
ORD004950,CUST00503,2025-10-02,P0015,Face Serum,Beauty,4,2499,0.1,99,UPI,South,Paid Ads,Mobile,Returned
ORD004951,CUST00086,2025-10-03,P0004,Power Bank,Electronics,2,499,0.0,49,Cash on Delivery,East,Direct,Mobile,Returned
ORD004952,CUST00380,2026-08-12,P0003,Phone Case,Electronics,2,399,0.15,49,Cash on Delivery,East,Organic Search,Mobile,Completed
ORD004953,CUST00211,2025-08-31,P0019,Face Wash,Beauty,3,299,0.2,79,Wallet,North,Referral,Desktop,Completed
ORD004954,CUST00323,2025-08-28,P0002,Smart Watch,Electronics,4,399,0.0,0,Debit Card,North,Email,Desktop,Completed
ORD004955,CUST00426,2025-08-26,P0022,Water Bottle,Sports,1,499,0.0,0,Cash on Delivery,West,Paid Ads,Desktop,Cancelled
ORD004956,CUST00010,2026-04-06,P0006,Sneakers,Fashion,3,699,0.0,0,Cash on Delivery,North,Social Media,Mobile,Returned
ORD004957,CUST00231,2026-07-24,P0002,Smart Watch,Electronics,2,1499,0.15,49,Debit Card,East,Direct,Mobile,Completed
ORD004958,CUST00789,2025-10-21,P0018,Sunscreen,Beauty,4,699,0.0,0,Credit Card,South,Social Media,Mobile,Completed
ORD004959,CUST00047,2026-06-06,P0004,Power Bank,Electronics,3,1499,0.0,0,UPI,South,Organic Search,Mobile,Cancelled
ORD004960,CUST00265,2026-05-09,P0009,Sunglasses,Fashion,4,299,0.0,79,UPI,East,Paid Ads,Desktop,Completed
ORD004961,CUST00267,2025-11-11,P0008,Backpack,Fashion,2,2499,0.0,79,Wallet,North,Referral,Mobile,Completed
ORD004962,CUST00312,2025-09-14,P0012,Coffee Mug,Home,2,399,0.1,0,Credit Card,East,Social Media,Mobile,Completed
ORD004963,CUST00540,2026-02-14,P0011,Cushion Cover,Home,4,299,0.15,79,UPI,East,Social Media,Desktop,Completed
ORD004964,CUST00200,2025-09-18,P0004,Power Bank,Electronics,1,699,0.0,0,Debit Card,East,Paid Ads,Mobile,Cancelled
ORD004965,CUST00368,2025-09-30,P0005,T-Shirt,Fashion,3,1499,0.2,49,UPI,South,Organic Search,Mobile,Returned
ORD004966,CUST00510,2026-02-06,P0004,Power Bank,Electronics,4,399,0.2,0,Credit Card,North,Paid Ads,Tablet,Completed
ORD004967,CUST00267,2026-06-13,P0001,Bluetooth Speaker,Electronics,4,399,0.2,0,UPI,North,Referral,Mobile,Cancelled
ORD004968,CUST00757,2026-08-17,P0016,Lip Balm,Beauty,3,1999,0.15,99,Credit Card,East,Email,Desktop,Completed
ORD004969,CUST00783,2026-04-06,P0011,Cushion Cover,Home,2,1999,0.05,0,Cash on Delivery,West,Social Media,Mobile,Cancelled
ORD004970,CUST00096,2025-11-28,P0002,Smart Watch,Electronics,4,1999,0.0,79,Wallet,South,Email,Tablet,Completed
ORD004971,CUST00283,2025-12-17,P0008,Backpack,Fashion,1,399,0.2,0,Cash on Delivery,South,Direct,Desktop,Cancelled
ORD004972,CUST00171,2026-03-31,P0016,Lip Balm,Beauty,4,999,0.05,49,Wallet,South,Referral,Mobile,Completed
ORD004973,CUST00149,2025-10-22,P0007,Denim Jacket,Fashion,1,1499,0.05,0,Cash on Delivery,East,Paid Ads,Tablet,Completed
ORD004974,CUST00390,2026-02-25,P0010,LED Lamp,Home,3,699,0.0,79,Debit Card,Central,Direct,Mobile,Cancelled
ORD004975,CUST00449,2026-05-27,P0018,Sunscreen,Beauty,2,399,0.0,0,Credit Card,West,Direct,Desktop,Completed
ORD004976,CUST00346,2026-06-23,P0016,Lip Balm,Beauty,4,1999,0.0,0,Cash on Delivery,Central,Organic Search,Desktop,Completed
ORD004977,CUST00221,2025-09-10,P0017,Hair Oil,Beauty,3,2499,0.15,0,Wallet,South,Referral,Mobile,Completed
ORD004978,CUST00225,2025-12-03,P0009,Sunglasses,Fashion,4,399,0.05,99,Wallet,Central,Paid Ads,Mobile,Completed
ORD004979,CUST00792,2025-11-21,P0012,Coffee Mug,Home,4,1499,0.0,0,Debit Card,North,Direct,Mobile,Completed
ORD004980,CUST00735,2026-03-10,P0021,Dumbbell Set,Sports,4,2499,0.0,0,Debit Card,Central,Referral,Desktop,Completed
ORD004981,CUST00061,2025-10-26,P0021,Dumbbell Set,Sports,1,999,0.0,49,Wallet,East,Email,Desktop,Returned
ORD004982,CUST00520,2026-08-01,P0001,Bluetooth Speaker,Electronics,2,299,0.0,0,UPI,South,Paid Ads,Mobile,Returned
ORD004983,CUST00365,2026-07-20,P0020,Yoga Mat,Sports,2,1499,0.0,49,Credit Card,North,Referral,Desktop,Completed
ORD004984,CUST00543,2025-12-19,P0022,Water Bottle,Sports,1,2499,0.0,0,Debit Card,North,Social Media,Tablet,Completed
ORD004985,CUST00471,2026-01-15,P0023,Resistance Band,Sports,1,499,0.2,79,Debit Card,Central,Direct,Mobile,Cancelled
ORD004986,CUST00706,2026-01-27,P0006,Sneakers,Fashion,1,399,0.0,0,Cash on Delivery,Central,Direct,Desktop,Completed
ORD004987,CUST00053,2025-09-04,P0012,Coffee Mug,Home,4,499,0.0,0,Debit Card,North,Paid Ads,Mobile,Completed
ORD004988,CUST00287,2026-07-10,P0001,Bluetooth Speaker,Electronics,2,1999,0.1,0,UPI,Central,Email,Tablet,Completed
ORD004989,CUST00786,2026-05-31,P0002,Smart Watch,Electronics,4,999,0.0,79,UPI,South,Paid Ads,Desktop,Completed
ORD004990,CUST00145,2025-12-19,P0014,Wall Clock,Home,4,299,0.2,79,Credit Card,East,Organic Search,Tablet,Returned
ORD004991,CUST00101,2026-03-07,P0005,T-Shirt,Fashion,1,999,0.0,0,UPI,East,Direct,Desktop,Completed
ORD004992,CUST00573,2026-01-05,P0005,T-Shirt,Fashion,4,1999,0.1,49,Debit Card,North,Paid Ads,Mobile,Completed
ORD004993,CUST00610,2025-11-11,P0007,Denim Jacket,Fashion,1,399,0.15,79,Cash on Delivery,West,Email,Mobile,Cancelled
ORD004994,CUST00531,2025-12-09,P0011,Cushion Cover,Home,2,999,0.2,0,Debit Card,South,Organic Search,Mobile,Completed
ORD004995,CUST00610,2025-09-28,P0003,Phone Case,Electronics,4,399,0.15,0,Debit Card,West,Email,Mobile,Completed
ORD004996,CUST00546,2026-06-11,P0020,Yoga Mat,Sports,2,299,0.1,79,UPI,East,Paid Ads,Desktop,Completed
ORD004997,CUST00107,2026-04-15,P0016,Lip Balm,Beauty,4,699,0.15,49,Debit Card,East,Paid Ads,Mobile,Completed
ORD004998,CUST00479,2026-07-25,P0019,Face Wash,Beauty,3,1999,0.0,79,UPI,East,Organic Search,Desktop,Completed
ORD004999,CUST00610,2025-08-22,P0023,Resistance Band,Sports,1,1499,0.2,49,Wallet,West,Referral,Desktop,Cancelled
ORD005000,,2026-04-07,P0015,Face Serum,Beauty,4,299,0.2,99,Cash on Delivery,West,Email,Mobile,Completed
ORD005001,CUST00199,2026-03-12,P0009,Sunglasses,Fashion,1,399,0.0,0,Cash on Delivery,West,Email,Desktop,Returned
ORD005002,CUST00101,2026-04-04,P0024,Running Shoes,Sports,3,999,0.0,0,Debit Card,East,Social Media,Mobile,Completed
ORD005003,CUST00612,2026-08-16,P0014,Wall Clock,Home,2,499,0.1,79,Wallet,South,Referral,Mobile,Completed
ORD005004,CUST00208,2026-01-09,P0011,Cushion Cover,Home,1,499,0.0,99,Debit Card,Central,Organic Search,Mobile,Completed
ORD005005,CUST00025,2025-10-10,P0010,LED Lamp,Home,3,699,0.0,0,Cash on Delivery,South,Social Media,Mobile,Completed
ORD005006,CUST00652,2025-08-24,P0000,Wireless Earbuds,Electronics,2,1999,0.2,79,Credit Card,South,Organic Search,Mobile,Completed
ORD005007,CUST00402,2026-02-15,P0023,Resistance Band,Sports,1,999,0.05,99,Cash on Delivery,West,Direct,Mobile,Completed
ORD005008,CUST00270,2025-10-22,P0020,Yoga Mat,Sports,3,1999,0.1,49,Debit Card,North,Referral,Mobile,Cancelled
ORD005009,CUST00009,2025-10-10,P0017,Hair Oil,Beauty,1,299,0.2,99,Wallet,North,Direct,Mobile,Cancelled
ORD005010,CUST00028,2025-10-12,P0005,T-Shirt,Fashion,3,699,0.2,0,Wallet,East,Organic Search,Mobile,Completed
ORD005011,CUST00621,2025-11-29,P0023,Resistance Band,Sports,1,999,0.2,99,Debit Card,South,Direct,Desktop,Returned
ORD005012,CUST00390,2025-10-01,P0004,Power Bank,Electronics,4,1999,0.0,49,Cash on Delivery,Central,Paid Ads,Mobile,Completed
ORD005013,CUST00120,2026-02-13,P0006,Sneakers,Fashion,4,999,0.0,0,Debit Card,North,Social Media,Mobile,Returned
ORD005014,CUST00294,2026-04-15,P0001,Bluetooth Speaker,Electronics,4,2499,0.15,0,Wallet,East,Email,Mobile,Completed
ORD005015,CUST00132,2025-12-03,P0007,Denim Jacket,Fashion,4,1999,0.0,99,Cash on Delivery,South,Social Media,Mobile,Cancelled
ORD005016,CUST00090,2025-10-08,P0008,Backpack,Fashion,1,1499,0.0,79,Credit Card,East,Paid Ads,Mobile,Returned
ORD005017,CUST00223,2026-03-16,P0019,Face Wash,Beauty,3,699,0.05,79,Cash on Delivery,Central,Email,Mobile,Completed
ORD005018,CUST00438,2025-09-20,P0008,Backpack,Fashion,1,499,0.0,79,Cash on Delivery,North,Paid Ads,Desktop,Returned
ORD005019,CUST00173,2026-05-16,P0023,Resistance Band,Sports,1,999,0.0,0,Debit Card,North,Direct,Desktop,Returned
ORD005020,CUST00283,2026-01-06,P0007,Denim Jacket,Fashion,2,699,0.2,0,Cash on Delivery,South,Organic Search,Tablet,Cancelled
ORD005021,CUST00380,2026-01-16,P0013,Storage Box,Home,2,299,0.05,79,Credit Card,East,Direct,Tablet,Completed
ORD005022,CUST00343,2025-11-18,P0014,Wall Clock,Home,2,399,0.0,0,Credit Card,West,Referral,Mobile,Returned
ORD005023,CUST00102,2025-12-01,P0020,Yoga Mat,Sports,1,1999,0.1,79,Wallet,South,Direct,Mobile,Completed
ORD005024,CUST00030,2025-10-12,P0018,Sunscreen,Beauty,2,699,0.1,99,Cash on Delivery,East,Email,Mobile,Completed
ORD005025,CUST00029,2026-03-11,P0021,Dumbbell Set,Sports,1,2499,0.05,79,Credit Card,Central,Social Media,Desktop,Completed
ORD005026,CUST00287,2025-10-12,P0023,Resistance Band,Sports,1,399,0.2,49,Wallet,Central,Email,Desktop,Completed
ORD005027,CUST00565,2026-04-25,P0002,Smart Watch,Electronics,2,2499,0.0,99,Credit Card,West,Email,Mobile,Completed
ORD005028,CUST00105,2025-11-21,P0002,Smart Watch,Electronics,1,1999,0.2,49,Wallet,South,Referral,Tablet,Completed
ORD005029,CUST00618,2026-03-14,P0011,Cushion Cover,Home,4,499,0.2,49,Cash on Delivery,Central,Organic Search,Mobile,Cancelled
ORD005030,CUST00561,2026-03-03,P0003,Phone Case,Electronics,4,999,0.0,99,UPI,South,Email,Tablet,Completed
ORD005031,CUST00004,2026-04-08,P0012,Coffee Mug,Home,4,2499,0.15,0,Credit Card,West,Email,Tablet,Cancelled
ORD005032,CUST00021,2026-05-23,P0014,Wall Clock,Home,1,1499,0.0,0,Debit Card,South,Paid Ads,Mobile,Cancelled
ORD005033,CUST00159,2026-03-12,P0006,Sneakers,Fashion,2,2499,0.05,0,UPI,Central,Social Media,Mobile,Completed
ORD005034,CUST00045,2026-06-27,P0002,Smart Watch,Electronics,4,299,0.2,79,Wallet,Central,Social Media,Mobile,Completed
ORD005035,CUST00420,2025-11-22,P0024,Running Shoes,Sports,3,399,0.0,49,UPI,West,Organic Search,Mobile,Returned
ORD005036,CUST00031,2026-05-21,P0009,Sunglasses,Fashion,2,299,0.05,79,UPI,North,Social Media,Desktop,Completed
ORD005037,CUST00629,2025-12-23,P0020,Yoga Mat,Sports,4,499,0.15,0,Wallet,South,Paid Ads,Tablet,Completed
ORD005038,CUST00391,2026-04-06,P0015,Face Serum,Beauty,2,1999,0.05,0,Cash on Delivery,South,Social Media,Mobile,Completed
ORD005039,CUST00572,2026-02-15,P0016,Lip Balm,Beauty,4,2499,0.0,0,Wallet,South,Paid Ads,Mobile,Completed
ORD005040,CUST00588,2026-07-17,P0019,Face Wash,Beauty,1,999,0.0,0,Credit Card,South,Direct,Desktop,Cancelled
ORD005041,CUST00402,2025-11-26,P0006,Sneakers,Fashion,3,699,0.05,99,Credit Card,West,Referral,Desktop,Returned
ORD005042,CUST00736,2026-02-25,P0005,T-Shirt,Fashion,1,2499,0.0,99,Debit Card,South,Organic Search,Desktop,Cancelled
ORD005043,CUST00790,2025-10-19,P0024,Running Shoes,Sports,4,999,0.0,49,Debit Card,South,Paid Ads,Mobile,Completed
ORD005044,CUST00295,2026-04-08,P0016,Lip Balm,Beauty,2,999,0.2,0,Wallet,North,Organic Search,Mobile,Cancelled
ORD005045,CUST00100,2025-09-02,P0007,Denim Jacket,Fashion,1,299,0.05,99,Cash on Delivery,South,Social Media,Mobile,Completed
ORD005046,CUST00299,2026-01-17,P0016,Lip Balm,Beauty,4,399,0.05,0,UPI,East,Social Media,Mobile,Completed
ORD005047,CUST00183,2025-08-23,P0009,Sunglasses,Fashion,4,1499,0.0,0,Cash on Delivery,West,Social Media,Mobile,Completed
ORD005048,CUST00420,2025-12-17,P0021,Dumbbell Set,Sports,4,1499,0.15,49,UPI,West,Organic Search,Mobile,Returned
ORD005049,CUST00312,2026-02-12,P0012,Coffee Mug,Home,2,699,0.05,99,Wallet,East,Referral,Mobile,Completed
ORD005050,CUST00382,2025-12-19,P0007,Denim Jacket,Fashion,1,1499,0.0,79,Wallet,East,Referral,Desktop,Returned
ORD005051,CUST00595,2026-01-07,P0017,Hair Oil,Beauty,1,1499,0.15,0,Debit Card,West,Referral,Mobile,Returned
ORD005052,CUST00221,2025-10-13,P0018,Sunscreen,Beauty,1,299,0.0,49,Wallet,South,Social Media,Desktop,Completed
ORD005053,CUST00426,2026-05-07,P0009,Sunglasses,Fashion,1,1999,0.05,0,UPI,West,Direct,Mobile,Completed
ORD005054,CUST00275,2026-06-06,P0018,Sunscreen,Beauty,1,1499,0.05,0,UPI,East,Organic Search,Desktop,Completed
ORD005055,CUST00615,2026-02-01,P0005,T-Shirt,Fashion,3,399,0.0,79,Debit Card,North,Email,Mobile,Completed
ORD005056,CUST00506,2025-09-09,P0005,T-Shirt,Fashion,4,399,0.2,49,Debit Card,South,Email,Desktop,Completed
ORD005057,CUST00006,2025-09-11,P0020,Yoga Mat,Sports,3,2499,0.1,99,Cash on Delivery,West,Direct,Mobile,Completed
ORD005058,CUST00522,2026-04-23,P0015,Face Serum,Beauty,1,499,0.0,49,Wallet,South,Direct,Mobile,Cancelled
ORD005059,CUST00134,2026-07-25,P0000,Wireless Earbuds,Electronics,3,299,0.0,99,Credit Card,North,Organic Search,Tablet,Completed
ORD005060,CUST00569,2026-07-01,P0016,Lip Balm,Beauty,1,299,0.0,79,UPI,East,Social Media,Mobile,Returned
ORD005061,CUST00452,2026-01-15,P0007,Denim Jacket,Fashion,2,399,0.05,49,Wallet,South,Social Media,Desktop,Cancelled
ORD005062,CUST00328,2026-02-17,P0006,Sneakers,Fashion,4,1499,0.05,99,Wallet,West,Social Media,Desktop,Completed
ORD005063,CUST00546,2025-10-18,P0010,LED Lamp,Home,1,699,0.0,99,Cash on Delivery,East,Email,Mobile,Cancelled
ORD005064,CUST00679,2025-09-14,P0011,Cushion Cover,Home,4,1499,0.0,0,Wallet,North,Direct,Mobile,Completed
ORD005065,CUST00611,2026-05-26,P0022,Water Bottle,Sports,2,399,0.1,0,Credit Card,South,Email,Desktop,Completed
ORD005066,CUST00434,2026-01-23,P0010,LED Lamp,Home,3,399,0.0,79,UPI,East,Paid Ads,Tablet,Completed
ORD005067,CUST00567,2026-02-17,P0007,Denim Jacket,Fashion,2,699,0.0,0,Debit Card,North,Email,Mobile,Cancelled
ORD005068,CUST00337,2025-12-23,P0019,Face Wash,Beauty,1,1999,0.05,79,Credit Card,West,Email,Desktop,Returned
ORD005069,CUST00618,2025-12-12,P0013,Storage Box,Home,2,999,0.15,49,Cash on Delivery,Central,Paid Ads,Desktop,Returned
ORD005070,CUST00656,2026-08-14,P0000,Wireless Earbuds,Electronics,2,1999,0.0,79,Credit Card,South,Email,Desktop,Completed
ORD005071,CUST00109,2026-06-13,P0015,Face Serum,Beauty,3,299,0.2,0,Debit Card,Central,Email,Desktop,Completed
ORD005072,CUST00195,2026-04-29,P0012,Coffee Mug,Home,1,699,0.1,49,Debit Card,North,Direct,Mobile,Returned
ORD005073,CUST00218,2026-01-09,P0014,Wall Clock,Home,4,699,0.05,49,UPI,Central,Social Media,Mobile,Completed
ORD005074,CUST00132,2026-05-10,P0004,Power Bank,Electronics,3,299,0.0,0,Wallet,South,Referral,Tablet,Completed
ORD005075,CUST00323,2025-12-21,P0011,Cushion Cover,Home,4,499,0.1,49,Debit Card,North,Email,Desktop,Completed
ORD005076,CUST00157,2026-02-24,P0016,Lip Balm,Beauty,4,499,0.15,79,Wallet,South,Referral,Mobile,Completed
ORD005077,CUST00471,2025-10-11,P0016,Lip Balm,Beauty,3,699,0.05,49,Credit Card,Central,Organic Search,Desktop,Completed
ORD005078,CUST00082,2026-05-05,P0017,Hair Oil,Beauty,1,399,0.15,79,Cash on Delivery,West,Organic Search,Mobile,Completed
ORD005079,CUST00217,2025-09-11,P0024,Running Shoes,Sports,3,499,0.15,0,Cash on Delivery,South,Paid Ads,Mobile,Completed
ORD005080,CUST00526,2026-05-10,P0012,Coffee Mug,Home,4,2499,0.15,79,UPI,East,Direct,Mobile,Completed
ORD005081,CUST00327,2026-03-28,P0010,LED Lamp,Home,1,399,0.0,0,Credit Card,West,Email,Mobile,Completed
ORD005082,CUST00344,2025-09-13,P0013,Storage Box,Home,2,1999,0.1,0,Wallet,West,Direct,Mobile,Completed
ORD005083,CUST00625,2026-02-20,P0008,Backpack,Fashion,1,999,0.0,0,Wallet,East,Organic Search,Mobile,Completed
ORD005084,CUST00786,2025-11-09,P0007,Denim Jacket,Fashion,4,299,0.05,0,Wallet,South,Social Media,Desktop,Completed
ORD005085,CUST00450,2026-02-09,P0017,Hair Oil,Beauty,4,699,0.0,0,Debit Card,West,Social Media,Desktop,Completed
ORD005086,CUST00065,2025-08-24,P0007,Denim Jacket,Fashion,1,999,0.0,0,UPI,North,Referral,Mobile,Completed
ORD005087,CUST00083,2026-05-10,P0018,Sunscreen,Beauty,4,499,0.1,79,UPI,South,Organic Search,Mobile,Returned
ORD005088,CUST00773,2026-02-22,P0018,Sunscreen,Beauty,2,499,0.0,0,Wallet,Central,Referral,Tablet,Completed
ORD005089,CUST00536,2025-12-30,P0023,Resistance Band,Sports,4,1499,0.2,0,Debit Card,East,Social Media,Mobile,Completed
ORD005090,CUST00589,2026-07-05,P0003,Phone Case,Electronics,1,299,0.0,0,UPI,West,Direct,Mobile,Completed
ORD005091,CUST00534,2026-04-12,P0009,Sunglasses,Fashion,1,2499,0.2,49,Cash on Delivery,Central,Paid Ads,Mobile,Completed
ORD005092,CUST00144,2026-03-30,P0019,Face Wash,Beauty,3,499,0.1,0,UPI,South,Organic Search,Tablet,Returned
ORD005093,CUST00361,2025-10-12,P0010,LED Lamp,Home,4,699,0.05,0,UPI,West,Direct,Mobile,Returned
ORD005094,CUST00625,2026-02-18,P0016,Lip Balm,Beauty,1,399,0.0,0,Cash on Delivery,East,Paid Ads,Tablet,Completed
ORD005095,CUST00686,2026-05-02,P0018,Sunscreen,Beauty,1,2499,0.0,49,Cash on Delivery,Central,Organic Search,Tablet,Completed
ORD005096,CUST00194,2026-07-23,P0022,Water Bottle,Sports,2,399,0.0,0,UPI,South,Referral,Tablet,Returned
ORD005097,CUST00471,2026-03-28,P0005,T-Shirt,Fashion,1,1999,0.1,79,Debit Card,Central,Paid Ads,Desktop,Completed
ORD005098,CUST00126,2025-10-21,P0006,Sneakers,Fashion,4,499,0.05,99,Credit Card,West,Referral,Desktop,Completed
ORD005099,CUST00764,2026-04-24,P0011,Cushion Cover,Home,3,299,0.0,49,Cash on Delivery,East,Social Media,Tablet,Returned
ORD005100,CUST00205,2025-09-16,P0012,Coffee Mug,Home,3,699,0.1,49,UPI,Central,Paid Ads,Mobile,Completed
ORD005101,CUST00571,2025-12-12,P0022,Water Bottle,Sports,2,999,0.1,99,UPI,South,Social Media,Desktop,Returned
ORD005102,CUST00191,2026-07-20,P0000,Wireless Earbuds,Electronics,3,699,0.0,0,Cash on Delivery,South,Paid Ads,Mobile,Completed
ORD005103,CUST00485,2026-06-08,P0006,Sneakers,Fashion,3,2499,0.0,0,Debit Card,West,Referral,Mobile,Completed
ORD005104,CUST00521,2026-07-15,P0022,Water Bottle,Sports,3,999,0.05,79,Credit Card,North,Email,Mobile,Completed
ORD005105,CUST00271,2025-12-26,P0015,Face Serum,Beauty,2,1999,0.15,79,Wallet,North,Direct,Tablet,Completed
ORD005106,CUST00647,2026-04-26,P0016,Lip Balm,Beauty,3,499,0.1,49,Cash on Delivery,South,Organic Search,Mobile,Cancelled
ORD005107,CUST00703,2026-05-02,P0006,Sneakers,Fashion,3,399,0.0,0,Credit Card,South,Paid Ads,Desktop,Returned
ORD005108,CUST00678,2025-11-17,P0015,Face Serum,Beauty,3,699,0.2,0,Cash on Delivery,East,Email,Desktop,Returned
ORD005109,CUST00273,2026-07-30,P0009,Sunglasses,Fashion,4,999,0.0,49,UPI,South,Social Media,Desktop,Cancelled
ORD005110,CUST00584,2026-08-08,P0018,Sunscreen,Beauty,2,699,0.1,49,UPI,South,Referral,Mobile,Completed
ORD005111,CUST00447,2025-09-29,P0002,Smart Watch,Electronics,4,1999,0.0,49,Cash on Delivery,East,Direct,Desktop,Completed
ORD005112,CUST00470,2026-05-26,P0007,Denim Jacket,Fashion,1,2499,0.0,0,Debit Card,East,Paid Ads,Desktop,Completed
ORD005113,CUST00380,2026-01-30,P0016,Lip Balm,Beauty,2,299,0.05,0,Wallet,East,Social Media,Tablet,Cancelled
ORD005114,CUST00473,2026-04-22,P0015,Face Serum,Beauty,2,299,0.15,49,Credit Card,East,Direct,Tablet,Cancelled
ORD005115,CUST00107,2026-03-10,P0021,Dumbbell Set,Sports,4,499,0.05,79,Wallet,East,Social Media,Mobile,Completed
ORD005116,CUST00332,2025-11-09,P0020,Yoga Mat,Sports,1,999,0.0,0,Credit Card,Central,Email,Mobile,Returned
ORD005117,CUST00143,2025-09-24,P0000,Wireless Earbuds,Electronics,1,299,0.2,0,Credit Card,South,Direct,Desktop,Completed
ORD005118,CUST00226,2026-02-23,P0002,Smart Watch,Electronics,2,399,0.0,49,Debit Card,North,Paid Ads,Mobile,Cancelled
ORD005119,CUST00102,2026-06-21,P0008,Backpack,Fashion,4,699,0.0,0,Debit Card,South,Organic Search,Desktop,Completed
ORD005120,CUST00174,2026-06-16,P0023,Resistance Band,Sports,2,699,0.0,0,Wallet,Central,Social Media,Desktop,Completed
ORD005121,CUST00612,2025-11-28,P0011,Cushion Cover,Home,3,1999,0.1,79,Cash on Delivery,South,Paid Ads,Mobile,Completed
ORD005122,CUST00438,2026-06-29,P0022,Water Bottle,Sports,1,999,0.05,0,Cash on Delivery,North,Email,Desktop,Completed
ORD005123,CUST00019,2025-12-27,P0001,Bluetooth Speaker,Electronics,4,1999,0.0,49,Wallet,East,Referral,Mobile,Completed
ORD005124,CUST00618,2026-03-12,P0024,Running Shoes,Sports,4,1999,0.1,79,Credit Card,Central,Direct,Tablet,Returned
ORD005125,CUST00726,2025-12-16,P0001,Bluetooth Speaker,Electronics,1,699,0.0,0,Wallet,South,Direct,Mobile,Returned
ORD005126,CUST00699,2026-02-26,P0020,Yoga Mat,Sports,3,2499,0.05,0,UPI,West,Email,Desktop,Completed
ORD005127,CUST00649,2026-03-01,P0021,Dumbbell Set,Sports,1,1999,0.1,0,UPI,West,Referral,Mobile,Completed
ORD005128,CUST00792,2026-05-01,P0007,Denim Jacket,Fashion,3,699,0.15,49,UPI,North,Referral,Mobile,Completed
ORD005129,CUST00465,2026-02-08,P0007,Denim Jacket,Fashion,3,1999,0.1,49,Cash on Delivery,Central,Direct,Mobile,Cancelled
ORD005130,CUST00769,2026-02-28,P0014,Wall Clock,Home,4,499,0.05,0,Debit Card,Central,Organic Search,Desktop,Cancelled
ORD005131,CUST00757,2026-04-14,P0018,Sunscreen,Beauty,1,399,0.0,49,Cash on Delivery,East,Paid Ads,Tablet,Cancelled
ORD005132,CUST00259,2026-01-19,P0003,Phone Case,Electronics,2,1999,0.0,79,UPI,East,Referral,Desktop,Completed
ORD005133,,2026-02-27,P0005,T-Shirt,Fashion,3,1999,0.1,99,Wallet,East,Organic Search,Desktop,Completed
ORD005134,CUST00621,2025-09-20,P0018,Sunscreen,Beauty,2,399,0.05,49,Cash on Delivery,South,Email,Mobile,Completed
ORD005135,CUST00610,2026-07-03,P0020,Yoga Mat,Sports,3,1999,0.05,79,Cash on Delivery,West,Email,Tablet,Returned
ORD005136,CUST00713,2025-10-05,P0003,Phone Case,Electronics,1,999,0.15,99,UPI,West,Social Media,Mobile,Completed
ORD005137,CUST00316,2026-07-04,P0022,Water Bottle,Sports,1,999,0.2,79,Debit Card,North,Direct,Desktop,Completed
ORD005138,CUST00328,2026-05-24,P0021,Dumbbell Set,Sports,3,1999,0.05,49,Credit Card,West,Organic Search,Mobile,Returned
ORD005139,CUST00506,2026-07-31,P0021,Dumbbell Set,Sports,3,399,0.0,49,Debit Card,South,Paid Ads,Desktop,Completed
ORD005140,CUST00581,2025-08-29,P0006,Sneakers,Fashion,1,699,0.05,99,Wallet,South,Paid Ads,Mobile,Returned
ORD005141,CUST00699,2025-11-07,P0016,Lip Balm,Beauty,4,499,0.0,79,Wallet,West,Paid Ads,Mobile,Cancelled
ORD005142,CUST00696,2025-09-08,P0004,Power Bank,Electronics,4,999,0.05,0,Credit Card,Central,Social Media,Mobile,Completed
ORD005143,CUST00567,2026-01-19,P0004,Power Bank,Electronics,1,399,0.1,49,UPI,North,Social Media,Desktop,Returned
ORD005144,CUST00763,2026-07-16,P0001,Bluetooth Speaker,Electronics,2,299,0.05,79,Cash on Delivery,South,Referral,Mobile,Returned
ORD005145,CUST00143,2026-05-26,P0012,Coffee Mug,Home,3,1499,0.1,49,Cash on Delivery,South,Social Media,Tablet,Returned
ORD005146,CUST00758,2026-05-03,P0017,Hair Oil,Beauty,2,299,0.0,49,Cash on Delivery,Central,Direct,Desktop,Completed
ORD005147,CUST00051,2026-06-25,P0004,Power Bank,Electronics,2,699,0.0,79,Cash on Delivery,South,Organic Search,Tablet,Cancelled
ORD005148,CUST00444,2025-08-21,P0004,Power Bank,Electronics,3,2499,0.15,0,Credit Card,East,Organic Search,Mobile,Completed
ORD005149,CUST00075,2026-06-03,P0006,Sneakers,Fashion,4,2499,0.0,79,Wallet,Central,Social Media,Desktop,Completed
ORD005150,CUST00452,2025-12-11,P0004,Power Bank,Electronics,2,399,0.0,79,UPI,South,Paid Ads,Mobile,Completed
ORD005151,CUST00322,2026-04-29,P0020,Yoga Mat,Sports,1,2499,0.2,99,UPI,Central,Referral,Tablet,Completed
ORD005152,CUST00067,2026-05-25,P0004,Power Bank,Electronics,3,499,0.0,99,Wallet,Central,Social Media,Mobile,Returned
ORD005153,CUST00513,2026-04-27,P0006,Sneakers,Fashion,3,399,0.0,79,Cash on Delivery,South,Social Media,Mobile,Completed
ORD005154,CUST00575,2026-01-19,P0007,Denim Jacket,Fashion,3,999,0.15,79,UPI,Central,Referral,Mobile,Completed
ORD005155,CUST00139,2026-03-31,P0005,T-Shirt,Fashion,3,699,0.0,79,Wallet,North,Referral,Mobile,Cancelled
ORD005156,CUST00546,2026-02-07,P0023,Resistance Band,Sports,4,499,0.15,0,UPI,East,Direct,Desktop,Completed
ORD005157,CUST00144,2026-04-06,P0005,T-Shirt,Fashion,3,699,0.0,99,Wallet,South,Social Media,Mobile,Completed
ORD005158,CUST00109,2026-02-03,P0012,Coffee Mug,Home,3,299,0.1,49,Cash on Delivery,Central,Paid Ads,Desktop,Cancelled
ORD005159,CUST00117,2026-01-10,P0014,Wall Clock,Home,2,499,0.0,99,Cash on Delivery,South,Organic Search,Mobile,Completed
ORD005160,CUST00473,2025-11-01,P0006,Sneakers,Fashion,2,399,0.05,0,Debit Card,East,Organic Search,Mobile,Cancelled
ORD005161,CUST00611,2026-01-08,P0011,Cushion Cover,Home,2,2499,0.05,0,Cash on Delivery,South,Direct,Tablet,Completed
ORD005162,CUST00471,2026-05-10,P0004,Power Bank,Electronics,2,699,0.2,79,UPI,Central,Organic Search,Desktop,Completed
ORD005163,CUST00636,2026-07-03,P0012,Coffee Mug,Home,3,999,0.15,49,UPI,North,Social Media,Tablet,Completed
ORD005164,CUST00469,2025-09-26,P0000,Wireless Earbuds,Electronics,3,699,0.0,49,Credit Card,North,Email,Mobile,Cancelled
ORD005165,CUST00625,2025-10-25,P0010,LED Lamp,Home,4,2499,0.0,0,UPI,East,Email,Desktop,Completed
ORD005166,CUST00781,2026-02-21,P0009,Sunglasses,Fashion,2,1999,0.0,0,Debit Card,Central,Organic Search,Desktop,Cancelled
ORD005167,CUST00322,2026-05-03,P0008,Backpack,Fashion,3,1499,0.15,79,Credit Card,Central,Email,Desktop,Cancelled
ORD005168,CUST00120,2025-10-21,P0002,Smart Watch,Electronics,2,499,0.1,0,Cash on Delivery,North,Paid Ads,Mobile,Cancelled
ORD005169,CUST00107,2025-12-16,P0024,Running Shoes,Sports,2,499,0.05,0,Credit Card,East,Social Media,Mobile,Completed
ORD005170,CUST00472,2025-09-05,P0000,Wireless Earbuds,Electronics,1,2499,0.05,99,Wallet,West,Direct,Mobile,Cancelled
ORD005171,CUST00435,2025-09-08,P0003,Phone Case,Electronics,2,2499,0.0,99,Wallet,Central,Social Media,Desktop,Cancelled
ORD005172,CUST00147,2025-10-11,P0002,Smart Watch,Electronics,3,499,0.05,0,Wallet,Central,Social Media,Desktop,Completed
ORD005173,CUST00700,2026-05-13,P0024,Running Shoes,Sports,1,499,0.15,0,Cash on Delivery,East,Organic Search,Desktop,Completed
ORD005174,CUST00763,2026-07-03,P0007,Denim Jacket,Fashion,1,499,0.2,0,Credit Card,South,Referral,Mobile,Returned
ORD005175,CUST00205,2026-02-18,P0010,LED Lamp,Home,2,1999,0.0,49,Credit Card,Central,Email,Desktop,Completed
ORD005176,CUST00170,2025-10-23,P0018,Sunscreen,Beauty,4,2499,0.0,0,Cash on Delivery,North,Direct,Mobile,Completed
ORD005177,CUST00175,2026-07-22,P0001,Bluetooth Speaker,Electronics,1,2499,0.1,99,Credit Card,East,Social Media,Desktop,Cancelled
ORD005178,CUST00320,2025-11-29,P0001,Bluetooth Speaker,Electronics,1,1999,0.0,49,Debit Card,South,Paid Ads,Mobile,Completed
ORD005179,CUST00676,2025-10-15,P0004,Power Bank,Electronics,2,499,0.1,49,Wallet,South,Paid Ads,Desktop,Completed
ORD005180,CUST00471,2025-10-09,P0016,Lip Balm,Beauty,2,499,0.0,0,UPI,Central,Organic Search,Mobile,Completed
ORD005181,CUST00053,2025-12-26,P0024,Running Shoes,Sports,4,2499,0.0,0,Debit Card,North,Referral,Mobile,Completed
ORD005182,CUST00376,2026-05-15,P0015,Face Serum,Beauty,1,699,0.05,79,Debit Card,East,Email,Mobile,Completed
ORD005183,CUST00075,2026-01-11,P0021,Dumbbell Set,Sports,2,399,0.05,79,Cash on Delivery,Central,Social Media,Mobile,Cancelled
ORD005184,CUST00330,2026-01-29,P0022,Water Bottle,Sports,2,1999,0.1,0,UPI,South,Direct,Mobile,Completed
ORD005185,CUST00329,2025-12-22,P0006,Sneakers,Fashion,1,699,0.15,49,Cash on Delivery,South,Organic Search,Mobile,Completed
ORD005186,CUST00513,2026-07-30,P0004,Power Bank,Electronics,2,299,0.2,0,UPI,South,Social Media,Mobile,Completed
ORD005187,CUST00438,2026-04-26,P0004,Power Bank,Electronics,2,2499,0.05,49,Wallet,North,Social Media,Tablet,Returned
ORD005188,CUST00695,2026-04-19,P0019,Face Wash,Beauty,3,499,0.1,0,Debit Card,West,Referral,Mobile,Completed
ORD005189,CUST00012,2026-01-26,P0016,Lip Balm,Beauty,4,499,0.15,99,Credit Card,East,Direct,Mobile,Cancelled
ORD005190,CUST00609,2026-03-01,P0021,Dumbbell Set,Sports,1,999,0.2,0,UPI,West,Direct,Desktop,Cancelled
ORD005191,CUST00017,2026-07-09,P0012,Coffee Mug,Home,2,499,0.1,49,Wallet,West,Paid Ads,Desktop,Completed
ORD005192,CUST00251,2026-04-16,P0024,Running Shoes,Sports,2,1999,0.0,79,UPI,West,Email,Mobile,Completed
ORD005193,CUST00699,2026-06-13,P0022,Water Bottle,Sports,4,1499,0.0,0,Cash on Delivery,West,Referral,Desktop,Completed
ORD005194,CUST00544,2025-09-03,P0020,Yoga Mat,Sports,1,999,0.0,0,Wallet,West,Organic Search,Tablet,Completed
ORD005195,CUST00138,2026-06-29,P0020,Yoga Mat,Sports,2,399,0.0,99,UPI,North,Email,Mobile,Completed
ORD005196,CUST00390,2026-08-01,P0003,Phone Case,Electronics,2,699,0.0,79,UPI,Central,Social Media,Mobile,Completed
ORD005197,CUST00567,2026-04-20,P0018,Sunscreen,Beauty,2,499,0.05,0,Debit Card,North,Direct,Mobile,Cancelled
ORD005198,CUST00747,2026-08-04,P0023,Resistance Band,Sports,4,2499,0.15,49,Cash on Delivery,Central,Social Media,Tablet,Completed
ORD005199,CUST00501,2026-03-15,P0007,Denim Jacket,Fashion,3,1999,0.0,99,Credit Card,West,Direct,Mobile,Completed
ORD005200,CUST00019,2025-11-28,P0020,Yoga Mat,Sports,2,299,0.0,0,Credit Card,East,Paid Ads,Mobile,Returned
ORD005201,CUST00398,2026-03-29,P0008,Backpack,Fashion,4,999,0.0,0,Wallet,Central,Referral,Tablet,Cancelled
ORD005202,CUST00122,2026-04-06,P0005,T-Shirt,Fashion,4,1999,0.0,0,Credit Card,East,Referral,Desktop,Completed
ORD005203,CUST00038,2025-10-11,P0018,Sunscreen,Beauty,1,999,0.05,79,UPI,South,Email,Mobile,Completed
ORD005204,CUST00472,2025-11-01,P0004,Power Bank,Electronics,2,399,0.0,49,Credit Card,West,Social Media,Mobile,Cancelled
ORD005205,CUST00610,2025-12-04,P0012,Coffee Mug,Home,2,399,0.0,49,Wallet,West,Organic Search,Desktop,Completed
ORD005206,CUST00029,2026-03-07,P0023,Resistance Band,Sports,2,1499,0.0,0,Credit Card,Central,Paid Ads,Desktop,Completed
ORD005207,CUST00615,2025-10-13,P0003,Phone Case,Electronics,2,999,0.05,0,Debit Card,North,Social Media,Mobile,Completed
ORD005208,CUST00556,2026-05-28,P0003,Phone Case,Electronics,4,999,0.1,49,UPI,East,Direct,Mobile,Cancelled
ORD005209,CUST00588,2025-09-28,P0023,Resistance Band,Sports,4,499,0.0,79,Debit Card,South,Referral,Tablet,Completed
ORD005210,CUST00199,2026-07-29,P0019,Face Wash,Beauty,1,499,0.2,99,Debit Card,West,Email,Desktop,Returned
ORD005211,CUST00323,2026-04-23,P0011,Cushion Cover,Home,4,699,0.0,79,Credit Card,North,Referral,Mobile,Completed
ORD005212,CUST00096,2025-12-21,P0010,LED Lamp,Home,4,999,0.0,0,Credit Card,South,Paid Ads,Tablet,Completed
ORD005213,CUST00195,2026-01-02,P0024,Running Shoes,Sports,2,699,0.0,49,Credit Card,North,Direct,Desktop,Completed
ORD005214,CUST00249,2026-04-30,P0018,Sunscreen,Beauty,2,2499,0.05,0,Debit Card,Central,Email,Tablet,Returned
ORD005215,CUST00265,2025-09-21,P0022,Water Bottle,Sports,1,399,0.05,99,Credit Card,East,Organic Search,Mobile,Completed
ORD005216,CUST00140,2026-05-08,P0002,Smart Watch,Electronics,2,699,0.0,49,UPI,South,Direct,Mobile,Completed
ORD005217,CUST00151,2026-03-09,P0013,Storage Box,Home,1,399,0.05,0,Cash on Delivery,North,Referral,Desktop,Completed
ORD005218,CUST00718,2025-11-08,P0018,Sunscreen,Beauty,4,299,0.0,0,Wallet,Central,Social Media,Mobile,Returned
ORD005219,CUST00615,2026-07-13,P0000,Wireless Earbuds,Electronics,1,699,0.2,0,Debit Card,North,Paid Ads,Mobile,Completed
ORD005220,CUST00284,2026-04-06,P0012,Coffee Mug,Home,2,299,0.0,49,UPI,East,Paid Ads,Desktop,Completed
ORD005221,CUST00756,2025-10-18,P0001,Bluetooth Speaker,Electronics,2,499,0.2,0,Wallet,Central,Email,Desktop,Completed
ORD005222,CUST00195,2026-04-16,P0022,Water Bottle,Sports,4,1499,0.1,49,Cash on Delivery,North,Direct,Mobile,Completed
ORD005223,CUST00331,2026-01-17,P0017,Hair Oil,Beauty,4,699,0.2,0,UPI,Central,Paid Ads,Mobile,Completed
ORD005224,CUST00641,2026-05-25,P0004,Power Bank,Electronics,4,1499,0.05,49,Credit Card,East,Direct,Desktop,Completed
ORD005225,CUST00358,2026-02-15,P0013,Storage Box,Home,2,499,0.0,79,Cash on Delivery,North,Direct,Desktop,Returned
ORD005226,CUST00192,2026-08-19,P0002,Smart Watch,Electronics,2,699,0.1,79,UPI,Central,Organic Search,Mobile,Completed
ORD005227,CUST00301,2026-07-24,P0020,Yoga Mat,Sports,3,2499,0.05,99,Credit Card,West,Social Media,Mobile,Completed
ORD005228,CUST00399,2025-09-03,P0004,Power Bank,Electronics,2,399,0.15,0,Debit Card,Central,Paid Ads,Mobile,Returned
ORD005229,CUST00488,2026-01-17,P0015,Face Serum,Beauty,1,999,0.0,0,UPI,North,Direct,Desktop,Cancelled
ORD005230,CUST00330,2025-11-01,P0001,Bluetooth Speaker,Electronics,4,1499,0.0,49,Cash on Delivery,South,Email,Desktop,Cancelled
ORD005231,CUST00349,2026-01-31,P0003,Phone Case,Electronics,1,499,0.0,49,Cash on Delivery,North,Email,Desktop,Returned
ORD005232,CUST00214,2025-10-11,P0024,Running Shoes,Sports,1,499,0.15,79,Credit Card,North,Paid Ads,Desktop,Completed
ORD005233,CUST00424,2026-03-03,P0009,Sunglasses,Fashion,4,1499,0.0,0,Wallet,Central,Social Media,Mobile,Completed
ORD005234,CUST00181,2025-10-15,P0003,Phone Case,Electronics,3,299,0.1,49,Cash on Delivery,South,Referral,Mobile,Completed
ORD005235,CUST00686,2026-04-04,P0017,Hair Oil,Beauty,3,499,0.0,79,Wallet,Central,Referral,Mobile,Completed
ORD005236,CUST00586,2026-02-01,P0005,T-Shirt,Fashion,1,699,0.0,79,Wallet,Central,Organic Search,Mobile,Returned
ORD005237,CUST00332,2026-08-17,P0014,Wall Clock,Home,2,399,0.1,49,Wallet,Central,Social Media,Mobile,Completed
ORD005238,CUST00585,2026-07-06,P0020,Yoga Mat,Sports,1,999,0.0,49,UPI,North,Direct,Mobile,Returned
ORD005239,CUST00005,2026-03-27,P0017,Hair Oil,Beauty,3,999,0.05,0,Wallet,North,Paid Ads,Tablet,Completed
ORD005240,CUST00284,2026-01-30,P0006,Sneakers,Fashion,3,2499,0.0,49,UPI,East,Referral,Desktop,Cancelled
ORD005241,CUST00356,2026-05-08,P0005,T-Shirt,Fashion,2,999,0.0,49,Cash on Delivery,West,Social Media,Desktop,Completed
ORD005242,CUST00373,2026-04-20,P0005,T-Shirt,Fashion,3,999,0.0,0,Debit Card,Central,Social Media,Desktop,Completed
ORD005243,CUST00586,2025-10-09,P0015,Face Serum,Beauty,4,1499,0.0,99,Wallet,Central,Referral,Desktop,Completed
ORD005244,CUST00769,2026-01-04,P0016,Lip Balm,Beauty,3,399,0.0,79,Credit Card,Central,Email,Mobile,Completed
ORD005245,CUST00312,2026-08-17,P0013,Storage Box,Home,1,699,0.0,79,UPI,East,Organic Search,Mobile,Returned
ORD005246,CUST00287,2025-12-14,P0009,Sunglasses,Fashion,3,1999,0.0,49,Cash on Delivery,Central,Organic Search,Desktop,Completed
ORD005247,CUST00481,2025-08-24,P0001,Bluetooth Speaker,Electronics,1,399,0.05,99,Debit Card,West,Referral,Mobile,Returned
ORD005248,CUST00227,2026-06-20,P0020,Yoga Mat,Sports,2,499,0.2,0,Wallet,West,Email,Mobile,Returned
ORD005249,CUST00111,2026-07-26,P0016,Lip Balm,Beauty,4,399,0.0,99,UPI,Central,Referral,Desktop,Completed
ORD005250,CUST00767,2026-04-16,P0015,Face Serum,Beauty,2,2499,0.2,0,Credit Card,South,Referral,Mobile,Completed
ORD005251,CUST00636,2026-04-08,P0002,Smart Watch,Electronics,4,499,0.0,99,Credit Card,North,Direct,Mobile,Completed
ORD005252,CUST00764,2025-12-26,P0007,Denim Jacket,Fashion,1,499,0.1,0,Credit Card,East,Referral,Tablet,Completed
ORD005253,CUST00178,2025-12-29,P0007,Denim Jacket,Fashion,4,1999,0.1,0,UPI,Central,Referral,Desktop,Completed
ORD005254,CUST00013,2026-07-19,P0014,Wall Clock,Home,2,2499,0.15,49,Debit Card,East,Social Media,Mobile,Completed
ORD005255,CUST00354,2026-06-29,P0019,Face Wash,Beauty,1,299,0.2,79,Cash on Delivery,East,Email,Mobile,Returned
ORD005256,CUST00743,2026-02-17,P0021,Dumbbell Set,Sports,2,2499,0.2,0,Wallet,Central,Direct,Tablet,Completed
ORD005257,CUST00109,2025-12-12,P0013,Storage Box,Home,1,1499,0.0,0,Credit Card,Central,Referral,Tablet,Completed
ORD005258,CUST00095,2025-10-27,P0009,Sunglasses,Fashion,3,1999,0.0,99,UPI,East,Direct,Mobile,Completed
ORD005259,CUST00054,2025-08-23,P0010,LED Lamp,Home,1,299,0.05,0,Wallet,Central,Direct,Mobile,Completed
ORD005260,CUST00596,2026-02-12,P0018,Sunscreen,Beauty,1,299,0.05,99,Wallet,West,Paid Ads,Desktop,Cancelled
ORD005261,CUST00616,2026-03-10,P0007,Denim Jacket,Fashion,3,499,0.2,79,Credit Card,South,Social Media,Mobile,Completed
ORD005262,CUST00548,2026-04-23,P0010,LED Lamp,Home,1,1999,0.1,99,Credit Card,Central,Direct,Mobile,Returned
ORD005263,CUST00042,2026-06-09,P0019,Face Wash,Beauty,2,699,0.0,99,UPI,West,Organic Search,Mobile,Returned
ORD005264,CUST00568,2025-12-31,P0013,Storage Box,Home,3,1499,0.2,0,Cash on Delivery,East,Organic Search,Mobile,Completed
ORD005265,CUST00361,2025-10-19,P0011,Cushion Cover,Home,2,399,0.15,99,Credit Card,West,Direct,Desktop,Returned
ORD005266,CUST00127,2026-06-23,P0018,Sunscreen,Beauty,1,499,0.15,49,Credit Card,North,Referral,Mobile,Completed
ORD005267,CUST00238,2026-05-25,P0007,Denim Jacket,Fashion,1,2499,0.1,0,Credit Card,East,Social Media,Desktop,Cancelled
ORD005268,CUST00400,2026-03-02,P0001,Bluetooth Speaker,Electronics,4,699,0.0,99,Debit Card,East,Referral,Mobile,Completed
ORD005269,CUST00272,2025-09-03,P0019,Face Wash,Beauty,4,1999,0.2,49,Cash on Delivery,Central,Social Media,Mobile,Completed
ORD005270,CUST00775,2026-02-06,P0011,Cushion Cover,Home,2,1499,0.1,79,Cash on Delivery,Central,Email,Tablet,Cancelled
ORD005271,CUST00378,2026-04-03,P0008,Backpack,Fashion,4,399,0.0,79,Debit Card,East,Referral,Mobile,Completed
ORD005272,CUST00305,2026-06-29,P0002,Smart Watch,Electronics,1,2499,0.0,0,Wallet,Central,Social Media,Mobile,Returned
ORD005273,CUST00532,2026-02-21,P0023,Resistance Band,Sports,1,2499,0.0,99,Credit Card,Central,Referral,Mobile,Completed
ORD005274,CUST00514,2026-02-04,P0018,Sunscreen,Beauty,4,1999,0.0,99,UPI,Central,Referral,Desktop,Completed
ORD005275,CUST00003,2026-01-05,P0006,Sneakers,Fashion,3,699,0.1,49,Wallet,Central,Direct,Desktop,Completed
ORD005276,CUST00487,2026-01-18,P0015,Face Serum,Beauty,3,699,0.05,49,Cash on Delivery,Central,Organic Search,Mobile,Completed
ORD005277,CUST00198,2025-08-25,P0011,Cushion Cover,Home,2,499,0.0,0,Cash on Delivery,Central,Referral,Mobile,Returned
ORD005278,CUST00308,2025-09-26,P0008,Backpack,Fashion,4,1499,0.1,79,Credit Card,South,Social Media,Desktop,Returned
ORD005279,CUST00556,2026-05-23,P0007,Denim Jacket,Fashion,3,499,0.0,99,UPI,East,Paid Ads,Desktop,Completed
ORD005280,CUST00445,2025-12-30,P0001,Bluetooth Speaker,Electronics,2,399,0.0,99,Credit Card,West,Social Media,Mobile,Completed
ORD005281,CUST00302,2026-06-26,P0024,Running Shoes,Sports,2,299,0.2,49,Credit Card,North,Social Media,Mobile,Completed
ORD005282,CUST00133,2026-01-11,P0023,Resistance Band,Sports,2,699,0.0,99,Credit Card,Central,Social Media,Desktop,Completed
ORD005283,CUST00401,2026-08-18,P0021,Dumbbell Set,Sports,3,1999,0.0,79,Cash on Delivery,East,Direct,Mobile,Completed
ORD005284,CUST00265,2025-10-24,P0007,Denim Jacket,Fashion,3,1999,0.15,49,Debit Card,East,Organic Search,Desktop,Completed
ORD005285,CUST00729,2025-10-27,P0024,Running Shoes,Sports,4,1999,0.15,99,Wallet,South,Email,Mobile,Cancelled
ORD005286,CUST00424,2026-03-22,P0006,Sneakers,Fashion,2,999,0.0,0,Wallet,Central,Paid Ads,Desktop,Completed
ORD005287,CUST00686,2026-06-08,P0020,Yoga Mat,Sports,2,1999,0.0,79,Cash on Delivery,Central,Direct,Desktop,Completed
ORD005288,CUST00322,2025-10-11,P0002,Smart Watch,Electronics,3,1999,0.15,79,UPI,Central,Referral,Tablet,Completed
ORD005289,CUST00655,2026-02-19,P0007,Denim Jacket,Fashion,3,1999,0.05,49,Cash on Delivery,South,Social Media,Desktop,Completed
ORD005290,CUST00046,2025-11-09,P0014,Wall Clock,Home,2,999,0.05,79,UPI,North,Direct,Mobile,Cancelled
ORD005291,CUST00242,2026-05-16,P0024,Running Shoes,Sports,1,299,0.0,99,Wallet,Central,Paid Ads,Desktop,Completed
ORD005292,CUST00062,2026-03-12,P0006,Sneakers,Fashion,2,699,0.1,49,Wallet,South,Referral,Desktop,Cancelled
ORD005293,CUST00025,2026-04-15,P0010,LED Lamp,Home,1,1999,0.1,0,UPI,South,Email,Mobile,Completed
ORD005294,CUST00733,2025-11-26,P0021,Dumbbell Set,Sports,1,1499,0.0,49,Debit Card,West,Email,Mobile,Completed
ORD005295,CUST00562,2025-12-03,P0011,Cushion Cover,Home,4,299,0.0,49,Credit Card,Central,Organic Search,Mobile,Returned
ORD005296,CUST00492,2026-04-10,P0017,Hair Oil,Beauty,4,299,0.2,49,Credit Card,East,Email,Desktop,Completed
ORD005297,CUST00422,2025-12-26,P0010,LED Lamp,Home,1,1499,0.0,0,UPI,North,Direct,Mobile,Completed
ORD005298,CUST00453,2026-04-29,P0000,Wireless Earbuds,Electronics,2,2499,0.2,49,Debit Card,East,Email,Mobile,Completed
ORD005299,CUST00505,2025-10-15,P0007,Denim Jacket,Fashion,2,1499,0.0,0,Debit Card,West,Organic Search,Desktop,Cancelled
ORD005300,CUST00653,2025-12-07,P0014,Wall Clock,Home,4,2499,0.0,99,Wallet,South,Direct,Tablet,Completed
ORD005301,CUST00471,2025-09-26,P0000,Wireless Earbuds,Electronics,2,299,0.1,49,Credit Card,Central,Email,Mobile,Completed
ORD005302,CUST00586,2025-09-20,P0005,T-Shirt,Fashion,2,2499,0.1,99,UPI,Central,Referral,Mobile,Completed
ORD005303,CUST00227,2025-11-23,P0023,Resistance Band,Sports,3,399,0.0,0,UPI,West,Referral,Tablet,Cancelled
ORD005304,CUST00781,2026-02-14,P0000,Wireless Earbuds,Electronics,2,2499,0.15,0,Cash on Delivery,Central,Paid Ads,Tablet,Completed
ORD005305,CUST00025,2025-10-11,P0006,Sneakers,Fashion,1,2499,0.0,0,Credit Card,South,Paid Ads,Mobile,Completed
ORD005306,CUST00319,2025-09-22,P0015,Face Serum,Beauty,2,999,0.0,49,Cash on Delivery,Central,Referral,Mobile,Returned
ORD005307,CUST00700,2026-07-06,P0014,Wall Clock,Home,1,999,0.1,79,Wallet,East,Organic Search,Mobile,Completed
ORD005308,CUST00145,2026-02-24,P0005,T-Shirt,Fashion,3,699,0.1,49,Wallet,East,Referral,Mobile,Completed
ORD005309,CUST00111,2026-05-08,P0001,Bluetooth Speaker,Electronics,4,999,0.1,99,Wallet,Central,Organic Search,Mobile,Cancelled
ORD005310,CUST00300,2026-05-12,P0022,Water Bottle,Sports,4,1999,0.15,49,Wallet,South,Social Media,Desktop,Completed
ORD005311,CUST00347,2025-09-26,P0013,Storage Box,Home,2,499,0.2,99,UPI,North,Organic Search,Desktop,Completed
ORD005312,CUST00742,2026-04-03,P0014,Wall Clock,Home,2,499,0.05,0,UPI,South,Referral,Desktop,Cancelled
ORD005313,CUST00661,2026-06-30,P0001,Bluetooth Speaker,Electronics,1,2499,0.05,0,Debit Card,Central,Email,Desktop,Completed
ORD005314,CUST00370,2026-01-30,P0005,T-Shirt,Fashion,2,1999,0.2,79,Cash on Delivery,South,Referral,Desktop,Completed
ORD005315,CUST00778,2026-06-30,P0001,Bluetooth Speaker,Electronics,1,999,0.2,0,Debit Card,South,Organic Search,Mobile,Completed
ORD005316,CUST00509,2026-07-31,P0024,Running Shoes,Sports,3,399,0.0,79,UPI,Central,Organic Search,Mobile,Completed
ORD005317,CUST00693,2026-03-07,P0019,Face Wash,Beauty,4,2499,0.05,49,Debit Card,South,Email,Desktop,Completed
ORD005318,CUST00199,2025-09-26,P0013,Storage Box,Home,1,2499,0.2,49,Debit Card,West,Organic Search,Desktop,Completed
ORD005319,CUST00389,2026-04-02,P0017,Hair Oil,Beauty,3,499,0.0,49,Cash on Delivery,North,Email,Mobile,Cancelled
ORD005320,CUST00023,2026-07-07,P0004,Power Bank,Electronics,3,999,0.2,99,Credit Card,North,Direct,Mobile,Completed
ORD005321,CUST00006,2026-03-19,P0024,Running Shoes,Sports,2,699,0.15,79,Cash on Delivery,West,Social Media,Desktop,Completed
ORD005322,CUST00555,2026-06-08,P0012,Coffee Mug,Home,3,1999,0.0,99,Cash on Delivery,West,Direct,Mobile,Completed
ORD005323,CUST00095,2026-03-03,P0012,Coffee Mug,Home,3,1499,0.1,0,Debit Card,East,Organic Search,Desktop,Completed
ORD005324,CUST00435,2026-01-20,P0023,Resistance Band,Sports,2,699,0.05,99,Debit Card,Central,Paid Ads,Mobile,Cancelled
ORD005325,CUST00548,2026-07-31,P0002,Smart Watch,Electronics,4,2499,0.0,99,Credit Card,Central,Organic Search,Desktop,Completed
ORD005326,CUST00026,2025-10-14,P0010,LED Lamp,Home,3,999,0.1,99,Wallet,West,Social Media,Mobile,Completed
ORD005327,CUST00361,2026-01-30,P0002,Smart Watch,Electronics,2,699,0.15,49,Wallet,West,Social Media,Mobile,Completed
ORD005328,CUST00539,2025-10-15,P0010,LED Lamp,Home,3,2499,0.2,49,Cash on Delivery,North,Email,Desktop,Completed
ORD005329,CUST00706,2026-04-15,P0006,Sneakers,Fashion,3,699,0.0,49,Debit Card,Central,Organic Search,Mobile,Returned
ORD005330,CUST00243,2026-07-22,P0011,Cushion Cover,Home,1,699,0.0,99,Debit Card,Central,Social Media,Mobile,Cancelled
ORD005331,CUST00779,2026-08-19,P0017,Hair Oil,Beauty,1,699,0.2,99,Wallet,North,Direct,Mobile,Completed
ORD005332,CUST00668,2025-11-13,P0007,Denim Jacket,Fashion,2,399,0.0,99,Debit Card,North,Organic Search,Mobile,Completed
ORD005333,CUST00514,2026-05-12,P0001,Bluetooth Speaker,Electronics,1,499,0.15,99,Debit Card,Central,Direct,Mobile,Returned
ORD005334,CUST00322,2026-07-05,P0004,Power Bank,Electronics,2,299,0.15,79,Credit Card,Central,Paid Ads,Mobile,Completed
ORD005335,CUST00559,2026-06-20,P0017,Hair Oil,Beauty,2,1499,0.0,0,Cash on Delivery,Central,Referral,Mobile,Completed
ORD005336,CUST00644,2026-02-19,P0014,Wall Clock,Home,4,999,0.0,0,UPI,North,Direct,Desktop,Completed
ORD005337,CUST00250,2025-10-22,P0024,Running Shoes,Sports,1,2499,0.0,99,Wallet,East,Social Media,Desktop,Returned
ORD005338,CUST00792,2026-02-04,P0022,Water Bottle,Sports,3,999,0.1,0,Wallet,North,Organic Search,Mobile,Completed
ORD005339,CUST00725,2026-05-30,P0004,Power Bank,Electronics,3,299,0.15,0,UPI,South,Social Media,Desktop,Completed
ORD005340,CUST00387,2026-04-03,P0018,Sunscreen,Beauty,2,999,0.05,49,Debit Card,East,Email,Tablet,Completed
ORD005341,CUST00567,2026-01-08,P0002,Smart Watch,Electronics,4,399,0.0,79,Debit Card,North,Social Media,Desktop,Completed
ORD005342,CUST00416,2025-11-06,P0002,Smart Watch,Electronics,2,299,0.2,79,UPI,North,Email,Desktop,Completed
ORD005343,CUST00594,2026-04-14,P0019,Face Wash,Beauty,2,1499,0.0,0,Credit Card,West,Direct,Mobile,Completed
ORD005344,CUST00654,2026-01-23,P0010,LED Lamp,Home,1,299,0.0,49,UPI,West,Referral,Mobile,Completed
ORD005345,CUST00018,2026-02-08,P0024,Running Shoes,Sports,2,699,0.0,99,Credit Card,East,Social Media,Tablet,Returned
ORD005346,CUST00065,2026-07-28,P0000,Wireless Earbuds,Electronics,1,2499,0.2,79,Debit Card,North,Referral,Tablet,Completed
ORD005347,CUST00276,2025-08-23,P0012,Coffee Mug,Home,4,499,0.2,99,Wallet,South,Paid Ads,Mobile,Cancelled
ORD005348,CUST00732,2025-11-14,P0007,Denim Jacket,Fashion,1,1499,0.05,79,Credit Card,Central,Referral,Mobile,Returned
ORD005349,CUST00326,2026-07-21,P0024,Running Shoes,Sports,4,699,0.2,0,Credit Card,West,Organic Search,Mobile,Cancelled
ORD005350,CUST00705,2026-07-22,P0016,Lip Balm,Beauty,1,299,0.2,0,Debit Card,East,Email,Mobile,Completed
ORD005351,CUST00370,2025-12-08,P0019,Face Wash,Beauty,2,399,0.1,0,Wallet,South,Direct,Tablet,Completed
ORD005352,CUST00233,2026-08-17,P0007,Denim Jacket,Fashion,1,299,0.0,0,Cash on Delivery,Central,Organic Search,Mobile,Completed
ORD005353,CUST00717,2025-11-05,P0022,Water Bottle,Sports,2,399,0.2,99,Credit Card,North,Social Media,Desktop,Completed
ORD005354,CUST00448,2025-09-07,P0021,Dumbbell Set,Sports,3,399,0.1,79,Debit Card,Central,Paid Ads,Desktop,Completed
ORD005355,CUST00297,2025-12-10,P0019,Face Wash,Beauty,2,2499,0.0,99,Credit Card,Central,Direct,Mobile,Returned
ORD005356,CUST00035,2026-03-01,P0011,Cushion Cover,Home,3,1999,0.15,0,Credit Card,East,Social Media,Desktop,Completed
ORD005357,CUST00088,2025-08-22,P0023,Resistance Band,Sports,4,499,0.0,99,Cash on Delivery,Central,Organic Search,Mobile,Returned
ORD005358,CUST00109,2025-10-21,P0016,Lip Balm,Beauty,1,1499,0.15,99,UPI,Central,Organic Search,Mobile,Completed
ORD005359,CUST00300,2026-06-04,P0001,Bluetooth Speaker,Electronics,2,399,0.0,0,Wallet,South,Organic Search,Mobile,Returned
ORD005360,CUST00479,2026-04-03,P0022,Water Bottle,Sports,3,1499,0.0,99,Wallet,East,Organic Search,Mobile,Completed
ORD005361,CUST00254,2026-03-28,P0000,Wireless Earbuds,Electronics,3,399,0.05,0,UPI,West,Social Media,Desktop,Returned
ORD005362,CUST00052,2026-08-16,P0017,Hair Oil,Beauty,1,1499,0.05,49,Wallet,North,Paid Ads,Mobile,Completed
ORD005363,CUST00214,2025-11-11,P0006,Sneakers,Fashion,1,499,0.2,0,Debit Card,North,Paid Ads,Desktop,Completed
ORD005364,CUST00332,2026-07-13,P0022,Water Bottle,Sports,2,1999,0.0,49,UPI,Central,Social Media,Desktop,Returned
ORD005365,CUST00792,2025-12-27,P0018,Sunscreen,Beauty,3,1999,0.2,0,Debit Card,North,Social Media,Tablet,Completed
ORD005366,CUST00323,2026-07-23,P0020,Yoga Mat,Sports,4,499,0.0,99,UPI,North,Email,Desktop,Cancelled
ORD005367,CUST00074,2026-06-01,P0017,Hair Oil,Beauty,2,299,0.2,49,Debit Card,North,Social Media,Desktop,Cancelled
ORD005368,CUST00461,2025-11-05,P0014,Wall Clock,Home,3,499,0.1,99,Wallet,East,Referral,Mobile,Completed
ORD005369,CUST00733,2025-11-04,P0021,Dumbbell Set,Sports,2,499,0.0,49,Cash on Delivery,West,Social Media,Mobile,Completed
ORD005370,CUST00616,2026-03-05,P0007,Denim Jacket,Fashion,1,699,0.2,49,Cash on Delivery,South,Social Media,Desktop,Cancelled
ORD005371,CUST00661,2026-02-19,P0013,Storage Box,Home,2,999,0.0,79,Cash on Delivery,Central,Social Media,Desktop,Returned
ORD005372,CUST00738,2025-11-13,P0007,Denim Jacket,Fashion,2,2499,0.1,99,Wallet,South,Organic Search,Desktop,Completed
ORD005373,CUST00502,2025-11-23,P0002,Smart Watch,Electronics,1,299,0.0,0,Wallet,West,Direct,Mobile,Completed
ORD005374,CUST00793,2026-07-14,P0021,Dumbbell Set,Sports,3,999,0.0,49,Wallet,North,Email,Mobile,Cancelled
ORD005375,CUST00026,2026-05-22,P0012,Coffee Mug,Home,2,399,0.0,0,Cash on Delivery,West,Social Media,Mobile,Completed
ORD005376,CUST00661,2025-10-28,P0001,Bluetooth Speaker,Electronics,1,999,0.0,0,Credit Card,Central,Social Media,Mobile,Completed
ORD005377,CUST00679,2026-05-11,P0020,Yoga Mat,Sports,2,1499,0.0,99,Credit Card,North,Email,Desktop,Completed
ORD005378,CUST00732,2025-10-15,P0023,Resistance Band,Sports,4,1999,0.0,49,UPI,Central,Referral,Mobile,Cancelled
ORD005379,CUST00380,2026-01-29,P0016,Lip Balm,Beauty,3,999,0.1,0,Wallet,East,Social Media,Mobile,Completed
ORD005380,CUST00618,2025-08-24,P0008,Backpack,Fashion,2,399,0.0,79,Cash on Delivery,Central,Social Media,Mobile,Completed
ORD005381,CUST00159,2026-04-13,P0021,Dumbbell Set,Sports,4,2499,0.15,99,Credit Card,Central,Organic Search,Desktop,Returned
ORD005382,CUST00476,2025-10-25,P0018,Sunscreen,Beauty,1,699,0.15,99,Credit Card,Central,Paid Ads,Mobile,Cancelled
ORD005383,CUST00294,2025-11-14,P0007,Denim Jacket,Fashion,2,699,0.15,49,Cash on Delivery,East,Direct,Mobile,Completed
ORD005384,CUST00471,2025-10-28,P0008,Backpack,Fashion,3,1499,0.0,0,Debit Card,Central,Direct,Desktop,Completed
ORD005385,CUST00534,2025-10-25,P0024,Running Shoes,Sports,2,499,0.2,49,Credit Card,Central,Direct,Desktop,Returned
ORD005386,CUST00285,2025-09-17,P0023,Resistance Band,Sports,3,2499,0.0,49,Wallet,West,Social Media,Mobile,Completed
ORD005387,,2026-03-10,P0016,Lip Balm,Beauty,3,299,0.0,0,Cash on Delivery,Central,Referral,Mobile,Completed
ORD005388,CUST00267,2026-07-02,P0000,Wireless Earbuds,Electronics,2,399,0.15,49,Cash on Delivery,North,Email,Mobile,Completed
ORD005389,CUST00526,2025-12-08,P0005,T-Shirt,Fashion,4,2499,0.15,49,Cash on Delivery,East,Organic Search,Desktop,Completed
ORD005390,CUST00535,2026-05-31,P0008,Backpack,Fashion,4,699,0.0,99,Credit Card,West,Organic Search,Mobile,Completed
ORD005391,CUST00583,2026-03-06,P0013,Storage Box,Home,2,2499,0.0,0,Credit Card,East,Social Media,Desktop,Completed
ORD005392,CUST00101,2025-11-20,P0021,Dumbbell Set,Sports,4,2499,0.0,79,Cash on Delivery,East,Social Media,Mobile,Completed
ORD005393,CUST00646,2025-09-11,P0021,Dumbbell Set,Sports,3,2499,0.15,79,Wallet,North,Organic Search,Desktop,Completed
ORD005394,CUST00543,2026-06-01,P0006,Sneakers,Fashion,1,1499,0.05,0,Debit Card,North,Organic Search,Desktop,Completed
ORD005395,CUST00025,2025-08-28,P0002,Smart Watch,Electronics,1,1499,0.1,0,Debit Card,South,Email,Desktop,Completed
ORD005396,CUST00275,2026-01-21,P0006,Sneakers,Fashion,1,999,0.0,99,Cash on Delivery,East,Direct,Mobile,Completed
ORD005397,CUST00371,2025-09-01,P0005,T-Shirt,Fashion,1,1499,0.2,0,Cash on Delivery,West,Paid Ads,Mobile,Cancelled
ORD005398,CUST00297,2026-05-30,P0022,Water Bottle,Sports,2,499,0.05,79,Cash on Delivery,Central,Paid Ads,Mobile,Completed
ORD005399,CUST00095,2026-08-16,P0000,Wireless Earbuds,Electronics,1,1999,0.1,49,UPI,East,Email,Mobile,Completed
ORD005400,,2025-12-15,P0020,Yoga Mat,Sports,3,399,0.05,99,Wallet,South,Organic Search,Mobile,Completed
ORD005401,CUST00019,2025-12-12,P0016,Lip Balm,Beauty,2,699,0.0,79,Credit Card,East,Referral,Mobile,Returned
ORD005402,CUST00076,2026-03-14,P0002,Smart Watch,Electronics,3,499,0.1,99,Cash on Delivery,East,Email,Desktop,Completed
ORD005403,CUST00215,2026-02-19,P0017,Hair Oil,Beauty,3,1999,0.0,99,Debit Card,South,Social Media,Desktop,Completed
ORD005404,CUST00647,2026-01-06,P0014,Wall Clock,Home,2,499,0.0,0,Cash on Delivery,South,Email,Desktop,Completed
ORD005405,CUST00417,2025-12-31,P0000,Wireless Earbuds,Electronics,3,399,0.05,99,Credit Card,Central,Organic Search,Mobile,Returned
ORD005406,CUST00345,2025-10-27,P0005,T-Shirt,Fashion,4,1999,0.0,99,Cash on Delivery,South,Paid Ads,Desktop,Completed
ORD005407,CUST00524,2025-11-19,P0008,Backpack,Fashion,2,699,0.2,0,UPI,East,Email,Desktop,Completed
ORD005408,CUST00432,2026-03-21,P0005,T-Shirt,Fashion,2,1499,0.1,49,UPI,Central,Referral,Desktop,Returned
ORD005409,CUST00105,2026-05-15,P0014,Wall Clock,Home,3,2499,0.0,0,Wallet,South,Referral,Mobile,Completed
ORD005410,CUST00183,2026-05-21,P0015,Face Serum,Beauty,4,1999,0.0,99,UPI,West,Email,Desktop,Completed
ORD005411,CUST00183,2026-02-24,P0004,Power Bank,Electronics,3,699,0.0,0,Cash on Delivery,West,Social Media,Mobile,Completed
ORD005412,CUST00473,2026-05-21,P0003,Phone Case,Electronics,4,399,0.0,0,Credit Card,East,Referral,Mobile,Cancelled
ORD005413,CUST00369,2026-03-24,P0016,Lip Balm,Beauty,1,2499,0.0,0,Wallet,East,Organic Search,Mobile,Completed
ORD005414,CUST00320,2025-12-28,P0011,Cushion Cover,Home,1,499,0.0,79,Debit Card,South,Paid Ads,Mobile,Completed
ORD005415,CUST00445,2025-12-26,P0006,Sneakers,Fashion,2,1999,0.1,0,Credit Card,West,Social Media,Tablet,Completed
ORD005416,CUST00775,2026-02-25,P0006,Sneakers,Fashion,1,1999,0.0,0,Wallet,Central,Email,Desktop,Completed
ORD005417,CUST00260,2025-12-10,P0000,Wireless Earbuds,Electronics,1,699,0.0,49,Wallet,North,Direct,Desktop,Returned
ORD005418,CUST00414,2026-05-25,P0021,Dumbbell Set,Sports,1,399,0.0,0,Credit Card,East,Social Media,Tablet,Completed
ORD005419,CUST00382,2025-10-26,P0021,Dumbbell Set,Sports,2,699,0.2,0,Wallet,East,Referral,Desktop,Completed
ORD005420,CUST00562,2025-09-08,P0013,Storage Box,Home,4,399,0.2,99,Cash on Delivery,Central,Social Media,Desktop,Completed
ORD005421,CUST00575,2026-02-15,P0008,Backpack,Fashion,4,499,0.0,49,Wallet,Central,Email,Tablet,Completed
ORD005422,CUST00573,2025-09-15,P0005,T-Shirt,Fashion,2,699,0.05,0,Debit Card,North,Organic Search,Mobile,Returned
ORD005423,CUST00167,2025-10-28,P0007,Denim Jacket,Fashion,4,999,0.0,99,Credit Card,South,Organic Search,Mobile,Completed
ORD005424,CUST00361,2026-01-04,P0023,Resistance Band,Sports,4,399,0.05,0,Credit Card,West,Paid Ads,Mobile,Completed
ORD005425,CUST00638,2025-08-21,P0002,Smart Watch,Electronics,2,1999,0.05,0,Wallet,East,Organic Search,Desktop,Completed
ORD005426,CUST00314,2025-11-09,P0020,Yoga Mat,Sports,2,299,0.0,99,Debit Card,South,Referral,Desktop,Completed
ORD005427,CUST00785,2026-03-06,P0007,Denim Jacket,Fashion,4,2499,0.1,79,Debit Card,South,Email,Mobile,Completed
ORD005428,CUST00300,2026-01-03,P0006,Sneakers,Fashion,2,499,0.0,49,Credit Card,South,Referral,Desktop,Cancelled
ORD005429,CUST00396,2026-07-13,P0020,Yoga Mat,Sports,2,699,0.1,99,UPI,West,Paid Ads,Desktop,Cancelled
ORD005430,CUST00378,2025-09-23,P0024,Running Shoes,Sports,4,2499,0.15,49,Credit Card,East,Organic Search,Mobile,Cancelled
ORD005431,CUST00351,2026-05-09,P0024,Running Shoes,Sports,3,1499,0.0,79,UPI,North,Paid Ads,Desktop,Cancelled
ORD005432,CUST00669,2026-03-24,P0006,Sneakers,Fashion,2,299,0.15,99,UPI,Central,Organic Search,Desktop,Completed
ORD005433,CUST00125,2026-04-12,P0014,Wall Clock,Home,4,999,0.15,49,Cash on Delivery,Central,Paid Ads,Mobile,Cancelled
ORD005434,CUST00452,2026-04-22,P0007,Denim Jacket,Fashion,3,999,0.2,49,Debit Card,South,Organic Search,Mobile,Completed
ORD005435,CUST00487,2025-09-08,P0004,Power Bank,Electronics,2,2499,0.15,79,Debit Card,Central,Paid Ads,Desktop,Returned
ORD005436,CUST00675,2026-06-05,P0009,Sunglasses,Fashion,2,999,0.0,0,Cash on Delivery,South,Email,Mobile,Returned
ORD005437,CUST00480,2025-12-18,P0001,Bluetooth Speaker,Electronics,1,2499,0.0,49,Cash on Delivery,South,Referral,Mobile,Completed
ORD005438,CUST00766,2026-04-14,P0004,Power Bank,Electronics,1,999,0.0,79,UPI,South,Paid Ads,Desktop,Completed
ORD005439,CUST00691,2025-12-05,P0014,Wall Clock,Home,4,399,0.1,0,Debit Card,North,Referral,Mobile,Cancelled
ORD005440,CUST00286,2026-01-11,P0017,Hair Oil,Beauty,1,999,0.1,79,Wallet,North,Direct,Mobile,Completed
ORD005441,CUST00682,2026-05-02,P0006,Sneakers,Fashion,4,2499,0.1,49,Wallet,West,Organic Search,Desktop,Completed
ORD005442,CUST00764,2026-07-27,P0013,Storage Box,Home,1,299,0.0,0,Wallet,East,Organic Search,Desktop,Returned
ORD005443,CUST00209,2026-07-06,P0019,Face Wash,Beauty,3,699,0.0,0,Wallet,East,Organic Search,Mobile,Returned
ORD005444,CUST00481,2026-05-12,P0022,Water Bottle,Sports,3,299,0.0,49,Credit Card,West,Direct,Mobile,Returned
ORD005445,CUST00228,2026-03-04,P0014,Wall Clock,Home,4,1999,0.0,0,Debit Card,North,Direct,Mobile,Completed
ORD005446,CUST00513,2026-02-28,P0006,Sneakers,Fashion,2,999,0.0,0,Credit Card,South,Referral,Mobile,Returned
ORD005447,CUST00076,2026-08-07,P0017,Hair Oil,Beauty,4,1499,0.0,49,Debit Card,East,Email,Tablet,Completed
ORD005448,CUST00578,2025-11-03,P0004,Power Bank,Electronics,2,2499,0.0,0,Cash on Delivery,South,Organic Search,Mobile,Completed
ORD005449,CUST00343,2026-08-03,P0003,Phone Case,Electronics,4,1999,0.0,49,Debit Card,West,Referral,Mobile,Completed
ORD005450,CUST00465,2026-04-13,P0008,Backpack,Fashion,1,699,0.15,0,Wallet,Central,Referral,Desktop,Returned
ORD005451,CUST00020,2026-04-01,P0008,Backpack,Fashion,2,2499,0.0,0,UPI,East,Direct,Desktop,Completed
ORD005452,CUST00548,2026-03-23,P0003,Phone Case,Electronics,3,699,0.2,99,Credit Card,Central,Referral,Desktop,Completed
ORD005453,CUST00395,2026-06-12,P0001,Bluetooth Speaker,Electronics,3,2499,0.0,99,Debit Card,South,Paid Ads,Mobile,Cancelled
ORD005454,CUST00492,2026-04-26,P0023,Resistance Band,Sports,4,2499,0.1,0,Wallet,East,Email,Mobile,Returned
ORD005455,CUST00261,2025-09-23,P0016,Lip Balm,Beauty,2,399,0.0,99,Wallet,East,Email,Tablet,Returned
ORD005456,CUST00115,2026-06-01,P0017,Hair Oil,Beauty,3,1999,0.0,0,Debit Card,West,Paid Ads,Desktop,Cancelled
ORD005457,CUST00351,2026-05-12,P0001,Bluetooth Speaker,Electronics,3,1499,0.2,0,Cash on Delivery,North,Referral,Desktop,Returned
ORD005458,CUST00754,2026-07-19,P0019,Face Wash,Beauty,4,1999,0.15,99,Credit Card,South,Email,Mobile,Completed
ORD005459,CUST00188,2026-07-27,P0009,Sunglasses,Fashion,1,399,0.05,0,UPI,Central,Referral,Desktop,Completed
ORD005460,CUST00534,2026-08-01,P0018,Sunscreen,Beauty,1,999,0.1,0,Debit Card,Central,Paid Ads,Tablet,Completed
ORD005461,CUST00040,2025-09-04,P0012,Coffee Mug,Home,3,399,0.1,99,Cash on Delivery,Central,Social Media,Mobile,Completed
ORD005462,CUST00563,2026-04-07,P0006,Sneakers,Fashion,1,2499,0.15,99,Wallet,South,Referral,Mobile,Cancelled
ORD005463,CUST00195,2026-07-27,P0006,Sneakers,Fashion,1,1999,0.1,99,Credit Card,North,Paid Ads,Mobile,Completed
ORD005464,CUST00363,2026-08-07,P0003,Phone Case,Electronics,3,999,0.05,99,Debit Card,North,Email,Desktop,Completed
ORD005465,CUST00301,2026-03-08,P0020,Yoga Mat,Sports,2,399,0.0,99,Wallet,West,Direct,Mobile,Returned
ORD005466,CUST00090,2026-07-18,P0010,LED Lamp,Home,2,1499,0.2,49,UPI,East,Direct,Mobile,Returned
ORD005467,CUST00284,2026-07-07,P0019,Face Wash,Beauty,2,699,0.05,0,UPI,East,Direct,Desktop,Completed
ORD005468,CUST00287,2025-08-20,P0020,Yoga Mat,Sports,3,1999,0.0,0,Credit Card,Central,Email,Desktop,Returned
ORD005469,CUST00415,2026-07-09,P0004,Power Bank,Electronics,2,299,0.0,0,UPI,Central,Organic Search,Mobile,Completed
ORD005470,CUST00778,2026-04-09,P0008,Backpack,Fashion,4,699,0.1,0,Credit Card,South,Paid Ads,Tablet,Cancelled
ORD005471,CUST00373,2026-03-17,P0003,Phone Case,Electronics,1,499,0.15,99,Debit Card,Central,Direct,Mobile,Returned
ORD005472,CUST00730,2025-10-24,P0000,Wireless Earbuds,Electronics,1,2499,0.15,0,Debit Card,South,Email,Mobile,Completed
ORD005473,CUST00369,2026-07-21,P0024,Running Shoes,Sports,1,499,0.2,79,Wallet,East,Social Media,Desktop,Cancelled
ORD005474,CUST00086,2025-12-05,P0016,Lip Balm,Beauty,4,2499,0.2,0,UPI,East,Referral,Desktop,Cancelled
ORD005475,CUST00190,2026-01-19,P0011,Cushion Cover,Home,2,2499,0.1,79,UPI,East,Social Media,Desktop,Completed
ORD005476,CUST00331,2025-12-06,P0005,T-Shirt,Fashion,1,999,0.2,49,Cash on Delivery,Central,Social Media,Desktop,Cancelled
ORD005477,CUST00269,2026-08-08,P0014,Wall Clock,Home,2,399,0.0,0,Debit Card,West,Social Media,Desktop,Cancelled
ORD005478,CUST00686,2026-02-12,P0013,Storage Box,Home,3,399,0.0,0,Wallet,Central,Social Media,Desktop,Completed
ORD005479,CUST00535,2025-09-30,P0005,T-Shirt,Fashion,2,299,0.05,79,Cash on Delivery,West,Email,Tablet,Returned
ORD005480,CUST00459,2025-08-23,P0000,Wireless Earbuds,Electronics,2,1999,0.1,99,Credit Card,South,Referral,Tablet,Completed
ORD005481,CUST00390,2026-08-12,P0011,Cushion Cover,Home,1,1499,0.0,0,Wallet,Central,Referral,Mobile,Completed
ORD005482,CUST00326,2025-11-14,P0012,Coffee Mug,Home,3,499,0.0,0,Credit Card,West,Social Media,Desktop,Cancelled
ORD005483,CUST00482,2026-05-28,P0019,Face Wash,Beauty,1,1499,0.2,79,Wallet,East,Social Media,Mobile,Completed
ORD005484,CUST00099,2025-08-30,P0009,Sunglasses,Fashion,1,999,0.1,49,Debit Card,North,Referral,Desktop,Completed
ORD005485,CUST00129,2026-07-13,P0002,Smart Watch,Electronics,3,1999,0.1,0,Debit Card,Central,Email,Mobile,Completed
ORD005486,CUST00250,2026-04-14,P0022,Water Bottle,Sports,4,299,0.0,0,Cash on Delivery,East,Paid Ads,Mobile,Completed
ORD005487,CUST00135,2025-11-10,P0010,LED Lamp,Home,3,399,0.05,0,Credit Card,East,Email,Tablet,Completed
ORD005488,CUST00535,2026-07-10,P0018,Sunscreen,Beauty,4,1999,0.0,0,UPI,West,Direct,Desktop,Completed
ORD005489,CUST00020,2025-12-06,P0001,Bluetooth Speaker,Electronics,2,499,0.1,0,Wallet,East,Social Media,Mobile,Returned
ORD005490,CUST00128,2026-08-19,P0000,Wireless Earbuds,Electronics,3,2499,0.2,79,Cash on Delivery,East,Email,Mobile,Completed
ORD005491,CUST00719,2026-03-26,P0000,Wireless Earbuds,Electronics,2,2499,0.0,49,Debit Card,West,Direct,Mobile,Returned
ORD005492,CUST00798,2026-01-30,P0019,Face Wash,Beauty,3,299,0.15,79,Debit Card,East,Organic Search,Desktop,Completed
ORD005493,CUST00388,2025-09-10,P0006,Sneakers,Fashion,4,699,0.1,0,UPI,Central,Referral,Mobile,Completed
ORD005494,CUST00394,2025-11-22,P0019,Face Wash,Beauty,3,1499,0.05,49,UPI,East,Organic Search,Desktop,Completed
ORD005495,CUST00608,2025-09-10,P0023,Resistance Band,Sports,1,399,0.2,49,Credit Card,East,Organic Search,Desktop,Completed
ORD005496,CUST00029,2026-06-27,P0016,Lip Balm,Beauty,3,1999,0.0,49,UPI,Central,Paid Ads,Desktop,Completed
ORD005497,CUST00347,2025-09-25,P0024,Running Shoes,Sports,2,299,0.1,99,Credit Card,North,Organic Search,Mobile,Completed
ORD005498,CUST00080,2025-09-30,P0023,Resistance Band,Sports,3,299,0.0,49,Wallet,Central,Email,Desktop,Returned
ORD005499,CUST00328,2025-10-04,P0018,Sunscreen,Beauty,3,999,0.1,49,Wallet,West,Email,Desktop,Completed
ORD005500,CUST00785,2026-08-10,P0020,Yoga Mat,Sports,3,399,0.0,99,UPI,South,Social Media,Mobile,Completed
ORD005501,CUST00589,2026-08-09,P0015,Face Serum,Beauty,4,1499,0.15,0,Debit Card,West,Referral,Mobile,Completed
ORD005502,CUST00786,2026-05-07,P0005,T-Shirt,Fashion,4,699,0.0,0,Debit Card,South,Paid Ads,Desktop,Completed
ORD005503,CUST00585,2025-09-15,P0002,Smart Watch,Electronics,4,499,0.0,0,Wallet,North,Referral,Mobile,Completed
ORD005504,CUST00479,2026-02-19,P0009,Sunglasses,Fashion,3,1999,0.2,79,UPI,East,Email,Mobile,Completed
ORD005505,CUST00590,2026-08-01,P0011,Cushion Cover,Home,2,399,0.1,0,Cash on Delivery,West,Direct,Mobile,Completed
ORD005506,CUST00521,2025-09-24,P0008,Backpack,Fashion,1,699,0.05,0,Cash on Delivery,North,Referral,Mobile,Completed
ORD005507,CUST00370,2026-06-05,P0002,Smart Watch,Electronics,4,399,0.0,49,UPI,South,Paid Ads,Desktop,Completed
ORD005508,CUST00236,2025-08-26,P0012,Coffee Mug,Home,4,399,0.0,49,Debit Card,Central,Organic Search,Tablet,Completed
ORD005509,CUST00414,2026-06-09,P0012,Coffee Mug,Home,1,399,0.0,0,Cash on Delivery,East,Direct,Desktop,Completed
ORD005510,CUST00210,2026-03-06,P0023,Resistance Band,Sports,1,499,0.15,49,Wallet,East,Email,Mobile,Returned
ORD005511,CUST00387,2026-07-10,P0023,Resistance Band,Sports,3,699,0.0,99,Credit Card,East,Paid Ads,Mobile,Completed
ORD005512,CUST00115,2026-01-18,P0015,Face Serum,Beauty,1,699,0.0,0,Cash on Delivery,West,Referral,Mobile,Returned
ORD005513,CUST00450,2026-06-02,P0021,Dumbbell Set,Sports,1,399,0.05,49,Debit Card,West,Direct,Desktop,Completed
ORD005514,CUST00199,2026-06-23,P0007,Denim Jacket,Fashion,4,299,0.0,49,UPI,West,Email,Desktop,Completed
ORD005515,CUST00237,2025-12-16,P0024,Running Shoes,Sports,1,299,0.2,0,Credit Card,East,Organic Search,Tablet,Returned
ORD005516,CUST00397,2026-04-11,P0023,Resistance Band,Sports,1,1499,0.0,49,UPI,North,Referral,Mobile,Completed
ORD005517,CUST00129,2026-02-04,P0003,Phone Case,Electronics,4,2499,0.0,0,Wallet,Central,Email,Mobile,Completed
ORD005518,CUST00768,2026-01-24,P0017,Hair Oil,Beauty,1,299,0.0,0,Credit Card,North,Email,Desktop,Cancelled
ORD005519,CUST00361,2026-06-07,P0011,Cushion Cover,Home,4,299,0.0,99,Debit Card,West,Organic Search,Mobile,Completed
ORD005520,CUST00289,2025-11-10,P0006,Sneakers,Fashion,3,1999,0.05,99,Wallet,West,Direct,Mobile,Returned
ORD005521,CUST00023,2025-10-02,P0010,LED Lamp,Home,3,1499,0.0,0,Cash on Delivery,North,Referral,Mobile,Returned
ORD005522,CUST00667,2026-02-11,P0022,Water Bottle,Sports,4,1499,0.15,0,Cash on Delivery,South,Direct,Mobile,Returned
ORD005523,CUST00493,2026-06-15,P0023,Resistance Band,Sports,1,399,0.15,0,Wallet,East,Social Media,Mobile,Cancelled
ORD005524,CUST00340,2025-10-18,P0008,Backpack,Fashion,1,1999,0.05,99,Cash on Delivery,North,Paid Ads,Mobile,Returned
ORD005525,CUST00199,2025-12-22,P0011,Cushion Cover,Home,1,999,0.0,99,Credit Card,West,Social Media,Desktop,Returned
ORD005526,CUST00584,2026-04-20,P0012,Coffee Mug,Home,2,399,0.15,49,Debit Card,South,Email,Desktop,Completed
ORD005527,CUST00755,2026-02-10,P0018,Sunscreen,Beauty,4,299,0.2,99,UPI,Central,Paid Ads,Mobile,Completed
ORD005528,CUST00313,2026-03-29,P0011,Cushion Cover,Home,1,999,0.2,0,Cash on Delivery,South,Email,Mobile,Returned
ORD005529,CUST00106,2026-02-28,P0009,Sunglasses,Fashion,2,1999,0.2,49,Wallet,East,Referral,Desktop,Completed
ORD005530,CUST00087,2026-06-11,P0023,Resistance Band,Sports,2,1999,0.15,0,Debit Card,North,Organic Search,Tablet,Completed
ORD005531,CUST00005,2026-07-05,P0009,Sunglasses,Fashion,1,999,0.15,49,Credit Card,North,Paid Ads,Desktop,Completed
ORD005532,CUST00584,2026-01-31,P0006,Sneakers,Fashion,2,999,0.2,79,Wallet,South,Social Media,Mobile,Completed
ORD005533,CUST00784,2026-01-24,P0008,Backpack,Fashion,1,1499,0.0,99,Debit Card,Central,Paid Ads,Desktop,Completed
ORD005534,CUST00792,2025-11-29,P0008,Backpack,Fashion,1,399,0.2,79,Debit Card,North,Direct,Desktop,Cancelled
ORD005535,CUST00615,2026-01-28,P0013,Storage Box,Home,3,499,0.0,79,Debit Card,North,Organic Search,Mobile,Completed
ORD005536,CUST00129,2026-06-21,P0016,Lip Balm,Beauty,4,299,0.15,79,Debit Card,Central,Organic Search,Mobile,Completed
ORD005537,CUST00781,2026-02-19,P0003,Phone Case,Electronics,2,1999,0.0,79,Debit Card,Central,Social Media,Tablet,Returned
ORD005538,CUST00271,2026-04-29,P0022,Water Bottle,Sports,3,999,0.0,49,Wallet,North,Social Media,Tablet,Completed
ORD005539,CUST00274,2026-01-19,P0006,Sneakers,Fashion,3,1999,0.1,49,Credit Card,Central,Direct,Mobile,Completed
ORD005540,CUST00542,2026-05-04,P0002,Smart Watch,Electronics,4,699,0.0,0,UPI,South,Organic Search,Desktop,Completed
ORD005541,CUST00039,2026-05-07,P0016,Lip Balm,Beauty,4,2499,0.2,0,Cash on Delivery,Central,Direct,Mobile,Completed
ORD005542,CUST00653,2026-02-28,P0005,T-Shirt,Fashion,4,2499,0.15,79,Cash on Delivery,South,Paid Ads,Desktop,Completed
ORD005543,CUST00798,2026-07-27,P0018,Sunscreen,Beauty,4,999,0.0,49,Cash on Delivery,East,Referral,Mobile,Completed
ORD005544,CUST00609,2026-07-05,P0023,Resistance Band,Sports,4,1999,0.15,99,Debit Card,West,Email,Mobile,Completed
ORD005545,CUST00612,2025-10-16,P0017,Hair Oil,Beauty,4,1499,0.0,0,Credit Card,South,Direct,Mobile,Cancelled
ORD005546,CUST00322,2025-11-11,P0019,Face Wash,Beauty,3,1499,0.15,0,Cash on Delivery,Central,Organic Search,Mobile,Completed
ORD005547,,2026-08-03,P0012,Coffee Mug,Home,2,399,0.15,0,UPI,North,Direct,Tablet,Cancelled
ORD005548,CUST00621,2026-01-13,P0008,Backpack,Fashion,2,2499,0.1,99,UPI,South,Social Media,Desktop,Completed
ORD005549,CUST00471,2025-12-11,P0015,Face Serum,Beauty,3,399,0.1,0,UPI,Central,Email,Mobile,Completed
ORD005550,CUST00726,2026-06-06,P0008,Backpack,Fashion,4,1499,0.15,79,Credit Card,South,Organic Search,Mobile,Completed
ORD005551,CUST00092,2026-03-27,P0021,Dumbbell Set,Sports,4,999,0.15,0,Wallet,South,Email,Mobile,Returned
ORD005552,CUST00252,2025-10-07,P0011,Cushion Cover,Home,3,299,0.1,49,Debit Card,North,Referral,Mobile,Completed
ORD005553,CUST00298,2025-09-22,P0012,Coffee Mug,Home,1,1999,0.0,49,Debit Card,Central,Referral,Mobile,Completed
ORD005554,CUST00539,2026-06-10,P0016,Lip Balm,Beauty,2,299,0.1,79,Wallet,North,Referral,Mobile,Completed
ORD005555,CUST00618,2026-05-26,P0004,Power Bank,Electronics,3,999,0.0,49,Wallet,Central,Direct,Mobile,Completed
ORD005556,CUST00767,2025-12-26,P0014,Wall Clock,Home,2,1999,0.0,0,Cash on Delivery,South,Paid Ads,Tablet,Returned
ORD005557,CUST00238,2026-06-30,P0018,Sunscreen,Beauty,2,399,0.0,0,Wallet,East,Social Media,Desktop,Completed
ORD005558,CUST00392,2025-10-04,P0019,Face Wash,Beauty,2,499,0.05,0,Credit Card,East,Organic Search,Mobile,Completed
ORD005559,CUST00023,2026-07-03,P0005,T-Shirt,Fashion,1,999,0.2,0,UPI,North,Paid Ads,Desktop,Completed
ORD005560,CUST00205,2025-09-17,P0001,Bluetooth Speaker,Electronics,2,2499,0.0,79,UPI,Central,Paid Ads,Mobile,Returned
ORD005561,CUST00307,2026-04-09,P0004,Power Bank,Electronics,2,699,0.0,0,Debit Card,East,Direct,Desktop,Completed
ORD005562,CUST00470,2026-06-23,P0020,Yoga Mat,Sports,4,299,0.0,99,UPI,East,Organic Search,Mobile,Returned
ORD005563,CUST00373,2026-04-03,P0006,Sneakers,Fashion,1,399,0.0,0,UPI,Central,Referral,Mobile,Completed
ORD005564,CUST00300,2026-05-31,P0001,Bluetooth Speaker,Electronics,2,399,0.05,49,Wallet,South,Direct,Mobile,Returned
ORD005565,CUST00492,2025-12-23,P0014,Wall Clock,Home,4,1999,0.15,79,Cash on Delivery,East,Direct,Tablet,Completed
ORD005566,CUST00656,2025-12-03,P0022,Water Bottle,Sports,2,1999,0.0,0,Wallet,South,Email,Desktop,Completed
ORD005567,CUST00197,2025-11-25,P0005,T-Shirt,Fashion,2,699,0.15,49,Cash on Delivery,East,Paid Ads,Desktop,Completed
ORD005568,CUST00282,2025-10-01,P0001,Bluetooth Speaker,Electronics,1,1999,0.2,0,Cash on Delivery,North,Email,Desktop,Cancelled
ORD005569,CUST00554,2025-11-29,P0003,Phone Case,Electronics,3,2499,0.0,79,Wallet,West,Email,Desktop,Completed
ORD005570,CUST00611,2025-11-18,P0003,Phone Case,Electronics,4,1999,0.05,49,Debit Card,South,Referral,Desktop,Completed
ORD005571,CUST00652,2026-05-23,P0005,T-Shirt,Fashion,2,299,0.15,99,UPI,South,Direct,Mobile,Completed
ORD005572,CUST00172,2025-11-05,P0004,Power Bank,Electronics,2,299,0.1,79,Credit Card,East,Direct,Mobile,Returned
ORD005573,CUST00430,2025-10-19,P0015,Face Serum,Beauty,3,1499,0.0,0,Cash on Delivery,South,Social Media,Desktop,Returned
ORD005574,CUST00716,2026-05-14,P0005,T-Shirt,Fashion,2,699,0.0,0,Credit Card,North,Social Media,Tablet,Completed
ORD005575,CUST00322,2026-03-04,P0013,Storage Box,Home,2,399,0.05,0,Debit Card,Central,Direct,Desktop,Completed
ORD005576,CUST00348,2025-11-06,P0010,LED Lamp,Home,4,1499,0.15,0,Cash on Delivery,Central,Email,Tablet,Completed
ORD005577,CUST00786,2026-05-04,P0016,Lip Balm,Beauty,2,499,0.2,0,Credit Card,South,Social Media,Desktop,Returned
ORD005578,CUST00090,2025-11-06,P0016,Lip Balm,Beauty,4,2499,0.05,79,UPI,East,Social Media,Mobile,Completed
ORD005579,CUST00555,2026-06-02,P0014,Wall Clock,Home,2,999,0.05,0,UPI,West,Email,Tablet,Cancelled
ORD005580,CUST00675,2025-08-31,P0022,Water Bottle,Sports,3,399,0.05,0,Debit Card,South,Email,Desktop,Cancelled
ORD005581,CUST00120,2026-03-23,P0004,Power Bank,Electronics,2,2499,0.05,0,Debit Card,North,Social Media,Mobile,Completed
ORD005582,CUST00560,2026-03-25,P0013,Storage Box,Home,3,999,0.1,49,Wallet,North,Organic Search,Desktop,Cancelled
ORD005583,CUST00373,2026-01-03,P0009,Sunglasses,Fashion,2,499,0.0,0,Wallet,Central,Referral,Mobile,Completed
ORD005584,CUST00676,2026-04-28,P0013,Storage Box,Home,1,399,0.05,79,UPI,South,Paid Ads,Desktop,Completed
ORD005585,CUST00724,2026-01-05,P0003,Phone Case,Electronics,3,999,0.1,0,UPI,West,Organic Search,Mobile,Returned
ORD005586,CUST00692,2026-04-15,P0007,Denim Jacket,Fashion,4,1499,0.05,0,Debit Card,North,Paid Ads,Mobile,Completed
ORD005587,CUST00051,2025-11-09,P0023,Resistance Band,Sports,1,1999,0.2,0,Wallet,South,Referral,Desktop,Completed
ORD005588,CUST00592,2026-03-15,P0020,Yoga Mat,Sports,3,399,0.15,49,Credit Card,North,Paid Ads,Mobile,Cancelled
ORD005589,CUST00734,2026-05-23,P0010,LED Lamp,Home,3,699,0.15,0,Credit Card,South,Direct,Mobile,Completed
ORD005590,CUST00490,2026-08-07,P0002,Smart Watch,Electronics,3,2499,0.15,0,Wallet,Central,Social Media,Mobile,Returned
ORD005591,CUST00475,2025-12-29,P0016,Lip Balm,Beauty,1,1499,0.05,99,Credit Card,West,Email,Desktop,Returned
ORD005592,CUST00035,2026-02-08,P0007,Denim Jacket,Fashion,1,299,0.0,0,Wallet,East,Direct,Mobile,Completed
ORD005593,CUST00679,2026-02-09,P0008,Backpack,Fashion,3,2499,0.05,79,Credit Card,North,Paid Ads,Mobile,Completed
ORD005594,CUST00037,2026-06-29,P0002,Smart Watch,Electronics,3,1499,0.2,99,Debit Card,East,Social Media,Mobile,Cancelled
ORD005595,CUST00260,2026-08-06,P0007,Denim Jacket,Fashion,2,699,0.2,0,Cash on Delivery,North,Direct,Mobile,Cancelled
ORD005596,CUST00736,2026-04-12,P0005,T-Shirt,Fashion,2,1999,0.0,79,Debit Card,South,Referral,Desktop,Completed
ORD005597,CUST00758,2026-06-16,P0000,Wireless Earbuds,Electronics,3,1499,0.05,99,Cash on Delivery,Central,Referral,Desktop,Completed
ORD005598,CUST00792,2025-09-19,P0014,Wall Clock,Home,2,499,0.0,0,Debit Card,North,Paid Ads,Desktop,Completed
ORD005599,CUST00379,2026-05-24,P0024,Running Shoes,Sports,2,1999,0.0,0,Wallet,East,Paid Ads,Mobile,Completed
ORD005600,CUST00142,2026-06-11,P0003,Phone Case,Electronics,3,499,0.0,0,Wallet,East,Referral,Desktop,Completed
ORD005601,CUST00388,2026-05-07,P0001,Bluetooth Speaker,Electronics,4,399,0.0,0,Wallet,Central,Direct,Mobile,Returned
ORD005602,CUST00082,2026-03-21,P0002,Smart Watch,Electronics,4,999,0.0,0,Debit Card,West,Paid Ads,Desktop,Cancelled
ORD005603,CUST00692,2026-07-14,P0013,Storage Box,Home,1,299,0.0,0,Wallet,North,Email,Mobile,Completed
ORD005604,CUST00448,2026-04-15,P0020,Yoga Mat,Sports,2,1499,0.0,99,Debit Card,Central,Paid Ads,Desktop,Completed
ORD005605,CUST00329,2026-06-24,P0007,Denim Jacket,Fashion,1,999,0.15,0,Cash on Delivery,South,Organic Search,Tablet,Completed
ORD005606,CUST00065,2025-10-24,P0002,Smart Watch,Electronics,4,1499,0.15,79,Debit Card,North,Organic Search,Desktop,Returned
ORD005607,CUST00330,2026-04-19,P0002,Smart Watch,Electronics,3,399,0.2,0,Cash on Delivery,South,Social Media,Desktop,Returned
ORD005608,CUST00686,2026-01-26,P0015,Face Serum,Beauty,1,999,0.05,79,Cash on Delivery,Central,Paid Ads,Mobile,Completed
ORD005609,CUST00553,2026-07-02,P0008,Backpack,Fashion,4,699,0.05,79,Wallet,East,Direct,Mobile,Completed
ORD005610,CUST00068,2026-07-07,P0008,Backpack,Fashion,3,399,0.2,0,UPI,North,Organic Search,Mobile,Completed
ORD005611,CUST00128,2026-06-24,P0005,T-Shirt,Fashion,1,699,0.05,49,UPI,East,Paid Ads,Mobile,Completed
ORD005612,CUST00323,2025-11-06,P0022,Water Bottle,Sports,1,2499,0.0,99,Debit Card,North,Email,Desktop,Completed
ORD005613,CUST00082,2026-02-15,P0009,Sunglasses,Fashion,4,1999,0.2,79,Debit Card,West,Social Media,Desktop,Cancelled
ORD005614,CUST00743,2025-08-20,P0017,Hair Oil,Beauty,2,399,0.1,99,UPI,Central,Paid Ads,Tablet,Cancelled
ORD005615,CUST00517,2026-08-12,P0018,Sunscreen,Beauty,3,1999,0.1,49,UPI,East,Organic Search,Tablet,Cancelled
ORD005616,CUST00077,2025-11-21,P0001,Bluetooth Speaker,Electronics,4,999,0.0,0,Wallet,West,Organic Search,Mobile,Completed
ORD005617,CUST00618,2026-04-04,P0006,Sneakers,Fashion,2,299,0.05,49,Cash on Delivery,Central,Paid Ads,Tablet,Cancelled
ORD005618,CUST00301,2026-02-13,P0022,Water Bottle,Sports,1,2499,0.05,49,Cash on Delivery,West,Paid Ads,Desktop,Completed
ORD005619,CUST00199,2026-07-16,P0022,Water Bottle,Sports,1,999,0.15,99,Wallet,West,Email,Desktop,Cancelled
ORD005620,CUST00453,2026-06-15,P0010,LED Lamp,Home,4,2499,0.0,49,Cash on Delivery,East,Direct,Mobile,Completed
ORD005621,CUST00010,2026-05-30,P0003,Phone Case,Electronics,3,299,0.0,79,Cash on Delivery,North,Organic Search,Mobile,Completed
ORD005622,CUST00370,2026-04-11,P0007,Denim Jacket,Fashion,2,399,0.1,49,UPI,South,Social Media,Mobile,Completed
ORD005623,CUST00668,2025-10-02,P0023,Resistance Band,Sports,1,2499,0.0,0,UPI,North,Social Media,Mobile,Completed
ORD005624,CUST00738,2026-07-21,P0016,Lip Balm,Beauty,3,399,0.15,0,UPI,South,Organic Search,Mobile,Completed
ORD005625,CUST00281,2025-09-11,P0001,Bluetooth Speaker,Electronics,1,999,0.0,99,Credit Card,South,Social Media,Mobile,Returned
ORD005626,CUST00509,2026-02-02,P0017,Hair Oil,Beauty,1,999,0.0,0,Debit Card,Central,Organic Search,Mobile,Completed
ORD005627,CUST00187,2026-01-05,P0003,Phone Case,Electronics,3,2499,0.05,49,Debit Card,West,Paid Ads,Desktop,Completed
ORD005628,CUST00447,2026-01-09,P0007,Denim Jacket,Fashion,3,499,0.0,79,Wallet,East,Direct,Mobile,Completed
ORD005629,CUST00206,2026-08-11,P0012,Coffee Mug,Home,3,1999,0.0,0,Debit Card,East,Paid Ads,Desktop,Completed
ORD005630,CUST00454,2025-11-12,P0008,Backpack,Fashion,4,1499,0.0,79,Wallet,Central,Direct,Mobile,Completed
ORD005631,CUST00136,2026-03-19,P0017,Hair Oil,Beauty,2,1499,0.1,99,Debit Card,North,Organic Search,Mobile,Completed
ORD005632,CUST00751,2025-11-07,P0003,Phone Case,Electronics,3,999,0.0,49,Debit Card,East,Social Media,Mobile,Completed
ORD005633,CUST00704,2026-07-18,P0021,Dumbbell Set,Sports,2,299,0.0,49,Credit Card,North,Referral,Desktop,Completed
ORD005634,CUST00276,2026-05-15,P0014,Wall Clock,Home,2,499,0.1,49,UPI,South,Email,Mobile,Completed
ORD005635,CUST00610,2026-01-18,P0007,Denim Jacket,Fashion,1,999,0.2,79,Credit Card,West,Direct,Desktop,Completed
ORD005636,CUST00077,2025-09-18,P0023,Resistance Band,Sports,4,699,0.05,0,Debit Card,West,Paid Ads,Mobile,Completed
ORD005637,CUST00582,2025-10-14,P0011,Cushion Cover,Home,3,399,0.05,79,UPI,South,Paid Ads,Mobile,Completed
ORD005638,CUST00228,2025-11-16,P0010,LED Lamp,Home,3,1499,0.15,49,Wallet,North,Social Media,Mobile,Completed
ORD005639,CUST00107,2026-01-15,P0000,Wireless Earbuds,Electronics,1,699,0.0,0,UPI,East,Paid Ads,Mobile,Completed
ORD005640,CUST00535,2026-07-09,P0024,Running Shoes,Sports,1,1999,0.2,99,Debit Card,West,Direct,Tablet,Completed
ORD005641,CUST00373,2025-10-02,P0021,Dumbbell Set,Sports,4,999,0.05,0,Cash on Delivery,Central,Social Media,Desktop,Cancelled
ORD005642,CUST00420,2026-03-18,P0004,Power Bank,Electronics,3,499,0.0,49,Debit Card,West,Direct,Mobile,Completed
ORD005643,CUST00414,2025-12-24,P0023,Resistance Band,Sports,1,299,0.1,99,Debit Card,East,Organic Search,Desktop,Completed
ORD005644,CUST00048,2025-09-06,P0019,Face Wash,Beauty,3,299,0.2,99,Credit Card,North,Social Media,Desktop,Cancelled
ORD005645,CUST00041,2026-04-03,P0010,LED Lamp,Home,4,999,0.2,79,Debit Card,North,Paid Ads,Mobile,Completed
ORD005646,CUST00475,2026-05-04,P0023,Resistance Band,Sports,4,499,0.15,79,Debit Card,West,Direct,Tablet,Cancelled
ORD005647,CUST00492,2026-08-05,P0013,Storage Box,Home,2,1499,0.05,49,Debit Card,East,Paid Ads,Mobile,Completed
ORD005648,CUST00038,2026-02-20,P0017,Hair Oil,Beauty,2,1499,0.0,79,Credit Card,South,Social Media,Mobile,Completed
ORD005649,CUST00312,2025-12-16,P0004,Power Bank,Electronics,4,499,0.0,99,Credit Card,East,Social Media,Desktop,Completed
ORD005650,CUST00483,2026-06-27,P0002,Smart Watch,Electronics,2,1999,0.15,49,Wallet,Central,Direct,Tablet,Completed
ORD005651,CUST00520,2025-11-18,P0013,Storage Box,Home,3,999,0.0,49,UPI,South,Social Media,Mobile,Completed
ORD005652,CUST00656,2026-04-26,P0008,Backpack,Fashion,4,2499,0.05,0,Wallet,South,Direct,Mobile,Completed
ORD005653,CUST00343,2026-07-30,P0024,Running Shoes,Sports,2,2499,0.0,99,UPI,West,Organic Search,Desktop,Completed
ORD005654,CUST00436,2025-08-21,P0002,Smart Watch,Electronics,3,2499,0.1,99,UPI,East,Direct,Desktop,Completed
ORD005655,CUST00459,2026-07-23,P0019,Face Wash,Beauty,2,399,0.0,79,UPI,South,Email,Mobile,Completed
ORD005656,CUST00258,2025-11-03,P0015,Face Serum,Beauty,3,999,0.1,79,Debit Card,East,Organic Search,Tablet,Completed
ORD005657,CUST00042,2026-02-11,P0021,Dumbbell Set,Sports,1,299,0.05,0,Debit Card,West,Organic Search,Mobile,Completed
ORD005658,CUST00004,2025-11-22,P0024,Running Shoes,Sports,4,2499,0.2,99,Cash on Delivery,West,Paid Ads,Desktop,Returned
ORD005659,CUST00661,2025-10-11,P0021,Dumbbell Set,Sports,3,1499,0.0,0,UPI,Central,Referral,Desktop,Completed
ORD005660,CUST00166,2026-05-03,P0009,Sunglasses,Fashion,1,499,0.15,79,Cash on Delivery,West,Paid Ads,Mobile,Completed
ORD005661,CUST00496,2026-02-11,P0017,Hair Oil,Beauty,3,999,0.15,0,Wallet,North,Social Media,Mobile,Returned
ORD005662,CUST00458,2026-02-21,P0004,Power Bank,Electronics,2,999,0.15,49,Wallet,Central,Social Media,Mobile,Returned
ORD005663,CUST00327,2026-02-12,P0012,Coffee Mug,Home,4,999,0.05,0,Cash on Delivery,West,Paid Ads,Desktop,Completed
ORD005664,CUST00660,2026-05-19,P0006,Sneakers,Fashion,4,999,0.0,0,Wallet,Central,Social Media,Mobile,Completed
ORD005665,CUST00550,2026-08-07,P0006,Sneakers,Fashion,2,2499,0.05,0,Cash on Delivery,West,Paid Ads,Desktop,Completed
ORD005666,CUST00018,2026-02-23,P0014,Wall Clock,Home,3,1999,0.2,0,Wallet,East,Direct,Mobile,Completed
ORD005667,CUST00610,2025-10-15,P0003,Phone Case,Electronics,1,699,0.0,99,Wallet,West,Organic Search,Mobile,Completed
ORD005668,CUST00402,2025-12-17,P0014,Wall Clock,Home,4,1999,0.1,49,Wallet,West,Email,Mobile,Completed
ORD005669,CUST00285,2026-02-17,P0010,LED Lamp,Home,3,399,0.0,0,Cash on Delivery,West,Paid Ads,Mobile,Completed
ORD005670,CUST00571,2025-09-26,P0005,T-Shirt,Fashion,3,499,0.15,99,Debit Card,South,Email,Mobile,Completed
ORD005671,CUST00541,2025-11-11,P0014,Wall Clock,Home,3,299,0.0,79,Cash on Delivery,South,Email,Tablet,Returned
ORD005672,CUST00258,2025-11-01,P0018,Sunscreen,Beauty,2,2499,0.2,99,UPI,East,Email,Desktop,Completed
ORD005673,CUST00785,2026-08-10,P0015,Face Serum,Beauty,3,299,0.0,99,Credit Card,South,Email,Mobile,Returned
ORD005674,CUST00513,2026-01-13,P0002,Smart Watch,Electronics,2,2499,0.0,49,Credit Card,South,Paid Ads,Tablet,Returned
ORD005675,CUST00478,2026-07-06,P0014,Wall Clock,Home,3,1999,0.2,0,Wallet,North,Email,Mobile,Returned
ORD005676,CUST00055,2026-03-09,P0015,Face Serum,Beauty,1,2499,0.0,49,Cash on Delivery,Central,Paid Ads,Tablet,Completed
ORD005677,CUST00226,2026-02-20,P0017,Hair Oil,Beauty,1,1999,0.0,79,Wallet,North,Social Media,Mobile,Cancelled
ORD005678,CUST00361,2026-07-28,P0010,LED Lamp,Home,4,699,0.15,0,Wallet,West,Paid Ads,Mobile,Returned
ORD005679,CUST00497,2026-04-29,P0002,Smart Watch,Electronics,3,1999,0.0,99,Cash on Delivery,North,Email,Desktop,Returned
ORD005680,CUST00408,2025-11-15,P0003,Phone Case,Electronics,1,2499,0.2,0,Cash on Delivery,West,Direct,Mobile,Returned
ORD005681,CUST00595,2025-11-30,P0008,Backpack,Fashion,1,2499,0.05,79,Cash on Delivery,West,Email,Desktop,Completed
ORD005682,CUST00213,2026-04-20,P0015,Face Serum,Beauty,3,1999,0.15,99,Credit Card,Central,Organic Search,Desktop,Cancelled
ORD005683,CUST00552,2025-08-20,P0018,Sunscreen,Beauty,1,1999,0.1,99,Cash on Delivery,East,Organic Search,Mobile,Completed
ORD005684,CUST00644,2025-10-14,P0016,Lip Balm,Beauty,2,1499,0.05,79,UPI,North,Paid Ads,Mobile,Returned
ORD005685,CUST00596,2025-09-16,P0007,Denim Jacket,Fashion,2,2499,0.05,0,Wallet,West,Email,Mobile,Completed
ORD005686,CUST00605,2026-05-07,P0011,Cushion Cover,Home,1,699,0.0,49,Wallet,Central,Paid Ads,Desktop,Completed
ORD005687,CUST00706,2026-01-28,P0001,Bluetooth Speaker,Electronics,2,999,0.15,49,Wallet,Central,Referral,Mobile,Completed
ORD005688,CUST00070,2025-08-24,P0019,Face Wash,Beauty,2,1999,0.05,99,Cash on Delivery,North,Email,Mobile,Returned
ORD005689,CUST00550,2026-05-17,P0008,Backpack,Fashion,1,499,0.0,0,Credit Card,West,Referral,Mobile,Completed
ORD005690,CUST00773,2026-04-16,P0012,Coffee Mug,Home,3,1999,0.0,0,Cash on Delivery,Central,Referral,Mobile,Cancelled
ORD005691,CUST00455,2026-05-09,P0011,Cushion Cover,Home,2,299,0.0,0,Debit Card,West,Organic Search,Mobile,Completed
ORD005692,CUST00177,2025-10-18,P0007,Denim Jacket,Fashion,1,999,0.2,99,Debit Card,Central,Referral,Mobile,Completed
ORD005693,CUST00799,2026-07-05,P0004,Power Bank,Electronics,1,299,0.0,49,Wallet,West,Organic Search,Mobile,Completed
ORD005694,CUST00140,2025-10-24,P0023,Resistance Band,Sports,4,2499,0.05,79,Cash on Delivery,South,Organic Search,Desktop,Completed
ORD005695,CUST00275,2026-03-16,P0002,Smart Watch,Electronics,1,1999,0.0,0,Credit Card,East,Email,Desktop,Completed
ORD005696,CUST00138,2026-03-12,P0023,Resistance Band,Sports,4,399,0.0,0,Cash on Delivery,North,Email,Mobile,Returned
ORD005697,CUST00370,2025-11-07,P0002,Smart Watch,Electronics,1,399,0.0,79,Debit Card,South,Email,Desktop,Returned
ORD005698,CUST00342,2026-01-04,P0002,Smart Watch,Electronics,1,1499,0.05,79,Cash on Delivery,Central,Organic Search,Mobile,Returned
ORD005699,CUST00390,2025-09-08,P0022,Water Bottle,Sports,3,2499,0.2,49,Credit Card,Central,Organic Search,Mobile,Completed
ORD005700,CUST00737,2026-02-08,P0023,Resistance Band,Sports,4,499,0.2,0,Wallet,Central,Direct,Mobile,Completed
ORD005701,CUST00380,2026-04-24,P0022,Water Bottle,Sports,1,2499,0.0,49,UPI,East,Email,Mobile,Completed
ORD005702,CUST00409,2025-12-10,P0019,Face Wash,Beauty,2,699,0.1,79,Cash on Delivery,West,Social Media,Desktop,Completed
ORD005703,CUST00704,2026-03-04,P0012,Coffee Mug,Home,4,699,0.2,0,UPI,North,Paid Ads,Mobile,Cancelled
ORD005704,CUST00645,2026-08-03,P0002,Smart Watch,Electronics,1,499,0.0,0,Credit Card,East,Paid Ads,Desktop,Completed
ORD005705,CUST00196,2025-11-13,P0014,Wall Clock,Home,1,499,0.05,79,Credit Card,Central,Paid Ads,Mobile,Completed
ORD005706,CUST00010,2025-12-04,P0012,Coffee Mug,Home,2,499,0.05,0,Debit Card,North,Social Media,Mobile,Cancelled
ORD005707,CUST00496,2025-10-02,P0018,Sunscreen,Beauty,4,399,0.0,0,Cash on Delivery,North,Direct,Mobile,Completed
ORD005708,CUST00669,2026-03-05,P0000,Wireless Earbuds,Electronics,4,699,0.05,79,Credit Card,Central,Social Media,Mobile,Completed
ORD005709,CUST00441,2025-11-02,P0001,Bluetooth Speaker,Electronics,3,499,0.0,0,Cash on Delivery,Central,Social Media,Mobile,Returned
ORD005710,CUST00174,2026-06-27,P0014,Wall Clock,Home,3,299,0.0,49,UPI,Central,Referral,Mobile,Completed
ORD005711,CUST00583,2025-12-04,P0021,Dumbbell Set,Sports,1,499,0.0,49,UPI,East,Organic Search,Mobile,Completed
ORD005712,CUST00529,2026-04-19,P0023,Resistance Band,Sports,1,299,0.15,0,Cash on Delivery,North,Organic Search,Tablet,Completed
ORD005713,CUST00450,2025-10-28,P0014,Wall Clock,Home,4,399,0.15,79,Wallet,West,Referral,Desktop,Completed
ORD005714,CUST00684,2025-12-15,P0009,Sunglasses,Fashion,3,1499,0.0,99,Wallet,East,Referral,Desktop,Returned
ORD005715,CUST00615,2025-10-21,P0011,Cushion Cover,Home,1,299,0.0,99,Cash on Delivery,North,Social Media,Tablet,Completed
ORD005716,CUST00528,2026-03-09,P0012,Coffee Mug,Home,3,499,0.05,0,UPI,Central,Paid Ads,Mobile,Cancelled
ORD005717,CUST00526,2025-08-30,P0015,Face Serum,Beauty,3,1499,0.0,0,Cash on Delivery,East,Organic Search,Desktop,Completed
ORD005718,CUST00524,2025-09-19,P0005,T-Shirt,Fashion,3,299,0.05,79,Wallet,East,Organic Search,Tablet,Completed
ORD005719,CUST00417,2026-02-19,P0009,Sunglasses,Fashion,4,1499,0.05,49,Cash on Delivery,Central,Referral,Mobile,Completed
ORD005720,CUST00370,2026-03-07,P0013,Storage Box,Home,3,299,0.05,79,UPI,South,Direct,Desktop,Completed
ORD005721,CUST00558,2025-12-18,P0021,Dumbbell Set,Sports,1,299,0.05,0,Wallet,Central,Referral,Mobile,Completed
ORD005722,CUST00481,2026-01-24,P0020,Yoga Mat,Sports,4,399,0.05,0,UPI,West,Email,Mobile,Returned
ORD005723,CUST00390,2026-01-19,P0018,Sunscreen,Beauty,1,1999,0.0,0,Cash on Delivery,Central,Email,Mobile,Completed
ORD005724,CUST00101,2026-05-23,P0005,T-Shirt,Fashion,3,299,0.1,99,Wallet,East,Referral,Mobile,Completed
ORD005725,CUST00552,2026-01-29,P0010,LED Lamp,Home,4,299,0.1,49,Credit Card,East,Social Media,Mobile,Returned
ORD005726,CUST00511,2026-06-25,P0013,Storage Box,Home,1,2499,0.0,49,UPI,South,Email,Desktop,Completed
ORD005727,CUST00281,2025-11-07,P0024,Running Shoes,Sports,4,999,0.05,79,Credit Card,South,Paid Ads,Mobile,Cancelled
ORD005728,CUST00293,2025-10-31,P0008,Backpack,Fashion,4,999,0.0,0,Wallet,West,Email,Mobile,Returned
ORD005729,CUST00200,2026-01-14,P0022,Water Bottle,Sports,3,299,0.0,0,Wallet,East,Paid Ads,Mobile,Completed
ORD005730,CUST00767,2025-09-18,P0018,Sunscreen,Beauty,2,699,0.15,49,Cash on Delivery,South,Paid Ads,Tablet,Completed
ORD005731,CUST00682,2026-04-21,P0015,Face Serum,Beauty,1,999,0.1,0,Credit Card,West,Social Media,Desktop,Completed
ORD005732,CUST00448,2026-01-09,P0017,Hair Oil,Beauty,3,999,0.2,79,UPI,Central,Referral,Mobile,Returned
ORD005733,CUST00328,2025-12-31,P0019,Face Wash,Beauty,1,999,0.05,0,Debit Card,West,Paid Ads,Desktop,Completed
ORD005734,CUST00581,2026-03-02,P0017,Hair Oil,Beauty,3,299,0.0,0,UPI,South,Email,Desktop,Completed
ORD005735,CUST00418,2025-09-18,P0016,Lip Balm,Beauty,1,2499,0.1,79,Cash on Delivery,Central,Email,Desktop,Completed
ORD005736,CUST00780,2026-01-04,P0009,Sunglasses,Fashion,2,1499,0.0,0,UPI,South,Email,Desktop,Completed
ORD005737,CUST00043,2026-08-09,P0010,LED Lamp,Home,3,399,0.0,79,UPI,South,Organic Search,Mobile,Completed
ORD005738,CUST00028,2026-04-06,P0014,Wall Clock,Home,1,2499,0.2,49,Cash on Delivery,East,Direct,Mobile,Returned
ORD005739,CUST00452,2026-03-17,P0021,Dumbbell Set,Sports,4,499,0.2,0,UPI,South,Direct,Desktop,Completed
ORD005740,CUST00168,2026-02-20,P0016,Lip Balm,Beauty,3,399,0.0,79,UPI,West,Organic Search,Desktop,Cancelled
ORD005741,CUST00476,2026-02-07,P0024,Running Shoes,Sports,1,2499,0.2,0,UPI,Central,Social Media,Mobile,Returned
ORD005742,CUST00612,2026-07-27,P0017,Hair Oil,Beauty,4,399,0.2,0,Cash on Delivery,South,Referral,Desktop,Returned
ORD005743,CUST00109,2026-07-25,P0010,LED Lamp,Home,3,299,0.2,79,UPI,Central,Paid Ads,Desktop,Completed
ORD005744,CUST00357,2026-01-16,P0014,Wall Clock,Home,4,1499,0.15,49,Wallet,South,Email,Mobile,Cancelled
ORD005745,CUST00543,2026-07-23,P0015,Face Serum,Beauty,3,499,0.0,0,Credit Card,North,Direct,Desktop,Completed
ORD005746,CUST00660,2025-09-19,P0021,Dumbbell Set,Sports,3,399,0.0,0,Credit Card,Central,Direct,Mobile,Completed
ORD005747,CUST00395,2025-12-14,P0006,Sneakers,Fashion,2,299,0.1,49,Credit Card,South,Social Media,Mobile,Cancelled
ORD005748,CUST00169,2025-12-08,P0006,Sneakers,Fashion,1,399,0.0,0,UPI,South,Direct,Mobile,Completed
ORD005749,CUST00464,2026-05-01,P0005,T-Shirt,Fashion,1,2499,0.0,99,Wallet,West,Referral,Mobile,Cancelled
ORD005750,CUST00364,2026-03-29,P0001,Bluetooth Speaker,Electronics,2,1499,0.2,79,Debit Card,West,Social Media,Mobile,Cancelled
ORD005751,CUST00607,2026-02-08,P0016,Lip Balm,Beauty,2,1999,0.2,99,Cash on Delivery,North,Referral,Mobile,Cancelled
ORD005752,CUST00444,2025-11-21,P0024,Running Shoes,Sports,4,999,0.0,0,Credit Card,East,Direct,Mobile,Returned
ORD005753,CUST00226,2026-02-21,P0015,Face Serum,Beauty,3,999,0.05,99,Wallet,North,Email,Mobile,Completed
ORD005754,CUST00590,2025-11-26,P0001,Bluetooth Speaker,Electronics,2,399,0.05,0,Debit Card,West,Direct,Mobile,Cancelled
ORD005755,CUST00411,2026-02-17,P0009,Sunglasses,Fashion,3,2499,0.0,0,Credit Card,West,Paid Ads,Mobile,Cancelled
ORD005756,CUST00142,2025-12-21,P0022,Water Bottle,Sports,3,1999,0.0,0,Wallet,East,Organic Search,Mobile,Completed
ORD005757,CUST00448,2026-07-10,P0001,Bluetooth Speaker,Electronics,4,999,0.05,49,UPI,Central,Direct,Desktop,Completed
ORD005758,CUST00757,2026-05-19,P0015,Face Serum,Beauty,2,299,0.1,79,Wallet,East,Direct,Desktop,Completed
ORD005759,CUST00555,2025-10-22,P0011,Cushion Cover,Home,1,1999,0.15,0,Cash on Delivery,West,Referral,Mobile,Returned
ORD005760,CUST00243,2026-07-29,P0022,Water Bottle,Sports,1,499,0.15,49,UPI,Central,Email,Desktop,Completed
ORD005761,CUST00559,2026-04-17,P0012,Coffee Mug,Home,1,399,0.0,99,Cash on Delivery,Central,Social Media,Mobile,Completed
ORD005762,CUST00228,2025-12-25,P0014,Wall Clock,Home,3,1499,0.1,49,UPI,North,Referral,Mobile,Completed
ORD005763,CUST00432,2026-03-01,P0018,Sunscreen,Beauty,4,1999,0.1,79,Debit Card,Central,Referral,Mobile,Completed
ORD005764,CUST00417,2025-10-30,P0020,Yoga Mat,Sports,3,999,0.0,79,Debit Card,Central,Direct,Desktop,Completed
ORD005765,CUST00200,2025-09-06,P0012,Coffee Mug,Home,4,299,0.15,99,Debit Card,East,Direct,Desktop,Completed
ORD005766,CUST00286,2026-01-20,P0018,Sunscreen,Beauty,3,999,0.1,79,Cash on Delivery,North,Paid Ads,Desktop,Returned
ORD005767,CUST00752,2026-06-01,P0020,Yoga Mat,Sports,4,2499,0.15,49,UPI,North,Referral,Tablet,Returned
ORD005768,CUST00203,2025-12-26,P0013,Storage Box,Home,2,1499,0.1,0,Cash on Delivery,East,Organic Search,Mobile,Completed
ORD005769,CUST00628,2026-01-07,P0017,Hair Oil,Beauty,2,499,0.0,99,Debit Card,Central,Direct,Tablet,Completed
ORD005770,CUST00528,2026-08-16,P0009,Sunglasses,Fashion,4,1499,0.0,0,Wallet,Central,Paid Ads,Desktop,Completed
ORD005771,CUST00422,2026-08-15,P0008,Backpack,Fashion,3,399,0.0,99,Credit Card,North,Organic Search,Desktop,Completed
ORD005772,CUST00109,2026-02-05,P0000,Wireless Earbuds,Electronics,2,1999,0.15,0,Debit Card,Central,Direct,Mobile,Completed
ORD005773,CUST00168,2025-09-05,P0016,Lip Balm,Beauty,4,1999,0.1,49,Credit Card,West,Social Media,Mobile,Completed
ORD005774,CUST00144,2026-04-24,P0006,Sneakers,Fashion,4,999,0.1,99,Cash on Delivery,South,Referral,Mobile,Completed
ORD005775,CUST00465,2026-05-07,P0020,Yoga Mat,Sports,2,399,0.0,0,Debit Card,Central,Paid Ads,Mobile,Completed
ORD005776,CUST00778,2026-07-19,P0023,Resistance Band,Sports,3,699,0.0,0,Cash on Delivery,South,Direct,Mobile,Cancelled
ORD005777,CUST00698,2026-08-01,P0021,Dumbbell Set,Sports,2,299,0.1,79,UPI,East,Email,Mobile,Completed
ORD005778,CUST00020,2026-04-06,P0006,Sneakers,Fashion,2,1999,0.2,0,Credit Card,East,Direct,Mobile,Returned
ORD005779,CUST00221,2025-09-28,P0016,Lip Balm,Beauty,4,1499,0.0,99,Debit Card,South,Referral,Mobile,Completed
ORD005780,CUST00126,2025-11-19,P0018,Sunscreen,Beauty,3,499,0.05,49,Debit Card,West,Email,Tablet,Cancelled
ORD005781,CUST00780,2026-05-08,P0012,Coffee Mug,Home,1,1999,0.2,99,UPI,South,Social Media,Mobile,Completed
ORD005782,CUST00193,2026-03-29,P0012,Coffee Mug,Home,3,1999,0.0,49,Debit Card,North,Email,Tablet,Returned
ORD005783,CUST00167,2026-01-26,P0010,LED Lamp,Home,3,2499,0.05,0,Wallet,South,Email,Mobile,Completed
ORD005784,CUST00489,2026-01-13,P0007,Denim Jacket,Fashion,3,499,0.0,99,Wallet,South,Referral,Mobile,Cancelled
ORD005785,CUST00445,2026-05-05,P0014,Wall Clock,Home,2,399,0.0,49,Credit Card,West,Paid Ads,Mobile,Completed
ORD005786,CUST00186,2026-01-21,P0024,Running Shoes,Sports,3,699,0.0,0,UPI,North,Organic Search,Mobile,Completed
ORD005787,CUST00530,2025-10-15,P0005,T-Shirt,Fashion,4,499,0.1,79,UPI,North,Social Media,Mobile,Cancelled
ORD005788,CUST00078,2026-08-12,P0001,Bluetooth Speaker,Electronics,1,1499,0.0,0,Debit Card,West,Social Media,Mobile,Completed
ORD005789,CUST00014,2025-12-25,P0001,Bluetooth Speaker,Electronics,3,699,0.05,49,Wallet,South,Referral,Desktop,Completed
ORD005790,CUST00068,2025-11-29,P0014,Wall Clock,Home,4,1499,0.0,79,Debit Card,North,Paid Ads,Mobile,Completed
ORD005791,CUST00300,2025-09-14,P0006,Sneakers,Fashion,2,399,0.0,49,Cash on Delivery,South,Organic Search,Mobile,Completed
ORD005792,CUST00780,2026-02-07,P0011,Cushion Cover,Home,2,299,0.15,79,UPI,South,Organic Search,Mobile,Completed
ORD005793,CUST00435,2026-08-14,P0023,Resistance Band,Sports,1,2499,0.1,0,Debit Card,Central,Referral,Desktop,Returned
ORD005794,CUST00590,2025-10-17,P0001,Bluetooth Speaker,Electronics,1,699,0.1,99,Wallet,West,Email,Tablet,Completed
ORD005795,CUST00267,2025-11-17,P0004,Power Bank,Electronics,2,399,0.1,79,Wallet,North,Referral,Mobile,Completed
ORD005796,CUST00565,2025-10-24,P0005,T-Shirt,Fashion,4,1999,0.0,79,UPI,West,Paid Ads,Mobile,Cancelled
ORD005797,CUST00771,2025-09-23,P0011,Cushion Cover,Home,1,399,0.05,99,Wallet,North,Organic Search,Tablet,Completed
ORD005798,CUST00294,2026-03-28,P0017,Hair Oil,Beauty,1,2499,0.1,49,Debit Card,East,Social Media,Tablet,Completed
ORD005799,CUST00799,2025-12-06,P0004,Power Bank,Electronics,4,699,0.05,0,Cash on Delivery,West,Paid Ads,Desktop,Cancelled
ORD005800,CUST00504,2026-05-21,P0002,Smart Watch,Electronics,4,699,0.15,0,Wallet,West,Organic Search,Desktop,Completed
ORD005801,CUST00586,2026-01-13,P0002,Smart Watch,Electronics,1,499,0.0,99,Debit Card,Central,Referral,Mobile,Completed
ORD005802,CUST00204,2026-04-09,P0020,Yoga Mat,Sports,2,299,0.05,99,Cash on Delivery,West,Social Media,Mobile,Completed
ORD005803,CUST00509,2025-09-21,P0000,Wireless Earbuds,Electronics,2,699,0.0,0,Cash on Delivery,Central,Organic Search,Mobile,Returned
ORD005804,CUST00407,2025-12-18,P0015,Face Serum,Beauty,2,499,0.2,79,Credit Card,South,Paid Ads,Desktop,Returned
ORD005805,CUST00762,2026-01-18,P0014,Wall Clock,Home,1,699,0.0,79,Wallet,South,Social Media,Desktop,Completed
ORD005806,CUST00721,2025-09-10,P0002,Smart Watch,Electronics,1,699,0.0,0,UPI,East,Referral,Mobile,Completed
ORD005807,CUST00326,2026-01-20,P0013,Storage Box,Home,3,1499,0.1,79,Wallet,West,Email,Mobile,Completed
ORD005808,CUST00755,2026-02-07,P0007,Denim Jacket,Fashion,1,299,0.0,49,Debit Card,Central,Email,Desktop,Cancelled
ORD005809,CUST00703,2026-01-14,P0012,Coffee Mug,Home,3,499,0.05,0,Debit Card,South,Email,Mobile,Completed
ORD005810,CUST00468,2026-02-20,P0003,Phone Case,Electronics,1,1999,0.0,49,Debit Card,North,Direct,Desktop,Completed
ORD005811,CUST00068,2026-06-06,P0016,Lip Balm,Beauty,1,2499,0.05,99,Credit Card,North,Paid Ads,Desktop,Completed
ORD005812,CUST00129,2026-05-28,P0019,Face Wash,Beauty,1,999,0.0,0,Cash on Delivery,Central,Social Media,Mobile,Completed
ORD005813,CUST00061,2025-08-25,P0000,Wireless Earbuds,Electronics,2,499,0.0,79,Debit Card,East,Social Media,Mobile,Completed
ORD005814,CUST00087,2026-04-10,P0013,Storage Box,Home,2,699,0.05,79,Cash on Delivery,North,Organic Search,Mobile,Completed
ORD005815,CUST00781,2026-07-15,P0016,Lip Balm,Beauty,2,1999,0.0,79,Debit Card,Central,Email,Mobile,Returned
ORD005816,CUST00174,2026-07-04,P0000,Wireless Earbuds,Electronics,2,699,0.0,79,Debit Card,Central,Direct,Mobile,Completed
ORD005817,CUST00544,2025-12-16,P0018,Sunscreen,Beauty,4,2499,0.05,79,Cash on Delivery,West,Email,Desktop,Cancelled
ORD005818,CUST00502,2026-06-01,P0013,Storage Box,Home,2,299,0.05,0,Debit Card,West,Organic Search,Mobile,Completed
ORD005819,CUST00498,2026-06-08,P0007,Denim Jacket,Fashion,4,999,0.1,0,Wallet,East,Social Media,Desktop,Completed
ORD005820,CUST00170,2025-12-31,P0012,Coffee Mug,Home,1,999,0.2,99,Credit Card,North,Social Media,Mobile,Completed
ORD005821,CUST00460,2026-07-03,P0017,Hair Oil,Beauty,2,699,0.1,0,Cash on Delivery,Central,Organic Search,Desktop,Completed
ORD005822,CUST00493,2026-04-07,P0016,Lip Balm,Beauty,1,699,0.15,99,Wallet,East,Email,Mobile,Completed
ORD005823,CUST00453,2026-05-21,P0019,Face Wash,Beauty,2,399,0.1,0,Wallet,East,Email,Desktop,Completed
ORD005824,CUST00148,2026-05-19,P0000,Wireless Earbuds,Electronics,1,499,0.1,0,Credit Card,East,Direct,Mobile,Completed
ORD005825,CUST00568,2026-06-01,P0019,Face Wash,Beauty,1,499,0.15,0,Cash on Delivery,East,Direct,Desktop,Completed
ORD005826,CUST00058,2026-08-04,P0000,Wireless Earbuds,Electronics,1,1499,0.1,49,UPI,East,Referral,Mobile,Completed
ORD005827,CUST00468,2026-06-28,P0016,Lip Balm,Beauty,1,999,0.05,99,Debit Card,North,Social Media,Tablet,Completed
ORD005828,CUST00353,2026-01-21,P0008,Backpack,Fashion,2,699,0.15,99,Credit Card,South,Paid Ads,Mobile,Completed
ORD005829,CUST00203,2026-03-13,P0001,Bluetooth Speaker,Electronics,3,999,0.2,0,Credit Card,East,Email,Desktop,Completed
ORD005830,CUST00634,2026-04-13,P0017,Hair Oil,Beauty,1,999,0.05,49,Wallet,South,Email,Mobile,Returned
ORD005831,CUST00141,2026-06-28,P0013,Storage Box,Home,3,299,0.0,79,Debit Card,South,Paid Ads,Mobile,Completed
ORD005832,CUST00742,2026-01-10,P0016,Lip Balm,Beauty,2,2499,0.0,99,Cash on Delivery,South,Social Media,Desktop,Completed
ORD005833,CUST00703,2025-12-12,P0009,Sunglasses,Fashion,2,2499,0.0,79,Debit Card,South,Referral,Mobile,Returned
ORD005834,CUST00297,2026-05-16,P0006,Sneakers,Fashion,4,499,0.0,0,Credit Card,Central,Direct,Desktop,Completed
ORD005835,CUST00252,2026-08-03,P0015,Face Serum,Beauty,2,1999,0.2,0,Cash on Delivery,North,Email,Mobile,Completed
ORD005836,CUST00109,2026-07-18,P0005,T-Shirt,Fashion,2,699,0.0,79,Wallet,Central,Referral,Desktop,Cancelled
ORD005837,CUST00732,2025-10-13,P0020,Yoga Mat,Sports,1,299,0.2,0,UPI,Central,Organic Search,Mobile,Cancelled
ORD005838,CUST00494,2026-07-21,P0017,Hair Oil,Beauty,1,1999,0.05,49,Cash on Delivery,North,Email,Mobile,Completed
ORD005839,CUST00025,2026-06-04,P0024,Running Shoes,Sports,4,499,0.0,79,Wallet,South,Paid Ads,Desktop,Cancelled
ORD005840,CUST00407,2025-10-16,P0000,Wireless Earbuds,Electronics,3,499,0.05,0,Credit Card,South,Paid Ads,Desktop,Completed
ORD005841,CUST00070,2025-08-22,P0014,Wall Clock,Home,2,999,0.2,49,UPI,North,Direct,Desktop,Returned
ORD005842,CUST00455,2025-11-02,P0013,Storage Box,Home,2,699,0.0,79,Cash on Delivery,West,Direct,Desktop,Completed
ORD005843,CUST00404,2026-07-25,P0021,Dumbbell Set,Sports,3,499,0.05,49,Wallet,West,Social Media,Desktop,Completed
ORD005844,CUST00068,2026-05-22,P0010,LED Lamp,Home,1,1999,0.0,0,Wallet,North,Email,Desktop,Returned
ORD005845,CUST00644,2026-03-17,P0023,Resistance Band,Sports,4,499,0.05,49,Credit Card,North,Email,Mobile,Completed
ORD005846,CUST00213,2026-04-07,P0005,T-Shirt,Fashion,4,999,0.15,0,UPI,Central,Referral,Mobile,Returned
ORD005847,CUST00432,2026-01-17,P0021,Dumbbell Set,Sports,3,1499,0.2,79,Credit Card,Central,Organic Search,Desktop,Completed
ORD005848,CUST00505,2026-07-16,P0013,Storage Box,Home,3,2499,0.0,0,Wallet,West,Email,Mobile,Completed
ORD005849,CUST00768,2025-10-16,P0023,Resistance Band,Sports,1,699,0.1,99,Debit Card,North,Organic Search,Tablet,Completed
ORD005850,CUST00392,2025-12-12,P0005,T-Shirt,Fashion,4,699,0.0,0,Debit Card,East,Referral,Tablet,Completed
ORD005851,CUST00732,2025-11-01,P0006,Sneakers,Fashion,3,2499,0.05,99,UPI,Central,Paid Ads,Desktop,Completed
ORD005852,CUST00290,2026-06-25,P0014,Wall Clock,Home,4,699,0.0,0,Credit Card,Central,Organic Search,Mobile,Completed
ORD005853,CUST00679,2026-03-05,P0013,Storage Box,Home,4,499,0.15,79,Wallet,North,Direct,Desktop,Returned
ORD005854,CUST00193,2026-04-26,P0003,Phone Case,Electronics,3,299,0.0,0,UPI,North,Direct,Mobile,Completed
ORD005855,CUST00556,2026-07-21,P0016,Lip Balm,Beauty,2,499,0.0,0,UPI,East,Referral,Mobile,Completed
ORD005856,CUST00073,2025-10-30,P0010,LED Lamp,Home,3,399,0.15,0,Wallet,South,Social Media,Desktop,Returned
ORD005857,CUST00787,2026-08-07,P0003,Phone Case,Electronics,3,499,0.0,0,Wallet,Central,Paid Ads,Desktop,Cancelled
ORD005858,CUST00761,2025-10-05,P0012,Coffee Mug,Home,2,999,0.0,0,Cash on Delivery,South,Direct,Mobile,Completed
ORD005859,CUST00358,2026-05-22,P0017,Hair Oil,Beauty,3,999,0.1,0,Credit Card,North,Referral,Desktop,Returned
ORD005860,CUST00416,2026-05-03,P0000,Wireless Earbuds,Electronics,4,399,0.0,0,UPI,North,Referral,Desktop,Completed
ORD005861,CUST00472,2026-06-17,P0023,Resistance Band,Sports,1,699,0.2,99,Credit Card,West,Social Media,Mobile,Cancelled
ORD005862,CUST00221,2025-10-16,P0015,Face Serum,Beauty,3,699,0.2,99,Debit Card,South,Email,Mobile,Completed
ORD005863,CUST00533,2026-08-05,P0006,Sneakers,Fashion,4,299,0.05,49,UPI,East,Direct,Desktop,Completed
ORD005864,CUST00550,2026-06-05,P0018,Sunscreen,Beauty,2,499,0.05,0,Credit Card,West,Direct,Mobile,Returned
ORD005865,CUST00416,2025-09-29,P0021,Dumbbell Set,Sports,2,1499,0.05,99,UPI,North,Email,Mobile,Completed
ORD005866,CUST00117,2026-03-11,P0023,Resistance Band,Sports,1,299,0.1,79,Cash on Delivery,South,Organic Search,Mobile,Completed
ORD005867,CUST00733,2026-06-14,P0019,Face Wash,Beauty,2,499,0.2,0,Credit Card,West,Email,Desktop,Completed
ORD005868,CUST00091,2026-02-10,P0005,T-Shirt,Fashion,3,699,0.1,0,Debit Card,East,Paid Ads,Desktop,Completed
ORD005869,CUST00496,2026-01-06,P0004,Power Bank,Electronics,4,399,0.0,79,Debit Card,North,Social Media,Desktop,Completed
ORD005870,CUST00083,2025-11-28,P0005,T-Shirt,Fashion,3,1499,0.0,0,Cash on Delivery,South,Email,Desktop,Completed
ORD005871,CUST00115,2026-02-24,P0021,Dumbbell Set,Sports,2,1499,0.1,79,Wallet,West,Organic Search,Desktop,Completed
ORD005872,CUST00015,2026-08-14,P0007,Denim Jacket,Fashion,4,499,0.0,49,Credit Card,West,Social Media,Desktop,Completed
ORD005873,CUST00299,2026-03-29,P0008,Backpack,Fashion,1,399,0.05,99,Wallet,East,Paid Ads,Mobile,Cancelled
ORD005874,CUST00506,2026-05-10,P0022,Water Bottle,Sports,1,1999,0.0,0,Credit Card,South,Organic Search,Mobile,Completed
ORD005875,CUST00415,2026-05-31,P0005,T-Shirt,Fashion,3,399,0.1,49,Wallet,Central,Email,Mobile,Completed
ORD005876,CUST00533,2026-05-30,P0010,LED Lamp,Home,4,399,0.0,49,Debit Card,East,Direct,Mobile,Returned
ORD005877,CUST00534,2026-01-13,P0007,Denim Jacket,Fashion,1,299,0.0,99,Wallet,Central,Referral,Mobile,Completed
ORD005878,CUST00111,2026-05-27,P0007,Denim Jacket,Fashion,1,299,0.0,79,UPI,Central,Direct,Mobile,Cancelled
ORD005879,CUST00047,2025-12-17,P0014,Wall Clock,Home,3,1999,0.1,79,Wallet,South,Paid Ads,Mobile,Completed
ORD005880,CUST00492,2026-03-21,P0018,Sunscreen,Beauty,3,2499,0.1,0,Debit Card,East,Organic Search,Mobile,Completed
ORD005881,CUST00517,2025-12-08,P0006,Sneakers,Fashion,3,999,0.15,49,UPI,East,Direct,Mobile,Cancelled
ORD005882,CUST00445,2026-07-28,P0000,Wireless Earbuds,Electronics,2,2499,0.0,0,Cash on Delivery,West,Organic Search,Mobile,Completed
ORD005883,CUST00199,2026-05-13,P0015,Face Serum,Beauty,1,1499,0.0,0,Cash on Delivery,West,Social Media,Desktop,Completed
ORD005884,CUST00638,2026-03-21,P0013,Storage Box,Home,2,699,0.0,99,UPI,East,Social Media,Desktop,Completed
ORD005885,CUST00061,2026-01-31,P0016,Lip Balm,Beauty,2,1499,0.05,0,Cash on Delivery,East,Paid Ads,Desktop,Completed
ORD005886,CUST00499,2026-02-25,P0011,Cushion Cover,Home,2,699,0.1,0,Credit Card,North,Email,Mobile,Cancelled
ORD005887,CUST00096,2026-05-31,P0019,Face Wash,Beauty,4,2499,0.0,49,Wallet,South,Direct,Desktop,Completed
ORD005888,CUST00519,2025-11-27,P0015,Face Serum,Beauty,1,1999,0.05,79,Wallet,East,Referral,Desktop,Completed
ORD005889,CUST00341,2026-06-18,P0018,Sunscreen,Beauty,2,1999,0.0,99,Debit Card,North,Social Media,Mobile,Completed
ORD005890,CUST00563,2025-11-30,P0018,Sunscreen,Beauty,1,999,0.1,49,Debit Card,South,Social Media,Mobile,Cancelled
ORD005891,CUST00041,2025-10-10,P0012,Coffee Mug,Home,3,999,0.05,79,UPI,North,Paid Ads,Mobile,Completed
ORD005892,CUST00444,2026-05-15,P0008,Backpack,Fashion,4,299,0.0,0,Wallet,East,Organic Search,Mobile,Completed
ORD005893,CUST00114,2026-05-05,P0014,Wall Clock,Home,4,1499,0.0,49,Wallet,South,Referral,Mobile,Completed
ORD005894,CUST00538,2025-12-20,P0015,Face Serum,Beauty,1,299,0.1,0,Wallet,South,Referral,Mobile,Completed
ORD005895,CUST00096,2026-04-13,P0014,Wall Clock,Home,2,999,0.2,0,Wallet,South,Referral,Mobile,Completed
ORD005896,CUST00059,2026-05-12,P0013,Storage Box,Home,3,399,0.15,0,Cash on Delivery,West,Organic Search,Mobile,Completed
ORD005897,CUST00560,2026-06-03,P0008,Backpack,Fashion,1,699,0.05,0,Cash on Delivery,North,Social Media,Mobile,Returned
ORD005898,CUST00051,2026-08-02,P0003,Phone Case,Electronics,3,1999,0.05,49,UPI,South,Email,Tablet,Returned
ORD005899,CUST00185,2026-06-27,P0010,LED Lamp,Home,1,499,0.15,79,Credit Card,West,Referral,Mobile,Completed
ORD005900,CUST00652,2026-01-27,P0022,Water Bottle,Sports,1,999,0.15,99,Debit Card,South,Social Media,Desktop,Returned
ORD005901,CUST00636,2025-11-12,P0017,Hair Oil,Beauty,1,499,0.2,99,Credit Card,North,Organic Search,Mobile,Cancelled
ORD005902,CUST00678,2025-09-24,P0018,Sunscreen,Beauty,4,499,0.0,0,UPI,East,Referral,Desktop,Completed
ORD005903,CUST00270,2026-03-17,P0018,Sunscreen,Beauty,3,399,0.05,99,Cash on Delivery,North,Organic Search,Desktop,Completed
ORD005904,CUST00418,2026-04-20,P0023,Resistance Band,Sports,4,399,0.0,99,UPI,Central,Direct,Desktop,Completed
ORD005905,CUST00608,2026-04-29,P0005,T-Shirt,Fashion,3,499,0.0,49,Cash on Delivery,East,Social Media,Desktop,Cancelled
ORD005906,CUST00108,2025-08-23,P0018,Sunscreen,Beauty,4,299,0.0,0,UPI,Central,Organic Search,Desktop,Cancelled
ORD005907,CUST00569,2026-05-02,P0001,Bluetooth Speaker,Electronics,2,2499,0.15,79,UPI,East,Email,Desktop,Completed
ORD005908,CUST00079,2026-06-03,P0006,Sneakers,Fashion,4,1499,0.05,0,Credit Card,North,Social Media,Mobile,Cancelled
ORD005909,CUST00730,2026-05-10,P0000,Wireless Earbuds,Electronics,1,399,0.1,0,Wallet,South,Social Media,Mobile,Completed
ORD005910,CUST00503,2026-02-27,P0010,LED Lamp,Home,3,2499,0.2,49,Debit Card,South,Paid Ads,Desktop,Completed
ORD005911,CUST00392,2025-08-25,P0003,Phone Case,Electronics,4,499,0.05,99,UPI,East,Direct,Mobile,Completed
ORD005912,CUST00386,2026-02-14,P0009,Sunglasses,Fashion,4,999,0.0,99,Cash on Delivery,Central,Paid Ads,Mobile,Returned
ORD005913,CUST00145,2026-04-12,P0003,Phone Case,Electronics,2,1499,0.15,99,Debit Card,East,Organic Search,Tablet,Completed
ORD005914,CUST00284,2026-03-15,P0000,Wireless Earbuds,Electronics,1,1999,0.0,49,Cash on Delivery,East,Social Media,Tablet,Returned
ORD005915,CUST00571,2026-03-17,P0011,Cushion Cover,Home,3,299,0.0,0,Cash on Delivery,South,Paid Ads,Mobile,Returned
ORD005916,CUST00431,2026-02-24,P0010,LED Lamp,Home,1,499,0.2,79,Credit Card,East,Email,Mobile,Completed
ORD005917,CUST00419,2026-03-09,P0010,LED Lamp,Home,4,499,0.05,99,Debit Card,East,Email,Mobile,Completed
ORD005918,CUST00159,2025-12-16,P0008,Backpack,Fashion,3,999,0.0,49,Cash on Delivery,Central,Direct,Mobile,Completed
ORD005919,CUST00544,2026-03-28,P0010,LED Lamp,Home,3,1999,0.15,49,UPI,West,Referral,Tablet,Returned
ORD005920,CUST00322,2025-11-30,P0000,Wireless Earbuds,Electronics,2,699,0.1,99,Wallet,Central,Organic Search,Mobile,Completed
ORD005921,CUST00146,2026-02-15,P0011,Cushion Cover,Home,1,699,0.15,0,Cash on Delivery,East,Organic Search,Mobile,Completed
ORD005922,CUST00754,2026-01-18,P0021,Dumbbell Set,Sports,3,299,0.0,99,Credit Card,South,Social Media,Desktop,Returned
ORD005923,CUST00402,2026-05-07,P0003,Phone Case,Electronics,2,999,0.15,49,Wallet,West,Organic Search,Mobile,Completed
ORD005924,CUST00418,2026-07-12,P0003,Phone Case,Electronics,2,699,0.2,79,Cash on Delivery,Central,Referral,Tablet,Completed
ORD005925,CUST00784,2026-04-08,P0019,Face Wash,Beauty,1,1499,0.0,0,UPI,Central,Direct,Mobile,Completed
ORD005926,CUST00301,2025-10-08,P0012,Coffee Mug,Home,2,1999,0.0,79,Cash on Delivery,West,Social Media,Mobile,Returned
ORD005927,CUST00754,2026-04-20,P0006,Sneakers,Fashion,4,999,0.05,0,Wallet,South,Referral,Tablet,Completed
ORD005928,CUST00547,2025-12-16,P0019,Face Wash,Beauty,4,299,0.15,49,Wallet,East,Email,Mobile,Cancelled
ORD005929,CUST00500,2025-09-07,P0008,Backpack,Fashion,2,1999,0.0,49,Credit Card,North,Email,Desktop,Completed
ORD005930,CUST00192,2025-10-29,P0015,Face Serum,Beauty,1,699,0.05,99,Wallet,Central,Direct,Mobile,Cancelled
ORD005931,CUST00041,2026-08-19,P0013,Storage Box,Home,1,699,0.0,79,Cash on Delivery,North,Email,Desktop,Completed
ORD005932,CUST00354,2026-01-22,P0004,Power Bank,Electronics,1,1999,0.2,49,Debit Card,East,Direct,Mobile,Completed
ORD005933,CUST00007,2025-11-01,P0018,Sunscreen,Beauty,1,999,0.15,49,Credit Card,North,Paid Ads,Desktop,Completed
ORD005934,CUST00056,2025-10-07,P0015,Face Serum,Beauty,3,1999,0.2,0,UPI,Central,Email,Tablet,Completed
ORD005935,CUST00470,2026-04-14,P0005,T-Shirt,Fashion,3,2499,0.0,79,Cash on Delivery,East,Direct,Mobile,Cancelled
ORD005936,CUST00569,2026-05-24,P0018,Sunscreen,Beauty,4,699,0.15,99,Wallet,East,Referral,Mobile,Returned
ORD005937,CUST00133,2025-12-26,P0015,Face Serum,Beauty,2,2499,0.0,49,Cash on Delivery,Central,Paid Ads,Desktop,Returned
ORD005938,CUST00576,2025-09-26,P0021,Dumbbell Set,Sports,4,399,0.0,79,UPI,North,Organic Search,Tablet,Completed
ORD005939,CUST00758,2025-12-27,P0020,Yoga Mat,Sports,1,1999,0.05,0,UPI,Central,Email,Mobile,Returned
ORD005940,CUST00583,2026-04-19,P0007,Denim Jacket,Fashion,1,1999,0.05,49,Debit Card,East,Organic Search,Tablet,Returned
ORD005941,CUST00615,2025-09-30,P0023,Resistance Band,Sports,4,299,0.05,49,Cash on Delivery,North,Direct,Desktop,Completed
ORD005942,CUST00552,2025-11-25,P0000,Wireless Earbuds,Electronics,4,399,0.15,79,Wallet,East,Social Media,Desktop,Completed
ORD005943,CUST00185,2025-08-20,P0008,Backpack,Fashion,3,299,0.0,0,Wallet,West,Direct,Mobile,Completed
ORD005944,CUST00298,2026-02-08,P0015,Face Serum,Beauty,3,499,0.1,0,Cash on Delivery,Central,Organic Search,Mobile,Completed
ORD005945,CUST00757,2025-10-21,P0013,Storage Box,Home,3,2499,0.0,0,Cash on Delivery,East,Organic Search,Desktop,Completed
ORD005946,CUST00523,2025-10-31,P0005,T-Shirt,Fashion,4,299,0.2,49,Cash on Delivery,West,Paid Ads,Desktop,Completed
ORD005947,CUST00618,2025-09-30,P0004,Power Bank,Electronics,1,299,0.05,0,UPI,Central,Organic Search,Mobile,Returned
ORD005948,CUST00773,2026-05-13,P0019,Face Wash,Beauty,1,699,0.15,0,Credit Card,Central,Organic Search,Desktop,Completed
ORD005949,CUST00191,2026-02-14,P0021,Dumbbell Set,Sports,1,499,0.0,49,UPI,South,Direct,Desktop,Completed
ORD005950,CUST00267,2026-08-01,P0016,Lip Balm,Beauty,2,1499,0.0,99,UPI,North,Direct,Mobile,Completed
ORD005951,CUST00510,2026-01-11,P0013,Storage Box,Home,1,999,0.2,0,Cash on Delivery,North,Email,Desktop,Cancelled
ORD005952,CUST00019,2025-11-08,P0019,Face Wash,Beauty,3,1999,0.0,79,Credit Card,East,Social Media,Mobile,Returned
ORD005953,CUST00454,2025-11-02,P0006,Sneakers,Fashion,1,699,0.05,99,Cash on Delivery,Central,Paid Ads,Mobile,Returned
ORD005954,CUST00636,2026-08-02,P0024,Running Shoes,Sports,3,699,0.0,99,Wallet,North,Referral,Mobile,Completed
ORD005955,CUST00481,2026-03-23,P0003,Phone Case,Electronics,3,299,0.0,99,Credit Card,West,Referral,Mobile,Completed
ORD005956,CUST00238,2025-12-16,P0014,Wall Clock,Home,1,2499,0.1,0,Debit Card,East,Paid Ads,Desktop,Completed
ORD005957,CUST00569,2026-04-15,P0008,Backpack,Fashion,2,399,0.15,0,Credit Card,East,Referral,Desktop,Completed
ORD005958,CUST00115,2026-03-11,P0022,Water Bottle,Sports,3,999,0.05,99,Cash on Delivery,West,Email,Mobile,Cancelled
ORD005959,CUST00711,2025-09-30,P0006,Sneakers,Fashion,1,2499,0.1,79,Wallet,East,Social Media,Mobile,Cancelled
ORD005960,CUST00081,2026-05-03,P0016,Lip Balm,Beauty,3,999,0.0,0,Wallet,East,Paid Ads,Desktop,Cancelled
ORD005961,CUST00684,2025-10-02,P0003,Phone Case,Electronics,4,1499,0.0,99,UPI,East,Email,Mobile,Completed
ORD005962,CUST00396,2025-10-31,P0004,Power Bank,Electronics,2,399,0.15,0,UPI,West,Organic Search,Tablet,Cancelled
ORD005963,CUST00347,2026-05-07,P0010,LED Lamp,Home,1,1499,0.1,79,Credit Card,North,Paid Ads,Desktop,Completed
ORD005964,CUST00399,2026-01-29,P0019,Face Wash,Beauty,3,399,0.0,99,Wallet,Central,Direct,Tablet,Completed
ORD005965,CUST00166,2025-11-09,P0006,Sneakers,Fashion,4,1499,0.2,79,Credit Card,West,Social Media,Desktop,Completed
ORD005966,CUST00366,2025-09-13,P0017,Hair Oil,Beauty,2,999,0.0,79,Debit Card,West,Organic Search,Tablet,Completed
ORD005967,CUST00673,2026-03-24,P0014,Wall Clock,Home,4,699,0.0,0,Cash on Delivery,East,Organic Search,Desktop,Returned
ORD005968,CUST00628,2026-05-01,P0024,Running Shoes,Sports,4,1499,0.05,99,Credit Card,Central,Direct,Mobile,Completed
ORD005969,CUST00129,2025-11-02,P0007,Denim Jacket,Fashion,2,1499,0.0,49,Cash on Delivery,Central,Referral,Desktop,Cancelled
ORD005970,CUST00532,2026-01-19,P0006,Sneakers,Fashion,3,399,0.05,79,Credit Card,Central,Direct,Mobile,Returned
ORD005971,CUST00679,2025-12-23,P0022,Water Bottle,Sports,1,699,0.0,79,UPI,North,Organic Search,Desktop,Completed
ORD005972,CUST00647,2026-07-11,P0008,Backpack,Fashion,3,699,0.0,0,UPI,South,Direct,Mobile,Returned
ORD005973,CUST00346,2026-06-04,P0005,T-Shirt,Fashion,4,399,0.2,79,Credit Card,Central,Paid Ads,Desktop,Completed
ORD005974,CUST00038,2025-11-28,P0020,Yoga Mat,Sports,4,499,0.15,0,Cash on Delivery,South,Email,Desktop,Completed
ORD005975,CUST00741,2026-02-23,P0020,Yoga Mat,Sports,1,299,0.0,0,Cash on Delivery,West,Email,Desktop,Completed
ORD005976,CUST00325,2026-07-23,P0001,Bluetooth Speaker,Electronics,3,699,0.15,99,Debit Card,North,Referral,Mobile,Completed
ORD005977,CUST00298,2025-12-24,P0021,Dumbbell Set,Sports,1,399,0.15,79,Debit Card,Central,Direct,Tablet,Completed
ORD005978,CUST00594,2025-10-10,P0015,Face Serum,Beauty,2,399,0.1,49,Wallet,West,Organic Search,Desktop,Returned
ORD005979,CUST00214,2025-12-06,P0006,Sneakers,Fashion,4,1999,0.15,0,Debit Card,North,Organic Search,Mobile,Completed
ORD005980,CUST00661,2026-03-29,P0013,Storage Box,Home,3,399,0.2,79,Credit Card,Central,Referral,Mobile,Completed
ORD005981,CUST00061,2026-08-17,P0005,T-Shirt,Fashion,2,299,0.15,79,Wallet,East,Paid Ads,Mobile,Completed
ORD005982,CUST00583,2025-12-10,P0004,Power Bank,Electronics,4,499,0.0,0,Debit Card,East,Organic Search,Mobile,Completed
ORD005983,CUST00771,2025-09-10,P0003,Phone Case,Electronics,4,299,0.15,79,UPI,North,Paid Ads,Desktop,Completed
ORD005984,CUST00795,2025-10-25,P0004,Power Bank,Electronics,1,1999,0.0,0,Wallet,North,Social Media,Mobile,Completed
ORD005985,CUST00735,2026-01-17,P0014,Wall Clock,Home,1,2499,0.05,79,UPI,Central,Referral,Mobile,Completed
ORD005986,CUST00690,2025-09-23,P0020,Yoga Mat,Sports,3,1999,0.0,99,Cash on Delivery,West,Referral,Desktop,Cancelled
ORD005987,CUST00225,2025-09-01,P0012,Coffee Mug,Home,4,1999,0.0,79,Wallet,Central,Email,Mobile,Completed
ORD005988,CUST00771,2026-04-16,P0000,Wireless Earbuds,Electronics,1,299,0.15,99,Cash on Delivery,North,Paid Ads,Desktop,Completed
ORD005989,CUST00737,2026-06-16,P0010,LED Lamp,Home,3,999,0.0,0,Cash on Delivery,Central,Direct,Mobile,Completed
ORD005990,CUST00424,2025-11-13,P0018,Sunscreen,Beauty,4,299,0.0,0,Wallet,Central,Referral,Mobile,Completed
ORD005991,CUST00328,2026-02-26,P0020,Yoga Mat,Sports,4,499,0.2,0,UPI,West,Social Media,Tablet,Completed
ORD005992,CUST00088,2026-03-17,P0018,Sunscreen,Beauty,3,699,0.2,0,UPI,Central,Email,Mobile,Cancelled
ORD005993,CUST00468,2026-04-20,P0009,Sunglasses,Fashion,4,1499,0.0,0,Wallet,North,Social Media,Mobile,Completed
ORD005994,CUST00552,2026-08-12,P0016,Lip Balm,Beauty,4,499,0.1,0,Credit Card,East,Referral,Tablet,Completed
ORD005995,CUST00329,2026-07-09,P0001,Bluetooth Speaker,Electronics,4,499,0.0,0,UPI,South,Email,Mobile,Completed
ORD005996,CUST00330,2025-12-13,P0010,LED Lamp,Home,3,1999,0.15,0,Debit Card,South,Organic Search,Desktop,Completed
ORD005997,CUST00455,2026-08-11,P0013,Storage Box,Home,4,399,0.1,0,UPI,West,Referral,Tablet,Cancelled
ORD005998,CUST00022,2025-09-01,P0000,Wireless Earbuds,Electronics,1,699,0.05,99,Cash on Delivery,East,Email,Mobile,Completed
ORD005999,CUST00764,2026-08-06,P0000,Wireless Earbuds,Electronics,1,499,0.2,79,UPI,East,Social Media,Desktop,Cancelled
ORD006000,CUST00234,2025-10-11,P0020,Yoga Mat,Sports,3,1999,0.15,49,UPI,North,Paid Ads,Desktop,Cancelled
ORD001484,CUST00585,2026-02-13,P0008,Backpack,Fashion,1,299,0.15,0,Credit Card,North,Paid Ads,Desktop,Cancelled
ORD002186,CUST00159,2026-07-09,P0010,LED Lamp,Home,3,499,0.1,99,UPI,Central,Paid Ads,Mobile,Completed
ORD002521,CUST00117,2026-01-22,P0000,Wireless Earbuds,Electronics,3,299,0.0,0,Debit Card,South,Social Media,Desktop,Cancelled
ORD003722,CUST00010,2025-12-30,P0001,Bluetooth Speaker,Electronics,3,299,0.2,0,Cash on Delivery,North,Email,Mobile,Completed
ORD003728,CUST00581,2025-12-24,P0000,Wireless Earbuds,Electronics,4,699,0.1,79,Wallet,South,Referral,Mobile,Completed
ORD004525,CUST00503,2026-01-04,P0006,Sneakers,Fashion,1,1999,0.0,99,Debit Card,South,Organic Search,Mobile,Completed
ORD000235,CUST00523,2026-03-05,P0004,Power Bank,Electronics,3,999,0.15,0,Wallet,West,Referral,Desktop,Cancelled
ORD004736,CUST00076,2025-10-10,P0021,Dumbbell Set,Sports,2,399,0.2,79,Cash on Delivery,East,Email,Mobile,Returned
ORD005840,CUST00407,2025-10-16,P0000,Wireless Earbuds,Electronics,3,499,0.05,0,Credit Card,South,Paid Ads,Desktop,Completed
ORD002940,CUST00347,2026-05-21,P0001,Bluetooth Speaker,Electronics,2,1999,0.2,79,Debit Card,North,Organic Search,Tablet,Completed
ORD003054,CUST00471,2026-04-01,P0019,Face Wash,Beauty,4,2499,0.0,79,Credit Card,Central,Referral,Mobile,Completed
ORD000868,CUST00539,2026-03-06,P0023,Resistance Band,Sports,4,499,0.2,49,Wallet,North,Organic Search,Desktop,Completed
ORD000277,CUST00261,2026-05-02,P0016,Lip Balm,Beauty,2,299,0.0,0,Credit Card,East,Referral,Mobile,Completed
ORD005799,CUST00799,2025-12-06,P0004,Power Bank,Electronics,4,699,0.05,0,Cash on Delivery,West,Paid Ads,Desktop,Cancelled
ORD003513,CUST00104,2025-12-18,P0006,Sneakers,Fashion,4,399,0.2,99,Wallet,South,Organic Search,Mobile,Completed
ORD005790,CUST00068,2025-11-29,P0014,Wall Clock,Home,4,1499,0.0,79,Debit Card,North,Paid Ads,Mobile,Completed
ORD003199,CUST00326,2026-04-24,P0005,T-Shirt,Fashion,4,1499,0.05,49,Cash on Delivery,West,Organic Search,Mobile,Returned
ORD005909,CUST00730,2026-05-10,P0000,Wireless Earbuds,Electronics,1,399,0.1,0,Wallet,South,Social Media,Mobile,Completed
ORD005719,CUST00417,2026-02-19,P0009,Sunglasses,Fashion,4,1499,0.05,49,Cash on Delivery,Central,Referral,Mobile,Completed
ORD002688,CUST00041,2026-06-17,P0018,Sunscreen,Beauty,2,399,0.15,0,Debit Card,North,Social Media,Desktop,Completed
ORD000251,CUST00395,2025-12-17,P0020,Yoga Mat,Sports,2,2499,0.1,0,Debit Card,South,Organic Search,Mobile,Completed
ORD005462,CUST00563,2026-04-07,P0006,Sneakers,Fashion,1,2499,0.15,99,Wallet,South,Referral,Mobile,Cancelled
ORD003053,CUST00011,2025-11-19,P0005,T-Shirt,Fashion,2,2499,0.0,99,Wallet,North,Social Media,Mobile,Returned
ORD002712,CUST00593,2026-06-25,P0007,Denim Jacket,Fashion,3,499,0.05,99,UPI,North,Referral,Mobile,Completed
ORD003772,CUST00428,2026-03-24,P0024,Running Shoes,Sports,3,2499,0.0,0,UPI,West,Email,Mobile,Cancelled
ORD005989,CUST00737,2026-06-16,P0010,LED Lamp,Home,3,999,0.0,0,Cash on Delivery,Central,Direct,Mobile,Completed
ORD005646,CUST00475,2026-05-04,P0023,Resistance Band,Sports,4,499,0.15,79,Debit Card,West,Direct,Tablet,Cancelled
ORD004618,CUST00323,2026-06-28,P0004,Power Bank,Electronics,3,399,0.15,79,UPI,North,Direct,Mobile,Cancelled
ORD000369,CUST00435,2025-12-18,P0010,LED Lamp,Home,3,299,0.15,49,Credit Card,Central,Email,Mobile,Completed
ORD004917,CUST00426,2026-07-23,P0016,Lip Balm,Beauty,1,499,0.1,79,Debit Card,West,Organic Search,Mobile,Completed
ORD001730,CUST00151,2026-03-11,P0008,Backpack,Fashion,1,999,0.2,0,Wallet,North,Organic Search,Desktop,Cancelled
ORD003876,CUST00709,2025-12-24,P0013,Storage Box,Home,1,999,0.0,99,Credit Card,South,Paid Ads,Mobile,Completed
ORD000126,CUST00625,2026-04-19,P0021,Dumbbell Set,Sports,3,699,0.05,0,Debit Card,East,Paid Ads,Mobile,Cancelled
ORD001989,CUST00298,2026-03-28,P0006,Sneakers,Fashion,1,399,0.0,49,Credit Card,Central,Social Media,Mobile,Completed
ORD000985,CUST00695,2026-01-15,P0001,Bluetooth Speaker,Electronics,1,299,0.05,79,Cash on Delivery,West,Email,Mobile,Completed
ORD003954,CUST00757,2026-05-28,P0016,Lip Balm,Beauty,2,499,0.2,49,Credit Card,East,Email,Mobile,Completed
ORD000932,CUST00232,2026-04-23,P0006,Sneakers,Fashion,1,399,0.15,0,UPI,West,Social Media,Tablet,Completed
ORD002032,CUST00162,2026-06-25,P0001,Bluetooth Speaker,Electronics,4,999,0.2,79,Credit Card,South,Paid Ads,Mobile,Cancelled
ORD000180,CUST00283,2026-03-06,P0000,Wireless Earbuds,Electronics,1,999,0.0,0,Credit Card,South,Direct,Tablet,Completed
ORD005846,CUST00213,2026-04-07,P0005,T-Shirt,Fashion,4,999,0.15,0,UPI,Central,Referral,Mobile,Returned
ORD001133,CUST00194,2025-09-03,P0006,Sneakers,Fashion,4,699,0.05,49,Debit Card,South,Email,Mobile,Completed
ORD003887,CUST00514,2026-07-29,P0020,Yoga Mat,Sports,4,2499,0.15,0,Credit Card,Central,Referral,Mobile,Cancelled
ORD003204,CUST00214,2025-12-01,P0003,Phone Case,Electronics,1,499,0.0,0,Wallet,North,Organic Search,Mobile,Completed
ORD005963,CUST00347,2026-05-07,P0010,LED Lamp,Home,1,1499,0.1,79,Credit Card,North,Paid Ads,Desktop,Completed
ORD002428,CUST00315,2026-05-24,P0008,Backpack,Fashion,4,999,0.0,99,Credit Card,West,Social Media,Tablet,Completed
ORD004443,CUST00343,2026-02-03,P0018,Sunscreen,Beauty,4,699,0.15,0,Cash on Delivery,West,Direct,Tablet,Completed
ORD003509,CUST00442,2025-12-05,P0022,Water Bottle,Sports,2,299,0.2,0,Cash on Delivery,West,Social Media,Mobile,Completed
ORD000871,CUST00203,2026-01-28,P0022,Water Bottle,Sports,1,2499,0.05,99,Debit Card,East,Referral,Mobile,Completed
ORD004231,CUST00716,2026-02-11,P0024,Running Shoes,Sports,1,499,0.1,0,Cash on Delivery,North,Direct,Mobile,Completed
ORD003881,CUST00238,2025-08-29,P0022,Water Bottle,Sports,1,1499,0.05,0,UPI,East,Social Media,Mobile,Completed
ORD001746,CUST00475,2026-01-10,P0013,Storage Box,Home,1,299,0.1,79,Wallet,West,Direct,Tablet,Completed
ORD003574,CUST00725,2026-01-12,P0008,Backpack,Fashion,4,1499,0.0,0,Cash on Delivery,South,Direct,Mobile,Completed
ORD000080,CUST00201,2026-01-02,P0024,Running Shoes,Sports,4,1999,0.2,49,Credit Card,East,Direct,Desktop,Cancelled
ORD000944,CUST00273,2025-12-22,P0020,Yoga Mat,Sports,4,2499,0.0,0,Cash on Delivery,South,Organic Search,Desktop,Cancelled
ORD004907,CUST00416,2026-01-19,P0017,Hair Oil,Beauty,1,399,0.0,0,Credit Card,North,Paid Ads,Tablet,Completed
ORD005478,CUST00686,2026-02-12,P0013,Storage Box,Home,3,399,0.0,0,Wallet,Central,Social Media,Desktop,Completed
ORD001241,CUST00378,2025-12-27,P0004,Power Bank,Electronics,3,1499,0.1,0,Cash on Delivery,East,Organic Search,Desktop,Completed
ORD000555,CUST00426,2026-05-30,P0022,Water Bottle,Sports,2,299,0.05,49,Debit Card,West,Paid Ads,Desktop,Cancelled
ORD000355,CUST00312,2026-03-21,P0022,Water Bottle,Sports,2,399,0.0,79,Credit Card,East,Social Media,Mobile,Completed
ORD001767,CUST00005,2026-05-10,P0002,Smart Watch,Electronics,1,699,0.2,49,Wallet,North,Email,Desktop,Cancelled
